t_s,wall_ms,x,y,z,yaw_deg
0.000,1787814469144,-8.5000,-9.0000,-0.0130,-0.00
0.100,1787814469244,-8.5000,-9.0000,-0.0130,-0.00
0.200,1787814469344,-8.5000,-9.0000,-0.0130,-0.00
0.300,1787814469444,-8.5000,-9.0000,-0.0130,-0.00
0.400,1787814469544,-8.5000,-9.0000,-0.0130,-0.00
0.501,1787814469644,-8.5000,-9.0000,-0.0130,-0.00
0.601,1787814469744,-8.5000,-9.0000,-0.0130,-0.00
0.701,1787814469844,-8.5000,-9.0000,-0.0130,-0.00
0.801,1787814469945,-8.5000,-9.0000,-0.0130,-0.00
0.901,1787814470045,-8.5000,-9.0000,-0.0130,-0.00
1.001,1787814470145,-8.5000,-9.0000,-0.0130,-0.00
1.101,1787814470245,-8.5000,-9.0000,-0.0130,-0.00
1.201,1787814470345,-8.5000,-9.0000,-0.0130,-0.00
1.302,1787814470445,-8.5000,-9.0000,-0.0130,-0.00
1.402,1787814470545,-8.5000,-9.0000,-0.0130,-0.00
1.502,1787814470645,-8.5000,-9.0000,-0.0130,-0.00
1.602,1787814470745,-8.5000,-9.0000,-0.0130,-0.00
1.702,1787814470846,-8.5000,-9.0000,-0.0130,-0.00
1.802,1787814470946,-8.5000,-9.0000,-0.0130,-0.00
1.902,1787814471046,-8.5000,-9.0000,-0.0130,-0.00
2.002,1787814471146,-8.5000,-9.0000,-0.0130,-0.00
2.102,1787814471246,-8.5000,-9.0000,-0.0130,-0.00
2.203,1787814471346,-8.5000,-9.0000,-0.0130,-0.00
2.303,1787814471446,-8.5000,-9.0000,-0.0130,-0.00
2.403,1787814471546,-8.5000,-9.0000,-0.0130,-0.00
2.503,1787814471647,-8.5000,-9.0000,-0.0130,-0.00
2.603,1787814471747,-8.5000,-9.0000,-0.0130,-0.00
2.703,1787814471847,-8.5000,-9.0000,-0.0130,-0.00
2.803,1787814471947,-8.5000,-9.0000,-0.0130,-0.00
2.904,1787814472047,-8.5000,-9.0000,-0.0130,-0.00
3.004,1787814472147,-8.5000,-9.0000,-0.0130,-0.00
3.104,1787814472247,-8.5000,-9.0000,-0.0130,-0.00
3.204,1787814472348,-8.5000,-9.0000,-0.0130,-0.00
3.304,1787814472448,-8.5000,-9.0000,-0.0130,-0.00
3.404,1787814472548,-8.5000,-9.0000,-0.0130,-0.00
3.504,1787814472648,-8.5000,-9.0000,-0.0130,-0.00
3.604,1787814472748,-8.5000,-9.0000,-0.0130,-0.00
3.704,1787814472848,-8.5000,-9.0000,-0.0130,-0.00
3.805,1787814472948,-8.5000,-9.0000,-0.0130,-0.00
3.905,1787814473048,-8.5000,-9.0000,-0.0130,-0.00
4.005,1787814473148,-8.5000,-9.0000,-0.0130,-0.00
4.105,1787814473249,-8.5000,-9.0000,-0.0130,-0.00
4.205,1787814473349,-8.5000,-9.0000,-0.0130,-0.00
4.306,1787814473449,-8.5000,-9.0000,-0.0130,-0.00
4.406,1787814473549,-8.5000,-9.0000,-0.0130,-0.00
4.506,1787814473649,-8.5000,-9.0000,-0.0130,-0.00
4.606,1787814473750,-8.5000,-9.0000,-0.0130,-0.00
4.706,1787814473850,-8.5000,-9.0000,-0.0130,-0.00
4.806,1787814473950,-8.5000,-9.0000,-0.0130,-0.00
4.906,1787814474050,-8.5000,-9.0000,-0.0130,-0.00
5.006,1787814474150,-8.5000,-9.0000,-0.0130,-0.00
5.106,1787814474250,-8.5000,-9.0000,-0.0130,-0.00
5.206,1787814474350,-8.5000,-9.0000,-0.0130,-0.00
5.307,1787814474450,-8.5000,-9.0000,-0.0130,-0.00
5.407,1787814474550,-8.5000,-9.0000,-0.0130,-0.00
5.507,1787814474651,-8.5000,-9.0000,-0.0130,-0.00
5.607,1787814474751,-8.5000,-9.0000,-0.0130,-0.00
5.707,1787814474851,-8.5000,-9.0000,-0.0130,-0.00
5.807,1787814474951,-8.5000,-9.0000,-0.0130,-0.00
5.908,1787814475052,-8.5000,-9.0000,-0.0130,-0.00
6.008,1787814475152,-8.5000,-9.0000,-0.0130,-0.00
6.108,1787814475252,-8.5000,-9.0000,-0.0130,-0.00
6.208,1787814475352,-8.5000,-9.0000,-0.0130,-0.00
6.308,1787814475452,-8.5000,-9.0000,-0.0130,-0.00
6.408,1787814475552,-8.5000,-9.0000,-0.0130,-0.00
6.509,1787814475652,-8.5000,-9.0000,-0.0130,-0.00
6.609,1787814475752,-8.5000,-9.0000,-0.0130,-0.00
6.709,1787814475852,-8.5000,-9.0000,-0.0130,-0.00
6.809,1787814475953,-8.5000,-9.0000,-0.0130,-0.00
6.909,1787814476053,-8.5000,-9.0000,-0.0130,-0.00
7.009,1787814476153,-8.5000,-9.0000,-0.0130,-0.00
7.109,1787814476253,-8.5000,-9.0000,-0.0130,-0.00
7.209,1787814476353,-8.5000,-9.0000,-0.0130,-0.00
7.309,1787814476453,-8.5000,-9.0000,-0.0130,-0.00
7.409,1787814476553,-8.5000,-9.0000,-0.0130,-0.00
7.510,1787814476653,-8.5000,-9.0000,-0.0130,-0.00
7.610,1787814476753,-8.5000,-9.0000,-0.0130,-0.00
7.710,1787814476853,-8.5000,-9.0000,-0.0130,-0.00
7.810,1787814476954,-8.5000,-9.0000,-0.0130,-0.00
7.910,1787814477054,-8.5000,-9.0000,-0.0130,-0.00
8.010,1787814477154,-8.5000,-9.0000,-0.0130,-0.00
8.110,1787814477254,-8.5000,-9.0000,-0.0130,-0.00
8.211,1787814477354,-8.5000,-9.0000,-0.0130,-0.00
8.311,1787814477454,-8.5000,-9.0000,-0.0130,-0.00
8.411,1787814477554,-8.5000,-9.0000,-0.0130,-0.00
8.511,1787814477654,-8.5000,-9.0000,-0.0130,-0.00
8.611,1787814477755,-8.5000,-9.0000,-0.0130,-0.00
8.711,1787814477855,-8.5000,-9.0000,-0.0130,-0.00
8.811,1787814477955,-8.5000,-9.0000,-0.0130,-0.00
8.911,1787814478055,-8.5000,-9.0000,-0.0130,-0.00
9.011,1787814478155,-8.5000,-9.0000,-0.0130,-0.00
9.111,1787814478255,-8.5000,-9.0000,-0.0130,-0.00
9.212,1787814478355,-8.5000,-9.0000,-0.0130,-0.00
9.312,1787814478455,-8.5000,-9.0000,-0.0130,-0.00
9.412,1787814478555,-8.5000,-9.0000,-0.0130,-0.00
9.512,1787814478655,-8.5001,-9.0000,-0.0127,0.00
9.612,1787814478756,-8.5002,-9.0000,-0.0097,0.00
9.712,1787814478856,-8.5002,-9.0000,-0.0043,0.00
9.812,1787814478956,-8.5000,-9.0000,0.0044,0.00
9.913,1787814479057,-8.4996,-9.0000,0.0162,0.00
10.013,1787814479157,-8.4992,-9.0000,0.0307,0.00
10.114,1787814479257,-8.4988,-9.0000,0.0474,0.00
10.214,1787814479357,-8.4982,-9.0000,0.0733,0.00
10.314,1787814479457,-8.4977,-9.0000,0.0997,0.00
10.414,1787814479558,-8.4972,-9.0000,0.1250,0.00
10.514,1787814479658,-8.4966,-9.0000,0.1589,0.00
10.614,1787814479758,-8.4962,-9.0000,0.1916,0.00
10.714,1787814479858,-8.4958,-9.0000,0.2248,0.00
10.814,1787814479958,-8.4954,-9.0000,0.2623,-0.00
10.914,1787814480058,-8.4952,-9.0000,0.2946,-0.00
11.015,1787814480158,-8.4949,-9.0001,0.3267,-0.00
11.115,1787814480258,-8.4947,-9.0001,0.3693,-0.01
11.215,1787814480358,-8.4946,-9.0001,0.4077,-0.01
11.315,1787814480458,-8.4945,-9.0001,0.4442,-0.01
11.415,1787814480559,-8.4945,-9.0001,0.4745,-0.01
11.515,1787814480659,-8.4945,-9.0001,0.5023,-0.01
11.615,1787814480759,-8.4946,-9.0001,0.5382,-0.01
11.715,1787814480859,-8.4947,-9.0001,0.5730,-0.01
11.815,1787814480959,-8.4948,-9.0001,0.6020,-0.01
11.916,1787814481059,-8.4950,-9.0001,0.6343,-0.01
12.016,1787814481159,-8.4952,-9.0001,0.6669,-0.01
12.116,1787814481260,-8.4955,-9.0002,0.6886,0.03
12.216,1787814481360,-8.4957,-9.0004,0.6923,0.13
12.316,1787814481460,-8.4959,-9.0006,0.6891,0.35
12.416,1787814481560,-8.4961,-9.0009,0.6789,0.81
12.516,1787814481660,-8.4964,-9.0010,0.6609,1.74
12.616,1787814481760,-8.4965,-9.0009,0.6464,2.65
12.717,1787814481860,-8.4966,-9.0004,0.6273,4.13
12.817,1787814481960,-8.4968,-8.9991,0.6017,6.66
12.917,1787814482060,-8.4970,-8.9974,0.5804,9.34
13.017,1787814482161,-8.4972,-8.9960,0.5667,11.36
13.117,1787814482261,-8.4975,-8.9936,0.5452,15.09
13.217,1787814482361,-8.4978,-8.9917,0.5304,18.12
13.317,1787814482461,-8.4983,-8.9891,0.5107,22.83
13.418,1787814482561,-8.4986,-8.9876,0.4987,26.15
13.518,1787814482662,-8.4988,-8.9866,0.4901,28.82
13.618,1787814482762,-8.4991,-8.9854,0.4791,32.61
13.718,1787814482862,-8.4992,-8.9846,0.4658,38.12
13.818,1787814482962,-8.4991,-8.9845,0.4574,42.40
13.918,1787814483062,-8.4988,-8.9849,0.4518,45.89
14.018,1787814483162,-8.4983,-8.9857,0.4471,49.61
14.118,1787814483262,-8.4976,-8.9870,0.4439,53.13
14.219,1787814483362,-8.4967,-8.9884,0.4421,56.10
14.319,1787814483462,-8.4956,-8.9901,0.4413,59.07
14.419,1787814483562,-8.4941,-8.9923,0.4415,62.35
14.519,1787814483663,-8.4926,-8.9944,0.4427,65.18
14.619,1787814483763,-8.4910,-8.9967,0.4448,68.07
14.719,1787814483863,-8.4898,-8.9986,0.4472,70.60
14.819,1787814483963,-8.4887,-9.0004,0.4501,73.10
14.920,1787814484064,-8.4877,-9.0022,0.4538,75.85
15.020,1787814484164,-8.4870,-9.0035,0.4570,78.05
15.120,1787814484264,-8.4865,-9.0047,0.4609,80.53
15.220,1787814484364,-8.4863,-9.0057,0.4645,82.72
15.320,1787814484464,-8.4865,-9.0066,0.4693,85.33
15.420,1787814484564,-8.4869,-9.0074,0.4743,87.72
15.521,1787814484664,-8.4874,-9.0080,0.4790,89.57
15.621,1787814484764,-8.4876,-9.0084,0.4838,91.11
15.721,1787814484864,-8.4877,-9.0086,0.4886,92.30
15.821,1787814484965,-8.4873,-9.0087,0.4942,93.23
15.921,1787814485065,-8.4869,-9.0087,0.4983,93.64
16.021,1787814485165,-8.4860,-9.0085,0.5041,93.80
16.121,1787814485265,-8.4853,-9.0083,0.5082,93.65
16.221,1787814485365,-8.4844,-9.0079,0.5128,93.24
16.322,1787814485465,-8.4838,-9.0074,0.5163,92.79
16.422,1787814485565,-8.4832,-9.0069,0.5204,92.12
16.522,1787814485666,-8.4830,-9.0064,0.5237,91.52
16.622,1787814485766,-8.4830,-9.0057,0.5273,90.81
16.722,1787814485866,-8.4832,-9.0053,0.5295,90.37
16.822,1787814485966,-8.4838,-9.0047,0.5328,89.76
16.922,1787814486066,-8.4851,-9.0041,0.5366,89.18
17.022,1787814486166,-8.4866,-9.0035,0.5395,88.82
17.122,1787814486266,-8.4880,-9.0031,0.5419,88.62
17.223,1787814486366,-8.4892,-9.0028,0.5437,88.52
17.323,1787814486466,-8.4916,-9.0023,0.5468,88.46
17.423,1787814486566,-8.4932,-9.0020,0.5488,88.49
17.523,1787814486667,-8.4950,-9.0017,0.5509,88.57
17.623,1787814486767,-8.4974,-9.0014,0.5538,88.76
17.723,1787814486867,-8.4994,-9.0011,0.5563,88.96
17.823,1787814486967,-8.5012,-9.0009,0.5586,89.16
17.923,1787814487067,-8.5025,-9.0008,0.5605,89.34
18.024,1787814487167,-8.5038,-9.0006,0.5627,89.54
18.124,1787814487267,-8.5049,-9.0005,0.5650,89.72
18.224,1787814487368,-8.5056,-9.0004,0.5658,89.94
18.324,1787814487468,-8.5057,-9.0004,0.5656,90.06
18.424,1787814487568,-8.5059,-9.0003,0.5644,90.45
18.524,1787814487668,-8.5060,-9.0003,0.5630,91.01
18.624,1787814487768,-8.5062,-9.0002,0.5612,92.02
18.724,1787814487868,-8.5068,-9.0002,0.5594,93.56
18.826,1787814487970,-8.5083,-9.0003,0.5573,96.06
18.926,1787814488070,-8.5100,-9.0004,0.5558,98.50
19.026,1787814488170,-8.5118,-9.0006,0.5543,101.32
19.126,1787814488270,-8.5137,-9.0008,0.5529,104.44
19.226,1787814488370,-8.5158,-9.0012,0.5514,108.34
19.326,1787814488470,-8.5173,-9.0015,0.5500,111.68
19.426,1787814488570,-8.5186,-9.0019,0.5487,115.29
19.527,1787814488670,-8.5195,-9.0022,0.5473,118.93
19.627,1787814488770,-8.5200,-9.0025,0.5458,123.11
19.727,1787814488870,-8.5200,-9.0026,0.5447,126.28
19.827,1787814488971,-8.5196,-9.0026,0.5435,130.25
19.927,1787814489071,-8.5188,-9.0024,0.5426,133.38
20.027,1787814489171,-8.5178,-9.0021,0.5418,136.40
20.127,1787814489271,-8.5161,-9.0014,0.5411,140.09
20.227,1787814489371,-8.5147,-9.0008,0.5407,142.72
20.327,1787814489471,-8.5130,-9.0000,0.5404,145.57
20.428,1787814489571,-8.5111,-8.9992,0.5402,148.49
20.528,1787814489671,-8.5092,-8.9983,0.5401,151.62
20.628,1787814489772,-8.5076,-8.9976,0.5402,154.15
20.728,1787814489872,-8.5062,-8.9970,0.5404,156.66
20.828,1787814489972,-8.5050,-8.9965,0.5406,158.75
20.928,1787814490072,-8.5038,-8.9961,0.5409,161.28
21.028,1787814490172,-8.5026,-8.9957,0.5413,164.15
21.128,1787814490272,-8.5015,-8.9955,0.5418,167.09
21.229,1787814490373,-8.5006,-8.9956,0.5424,170.38
21.329,1787814490473,-8.5001,-8.9960,0.5429,172.89
21.431,1787814490575,-8.4997,-8.9964,0.5434,174.74
21.532,1787814490676,-8.4994,-8.9969,0.5439,176.48
21.632,1787814490776,-8.4993,-8.9971,0.5441,177.12
21.732,1787814490876,-8.4991,-8.9976,0.5449,178.88
21.832,1787814490976,-8.4988,-8.9979,0.5459,-179.23
21.932,1787814491076,-8.4986,-8.9979,0.5468,-178.03
22.033,1787814491176,-8.4985,-8.9976,0.5477,-177.15
22.133,1787814491276,-8.4984,-8.9970,0.5486,-176.48
22.233,1787814491376,-8.4985,-8.9961,0.5496,-176.04
22.333,1787814491477,-8.4985,-8.9948,0.5507,-175.86
22.433,1787814491577,-8.4987,-8.9938,0.5514,-175.92
22.533,1787814491677,-8.4988,-8.9928,0.5521,-176.14
22.633,1787814491777,-8.4991,-8.9912,0.5529,-176.65
22.733,1787814491877,-8.4993,-8.9903,0.5533,-177.08
22.833,1787814491977,-8.4995,-8.9894,0.5536,-177.67
22.934,1787814492077,-8.4998,-8.9885,0.5539,-178.42
23.034,1787814492177,-8.5000,-8.9881,0.5540,-178.89
23.134,1787814492277,-8.5003,-8.9878,0.5541,-179.56
23.234,1787814492378,-8.5005,-8.9879,0.5541,179.86
23.334,1787814492478,-8.5008,-8.9883,0.5541,179.38
23.434,1787814492578,-8.5010,-8.9890,0.5540,178.97
23.534,1787814492678,-8.5012,-8.9900,0.5538,178.64
23.634,1787814492778,-8.5014,-8.9910,0.5537,178.47
23.734,1787814492878,-8.5016,-8.9924,0.5536,178.33
23.835,1787814492978,-8.5017,-8.9936,0.5535,178.28
23.935,1787814493078,-8.5019,-8.9950,0.5534,178.29
24.035,1787814493179,-8.5020,-8.9973,0.5533,178.38
24.135,1787814493279,-8.5022,-8.9989,0.5533,178.51
24.235,1787814493379,-8.5023,-9.0008,0.5533,178.69
24.335,1787814493479,-8.5015,-9.0026,0.5531,178.90
24.435,1787814493579,-8.4999,-9.0046,0.5524,179.16
24.535,1787814493679,-8.4989,-9.0061,0.5512,179.39
24.635,1787814493779,-8.4994,-9.0073,0.5497,179.60
24.736,1787814493879,-8.5014,-9.0083,0.5479,179.77
24.836,1787814493979,-8.5052,-9.0090,0.5458,179.91
24.936,1787814494079,-8.5113,-9.0095,0.5434,-179.99
25.036,1787814494180,-8.5200,-9.0098,0.5408,-179.91
25.136,1787814494280,-8.5352,-9.0099,0.5372,-179.87
25.236,1787814494380,-8.5522,-9.0098,0.5339,-179.86
25.336,1787814494480,-8.5675,-9.0096,0.5313,-179.87
25.436,1787814494580,-8.5818,-9.0094,0.5291,-179.89
25.536,1787814494680,-8.6024,-9.0089,0.5264,-179.94
25.636,1787814494780,-8.6195,-9.0085,0.5244,-179.98
25.737,1787814494880,-8.6383,-9.0080,0.5224,179.97
25.837,1787814494980,-8.6622,-9.0074,0.5201,179.91
25.937,1787814495080,-8.6755,-9.0071,0.5190,179.88
26.037,1787814495181,-8.6960,-9.0065,0.5175,179.84
26.137,1787814495281,-8.7198,-9.0058,0.5159,179.79
26.237,1787814495381,-8.7408,-9.0053,0.5147,179.76
26.337,1787814495481,-8.7644,-9.0047,0.5134,179.73
26.437,1787814495581,-8.7848,-9.0041,0.5125,179.72
26.538,1787814495681,-8.8051,-9.0035,0.5116,179.71
26.638,1787814495781,-8.8268,-9.0030,0.5108,179.72
26.738,1787814495882,-8.8424,-9.0027,0.5102,179.73
26.838,1787814495982,-8.8567,-9.0024,0.5098,179.75
26.938,1787814496082,-8.8698,-9.0021,0.5095,179.76
27.038,1787814496182,-8.8817,-9.0018,0.5092,179.78
27.138,1787814496282,-8.8922,-9.0015,0.5089,179.81
27.238,1787814496382,-8.9015,-9.0013,0.5087,179.83
27.339,1787814496482,-8.9096,-9.0011,0.5085,179.84
27.439,1787814496583,-8.9165,-9.0008,0.5084,179.86
27.539,1787814496683,-8.9218,-9.0006,0.5083,179.87
27.639,1787814496783,-8.9278,-9.0003,0.5082,179.88
27.739,1787814496883,-8.9315,-9.0001,0.5082,179.89
27.840,1787814496984,-8.9337,-9.0000,0.5081,179.90
27.940,1787814497084,-8.9355,-8.9999,0.5081,179.90
28.040,1787814497184,-8.9373,-8.9998,0.5081,179.90
28.140,1787814497284,-8.9378,-8.9997,0.5081,179.91
28.240,1787814497384,-8.9381,-8.9995,0.5081,179.91
28.341,1787814497484,-8.9378,-8.9995,0.5081,179.91
28.441,1787814497584,-8.9369,-8.9994,0.5081,179.91
28.541,1787814497684,-8.9357,-8.9994,0.5082,179.91
28.641,1787814497785,-8.9342,-8.9995,0.5082,179.91
28.741,1787814497885,-8.9324,-8.9995,0.5083,179.91
28.841,1787814497985,-8.9300,-8.9995,0.5084,179.91
28.941,1787814498085,-8.9279,-8.9994,0.5085,179.90
29.042,1787814498185,-8.9258,-8.9994,0.5085,179.90
29.142,1787814498285,-8.9238,-8.9994,0.5086,179.90
29.242,1787814498386,-8.9217,-8.9993,0.5086,179.90
29.342,1787814498486,-8.9199,-8.9993,0.5086,179.90
29.442,1787814498586,-8.9178,-8.9993,0.5087,179.90
29.542,1787814498686,-8.9155,-8.9992,0.5087,179.91
29.642,1787814498786,-8.9134,-8.9991,0.5087,179.91
29.742,1787814498886,-8.9122,-8.9991,0.5087,179.91
29.842,1787814498986,-8.9106,-8.9991,0.5088,179.91
29.943,1787814499086,-8.9090,-8.9991,0.5088,179.92
30.043,1787814499186,-8.9072,-8.9990,0.5088,179.92
30.143,1787814499287,-8.9056,-8.9990,0.5088,179.92
30.243,1787814499387,-8.9043,-8.9990,0.5089,179.92
30.343,1787814499487,-8.9032,-8.9990,0.5089,179.92
30.443,1787814499587,-8.9020,-8.9990,0.5089,179.93
30.543,1787814499687,-8.9010,-8.9991,0.5089,179.93
30.643,1787814499787,-8.9004,-8.9991,0.5089,179.93
30.744,1787814499887,-8.8996,-8.9991,0.5089,179.93
30.844,1787814499987,-8.8989,-8.9992,0.5089,179.93
30.944,1787814500087,-8.8984,-8.9993,0.5089,179.94
31.044,1787814500188,-8.8978,-8.9994,0.5090,179.94
31.144,1787814500288,-8.8973,-8.9995,0.5090,179.94
31.244,1787814500388,-8.8970,-8.9996,0.5090,179.94
31.344,1787814500488,-8.8965,-8.9997,0.5090,179.94
31.444,1787814500588,-8.8962,-8.9999,0.5090,179.95
31.544,1787814500688,-8.8961,-9.0000,0.5090,179.95
31.645,1787814500788,-8.8959,-9.0001,0.5090,179.95
31.745,1787814500888,-8.8958,-9.0003,0.5090,179.95
31.845,1787814500989,-8.8957,-9.0004,0.5090,179.95
31.945,1787814501089,-8.8957,-9.0006,0.5090,179.94
32.045,1787814501189,-8.8957,-9.0008,0.5090,179.94
32.145,1787814501289,-8.8958,-9.0009,0.5090,179.94
32.245,1787814501389,-8.8958,-9.0010,0.5091,179.94
32.345,1787814501489,-8.8959,-9.0011,0.5091,179.94
32.446,1787814501589,-8.8960,-9.0012,0.5091,179.94
32.546,1787814501689,-8.8962,-9.0013,0.5091,179.95
32.646,1787814501789,-8.8963,-9.0014,0.5092,179.95
32.746,1787814501890,-8.8965,-9.0014,0.5092,179.95
32.846,1787814501990,-8.8966,-9.0015,0.5092,179.95
32.946,1787814502090,-8.8968,-9.0015,0.5092,179.95
33.047,1787814502190,-8.8969,-9.0015,0.5092,179.95
33.147,1787814502290,-8.8970,-9.0015,0.5092,179.95
33.247,1787814502390,-8.8972,-9.0015,0.5092,179.95
33.347,1787814502491,-8.8974,-9.0016,0.5093,179.95
33.447,1787814502591,-8.8976,-9.0016,0.5093,179.96
33.547,1787814502691,-8.8977,-9.0016,0.5093,179.96
33.647,1787814502791,-8.8979,-9.0015,0.5094,179.96
33.747,1787814502891,-8.8980,-9.0015,0.5094,179.96
33.847,1787814502991,-8.8981,-9.0014,0.5094,179.96
33.948,1787814503091,-8.8983,-9.0014,0.5095,179.96
34.048,1787814503191,-8.8984,-9.0013,0.5095,179.96
34.148,1787814503292,-8.8985,-9.0012,0.5096,179.96
34.248,1787814503392,-8.8987,-9.0011,0.5096,179.96
34.348,1787814503492,-8.8988,-9.0010,0.5096,179.96
34.449,1787814503593,-8.8989,-9.0008,0.5097,179.96
34.550,1787814503693,-8.8990,-9.0007,0.5097,179.96
34.650,1787814503793,-8.8992,-9.0008,0.5097,179.96
34.750,1787814503893,-8.8994,-9.0019,0.5098,179.96
34.850,1787814503994,-8.8995,-9.0033,0.5099,179.96
34.950,1787814504094,-8.8996,-9.0041,0.5101,179.96
35.050,1787814504194,-8.8996,-9.0036,0.5102,179.96
35.150,1787814504294,-8.8997,-9.0014,0.5104,179.97
35.250,1787814504394,-8.8997,-8.9959,0.5107,179.97
35.350,1787814504494,-8.8996,-8.9892,0.5109,179.97
35.450,1787814504594,-8.8996,-8.9790,0.5111,179.97
35.551,1787814504694,-8.8995,-8.9696,0.5112,179.97
35.651,1787814504794,-8.8995,-8.9551,0.5114,179.97
35.751,1787814504894,-8.8994,-8.9375,0.5116,179.97
35.851,1787814504994,-8.8993,-8.9164,0.5118,179.97
35.951,1787814505095,-8.8993,-8.8920,0.5119,179.97
36.051,1787814505195,-8.8992,-8.8644,0.5120,179.97
36.151,1787814505295,-8.8991,-8.8278,0.5120,179.97
36.251,1787814505395,-8.8990,-8.8008,0.5120,179.97
36.351,1787814505495,-8.8989,-8.7593,0.5120,179.97
36.452,1787814505595,-8.8988,-8.7165,0.5119,179.97
36.552,1787814505695,-8.8988,-8.6729,0.5118,179.97
36.652,1787814505795,-8.8987,-8.6238,0.5116,179.97
36.752,1787814505896,-8.8986,-8.5636,0.5113,179.97
36.852,1787814505996,-8.8985,-8.5119,0.5111,179.97
36.952,1787814506096,-8.8984,-8.4704,0.5110,179.97
37.052,1787814506196,-8.8984,-8.4218,0.5108,179.97
37.152,1787814506296,-8.8983,-8.3720,0.5107,179.97
37.252,1787814506396,-8.8983,-8.3084,0.5105,179.97
37.352,1787814506496,-8.8982,-8.2395,0.5102,179.97
37.453,1787814506596,-8.8981,-8.1826,0.5101,179.97
37.553,1787814506696,-8.8981,-8.1384,0.5100,179.97
37.653,1787814506796,-8.8980,-8.0698,0.5098,179.97
37.753,1787814506897,-8.8980,-8.0003,0.5097,179.97
37.853,1787814506997,-8.8980,-7.9407,0.5096,179.97
37.953,1787814507097,-8.8980,-7.8877,0.5096,179.97
38.053,1787814507197,-8.8979,-7.8168,0.5095,179.97
38.153,1787814507297,-8.8979,-7.7598,0.5095,179.97
38.253,1787814507397,-8.8979,-7.7064,0.5094,179.98
38.354,1787814507497,-8.8979,-7.6389,0.5094,179.98
38.454,1787814507597,-8.8979,-7.6032,0.5094,179.98
38.554,1787814507698,-8.8979,-7.5322,0.5094,179.98
38.654,1787814507798,-8.8979,-7.4610,0.5094,179.98
38.754,1787814507898,-8.8979,-7.3966,0.5094,179.98
38.854,1787814507998,-8.8979,-7.3393,0.5095,179.98
38.955,1787814508098,-8.8979,-7.2783,0.5095,179.98
39.055,1787814508198,-8.8978,-7.2136,0.5095,179.98
39.155,1787814508298,-8.8978,-7.1384,0.5095,179.98
39.255,1787814508398,-8.8977,-7.0812,0.5095,179.98
39.355,1787814508499,-8.8977,-7.0242,0.5096,179.98
39.455,1787814508599,-8.8976,-6.9495,0.5096,179.98
39.555,1787814508699,-8.8975,-6.8787,0.5096,179.99
39.655,1787814508799,-8.8974,-6.8328,0.5096,179.99
39.755,1787814508899,-8.8974,-6.7625,0.5096,179.99
39.855,1787814508999,-8.8973,-6.6855,0.5097,179.99
39.956,1787814509099,-8.8973,-6.6402,0.5097,179.99
40.056,1787814509199,-8.8972,-6.5743,0.5097,179.99
40.156,1787814509299,-8.8972,-6.5227,0.5097,179.99
40.256,1787814509400,-8.8971,-6.4577,0.5098,179.99
40.356,1787814509500,-8.8970,-6.3932,0.5098,179.99
40.458,1787814509601,-8.8970,-6.3220,0.5098,179.99
40.558,1787814509701,-8.8970,-6.2711,0.5098,179.99
40.658,1787814509802,-8.8969,-6.2069,0.5099,179.99
40.758,1787814509902,-8.8968,-6.1295,0.5098,179.99
40.858,1787814510002,-8.8968,-6.0659,0.5098,179.99
40.958,1787814510102,-8.8967,-6.0093,0.5098,179.99
41.058,1787814510202,-8.8967,-5.9498,0.5098,179.99
41.158,1787814510302,-8.8966,-5.8939,0.5098,179.99
41.259,1787814510402,-8.8966,-5.8352,0.5098,179.99
41.359,1787814510502,-8.8965,-5.7703,0.5098,179.99
41.459,1787814510603,-8.8964,-5.7152,0.5098,179.99
41.559,1787814510703,-8.8964,-5.6570,0.5098,179.99
41.659,1787814510803,-8.8963,-5.5927,0.5098,179.99
41.759,1787814510903,-8.8963,-5.5445,0.5098,179.99
41.859,1787814511003,-8.8963,-5.4836,0.5097,180.00
41.959,1787814511103,-8.8962,-5.4229,0.5097,180.00
42.060,1787814511203,-8.8962,-5.3624,0.5097,180.00
42.160,1787814511303,-8.8962,-5.3114,0.5097,180.00
42.260,1787814511403,-8.8962,-5.2540,0.5097,180.00
42.360,1787814511504,-8.8962,-5.1905,0.5097,-180.00
42.460,1787814511604,-8.8963,-5.1239,0.5097,-180.00
42.560,1787814511704,-8.8963,-5.0824,0.5097,-180.00
42.660,1787814511804,-8.8964,-5.0186,0.5097,-180.00
42.760,1787814511904,-8.8964,-4.9614,0.5097,-180.00
42.860,1787814512004,-8.8964,-4.9106,0.5097,-180.00
42.961,1787814512104,-8.8965,-4.8566,0.5098,-180.00
43.061,1787814512204,-8.8965,-4.8025,0.5098,-180.00
43.161,1787814512304,-8.8965,-4.7549,0.5098,-180.00
43.261,1787814512405,-8.8966,-4.6911,0.5098,-180.00
43.361,1787814512505,-8.8967,-4.6270,0.5099,-180.00
43.461,1787814512605,-8.8968,-4.5596,0.5099,-180.00
43.561,1787814512705,-8.8968,-4.5177,0.5099,-180.00
43.661,1787814512805,-8.8969,-4.4533,0.5099,-180.00
43.762,1787814512905,-8.8971,-4.3918,0.5099,-180.00
43.862,1787814513005,-8.8972,-4.3367,0.5098,-180.00
43.962,1787814513105,-8.8973,-4.2815,0.5098,-180.00
44.062,1787814513206,-8.8975,-4.2196,0.5098,-180.00
44.162,1787814513306,-8.8976,-4.1643,0.5097,-180.00
44.262,1787814513406,-8.8978,-4.0991,0.5096,-180.00
44.362,1787814513506,-8.8979,-4.0470,0.5096,-180.00
44.462,1787814513606,-8.8980,-3.9947,0.5095,-179.99
44.562,1787814513706,-8.8982,-3.9524,0.5095,-179.99
44.663,1787814513807,-8.8983,-3.8940,0.5095,-179.99
44.763,1787814513907,-8.8985,-3.8386,0.5095,-179.99
44.863,1787814514007,-8.8986,-3.7864,0.5095,-180.00
44.963,1787814514107,-8.8988,-3.7207,0.5094,-180.00
45.063,1787814514207,-8.8990,-3.6576,0.5094,-180.00
45.163,1787814514307,-8.8992,-3.5905,0.5094,-180.00
45.264,1787814514407,-8.8993,-3.5369,0.5093,-180.00
45.364,1787814514507,-8.8994,-3.4734,0.5093,-180.00
45.464,1787814514608,-8.8996,-3.4067,0.5093,-180.00
45.564,1787814514708,-8.8997,-3.3500,0.5092,180.00
45.664,1787814514808,-8.8998,-3.2866,0.5092,180.00
45.764,1787814514908,-8.8999,-3.2266,0.5092,180.00
45.864,1787814515008,-8.8999,-3.1632,0.5092,180.00
45.964,1787814515108,-8.9000,-3.1064,0.5092,180.00
46.065,1787814515208,-8.9001,-3.0498,0.5092,180.00
46.165,1787814515308,-8.9002,-2.9835,0.5092,180.00
46.265,1787814515409,-8.9002,-2.9239,0.5092,180.00
46.365,1787814515509,-8.9003,-2.8710,0.5093,-180.00
46.465,1787814515609,-8.9003,-2.8084,0.5093,-180.00
46.565,1787814515709,-8.9004,-2.7493,0.5093,-180.00
46.665,1787814515809,-8.9004,-2.6967,0.5094,-180.00
46.765,1787814515909,-8.9005,-2.6377,0.5094,-179.99
46.866,1787814516009,-8.9005,-2.5692,0.5095,-179.99
46.966,1787814516109,-8.9005,-2.5202,0.5096,-179.99
47.066,1787814516210,-8.9006,-2.4580,0.5096,-179.99
47.166,1787814516310,-8.9006,-2.3992,0.5097,-179.99
47.266,1787814516410,-8.9006,-2.3439,0.5097,-179.99
47.366,1787814516510,-8.9007,-2.2918,0.5098,-180.00
47.467,1787814516610,-8.9007,-2.2364,0.5098,-180.00
47.568,1787814516711,-8.9008,-2.1614,0.5098,-180.00
47.668,1787814516812,-8.9008,-2.1024,0.5098,-180.00
47.768,1787814516912,-8.9009,-2.0497,0.5098,180.00
47.868,1787814517012,-8.9009,-1.9806,0.5098,180.00
47.968,1787814517112,-8.9010,-1.9180,0.5097,180.00
48.069,1787814517212,-8.9010,-1.8587,0.5097,180.00
48.169,1787814517312,-8.9010,-1.8060,0.5096,180.00
48.269,1787814517412,-8.9011,-1.7371,0.5096,180.00
48.369,1787814517513,-8.9011,-1.6750,0.5095,180.00
48.469,1787814517613,-8.9011,-1.6261,0.5095,180.00
48.569,1787814517713,-8.9012,-1.5675,0.5095,180.00
48.671,1787814517815,-8.9012,-1.5023,0.5095,180.00
48.771,1787814517915,-8.9012,-1.4601,0.5095,180.00
48.871,1787814518015,-8.9012,-1.4049,0.5095,180.00
48.971,1787814518115,-8.9012,-1.3465,0.5095,180.00
49.071,1787814518215,-8.9012,-1.2945,0.5095,180.00
49.171,1787814518315,-8.9012,-1.2358,0.5095,180.00
49.272,1787814518415,-8.9011,-1.1770,0.5095,180.00
49.372,1787814518515,-8.9011,-1.1048,0.5095,180.00
49.472,1787814518615,-8.9011,-1.0455,0.5095,180.00
49.572,1787814518715,-8.9010,-0.9861,0.5095,180.00
49.672,1787814518816,-8.9010,-0.9266,0.5095,180.00
49.772,1787814518916,-8.9010,-0.8671,0.5095,180.00
49.872,1787814519016,-8.9009,-0.8110,0.5095,-180.00
49.972,1787814519116,-8.9009,-0.7416,0.5095,-180.00
50.072,1787814519216,-8.9009,-0.6821,0.5095,-180.00
50.172,1787814519316,-8.9008,-0.6260,0.5095,-180.00
50.273,1787814519416,-8.9008,-0.5767,0.5095,-180.00
50.373,1787814519517,-8.9007,-0.5046,0.5095,-180.00
50.473,1787814519617,-8.9006,-0.4421,0.5095,-180.00
50.573,1787814519717,-8.9005,-0.3732,0.5094,-180.00
50.673,1787814519817,-8.9005,-0.3339,0.5094,-180.00
50.773,1787814519917,-8.9004,-0.2588,0.5094,-180.00
50.874,1787814520018,-8.9003,-0.1934,0.5094,180.00
50.974,1787814520118,-8.9002,-0.1414,0.5093,180.00
51.074,1787814520218,-8.9001,-0.0896,0.5093,180.00
51.174,1787814520318,-8.9001,-0.0248,0.5093,180.00
51.274,1787814520418,-8.9000,0.0303,0.5094,180.00
51.375,1787814520518,-8.9000,0.0948,0.5094,180.00
51.475,1787814520618,-8.8999,0.1432,0.5094,180.00
51.575,1787814520718,-8.8998,0.2043,0.5095,180.00
51.675,1787814520819,-8.8998,0.2558,0.5095,180.00
51.775,1787814520919,-8.8998,0.3104,0.5096,180.00
51.875,1787814521019,-8.8997,0.3715,0.5096,180.00
51.975,1787814521119,-8.8997,0.4167,0.5097,180.00
52.075,1787814521219,-8.8997,0.4746,0.5097,180.00
52.176,1787814521319,-8.8997,0.5392,0.5097,180.00
52.276,1787814521419,-8.8997,0.5913,0.5097,-180.00
52.376,1787814521519,-8.8996,0.6599,0.5097,-180.00
52.476,1787814521620,-8.8996,0.7156,0.5097,-180.00
52.576,1787814521720,-8.8996,0.7813,0.5097,-180.00
52.676,1787814521820,-8.8996,0.8374,0.5097,-180.00
52.776,1787814521920,-8.8996,0.8968,0.5096,-180.00
52.876,1787814522020,-8.8996,0.9529,0.5096,-180.00
52.977,1787814522120,-8.8995,1.0219,0.5095,-180.00
53.077,1787814522220,-8.8995,1.0778,0.5095,-180.00
53.177,1787814522320,-8.8995,1.1338,0.5095,-180.00
53.277,1787814522421,-8.8994,1.2063,0.5095,-180.00
53.377,1787814522521,-8.8993,1.2655,0.5095,-180.00
53.477,1787814522621,-8.8992,1.3180,0.5095,-180.00
53.577,1787814522721,-8.8992,1.3737,0.5095,-180.00
53.677,1787814522821,-8.8991,1.4390,0.5095,-180.00
53.777,1787814522921,-8.8990,1.5109,0.5096,-180.00
53.878,1787814523021,-8.8990,1.5665,0.5096,-180.00
53.978,1787814523121,-8.8989,1.6220,0.5096,-180.00
54.078,1787814523221,-8.8989,1.6870,0.5096,-180.00
54.178,1787814523322,-8.8988,1.7519,0.5096,-180.00
54.278,1787814523422,-8.8988,1.8103,0.5096,-180.00
54.378,1787814523522,-8.8987,1.8655,0.5096,-180.00
54.478,1787814523622,-8.8987,1.9270,0.5096,-180.00
54.579,1787814523722,-8.8987,1.9752,0.5096,-180.00
54.679,1787814523822,-8.8987,2.0297,0.5096,-180.00
54.779,1787814523922,-8.8987,2.1036,0.5096,180.00
54.879,1787814524023,-8.8987,2.1646,0.5096,180.00
54.979,1787814524123,-8.8987,2.2225,0.5096,180.00
55.079,1787814524223,-8.8987,2.2802,0.5096,180.00
55.179,1787814524323,-8.8987,2.3411,0.5096,180.00
55.279,1787814524423,-8.8987,2.4018,0.5097,180.00
55.380,1787814524523,-8.8987,2.4526,0.5097,180.00
55.480,1787814524623,-8.8987,2.5067,0.5097,-180.00
55.580,1787814524723,-8.8987,2.5705,0.5097,-180.00
55.680,1787814524824,-8.8987,2.6279,0.5097,-180.00
55.780,1787814524924,-8.8988,2.6852,0.5097,-180.00
55.880,1787814525024,-8.8988,2.7428,0.5097,-180.00
55.980,1787814525124,-8.8988,2.8005,0.5097,-179.99
56.080,1787814525224,-8.8988,2.8486,0.5098,-179.99
56.181,1787814525324,-8.8988,2.9029,0.5098,-179.99
56.281,1787814525424,-8.8988,2.9768,0.5098,-179.99
56.381,1787814525525,-8.8988,3.0316,0.5099,-179.99
56.481,1787814525625,-8.8988,3.0574,0.5099,-179.99
56.581,1787814525725,-8.8988,3.1283,0.5099,-179.99
56.681,1787814525825,-8.8988,3.1734,0.5099,-179.99
56.781,1787814525925,-8.8988,3.2348,0.5099,-180.00
56.882,1787814526025,-8.8988,3.2903,0.5099,-180.00
56.982,1787814526125,-8.8988,3.3529,0.5099,-180.00
57.082,1787814526225,-8.8988,3.4090,0.5099,-180.00
57.182,1787814526326,-8.8988,3.4620,0.5100,-180.00
57.282,1787814526426,-8.8988,3.5251,0.5100,-180.00
57.382,1787814526526,-8.8988,3.5716,0.5101,-180.00
57.482,1787814526626,-8.8988,3.6183,0.5101,-180.00
57.582,1787814526726,-8.8989,3.6550,0.5101,-180.00
57.682,1787814526826,-8.8989,3.7150,0.5102,180.00
57.782,1787814526926,-8.8989,3.7652,0.5103,180.00
57.883,1787814527026,-8.8989,3.8158,0.5103,180.00
57.983,1787814527126,-8.8989,3.8700,0.5104,-180.00
58.083,1787814527227,-8.8989,3.9213,0.5105,-180.00
58.183,1787814527327,-8.8989,3.9662,0.5105,-180.00
58.283,1787814527427,-8.8989,4.0287,0.5106,-180.00
58.383,1787814527527,-8.8989,4.0637,0.5107,-180.00
58.483,1787814527627,-8.8989,4.1233,0.5107,-180.00
58.584,1787814527727,-8.8989,4.1870,0.5108,-180.00
58.684,1787814527827,-8.8989,4.2227,0.5108,-180.00
58.784,1787814527928,-8.8988,4.2839,0.5109,-180.00
58.884,1787814528028,-8.8988,4.3457,0.5109,-180.00
58.984,1787814528128,-8.8988,4.4044,0.5109,-180.00
59.084,1787814528228,-8.8987,4.4562,0.5109,-180.00
59.184,1787814528328,-8.8987,4.5046,0.5109,-180.00
59.284,1787814528428,-8.8987,4.5719,0.5109,-180.00
59.385,1787814528528,-8.8986,4.6169,0.5109,180.00
59.485,1787814528628,-8.8986,4.6811,0.5109,180.00
59.585,1787814528728,-8.8985,4.7342,0.5109,180.00
59.685,1787814528829,-8.8985,4.7914,0.5109,180.00
59.785,1787814528929,-8.8985,4.8451,0.5109,180.00
59.885,1787814529029,-8.8984,4.9069,0.5109,180.00
59.985,1787814529129,-8.8984,4.9730,0.5108,180.00
60.085,1787814529229,-8.8984,5.0393,0.5108,180.00
60.186,1787814529329,-8.8983,5.0902,0.5107,180.00
60.286,1787814529429,-8.8983,5.1530,0.5107,180.00
60.386,1787814529530,-8.8983,5.2000,0.5106,180.00
60.486,1787814529630,-8.8983,5.2586,0.5106,180.00
60.587,1787814529730,-8.8983,5.2938,0.5106,-180.00
60.687,1787814529830,-8.8982,5.3681,0.5105,-180.00
60.787,1787814529931,-8.8982,5.4112,0.5105,-180.00
60.887,1787814530031,-8.8982,5.4743,0.5105,-180.00
60.987,1787814530131,-8.8981,5.5498,0.5104,-180.00
61.087,1787814530231,-8.8981,5.6137,0.5104,-180.00
61.187,1787814530331,-8.8981,5.6819,0.5103,-180.00
61.288,1787814530431,-8.8981,5.7463,0.5103,-180.00
61.388,1787814530531,-8.8980,5.7824,0.5103,-180.00
61.488,1787814530631,-8.8980,5.8544,0.5102,-180.00
61.588,1787814530732,-8.8980,5.9182,0.5102,-180.00
61.688,1787814530832,-8.8980,5.9821,0.5101,-180.00
61.788,1787814530932,-8.8981,6.0542,0.5101,-180.00
61.888,1787814531032,-8.8981,6.1183,0.5100,-180.00
61.988,1787814531132,-8.8981,6.1863,0.5100,-180.00
62.089,1787814531232,-8.8981,6.2502,0.5099,-180.00
62.189,1787814531332,-8.8981,6.3060,0.5099,-180.00
62.289,1787814531432,-8.8981,6.3613,0.5098,-180.00
62.389,1787814531533,-8.8982,6.4203,0.5098,-180.00
62.489,1787814531633,-8.8982,6.4633,0.5097,-180.00
62.589,1787814531733,-8.8982,6.5257,0.5097,180.00
62.689,1787814531833,-8.8982,6.5956,0.5097,180.00
62.789,1787814531933,-8.8982,6.6657,0.5097,180.00
62.890,1787814532033,-8.8983,6.7281,0.5096,180.00
62.990,1787814532133,-8.8983,6.7827,0.5096,180.00
63.090,1787814532233,-8.8983,6.8486,0.5096,180.00
63.190,1787814532334,-8.8984,6.9106,0.5097,180.00
63.290,1787814532434,-8.8984,6.9722,0.5097,180.00
63.390,1787814532534,-8.8985,7.0414,0.5097,180.00
63.490,1787814532634,-8.8985,7.0914,0.5097,180.00
63.590,1787814532734,-8.8985,7.1411,0.5097,-180.00
63.690,1787814532834,-8.8986,7.1982,0.5097,-180.00
63.792,1787814532936,-8.8986,7.2511,0.5097,-180.00
63.893,1787814533036,-8.8987,7.3151,0.5097,180.00
63.993,1787814533136,-8.8987,7.3717,0.5097,180.00
64.093,1787814533236,-8.8988,7.4245,0.5097,180.00
64.193,1787814533337,-8.8988,7.4776,0.5097,180.00
64.293,1787814533437,-8.8989,7.5306,0.5097,180.00
64.393,1787814533537,-8.8989,7.6025,0.5097,180.00
64.493,1787814533637,-8.8989,7.6671,0.5097,180.00
64.593,1787814533737,-8.8990,7.7282,0.5097,180.00
64.693,1787814533837,-8.8990,7.7970,0.5097,179.99
64.794,1787814533937,-8.8991,7.8504,0.5097,179.99
64.894,1787814534037,-8.8991,7.9188,0.5097,179.99
64.994,1787814534137,-8.8991,7.9871,0.5097,179.99
65.094,1787814534238,-8.8991,8.0477,0.5097,179.99
65.195,1787814534339,-8.8991,8.1122,0.5097,179.99
65.296,1787814534439,-8.8991,8.1697,0.5096,179.99
65.396,1787814534539,-8.8991,8.2314,0.5096,179.99
65.496,1787814534639,-8.8991,8.2891,0.5095,179.99
65.596,1787814534740,-8.8991,8.3722,0.5095,179.99
65.696,1787814534840,-8.8991,8.4381,0.5095,180.00
65.796,1787814534940,-8.8990,8.4877,0.5096,180.00
65.896,1787814535040,-8.8990,8.5489,0.5096,180.00
65.996,1787814535140,-8.8990,8.5912,0.5097,180.00
66.097,1787814535240,-8.8990,8.6349,0.5097,180.00
66.197,1787814535340,-8.8990,8.6824,0.5098,180.00
66.297,1787814535440,-8.8990,8.7245,0.5098,180.00
66.397,1787814535541,-8.8990,8.7691,0.5099,180.00
66.497,1787814535641,-8.8990,8.8033,0.5099,180.00
66.597,1787814535741,-8.8989,8.8375,0.5099,180.00
66.697,1787814535841,-8.8989,8.8770,0.5100,179.99
66.797,1787814535941,-8.8989,8.9034,0.5099,179.99
66.897,1787814536041,-8.8988,8.9308,0.5099,179.99
66.998,1787814536141,-8.8988,8.9539,0.5098,179.99
67.098,1787814536241,-8.8988,8.9758,0.5097,179.99
67.198,1787814536341,-8.8987,8.9939,0.5096,180.00
67.299,1787814536442,-8.8986,9.0106,0.5095,180.00
67.399,1787814536542,-8.8986,9.0224,0.5094,180.00
67.499,1787814536642,-8.8985,9.0375,0.5092,-180.00
67.599,1787814536742,-8.8985,9.0472,0.5090,-179.99
67.699,1787814536843,-8.8984,9.0536,0.5089,-179.99
67.799,1787814536943,-8.8984,9.0598,0.5087,-179.99
67.899,1787814537043,-8.8984,9.0642,0.5086,-179.99
67.999,1787814537143,-8.8984,9.0671,0.5085,-179.98
68.099,1787814537243,-8.8983,9.0685,0.5083,-179.98
68.199,1787814537343,-8.8983,9.0684,0.5082,-179.98
68.300,1787814537443,-8.8982,9.0673,0.5081,-179.98
68.400,1787814537543,-8.8982,9.0652,0.5081,-179.98
68.500,1787814537643,-8.8982,9.0626,0.5080,-179.98
68.600,1787814537744,-8.8982,9.0585,0.5080,-179.99
68.700,1787814537844,-8.8982,9.0546,0.5080,-179.99
68.800,1787814537944,-8.8982,9.0502,0.5080,-179.99
68.900,1787814538044,-8.8982,9.0446,0.5081,-179.99
69.000,1787814538144,-8.8982,9.0396,0.5081,-180.00
69.100,1787814538244,-8.8983,9.0334,0.5082,-180.00
69.201,1787814538344,-8.8983,9.0274,0.5083,180.00
69.301,1787814538444,-8.8984,9.0222,0.5084,179.99
69.401,1787814538545,-8.8984,9.0169,0.5085,179.99
69.501,1787814538645,-8.8985,9.0111,0.5086,179.99
69.601,1787814538745,-8.8986,9.0057,0.5087,179.99
69.701,1787814538845,-8.8987,9.0005,0.5088,179.99
69.801,1787814538945,-8.8988,8.9955,0.5089,179.99
69.901,1787814539045,-8.8989,8.9914,0.5090,179.99
70.001,1787814539145,-8.8990,8.9857,0.5091,180.00
70.102,1787814539245,-8.8991,8.9823,0.5092,180.00
70.202,1787814539345,-8.8992,8.9774,0.5093,-180.00
70.302,1787814539445,-8.8992,8.9737,0.5093,-180.00
70.402,1787814539545,-8.8993,8.9708,0.5094,-179.99
70.502,1787814539646,-8.8993,8.9673,0.5095,-179.99
70.603,1787814539746,-8.8993,8.9646,0.5096,-179.99
70.703,1787814539846,-8.8992,8.9633,0.5096,-179.99
70.803,1787814539947,-8.8992,8.9609,0.5097,-179.99
70.903,1787814540047,-8.8992,8.9588,0.5097,-179.99
71.003,1787814540147,-8.8992,8.9571,0.5097,-179.99
71.103,1787814540247,-8.8992,8.9555,0.5097,-179.99
71.204,1787814540347,-8.8993,8.9542,0.5097,-179.99
71.304,1787814540448,-8.8993,8.9530,0.5097,-179.99
71.405,1787814540548,-8.8993,8.9523,0.5097,-179.99
71.505,1787814540648,-8.8992,8.9514,0.5097,-179.99
71.605,1787814540748,-8.8992,8.9510,0.5097,-179.99
71.705,1787814540848,-8.8992,8.9506,0.5097,-179.99
71.805,1787814540949,-8.8992,8.9503,0.5096,-179.99
71.905,1787814541049,-8.8992,8.9502,0.5096,-179.99
72.005,1787814541149,-8.8992,8.9502,0.5096,-179.98
72.105,1787814541249,-8.8992,8.9504,0.5095,-179.98
72.205,1787814541349,-8.8991,8.9506,0.5095,-179.98
72.305,1787814541449,-8.8991,8.9509,0.5095,-179.98
72.405,1787814541549,-8.8990,8.9512,0.5095,-179.98
72.506,1787814541649,-8.8990,8.9517,0.5095,-179.98
72.606,1787814541749,-8.8989,8.9522,0.5095,-179.98
72.706,1787814541849,-8.8989,8.9528,0.5095,-179.98
72.806,1787814541950,-8.8989,8.9534,0.5095,-179.98
72.906,1787814542050,-8.8988,8.9541,0.5094,-179.98
73.006,1787814542150,-8.8988,8.9546,0.5094,-179.98
73.106,1787814542250,-8.8988,8.9554,0.5094,-179.98
73.206,1787814542350,-8.8988,8.9560,0.5094,-179.98
73.306,1787814542450,-8.8988,8.9567,0.5094,-179.98
73.407,1787814542550,-8.8987,8.9576,0.5094,-179.98
73.507,1787814542650,-8.8987,8.9580,0.5094,-179.98
73.607,1787814542750,-8.8987,8.9587,0.5094,-179.98
73.707,1787814542850,-8.8987,8.9595,0.5094,-179.98
73.807,1787814542951,-8.8987,8.9602,0.5094,-179.98
73.907,1787814543051,-8.8988,8.9609,0.5094,-179.98
74.007,1787814543151,-8.8987,8.9617,0.5095,-179.98
74.107,1787814543251,-8.8987,8.9621,0.5095,-179.98
74.207,1787814543351,-8.8987,8.9629,0.5095,-179.98
74.308,1787814543451,-8.8987,8.9636,0.5095,-179.98
74.408,1787814543551,-8.8986,8.9642,0.5095,-179.98
74.508,1787814543652,-8.8986,8.9649,0.5095,-179.98
74.608,1787814543752,-8.8986,8.9656,0.5095,-179.98
74.708,1787814543852,-8.8986,8.9663,0.5096,-179.98
74.808,1787814543952,-8.8986,8.9671,0.5096,-179.98
74.909,1787814544052,-8.8987,8.9677,0.5096,-179.98
75.009,1787814544152,-8.8987,8.9682,0.5097,-179.98
75.109,1787814544252,-8.8987,8.9690,0.5097,-179.98
75.209,1787814544353,-8.8986,8.9697,0.5097,-179.98
75.309,1787814544453,-8.8986,8.9702,0.5097,-179.98
75.409,1787814544553,-8.8986,8.9709,0.5097,-179.98
75.509,1787814544653,-8.8986,8.9714,0.5097,-179.98
75.609,1787814544753,-8.8986,8.9720,0.5097,-179.99
75.709,1787814544853,-8.8986,8.9725,0.5097,-179.99
75.810,1787814544953,-8.8986,8.9730,0.5097,-179.99
75.910,1787814545053,-8.8986,8.9734,0.5097,-179.99
76.010,1787814545153,-8.8986,8.9743,0.5098,-179.99
76.110,1787814545254,-8.8986,8.9750,0.5102,-179.99
76.210,1787814545354,-8.8986,8.9757,0.5115,-179.99
76.310,1787814545454,-8.8985,8.9759,0.5132,-179.99
76.411,1787814545554,-8.8985,8.9759,0.5151,-179.99
76.511,1787814545654,-8.8984,8.9756,0.5189,-179.99
76.611,1787814545754,-8.8983,8.9750,0.5239,-179.99
76.711,1787814545855,-8.8983,8.9744,0.5290,-179.99
76.811,1787814545955,-8.8982,8.9739,0.5341,-179.99
76.911,1787814546055,-8.8982,8.9731,0.5414,-179.99
77.011,1787814546155,-8.8981,8.9724,0.5481,-179.99
77.111,1787814546255,-8.8980,8.9716,0.5559,-179.99
77.211,1787814546355,-8.8979,8.9707,0.5643,-179.99
77.312,1787814546455,-8.8979,8.9696,0.5750,-179.99
77.412,1787814546555,-8.8979,8.9687,0.5846,-179.99
77.512,1787814546655,-8.8979,8.9678,0.5946,-179.99
77.612,1787814546756,-8.8978,8.9670,0.6043,-179.99
77.712,1787814546856,-8.8978,8.9661,0.6164,-179.99
77.812,1787814546956,-8.8977,8.9654,0.6261,-179.99
77.912,1787814547056,-8.8977,8.9646,0.6374,-179.99
78.012,1787814547156,-8.8977,8.9637,0.6512,-179.99
78.113,1787814547256,-8.8977,8.9632,0.6609,-179.99
78.213,1787814547356,-8.8977,8.9626,0.6738,-179.98
78.313,1787814547456,-8.8978,8.9619,0.6885,-179.98
78.413,1787814547557,-8.8979,8.9614,0.7026,-179.98
78.513,1787814547657,-8.8979,8.9611,0.7145,-179.98
78.613,1787814547757,-8.8979,8.9608,0.7272,-179.98
78.713,1787814547857,-8.8980,8.9606,0.7433,-179.98
78.813,1787814547957,-8.8980,8.9604,0.7570,-179.98
78.913,1787814548057,-8.8980,8.9603,0.7692,-179.98
79.014,1787814548157,-8.8980,8.9604,0.7822,-179.98
79.114,1787814548257,-8.8980,8.9604,0.7962,-179.98
79.214,1787814548357,-8.8980,8.9606,0.8102,-179.98
79.314,1787814548458,-8.8980,8.9607,0.8217,-179.98
79.414,1787814548558,-8.8980,8.9609,0.8334,-179.98
79.514,1787814548658,-8.8980,8.9612,0.8476,-179.98
79.614,1787814548758,-8.8980,8.9615,0.8610,-179.98
79.714,1787814548858,-8.8980,8.9617,0.8738,-179.98
79.814,1787814548958,-8.8980,8.9621,0.8908,-179.98
79.914,1787814549058,-8.8981,8.9624,0.9020,-179.98
80.015,1787814549158,-8.8981,8.9628,0.9166,-179.98
80.115,1787814549258,-8.8981,8.9633,0.9313,-179.98
80.215,1787814549359,-8.8981,8.9637,0.9434,-179.98
80.315,1787814549459,-8.8981,8.9641,0.9573,-179.99
80.415,1787814549559,-8.8982,8.9645,0.9695,-179.99
80.515,1787814549659,-8.8982,8.9649,0.9836,-179.99
80.615,1787814549759,-8.8982,8.9654,0.9968,-179.99
80.715,1787814549859,-8.8983,8.9657,1.0065,-179.99
80.816,1787814549960,-8.8983,8.9662,1.0234,-179.99
80.916,1787814550060,-8.8983,8.9667,1.0377,-179.99
81.017,1787814550160,-8.8984,8.9672,1.0529,-179.99
81.117,1787814550260,-8.8984,8.9676,1.0673,-179.99
81.217,1787814550360,-8.8984,8.9680,1.0808,-179.99
81.318,1787814550462,-8.8984,8.9685,1.0961,-179.99
81.418,1787814550562,-8.8984,8.9689,1.1106,-179.99
81.518,1787814550662,-8.8984,8.9693,1.1241,-179.99
81.618,1787814550762,-8.8984,8.9697,1.1387,-179.99
81.718,1787814550862,-8.8983,8.9701,1.1514,-179.98
81.819,1787814550962,-8.8983,8.9705,1.1642,-179.98
81.919,1787814551062,-8.8983,8.9710,1.1825,-179.98
82.019,1787814551163,-8.8983,8.9714,1.1971,-179.98
82.119,1787814551263,-8.8983,8.9718,1.2118,-179.98
82.219,1787814551363,-8.8983,8.9723,1.2273,-179.98
82.319,1787814551463,-8.8983,8.9727,1.2383,-179.98
82.419,1787814551563,-8.8983,8.9732,1.2557,-179.98
82.519,1787814551663,-8.8983,8.9738,1.2722,-179.98
82.620,1787814551763,-8.8983,8.9743,1.2905,-179.98
82.720,1787814551863,-8.8983,8.9748,1.3050,-179.98
82.820,1787814551963,-8.8982,8.9753,1.3203,-179.98
82.920,1787814552064,-8.8982,8.9757,1.3337,-179.98
83.020,1787814552164,-8.8982,8.9761,1.3497,-179.98
83.120,1787814552264,-8.8983,8.9766,1.3647,-179.98
83.221,1787814552364,-8.8983,8.9770,1.3771,-179.98
83.321,1787814552465,-8.8984,8.9776,1.3965,-179.98
83.421,1787814552565,-8.8985,8.9780,1.4098,-179.98
83.521,1787814552665,-8.8986,8.9785,1.4247,-179.98
83.621,1787814552765,-8.8986,8.9789,1.4397,-179.98
83.721,1787814552865,-8.8987,8.9793,1.4528,-179.98
83.821,1787814552965,-8.8987,8.9796,1.4643,-179.98
83.921,1787814553065,-8.8988,8.9801,1.4784,-179.98
84.022,1787814553165,-8.8989,8.9805,1.4935,-179.98
84.122,1787814553265,-8.8990,8.9809,1.5078,-179.99
84.222,1787814553365,-8.8991,8.9813,1.5230,-179.99
84.322,1787814553466,-8.8991,8.9816,1.5355,-179.99
84.422,1787814553566,-8.8992,8.9820,1.5507,-179.99
84.522,1787814553666,-8.8993,8.9824,1.5659,-179.99
84.622,1787814553766,-8.8994,8.9828,1.5794,-179.99
84.722,1787814553866,-8.8995,8.9831,1.5902,-179.99
84.823,1787814553966,-8.8995,8.9834,1.6028,-179.99
84.923,1787814554066,-8.8996,8.9837,1.6174,-179.99
85.023,1787814554166,-8.8997,8.9841,1.6339,-179.99
85.123,1787814554267,-8.8998,8.9845,1.6477,-179.99
85.223,1787814554367,-8.8999,8.9848,1.6624,-179.99
85.323,1787814554467,-8.9000,8.9851,1.6790,-179.99
85.423,1787814554567,-8.9000,8.9854,1.6918,-179.99
85.523,1787814554667,-8.9001,8.9857,1.7066,-179.98
85.623,1787814554767,-8.9002,8.9860,1.7214,-179.98
85.723,1787814554867,-8.9003,8.9863,1.7362,-179.98
85.824,1787814554967,-8.9004,8.9866,1.7500,-179.98
85.924,1787814555067,-8.9004,8.9869,1.7647,-179.98
86.024,1787814555167,-8.9005,8.9871,1.7749,-179.98
86.124,1787814555268,-8.9006,8.9873,1.7889,-179.98
86.224,1787814555368,-8.9007,8.9875,1.8001,-179.98
86.324,1787814555468,-8.9008,8.9878,1.8162,-179.98
86.424,1787814555568,-8.9009,8.9881,1.8324,-179.98
86.524,1787814555668,-8.9010,8.9883,1.8487,-179.98
86.624,1787814555768,-8.9011,8.9886,1.8649,-179.98
86.725,1787814555868,-8.9012,8.9888,1.8782,-179.98
86.825,1787814555968,-8.9013,8.9890,1.8905,-179.98
86.925,1787814556069,-8.9015,8.9892,1.9047,-179.98
87.025,1787814556169,-8.9016,8.9895,1.9228,-179.97
87.125,1787814556269,-8.9017,8.9897,1.9370,-179.97
87.225,1787814556369,-8.9018,8.9900,1.9540,-179.97
87.325,1787814556469,-8.9019,8.9902,1.9690,-179.97
87.426,1787814556569,-8.9020,8.9905,1.9858,-179.97
87.526,1787814556670,-8.9021,8.9907,2.0014,-179.97
87.626,1787814556770,-8.9021,8.9909,2.0123,-179.97
87.726,1787814556870,-8.9022,8.9911,2.0270,-179.97
87.826,1787814556970,-8.9022,8.9913,2.0353,-179.97
87.927,1787814557070,-8.9023,8.9916,2.0486,-179.97
88.027,1787814557170,-8.9023,8.9917,2.0545,-179.97
88.127,1787814557271,-8.9024,8.9920,2.0671,-179.97
88.227,1787814557371,-8.9024,8.9923,2.0774,-179.97
88.327,1787814557471,-8.9024,8.9926,2.0869,-179.97
88.427,1787814557571,-8.9025,8.9929,2.0961,-179.97
88.527,1787814557671,-8.9025,8.9932,2.1060,-179.98
88.627,1787814557771,-8.9026,8.9935,2.1123,-179.98
88.728,1787814557871,-8.9026,8.9938,2.1193,-179.98
88.828,1787814557971,-8.9027,8.9941,2.1253,-179.98
88.928,1787814558072,-8.9027,8.9943,2.1298,-179.98
89.028,1787814558172,-8.9028,8.9946,2.1359,-179.98
89.128,1787814558272,-8.9028,8.9949,2.1405,-179.98
89.228,1787814558372,-8.9028,8.9951,2.1437,-179.98
89.328,1787814558472,-8.9029,8.9953,2.1477,-179.98
89.428,1787814558572,-8.9029,8.9956,2.1522,-179.98
89.529,1787814558672,-8.9029,8.9958,2.1547,-179.98
89.629,1787814558772,-8.9029,8.9962,2.1587,-179.98
89.729,1787814558872,-8.9029,8.9963,2.1608,-179.98
89.831,1787814558975,-8.9029,8.9965,2.1630,-179.98
89.931,1787814559075,-8.9029,8.9967,2.1655,-179.98
90.031,1787814559175,-8.9029,8.9969,2.1673,-179.98
90.132,1787814559275,-8.9029,8.9971,2.1699,-179.98
90.232,1787814559375,-8.9029,8.9973,2.1713,-179.98
90.332,1787814559476,-8.9028,8.9975,2.1732,-179.98
90.432,1787814559576,-8.9028,8.9976,2.1749,-179.98
90.533,1787814559677,-8.9027,8.9977,2.1764,-179.98
90.633,1787814559777,-8.9026,8.9978,2.1775,-179.98
90.733,1787814559877,-8.9026,8.9980,2.1794,-179.98
90.833,1787814559977,-8.9025,8.9981,2.1809,-179.98
90.933,1787814560077,-8.9025,8.9983,2.1825,-179.98
91.033,1787814560177,-8.9024,8.9984,2.1834,-179.98
91.134,1787814560278,-8.9024,8.9985,2.1848,-179.98
91.234,1787814560378,-8.9023,8.9986,2.1862,-179.98
91.334,1787814560478,-8.9022,8.9986,2.1872,-179.98
91.434,1787814560578,-8.9021,8.9987,2.1882,-179.98
91.535,1787814560678,-8.9020,8.9988,2.1892,-179.98
91.635,1787814560778,-8.9020,8.9989,2.1901,-179.98
91.735,1787814560878,-8.9019,8.9990,2.1910,-179.98
91.835,1787814560979,-8.9018,8.9991,2.1919,-179.98
91.935,1787814561079,-8.9017,8.9991,2.1926,-179.98
92.036,1787814561179,-8.9017,8.9991,2.1932,-179.98
92.136,1787814561279,-8.9016,8.9991,2.1941,-179.98
92.236,1787814561379,-8.9015,8.9990,2.1947,-179.98
92.336,1787814561480,-8.9015,8.9990,2.1953,-179.98
92.436,1787814561580,-8.9014,8.9990,2.1959,-179.98
92.536,1787814561680,-8.9013,8.9990,2.1964,-179.98
92.636,1787814561780,-8.9012,8.9990,2.1971,-179.98
92.736,1787814561880,-8.9011,8.9990,2.1976,-179.98
92.836,1787814561980,-8.9011,8.9990,2.1980,-179.98
92.937,1787814562081,-8.9010,8.9991,2.1985,-179.98
93.037,1787814562181,-8.9009,8.9991,2.1990,-179.98
93.137,1787814562281,-8.9008,8.9991,2.1994,-179.98
93.237,1787814562381,-8.9007,8.9992,2.1999,-179.98
93.338,1787814562481,-8.9006,8.9992,2.2002,-179.98
93.438,1787814562581,-8.9005,8.9993,2.2006,-179.98
93.538,1787814562681,-8.9004,8.9993,2.2009,-179.98
93.638,1787814562782,-8.9003,8.9994,2.2011,-179.98
93.738,1787814562882,-8.9002,8.9995,2.2014,-179.97
93.838,1787814562982,-8.9000,8.9997,2.2017,-179.97
93.938,1787814563082,-8.8999,8.9998,2.2019,-179.97
94.038,1787814563182,-8.8999,8.9999,2.2022,-179.98
94.138,1787814563282,-8.8998,9.0000,2.2025,-179.98
94.239,1787814563382,-8.8997,9.0001,2.2027,-179.98
94.339,1787814563482,-8.8997,9.0002,2.2029,-179.98
94.439,1787814563582,-8.8996,9.0003,2.2032,-179.98
94.539,1787814563683,-8.8995,9.0004,2.2034,-179.98
94.639,1787814563783,-8.8995,9.0005,2.2036,-179.98
94.739,1787814563883,-8.8994,9.0006,2.2037,-179.98
94.839,1787814563983,-8.8994,9.0007,2.2039,-179.98
94.939,1787814564083,-8.8993,9.0007,2.2042,-179.98
95.040,1787814564183,-8.8993,9.0007,2.2043,-179.98
95.140,1787814564283,-8.8992,9.0006,2.2045,-179.98
95.240,1787814564383,-8.8991,9.0006,2.2047,-179.98
95.340,1787814564484,-8.8991,9.0005,2.2048,-179.99
95.440,1787814564584,-8.8990,9.0005,2.2050,-179.99
95.540,1787814564684,-8.8989,9.0004,2.2052,-179.99
95.640,1787814564784,-8.8988,9.0003,2.2053,-179.99
95.741,1787814564884,-8.8987,9.0002,2.2054,-179.99
95.841,1787814564984,-8.8986,9.0002,2.2056,-179.99
95.941,1787814565084,-8.8986,9.0002,2.2057,-179.99
96.041,1787814565185,-8.8985,9.0001,2.2058,-179.99
96.141,1787814565285,-8.8983,9.0001,2.2060,-179.99
96.241,1787814565385,-8.8982,9.0000,2.2061,-179.99
96.341,1787814565485,-8.8981,9.0000,2.2061,-179.99
96.441,1787814565585,-8.8979,8.9999,2.2062,-179.99
96.542,1787814565685,-8.8978,8.9999,2.2063,-179.98
96.642,1787814565785,-8.8977,8.9999,2.2064,-179.98
96.742,1787814565885,-8.8975,8.9999,2.2065,-179.98
96.842,1787814565986,-8.8974,8.9998,2.2065,-179.98
96.942,1787814566086,-8.8972,8.9998,2.2066,-179.98
97.042,1787814566186,-8.8971,8.9998,2.2067,-179.98
97.142,1787814566286,-8.8970,8.9998,2.2068,-179.98
97.242,1787814566386,-8.8969,8.9998,2.2068,-179.98
97.342,1787814566486,-8.8968,9.0006,2.2069,-179.98
97.443,1787814566586,-8.8968,9.0020,2.2069,-179.98
97.543,1787814566686,-8.8967,9.0032,2.2069,-179.98
97.643,1787814566786,-8.8966,9.0041,2.2070,-179.98
97.743,1787814566886,-8.8965,9.0040,2.2071,-179.98
97.843,1787814566987,-8.8964,9.0023,2.2072,-179.98
97.943,1787814567087,-8.8963,8.9989,2.2074,-179.98
98.043,1787814567187,-8.8961,8.9918,2.2076,-179.98
98.143,1787814567287,-8.8960,8.9832,2.2077,-179.98
98.244,1787814567387,-8.8960,8.9743,2.2079,-179.98
98.344,1787814567487,-8.8959,8.9629,2.2080,-179.98
98.444,1787814567588,-8.8959,8.9429,2.2082,-179.98
98.544,1787814567688,-8.8958,8.9224,2.2083,-179.98
98.644,1787814567788,-8.8958,8.8971,2.2084,-179.98
98.745,1787814567888,-8.8957,8.8694,2.2085,-179.98
98.845,1787814567988,-8.8957,8.8383,2.2084,-179.98
98.945,1787814568088,-8.8958,8.8021,2.2083,-179.98
99.045,1787814568189,-8.8958,8.7672,2.2082,-179.98
99.145,1787814568289,-8.8958,8.7223,2.2081,-179.98
99.245,1787814568389,-8.8959,8.6845,2.2080,-179.97
99.345,1787814568489,-8.8960,8.6254,2.2077,-179.97
99.445,1787814568589,-8.8960,8.5798,2.2076,-179.97
99.545,1787814568689,-8.8961,8.5292,2.2074,-179.97
99.646,1787814568789,-8.8962,8.4736,2.2072,-179.97
99.746,1787814568889,-8.8964,8.4193,2.2070,-179.97
99.846,1787814568990,-8.8965,8.3700,2.2069,-179.97
99.946,1787814569090,-8.8967,8.3128,2.2067,-179.97
100.046,1787814569190,-8.8968,8.2543,2.2066,-179.97
100.146,1787814569290,-8.8970,8.2016,2.2064,-179.97
100.246,1787814569390,-8.8972,8.1412,2.2063,-179.97
100.347,1787814569490,-8.8974,8.0726,2.2062,-179.97
100.447,1787814569590,-8.8976,8.0176,2.2062,-179.97
100.547,1787814569690,-8.8978,7.9509,2.2061,-179.97
100.647,1787814569791,-8.8980,7.8948,2.2061,-179.97
100.747,1787814569891,-8.8982,7.8346,2.2061,-179.97
100.847,1787814569991,-8.8984,7.7819,2.2061,-179.97
100.947,1787814570091,-8.8986,7.7140,2.2062,-179.97
101.047,1787814570191,-8.8988,7.6572,2.2063,-179.97
101.148,1787814570291,-8.8991,7.5889,2.2063,-179.97
101.248,1787814570391,-8.8993,7.5127,2.2064,-179.98
101.348,1787814570491,-8.8995,7.4629,2.2065,-179.98
101.448,1787814570592,-8.8997,7.3979,2.2065,-179.98
101.548,1787814570692,-8.9000,7.3178,2.2066,-179.98
101.648,1787814570792,-8.9001,7.2873,2.2067,-179.98
101.748,1787814570892,-8.9003,7.2152,2.2067,-179.98
101.848,1787814570992,-8.9005,7.1436,2.2068,-179.98
101.949,1787814571092,-8.9007,7.0796,2.2069,-179.98
102.049,1787814571192,-8.9008,7.0193,2.2069,-179.98
102.149,1787814571293,-8.9010,6.9518,2.2069,-179.98
102.249,1787814571393,-8.9011,6.9033,2.2070,-179.98
102.349,1787814571493,-8.9013,6.8327,2.2070,-179.98
102.449,1787814571593,-8.9014,6.7663,2.2070,-179.98
102.549,1787814571693,-8.9015,6.7257,2.2070,-179.98
102.649,1787814571793,-8.9016,6.6597,2.2071,-179.98
102.750,1787814571893,-8.9018,6.5868,2.2071,-179.98
102.850,1787814571993,-8.9019,6.5285,2.2071,-179.98
102.950,1787814572093,-8.9020,6.4593,2.2071,-179.98
103.050,1787814572194,-8.9021,6.4011,2.2071,-179.98
103.150,1787814572294,-8.9022,6.3432,2.2072,-179.98
103.250,1787814572394,-8.9024,6.2892,2.2072,-179.98
103.350,1787814572494,-8.9025,6.2209,2.2072,-179.98
103.450,1787814572594,-8.9026,6.1707,2.2072,-179.98
103.550,1787814572694,-8.9028,6.1063,2.2073,-179.98
103.650,1787814572794,-8.9029,6.0423,2.2073,-179.98
103.751,1787814572894,-8.9030,5.9927,2.2074,-179.98
103.851,1787814572994,-8.9031,5.9292,2.2074,-179.98
103.951,1787814573094,-8.9033,5.8619,2.2075,-179.98
104.051,1787814573195,-8.9034,5.8052,2.2075,-179.98
104.151,1787814573295,-8.9035,5.7557,2.2076,-179.99
104.251,1787814573395,-8.9037,5.6958,2.2076,-179.99
104.351,1787814573495,-8.9038,5.6397,2.2076,-179.99
104.451,1787814573595,-8.9039,5.5765,2.2076,-179.99
104.551,1787814573695,-8.9041,5.5168,2.2077,-179.99
104.652,1787814573795,-8.9042,5.4642,2.2077,-179.99
104.752,1787814573895,-8.9043,5.4048,2.2077,-179.98
104.852,1787814573996,-8.9044,5.3489,2.2077,-179.98
104.952,1787814574096,-8.9045,5.2895,2.2077,-179.98
105.052,1787814574196,-8.9046,5.2302,2.2078,-179.98
105.152,1787814574296,-8.9047,5.1672,2.2078,-179.98
105.253,1787814574396,-8.9048,5.1322,2.2078,-179.98
105.353,1787814574496,-8.9049,5.0694,2.2078,-179.98
105.453,1787814574596,-8.9049,5.0135,2.2078,-179.98
105.553,1787814574697,-8.9050,4.9611,2.2078,-179.98
105.653,1787814574797,-8.9051,4.8945,2.2078,-179.98
105.753,1787814574897,-8.9052,4.8311,2.2078,-179.98
105.853,1787814574997,-8.9052,4.7745,2.2078,-179.98
105.954,1787814575098,-8.9053,4.7107,2.2078,-179.99
106.054,1787814575198,-8.9054,4.6503,2.2078,-179.99
106.154,1787814575298,-8.9054,4.6005,2.2077,-179.99
106.254,1787814575398,-8.9055,4.5332,2.2077,-179.99
106.354,1787814575498,-8.9055,4.4838,2.2077,-179.99
106.455,1787814575598,-8.9056,4.4237,2.2077,-179.99
106.555,1787814575698,-8.9056,4.3493,2.2077,-179.99
106.655,1787814575799,-8.9057,4.2889,2.2077,-179.99
106.755,1787814575899,-8.9057,4.2355,2.2076,-179.99
106.855,1787814575999,-8.9057,4.1785,2.2076,-179.99
106.955,1787814576099,-8.9058,4.1146,2.2076,-179.99
107.055,1787814576199,-8.9058,4.0615,2.2076,-179.99
107.155,1787814576299,-8.9058,4.0050,2.2076,-179.99
107.255,1787814576399,-8.9059,3.9449,2.2076,-179.99
107.356,1787814576499,-8.9059,3.8847,2.2076,-179.99
107.456,1787814576599,-8.9059,3.8244,2.2076,-179.99
107.556,1787814576700,-8.9059,3.7643,2.2076,-179.99
107.656,1787814576800,-8.9060,3.7078,2.2076,-179.99
107.756,1787814576900,-8.9060,3.6338,2.2076,-179.99
107.856,1787814577000,-8.9060,3.5774,2.2077,-179.99
107.956,1787814577100,-8.9060,3.5244,2.2077,-179.99
108.056,1787814577200,-8.9061,3.4715,2.2077,-179.99
108.157,1787814577300,-8.9061,3.4082,2.2077,-180.00
108.257,1787814577400,-8.9061,3.3520,2.2077,-180.00
108.357,1787814577501,-8.9062,3.2959,2.2077,-180.00
108.457,1787814577601,-8.9062,3.2469,2.2077,-180.00
108.557,1787814577701,-8.9062,3.1876,2.2077,-180.00
108.657,1787814577801,-8.9062,3.1352,2.2077,180.00
108.758,1787814577901,-8.9063,3.0720,2.2077,180.00
108.858,1787814578001,-8.9063,3.0122,2.2077,180.00
108.958,1787814578101,-8.9063,2.9523,2.2077,180.00
109.058,1787814578201,-8.9064,2.8958,2.2077,180.00
109.158,1787814578302,-8.9064,2.8535,2.2077,180.00
109.258,1787814578402,-8.9064,2.7900,2.2077,180.00
109.358,1787814578502,-8.9065,2.7300,2.2077,180.00
109.459,1787814578602,-8.9066,2.6697,2.2077,180.00
109.559,1787814578702,-8.9067,2.5983,2.2077,180.00
109.659,1787814578803,-8.9067,2.5446,2.2077,179.99
109.759,1787814578903,-8.9068,2.4944,2.2077,179.99
109.859,1787814579003,-8.9069,2.4226,2.2077,179.99
109.959,1787814579103,-8.9070,2.3618,2.2077,179.99
110.060,1787814579203,-8.9071,2.2973,2.2077,179.99
110.160,1787814579304,-8.9072,2.2365,2.2077,179.99
110.260,1787814579404,-8.9073,2.1935,2.2077,179.99
110.361,1787814579504,-8.9075,2.1184,2.2077,180.00
110.461,1787814579605,-8.9077,2.0540,2.2077,180.00
110.561,1787814579705,-8.9078,1.9967,2.2077,180.00
110.661,1787814579805,-8.9080,1.9360,2.2078,180.00
110.761,1787814579905,-8.9081,1.8896,2.2078,180.00
110.861,1787814580005,-8.9083,1.8184,2.2079,180.00
110.962,1787814580106,-8.9085,1.7688,2.2079,180.00
111.062,1787814580206,-8.9087,1.7085,2.2080,180.00
111.162,1787814580306,-8.9089,1.6520,2.2080,180.00
111.262,1787814580406,-8.9090,1.6026,2.2081,180.00
111.362,1787814580506,-8.9092,1.5318,2.2081,-180.00
111.462,1787814580606,-8.9094,1.4715,2.2082,-180.00
111.563,1787814580706,-8.9096,1.4148,2.2082,-180.00
111.663,1787814580806,-8.9097,1.3508,2.2082,-180.00
111.763,1787814580907,-8.9099,1.3117,2.2082,-180.00
111.863,1787814581007,-8.9100,1.2552,2.2082,-180.00
111.963,1787814581107,-8.9101,1.2057,2.2082,-180.00
112.063,1787814581207,-8.9103,1.1421,2.2082,-180.00
112.163,1787814581307,-8.9104,1.0783,2.2082,-180.00
112.263,1787814581407,-8.9106,1.0177,2.2082,-180.00
112.364,1787814581507,-8.9107,0.9536,2.2082,-180.00
112.464,1787814581607,-8.9109,0.8892,2.2082,-180.00
112.564,1787814581707,-8.9110,0.8246,2.2082,-180.00
112.664,1787814581808,-8.9111,0.7674,2.2082,-180.00
112.764,1787814581908,-8.9112,0.7138,2.2082,-180.00
112.864,1787814582008,-8.9113,0.6495,2.2082,180.00
112.964,1787814582108,-8.9113,0.5995,2.2082,180.00
113.064,1787814582208,-8.9114,0.5317,2.2082,180.00
113.164,1787814582308,-8.9115,0.4639,2.2082,179.99
113.265,1787814582408,-8.9116,0.4066,2.2082,179.99
113.365,1787814582508,-8.9117,0.3494,2.2082,179.99
113.465,1787814582609,-8.9118,0.2853,2.2081,179.99
113.565,1787814582709,-8.9119,0.2179,2.2081,179.99
113.665,1787814582809,-8.9119,0.1718,2.2081,179.99
113.765,1787814582909,-8.9120,0.1153,2.2081,180.00
113.865,1787814583009,-8.9121,0.0626,2.2082,180.00
113.966,1787814583109,-8.9121,0.0101,2.2082,180.00
114.066,1787814583209,-8.9122,-0.0563,2.2082,180.00
114.166,1787814583310,-8.9124,-0.1232,2.2082,-180.00
114.266,1787814583410,-8.9125,-0.1798,2.2082,-180.00
114.366,1787814583510,-8.9127,-0.2472,2.2082,-180.00
114.466,1787814583610,-8.9128,-0.3038,2.2082,-179.99
114.566,1787814583710,-8.9129,-0.3533,2.2082,-179.99
114.667,1787814583810,-8.9131,-0.4166,2.2082,-179.99
114.767,1787814583911,-8.9132,-0.4728,2.2082,-179.99
114.867,1787814584011,-8.9133,-0.5289,2.2082,-179.99
114.967,1787814584111,-8.9135,-0.5955,2.2082,-179.99
115.067,1787814584211,-8.9136,-0.6376,2.2082,-179.99
115.168,1787814584311,-8.9138,-0.7042,2.2082,-179.99
115.268,1787814584411,-8.9140,-0.7638,2.2082,-179.99
115.368,1787814584511,-8.9142,-0.8199,2.2082,-179.99
115.468,1787814584612,-8.9143,-0.8690,2.2083,-179.99
115.568,1787814584712,-8.9145,-0.9324,2.2083,-179.99
115.668,1787814584812,-8.9146,-0.9922,2.2083,-179.99
115.768,1787814584912,-8.9148,-1.0592,2.2083,-179.99
115.868,1787814585012,-8.9149,-1.1086,2.2084,-179.99
115.968,1787814585112,-8.9150,-1.1686,2.2084,-179.99
116.070,1787814585213,-8.9151,-1.2288,2.2085,-180.00
116.170,1787814585314,-8.9152,-1.2891,2.2085,-180.00
116.270,1787814585414,-8.9153,-1.3422,2.2086,-180.00
116.370,1787814585514,-8.9153,-1.3989,2.2086,-180.00
116.470,1787814585614,-8.9155,-1.4734,2.2087,-180.00
116.570,1787814585714,-8.9155,-1.5195,2.2087,-180.00
116.671,1787814585814,-8.9156,-1.5835,2.2088,-180.00
116.771,1787814585914,-8.9157,-1.6546,2.2088,-180.00
116.871,1787814586014,-8.9158,-1.7045,2.2089,-180.00
116.971,1787814586115,-8.9158,-1.7649,2.2089,-180.00
117.071,1787814586215,-8.9159,-1.8323,2.2090,-180.00
117.171,1787814586315,-8.9160,-1.9032,2.2090,-180.00
117.271,1787814586415,-8.9160,-1.9562,2.2091,-180.00
117.371,1787814586515,-8.9161,-2.0127,2.2091,-180.00
117.471,1787814586615,-8.9162,-2.0692,2.2092,-180.00
117.571,1787814586715,-8.9162,-2.1255,2.2092,-180.00
117.672,1787814586815,-8.9163,-2.1920,2.2092,-180.00
117.772,1787814586915,-8.9163,-2.2480,2.2093,-180.00
117.872,1787814587015,-8.9164,-2.3075,2.2093,-180.00
117.972,1787814587116,-8.9164,-2.3704,2.2093,-180.00
118.072,1787814587216,-8.9165,-2.4229,2.2093,-180.00
118.172,1787814587316,-8.9165,-2.4857,2.2093,-180.00
118.272,1787814587416,-8.9166,-2.5449,2.2093,-180.00
118.372,1787814587516,-8.9166,-2.6077,2.2093,-180.00
118.473,1787814587616,-8.9166,-2.6634,2.2093,-180.00
118.573,1787814587716,-8.9166,-2.7224,2.2093,-180.00
118.673,1787814587816,-8.9166,-2.7710,2.2093,-180.00
118.773,1787814587917,-8.9167,-2.8230,2.2093,-180.00
118.873,1787814588017,-8.9167,-2.8886,2.2093,-180.00
118.973,1787814588117,-8.9167,-2.9301,2.2093,-180.00
119.073,1787814588217,-8.9167,-2.9890,2.2093,-180.00
119.173,1787814588317,-8.9167,-3.0478,2.2093,-180.00
119.274,1787814588417,-8.9168,-3.1104,2.2093,-180.00
119.374,1787814588517,-8.9168,-3.1593,2.2093,-180.00
119.474,1787814588617,-8.9169,-3.2187,2.2093,-180.00
119.574,1787814588717,-8.9169,-3.2713,2.2094,-180.00
119.674,1787814588818,-8.9170,-3.3309,2.2094,-180.00
119.774,1787814588918,-8.9171,-3.4085,2.2095,-180.00
119.874,1787814589018,-8.9172,-3.4653,2.2095,-180.00
119.975,1787814589118,-8.9173,-3.5260,2.2095,180.00
120.075,1787814589218,-8.9173,-3.5903,2.2095,180.00
120.175,1787814589319,-8.9174,-3.6474,2.2095,180.00
120.275,1787814589419,-8.9175,-3.7010,2.2095,180.00
120.375,1787814589519,-8.9176,-3.7615,2.2095,180.00
120.475,1787814589619,-8.9177,-3.8218,2.2095,180.00
120.575,1787814589719,-8.9178,-3.8787,2.2095,180.00
120.675,1787814589819,-8.9179,-3.9357,2.2095,180.00
120.776,1787814589919,-8.9181,-4.0105,2.2095,180.00
120.876,1787814590019,-8.9182,-4.0604,2.2095,180.00
120.976,1787814590120,-8.9183,-4.1279,2.2095,180.00
121.076,1787814590220,-8.9184,-4.1669,2.2095,-180.00
121.176,1787814590320,-8.9185,-4.2411,2.2095,-180.00
121.276,1787814590420,-8.9187,-4.3012,2.2095,-180.00
121.377,1787814590520,-8.9188,-4.3541,2.2095,-180.00
121.477,1787814590620,-8.9189,-4.4036,2.2095,-180.00
121.577,1787814590721,-8.9190,-4.4565,2.2095,180.00
121.677,1787814590821,-8.9191,-4.5130,2.2095,180.00
121.777,1787814590921,-8.9192,-4.5731,2.2095,180.00
121.877,1787814591021,-8.9193,-4.6370,2.2095,180.00
121.977,1787814591121,-8.9194,-4.6904,2.2095,180.00
122.077,1787814591221,-8.9195,-4.7510,2.2095,180.00
122.178,1787814591321,-8.9196,-4.8151,2.2095,180.00
122.278,1787814591421,-8.9196,-4.8793,2.2095,180.00
122.378,1787814591522,-8.9197,-4.9547,2.2095,180.00
122.478,1787814591622,-8.9198,-5.0194,2.2095,180.00
122.578,1787814591722,-8.9199,-5.0660,2.2095,180.00
122.678,1787814591822,-8.9199,-5.1302,2.2095,180.00
122.778,1787814591922,-8.9200,-5.1941,2.2096,180.00
122.878,1787814592022,-8.9201,-5.2438,2.2096,180.00
122.979,1787814592122,-8.9201,-5.3004,2.2096,-180.00
123.079,1787814592223,-8.9202,-5.3676,2.2097,-180.00
123.179,1787814592323,-8.9203,-5.4311,2.2097,-179.99
123.279,1787814592423,-8.9204,-5.4874,2.2098,-179.99
123.379,1787814592523,-8.9205,-5.5402,2.2098,-179.99
123.479,1787814592623,-8.9206,-5.6106,2.2099,-179.99
123.579,1787814592723,-8.9207,-5.6633,2.2099,-179.99
123.679,1787814592823,-8.9208,-5.7265,2.2099,-179.99
123.779,1787814592923,-8.9209,-5.7932,2.2100,-179.99
123.880,1787814593023,-8.9209,-5.8423,2.2100,-179.99
123.980,1787814593123,-8.9210,-5.8983,2.2101,-179.99
124.080,1787814593223,-8.9211,-5.9541,2.2101,-179.99
124.180,1787814593324,-8.9212,-6.0027,2.2101,-179.99
124.280,1787814593424,-8.9214,-6.0687,2.2102,-180.00
124.380,1787814593524,-8.9215,-6.1280,2.2102,-180.00
124.480,1787814593624,-8.9216,-6.1840,2.2102,-180.00
124.580,1787814593724,-8.9217,-6.2470,2.2102,-180.00
124.681,1787814593824,-8.9218,-6.3100,2.2102,180.00
124.781,1787814593924,-8.9219,-6.3555,2.2102,180.00
124.881,1787814594025,-8.9220,-6.4221,2.2102,180.00
124.981,1787814594125,-8.9221,-6.4713,2.2102,180.00
125.081,1787814594225,-8.9222,-6.5309,2.2102,180.00
125.181,1787814594325,-8.9223,-6.5976,2.2102,180.00
125.281,1787814594425,-8.9223,-6.6363,2.2102,180.00
125.381,1787814594525,-8.9224,-6.7067,2.2102,-180.00
125.482,1787814594625,-8.9225,-6.7700,2.2102,-180.00
125.582,1787814594725,-8.9226,-6.8230,2.2102,-180.00
125.682,1787814594825,-8.9227,-6.8761,2.2101,-180.00
125.782,1787814594926,-8.9228,-6.9433,2.2101,-180.00
125.882,1787814595026,-8.9229,-7.0000,2.2101,-180.00
125.982,1787814595126,-8.9230,-7.0605,2.2101,-180.00
126.082,1787814595226,-8.9231,-7.1246,2.2101,-180.00
126.183,1787814595327,-8.9232,-7.1888,2.2101,-180.00
126.283,1787814595427,-8.9233,-7.2459,2.2100,-179.99
126.383,1787814595527,-8.9234,-7.3101,2.2100,-179.99
126.483,1787814595627,-8.9235,-7.3742,2.2100,-179.99
126.583,1787814595727,-8.9236,-7.4275,2.2100,-179.99
126.684,1787814595827,-8.9237,-7.4843,2.2100,-179.99
126.784,1787814595927,-8.9238,-7.5518,2.2101,-179.99
126.884,1787814596027,-8.9239,-7.6159,2.2101,-179.99
126.984,1787814596128,-8.9240,-7.6800,2.2101,-179.99
127.084,1787814596228,-8.9241,-7.7475,2.2100,-179.99
127.184,1787814596328,-8.9242,-7.8042,2.2100,-179.99
127.284,1787814596428,-8.9243,-7.8644,2.2100,-179.99
127.384,1787814596528,-8.9245,-7.9314,2.2100,-180.00
127.484,1787814596628,-8.9245,-7.9807,2.2100,-180.00
127.585,1787814596729,-8.9246,-8.0263,2.2100,-180.00
127.685,1787814596829,-8.9248,-8.0820,2.2100,180.00
127.785,1787814596929,-8.9249,-8.1482,2.2100,180.00
127.885,1787814597029,-8.9250,-8.1940,2.2100,180.00
127.985,1787814597129,-8.9252,-8.2656,2.2099,180.00
128.085,1787814597229,-8.9253,-8.3265,2.2099,180.00
128.186,1787814597329,-8.9255,-8.4005,2.2098,179.99
128.286,1787814597429,-8.9256,-8.4486,2.2098,179.99
128.386,1787814597529,-8.9257,-8.4954,2.2098,179.99
128.486,1787814597630,-8.9259,-8.5375,2.2098,179.99
128.586,1787814597730,-8.9260,-8.5936,2.2098,179.99
128.686,1787814597830,-8.9262,-8.6526,2.2098,179.99
128.786,1787814597930,-8.9263,-8.6861,2.2098,179.99
128.886,1787814598030,-8.9265,-8.7389,2.2098,179.99
128.986,1787814598130,-8.9266,-8.7782,2.2097,179.99
129.087,1787814598230,-8.9268,-8.8192,2.2097,179.99
129.187,1787814598330,-8.9269,-8.8546,2.2097,179.99
129.287,1787814598430,-8.9271,-8.8815,2.2096,179.99
129.387,1787814598530,-8.9272,-8.9129,2.2095,179.99
129.487,1787814598631,-8.9274,-8.9409,2.2094,179.99
129.587,1787814598731,-8.9275,-8.9604,2.2094,179.99
129.687,1787814598831,-8.9276,-8.9826,2.2093,179.99
129.787,1787814598931,-8.9278,-9.0026,2.2091,179.99
129.887,1787814599031,-8.9279,-9.0169,2.2090,179.99
129.987,1787814599131,-8.9279,-9.0283,2.2089,179.99
130.088,1787814599231,-8.9281,-9.0402,2.2087,179.99
130.188,1787814599331,-8.9282,-9.0485,2.2086,179.98
130.288,1787814599431,-8.9283,-9.0539,2.2085,179.98
130.388,1787814599532,-8.9284,-9.0592,2.2084,179.98
130.488,1787814599632,-8.9285,-9.0623,2.2083,179.98
130.588,1787814599732,-8.9286,-9.0638,2.2082,179.98
130.688,1787814599832,-8.9287,-9.0639,2.2081,179.99
130.788,1787814599932,-8.9288,-9.0631,2.2081,179.99
130.889,1787814600032,-8.9288,-9.0612,2.2080,179.99
130.989,1787814600132,-8.9288,-9.0584,2.2080,179.99
131.089,1787814600233,-8.9288,-9.0560,2.2080,179.99
131.189,1787814600333,-8.9289,-9.0518,2.2080,180.00
131.289,1787814600433,-8.9289,-9.0468,2.2080,180.00
131.389,1787814600533,-8.9289,-9.0419,2.2080,180.00
131.489,1787814600633,-8.9290,-9.0380,2.2081,-180.00
131.589,1787814600733,-8.9290,-9.0327,2.2081,-180.00
131.689,1787814600833,-8.9290,-9.0279,2.2081,-180.00
131.790,1787814600933,-8.9291,-9.0208,2.2082,-180.00
131.890,1787814601033,-8.9291,-9.0147,2.2083,-180.00
131.990,1787814601133,-8.9291,-9.0091,2.2083,180.00
132.090,1787814601234,-8.9291,-9.0039,2.2084,180.00
132.190,1787814601334,-8.9291,-8.9995,2.2084,180.00
132.290,1787814601434,-8.9291,-8.9953,2.2085,179.99
132.390,1787814601534,-8.9290,-8.9908,2.2085,179.99
132.491,1787814601634,-8.9290,-8.9865,2.2086,179.99
132.591,1787814601734,-8.9290,-8.9829,2.2086,179.99
132.691,1787814601834,-8.9290,-8.9791,2.2087,179.99
132.791,1787814601935,-8.9290,-8.9760,2.2087,179.99
132.891,1787814602035,-8.9289,-8.9720,2.2088,179.98
132.991,1787814602135,-8.9289,-8.9696,2.2089,179.98
133.091,1787814602235,-8.9288,-8.9666,2.2090,179.98
133.191,1787814602335,-8.9288,-8.9643,2.2090,179.98
133.292,1787814602435,-8.9287,-8.9623,2.2091,179.98
133.392,1787814602535,-8.9286,-8.9605,2.2091,179.98
133.492,1787814602635,-8.9285,-8.9590,2.2092,179.98
133.592,1787814602736,-8.9284,-8.9576,2.2092,179.98
133.692,1787814602836,-8.9282,-8.9566,2.2093,179.99
133.792,1787814602936,-8.9281,-8.9556,2.2093,179.99
133.892,1787814603036,-8.9280,-8.9549,2.2093,179.99
133.992,1787814603136,-8.9279,-8.9543,2.2094,179.99
134.093,1787814603236,-8.9277,-8.9538,2.2094,179.99
134.193,1787814603336,-8.9276,-8.9536,2.2094,180.00
134.293,1787814603437,-8.9275,-8.9536,2.2094,180.00
134.393,1787814603537,-8.9274,-8.9536,2.2095,180.00
134.493,1787814603637,-8.9272,-8.9537,2.2095,-180.00
134.593,1787814603737,-8.9271,-8.9540,2.2095,-180.00
134.693,1787814603837,-8.9270,-8.9543,2.2095,-180.00
134.793,1787814603937,-8.9268,-8.9547,2.2095,-180.00
134.894,1787814604037,-8.9267,-8.9552,2.2095,-180.00
134.994,1787814604137,-8.9266,-8.9558,2.2095,-180.00
135.094,1787814604237,-8.9265,-8.9564,2.2095,-180.00
135.194,1787814604338,-8.9264,-8.9571,2.2096,-180.00
135.294,1787814604438,-8.9262,-8.9579,2.2096,-180.00
135.394,1787814604538,-8.9261,-8.9587,2.2096,-179.99
135.494,1787814604638,-8.9261,-8.9591,2.2096,-179.99
135.595,1787814604738,-8.9260,-8.9598,2.2096,-179.99
135.695,1787814604838,-8.9259,-8.9605,2.2096,-179.99
135.795,1787814604938,-8.9258,-8.9613,2.2097,-179.99
135.895,1787814605039,-8.9257,-8.9620,2.2097,-179.99
135.995,1787814605139,-8.9256,-8.9629,2.2097,-179.99
136.095,1787814605239,-8.9256,-8.9633,2.2097,-179.99
136.195,1787814605339,-8.9256,-8.9642,2.2098,-179.99
136.295,1787814605439,-8.9256,-8.9648,2.2098,-179.99
136.395,1787814605539,-8.9255,-8.9654,2.2098,-179.99
136.496,1787814605639,-8.9255,-8.9659,2.2099,-179.99
136.596,1787814605739,-8.9255,-8.9666,2.2099,-179.99
136.696,1787814605840,-8.9255,-8.9671,2.2099,-179.99
136.796,1787814605940,-8.9254,-8.9677,2.2100,-179.99
136.896,1787814606040,-8.9254,-8.9682,2.2100,-180.00
136.996,1787814606140,-8.9254,-8.9688,2.2100,-180.00
137.096,1787814606240,-8.9254,-8.9693,2.2100,-180.00
137.196,1787814606340,-8.9255,-8.9698,2.2100,-180.00
137.297,1787814606440,-8.9255,-8.9702,2.2100,-180.00
137.397,1787814606540,-8.9255,-8.9707,2.2100,-180.00
137.497,1787814606640,-8.9255,-8.9711,2.2101,-180.00
137.597,1787814606741,-8.9255,-8.9715,2.2101,180.00
137.697,1787814606841,-8.9255,-8.9719,2.2101,180.00
137.797,1787814606941,-8.9256,-8.9724,2.2101,-180.00
137.897,1787814607041,-8.9256,-8.9727,2.2101,-180.00
137.997,1787814607141,-8.9257,-8.9730,2.2101,-180.00
138.097,1787814607241,-8.9258,-8.9734,2.2101,-180.00
138.198,1787814607341,-8.9258,-8.9737,2.2100,-180.00
138.298,1787814607441,-8.9259,-8.9741,2.2100,-179.99
138.398,1787814607542,-8.9260,-8.9745,2.2100,-179.99
138.498,1787814607642,-8.9261,-8.9748,2.2100,-179.99
138.598,1787814607742,-8.9261,-8.9753,2.2100,-179.99
138.698,1787814607842,-8.9262,-8.9761,2.2107,-179.99
138.798,1787814607942,-8.9263,-8.9766,2.2118,-179.99
138.898,1787814608042,-8.9263,-8.9768,2.2133,-179.99
138.999,1787814608142,-8.9263,-8.9768,2.2160,-179.99
139.099,1787814608242,-8.9263,-8.9764,2.2208,-179.99
139.199,1787814608342,-8.9263,-8.9759,2.2261,-179.99
139.299,1787814608443,-8.9263,-8.9752,2.2322,-179.99
139.399,1787814608543,-8.9263,-8.9748,2.2367,-179.99
139.499,1787814608643,-8.9262,-8.9741,2.2433,-179.99
139.599,1787814608743,-8.9261,-8.9732,2.2516,-179.99
139.699,1787814608843,-8.9261,-8.9726,2.2575,-179.99
139.799,1787814608943,-8.9260,-8.9716,2.2676,-180.00
139.900,1787814609043,-8.9259,-8.9707,2.2773,-180.00
140.000,1787814609143,-8.9258,-8.9699,2.2869,-180.00
140.100,1787814609243,-8.9256,-8.9690,2.2975,-180.00
140.200,1787814609344,-8.9255,-8.9682,2.3085,-180.00
140.300,1787814609444,-8.9254,-8.9675,2.3185,-180.00
140.400,1787814609544,-8.9254,-8.9667,2.3308,-180.00
140.500,1787814609644,-8.9253,-8.9660,2.3428,-180.00
140.600,1787814609744,-8.9253,-8.9654,2.3542,-179.99
140.701,1787814609844,-8.9252,-8.9647,2.3695,-179.99
140.801,1787814609944,-8.9252,-8.9642,2.3828,-179.99
140.901,1787814610045,-8.9252,-8.9639,2.3933,-179.99
141.001,1787814610145,-8.9251,-8.9635,2.4075,-179.99
141.101,1787814610245,-8.9251,-8.9632,2.4211,-179.99
141.201,1787814610345,-8.9251,-8.9630,2.4318,-179.99
141.301,1787814610445,-8.9251,-8.9629,2.4464,-179.99
141.401,1787814610545,-8.9251,-8.9628,2.4588,-179.99
141.502,1787814610645,-8.9251,-8.9628,2.4744,-179.99
141.602,1787814610745,-8.9251,-8.9629,2.4862,-179.99
141.702,1787814610845,-8.9252,-8.9631,2.5004,-179.99
141.802,1787814610946,-8.9252,-8.9633,2.5138,-179.99
141.902,1787814611046,-8.9252,-8.9635,2.5249,-179.99
142.002,1787814611146,-8.9253,-8.9639,2.5408,-179.99
142.102,1787814611246,-8.9253,-8.9642,2.5536,-179.99
142.202,1787814611346,-8.9253,-8.9646,2.5657,-179.98
142.303,1787814611446,-8.9253,-8.9650,2.5779,-179.98
142.403,1787814611546,-8.9254,-8.9654,2.5910,-179.98
142.503,1787814611646,-8.9254,-8.9659,2.6049,-179.98
142.603,1787814611747,-8.9254,-8.9665,2.6206,-179.98
142.703,1787814611847,-8.9255,-8.9671,2.6348,-179.98
142.803,1787814611947,-8.9255,-8.9677,2.6481,-179.98
142.903,1787814612047,-8.9256,-8.9683,2.6632,-179.98
143.003,1787814612147,-8.9257,-8.9689,2.6775,-179.99
143.103,1787814612247,-8.9257,-8.9695,2.6926,-179.99
143.203,1787814612347,-8.9258,-8.9700,2.7061,-179.99
143.304,1787814612447,-8.9258,-8.9706,2.7229,-179.99
143.404,1787814612547,-8.9258,-8.9710,2.7355,-179.99
143.504,1787814612648,-8.9258,-8.9715,2.7498,-179.99
143.604,1787814612748,-8.9259,-8.9720,2.7650,-179.99
143.704,1787814612848,-8.9259,-8.9725,2.7777,-179.99
143.805,1787814612948,-8.9259,-8.9729,2.7920,-179.99
143.905,1787814613048,-8.9260,-8.9734,2.8073,-179.99
144.005,1787814613148,-8.9260,-8.9740,2.8225,-179.99
144.105,1787814613249,-8.9261,-8.9745,2.8369,-179.99
144.205,1787814613349,-8.9262,-8.9750,2.8522,-179.99
144.305,1787814613449,-8.9262,-8.9754,2.8665,-179.99
144.405,1787814613549,-8.9263,-8.9759,2.8799,-179.99
144.505,1787814613649,-8.9263,-8.9763,2.8942,-179.99
144.605,1787814613749,-8.9264,-8.9768,2.9093,-179.99
144.705,1787814613849,-8.9264,-8.9772,2.9219,-179.99
144.806,1787814613949,-8.9265,-8.9776,2.9363,-179.99
144.906,1787814614049,-8.9265,-8.9780,2.9499,-179.99
145.006,1787814614149,-8.9265,-8.9785,2.9635,-179.99
145.106,1787814614250,-8.9266,-8.9790,2.9797,-179.99
145.206,1787814614350,-8.9266,-8.9794,2.9942,-179.99
145.306,1787814614450,-8.9267,-8.9799,3.0088,-179.99
145.406,1787814614550,-8.9267,-8.9803,3.0225,-179.99
145.506,1787814614650,-8.9268,-8.9808,3.0396,-179.99
145.606,1787814614750,-8.9268,-8.9812,3.0541,-179.99
145.707,1787814614850,-8.9269,-8.9816,3.0678,-179.99
145.807,1787814614950,-8.9269,-8.9822,3.0849,-179.99
145.907,1787814615050,-8.9270,-8.9826,3.0977,-179.99
146.007,1787814615151,-8.9270,-8.9830,3.1121,-179.99
146.107,1787814615251,-8.9270,-8.9835,3.1282,-179.99
146.207,1787814615351,-8.9271,-8.9839,3.1409,-179.99
146.307,1787814615451,-8.9271,-8.9843,3.1536,-179.99
146.408,1787814615552,-8.9272,-8.9848,3.1690,-179.99
146.509,1787814615652,-8.9272,-8.9852,3.1819,-179.99
146.609,1787814615752,-8.9272,-8.9857,3.1974,-179.99
146.709,1787814615852,-8.9272,-8.9862,3.2138,-179.99
146.809,1787814615953,-8.9272,-8.9867,3.2285,-179.99
146.909,1787814616053,-8.9273,-8.9871,3.2423,-179.99
147.010,1787814616154,-8.9274,-8.9876,3.2578,-179.99
147.110,1787814616254,-8.9274,-8.9880,3.2716,-179.99
147.210,1787814616354,-8.9275,-8.9883,3.2855,-179.99
147.310,1787814616454,-8.9276,-8.9886,3.2985,-179.99
147.410,1787814616554,-8.9277,-8.9891,3.3149,-179.99
147.511,1787814616654,-8.9278,-8.9894,3.3271,-179.99
147.611,1787814616754,-8.9279,-8.9897,3.3419,-179.99
147.711,1787814616855,-8.9280,-8.9900,3.3558,-179.99
147.811,1787814616955,-8.9281,-8.9904,3.3717,-179.99
147.912,1787814617056,-8.9281,-8.9907,3.3875,-179.99
148.012,1787814617156,-8.9282,-8.9910,3.3981,-179.99
148.112,1787814617256,-8.9283,-8.9913,3.4148,-180.00
148.212,1787814617356,-8.9285,-8.9917,3.4324,-180.00
148.313,1787814617456,-8.9286,-8.9920,3.4474,-179.99
148.413,1787814617556,-8.9286,-8.9922,3.4596,-179.99
148.513,1787814617656,-8.9287,-8.9926,3.4780,-179.99
148.613,1787814617757,-8.9288,-8.9928,3.4919,-179.99
148.713,1787814617857,-8.9289,-8.9930,3.5015,-179.99
148.813,1787814617957,-8.9290,-8.9934,3.5181,-179.99
148.913,1787814618057,-8.9291,-8.9936,3.5313,-179.99
149.013,1787814618157,-8.9291,-8.9939,3.5445,-179.99
149.113,1787814618257,-8.9292,-8.9942,3.5631,-179.99
149.213,1787814618357,-8.9293,-8.9944,3.5763,-179.99
149.314,1787814618457,-8.9294,-8.9947,3.5922,-179.99
149.414,1787814618557,-8.9294,-8.9950,3.6080,-179.99
149.514,1787814618657,-8.9295,-8.9953,3.6237,-179.99
149.614,1787814618758,-8.9296,-8.9956,3.6385,-179.99
149.714,1787814618858,-8.9296,-8.9958,3.6516,-179.99
149.814,1787814618958,-8.9296,-8.9961,3.6655,-179.99
149.914,1787814619058,-8.9297,-8.9963,3.6812,-179.99
150.015,1787814619158,-8.9297,-8.9965,3.6935,-179.99
150.115,1787814619258,-8.9298,-8.9968,3.7083,-179.99
150.215,1787814619358,-8.9298,-8.9970,3.7227,-179.99
150.315,1787814619459,-8.9298,-8.9973,3.7374,-179.99
150.415,1787814619559,-8.9299,-8.9975,3.7504,-179.99
150.515,1787814619659,-8.9299,-8.9978,3.7639,-179.99
150.615,1787814619759,-8.9299,-8.9981,3.7756,-180.00
150.715,1787814619859,-8.9300,-8.9983,3.7858,-180.00
150.815,1787814619959,-8.9299,-8.9985,3.7930,-180.00
150.916,1787814620059,-8.9300,-8.9988,3.8022,-180.00
151.016,1787814620159,-8.9300,-8.9991,3.8110,-180.00
151.116,1787814620259,-8.9300,-8.9993,3.8165,-180.00
151.216,1787814620360,-8.9299,-8.9995,3.8236,-180.00
151.316,1787814620460,-8.9299,-8.9998,3.8303,-180.00
151.416,1787814620560,-8.9299,-9.0001,3.8361,-180.00
151.516,1787814620660,-8.9299,-9.0003,3.8411,-179.99
151.616,1787814620760,-8.9299,-9.0004,3.8459,-179.99
151.717,1787814620860,-8.9299,-9.0005,3.8483,-179.99
151.817,1787814620960,-8.9298,-9.0007,3.8522,-179.99
151.917,1787814621061,-8.9298,-9.0009,3.8556,-179.99
152.017,1787814621161,-8.9298,-9.0010,3.8590,-179.99
152.117,1787814621261,-8.9298,-9.0011,3.8622,-179.99
152.217,1787814621361,-8.9298,-9.0012,3.8651,-179.99
152.317,1787814621461,-8.9298,-9.0013,3.8677,-179.99
152.417,1787814621561,-8.9298,-9.0013,3.8699,-179.99
152.518,1787814621661,-8.9298,-9.0014,3.8719,-179.99
152.618,1787814621761,-8.9297,-9.0015,3.8738,-179.99
152.718,1787814621861,-8.9297,-9.0016,3.8757,-180.00
152.818,1787814621962,-8.9296,-9.0017,3.8776,-180.00
152.918,1787814622062,-8.9296,-9.0017,3.8790,-180.00
153.018,1787814622162,-8.9296,-9.0017,3.8807,-180.00
153.118,1787814622262,-8.9296,-9.0017,3.8821,-180.00
153.218,1787814622362,-8.9296,-9.0017,3.8833,-180.00
153.319,1787814622462,-8.9296,-9.0017,3.8843,-180.00
153.419,1787814622562,-8.9296,-9.0017,3.8855,-180.00
153.519,1787814622662,-8.9295,-9.0017,3.8865,-180.00
153.619,1787814622763,-8.9295,-9.0017,3.8875,-180.00
153.719,1787814622863,-8.9294,-9.0017,3.8886,-180.00
153.819,1787814622963,-8.9294,-9.0017,3.8893,-180.00
153.919,1787814623063,-8.9293,-9.0017,3.8902,-180.00
154.019,1787814623163,-8.9292,-9.0016,3.8911,-180.00
154.119,1787814623263,-8.9290,-9.0016,3.8920,-180.00
154.220,1787814623363,-8.9290,-9.0016,3.8927,-180.00
154.320,1787814623463,-8.9288,-9.0016,3.8935,-180.00
154.420,1787814623563,-8.9287,-9.0017,3.8943,-180.00
154.520,1787814623664,-8.9286,-9.0017,3.8949,180.00
154.620,1787814623764,-8.9285,-9.0016,3.8955,180.00
154.720,1787814623864,-8.9284,-9.0016,3.8961,180.00
154.820,1787814623964,-8.9283,-9.0016,3.8967,180.00
154.920,1787814624064,-8.9282,-9.0016,3.8973,180.00
155.020,1787814624164,-8.9281,-9.0016,3.8978,180.00
155.121,1787814624264,-8.9280,-9.0016,3.8982,180.00
155.221,1787814624364,-8.9280,-9.0016,3.8987,180.00
155.321,1787814624465,-8.9279,-9.0016,3.8992,180.00
155.421,1787814624565,-8.9279,-9.0016,3.8996,179.99
155.521,1787814624665,-8.9280,-9.0017,3.9001,179.99
155.621,1787814624765,-8.9280,-9.0017,3.9006,179.99
155.721,1787814624865,-8.9281,-9.0017,3.9010,179.99
155.822,1787814624965,-8.9282,-9.0017,3.9013,179.99
155.922,1787814625065,-8.9283,-9.0017,3.9018,180.00
156.022,1787814625166,-8.9285,-9.0017,3.9021,180.00
156.122,1787814625266,-8.9286,-9.0017,3.9024,180.00
156.222,1787814625366,-8.9287,-9.0017,3.9028,180.00
156.322,1787814625466,-8.9288,-9.0017,3.9031,180.00
156.422,1787814625566,-8.9288,-9.0017,3.9034,180.00
156.522,1787814625666,-8.9289,-9.0017,3.9037,180.00
156.623,1787814625766,-8.9290,-9.0017,3.9039,180.00
156.723,1787814625867,-8.9291,-9.0016,3.9041,180.00
156.823,1787814625967,-8.9291,-9.0016,3.9044,180.00
156.923,1787814626067,-8.9292,-9.0015,3.9046,180.00
157.024,1787814626167,-8.9293,-9.0014,3.9048,180.00
157.124,1787814626267,-8.9293,-9.0014,3.9049,180.00
157.224,1787814626367,-8.9294,-9.0014,3.9051,180.00
157.324,1787814626467,-8.9294,-9.0013,3.9053,179.99
157.424,1787814626568,-8.9295,-9.0013,3.9054,179.99
157.525,1787814626668,-8.9295,-9.0012,3.9056,179.99
157.625,1787814626768,-8.9295,-9.0012,3.9057,179.99
157.725,1787814626868,-8.9296,-9.0011,3.9058,179.99
157.825,1787814626969,-8.9296,-9.0011,3.9059,179.99
157.925,1787814627069,-8.9296,-9.0010,3.9060,179.99
158.025,1787814627169,-8.9297,-9.0010,3.9061,179.99
158.125,1787814627269,-8.9297,-9.0010,3.9063,179.99
158.225,1787814627369,-8.9297,-9.0009,3.9064,179.99
158.326,1787814627470,-8.9297,-9.0009,3.9066,179.99
158.426,1787814627570,-8.9298,-9.0009,3.9067,179.99
158.526,1787814627670,-8.9298,-9.0009,3.9068,179.99
158.627,1787814627770,-8.9297,-9.0008,3.9069,179.99
158.727,1787814627870,-8.9297,-9.0008,3.9070,179.99
158.827,1787814627970,-8.9297,-9.0008,3.9071,179.99
158.927,1787814628071,-8.9296,-9.0008,3.9072,179.99
159.027,1787814628171,-8.9296,-9.0008,3.9072,179.99
159.127,1787814628271,-8.9295,-9.0007,3.9073,179.99
159.227,1787814628371,-8.9295,-9.0007,3.9074,179.99
159.327,1787814628471,-8.9294,-9.0007,3.9075,179.99
159.427,1787814628571,-8.9293,-9.0007,3.9075,179.99
159.528,1787814628671,-8.9292,-9.0007,3.9076,179.99
159.628,1787814628771,-8.9291,-9.0007,3.9077,179.99
159.728,1787814628872,-8.9290,-9.0008,3.9078,179.99
159.828,1787814628972,-8.9289,-9.0009,3.9079,179.99
159.928,1787814629072,-8.9288,-9.0019,3.9079,179.99
160.029,1787814629172,-8.9287,-9.0028,3.9080,179.99
160.129,1787814629272,-8.9286,-9.0045,3.9080,179.99
160.229,1787814629373,-8.9285,-9.0056,3.9081,179.99
160.329,1787814629473,-8.9283,-9.0056,3.9082,179.99
160.429,1787814629573,-8.9282,-9.0039,3.9084,179.99
160.529,1787814629673,-8.9280,-8.9985,3.9085,179.99
160.629,1787814629773,-8.9278,-8.9919,3.9086,179.99
160.729,1787814629873,-8.9276,-8.9829,3.9088,179.99
160.830,1787814629973,-8.9275,-8.9706,3.9089,179.99
160.930,1787814630073,-8.9274,-8.9554,3.9090,179.99
161.030,1787814630173,-8.9272,-8.9385,3.9091,179.99
161.130,1787814630274,-8.9271,-8.9186,3.9092,179.99
161.230,1787814630374,-8.9270,-8.9005,3.9092,179.99
161.330,1787814630474,-8.9269,-8.8774,3.9093,179.99
161.430,1787814630574,-8.9268,-8.8500,3.9093,179.99
161.530,1787814630674,-8.9268,-8.8160,3.9093,179.99
161.631,1787814630774,-8.9267,-8.7848,3.9094,179.99
161.731,1787814630874,-8.9267,-8.7345,3.9093,179.99
161.831,1787814630974,-8.9267,-8.6920,3.9092,179.99
161.931,1787814631075,-8.9267,-8.6521,3.9091,179.98
162.031,1787814631175,-8.9267,-8.6018,3.9090,179.98
162.131,1787814631275,-8.9267,-8.5578,3.9088,179.98
162.231,1787814631375,-8.9268,-8.5061,3.9087,179.98
162.331,1787814631475,-8.9268,-8.4524,3.9086,179.98
162.431,1787814631575,-8.9269,-8.3935,3.9085,179.98
162.532,1787814631675,-8.9270,-8.3394,3.9083,179.98
162.632,1787814631775,-8.9270,-8.2910,3.9082,179.98
162.732,1787814631875,-8.9271,-8.2417,3.9082,179.98
162.832,1787814631976,-8.9272,-8.1739,3.9081,179.98
162.932,1787814632076,-8.9272,-8.1156,3.9081,179.98
163.032,1787814632176,-8.9273,-8.0675,3.9080,179.98
163.132,1787814632276,-8.9274,-8.0001,3.9080,179.98
163.232,1787814632376,-8.9275,-7.9394,3.9080,179.98
163.332,1787814632476,-8.9276,-7.8742,3.9079,179.98
163.433,1787814632576,-8.9277,-7.8006,3.9079,179.98
163.533,1787814632676,-8.9277,-7.7381,3.9078,179.98
163.633,1787814632776,-8.9278,-7.6754,3.9078,179.98
163.733,1787814632877,-8.9279,-7.5970,3.9077,179.98
163.833,1787814632977,-8.9280,-7.5342,3.9077,179.98
163.933,1787814633077,-8.9281,-7.4713,3.9077,179.98
164.033,1787814633177,-8.9281,-7.3967,3.9076,179.98
164.133,1787814633277,-8.9282,-7.3342,3.9076,179.98
164.233,1787814633377,-8.9282,-7.2757,3.9076,179.98
164.334,1787814633477,-8.9283,-7.2138,3.9076,179.98
164.434,1787814633577,-8.9283,-7.1446,3.9075,179.98
164.534,1787814633677,-8.9283,-7.0680,3.9075,179.99
164.635,1787814633779,-8.9284,-7.0108,3.9075,179.99
164.736,1787814633879,-8.9284,-6.9465,3.9074,179.99
164.836,1787814633979,-8.9284,-6.8938,3.9074,179.99
164.936,1787814634079,-8.9284,-6.8266,3.9074,179.99
165.036,1787814634180,-8.9284,-6.7673,3.9073,179.99
165.136,1787814634280,-8.9284,-6.7082,3.9073,179.99
165.236,1787814634380,-8.9284,-6.6420,3.9073,179.99
165.336,1787814634480,-8.9283,-6.5871,3.9073,179.99
165.436,1787814634580,-8.9283,-6.5286,3.9073,179.99
165.536,1787814634680,-8.9283,-6.4632,3.9073,179.99
165.637,1787814634780,-8.9283,-6.4198,3.9073,179.99
165.737,1787814634880,-8.9282,-6.3586,3.9073,179.99
165.837,1787814634980,-8.9282,-6.2975,3.9074,179.99
165.937,1787814635081,-8.9282,-6.2329,3.9074,179.99
166.037,1787814635181,-8.9282,-6.1755,3.9075,179.99
166.137,1787814635281,-8.9281,-6.1254,3.9075,179.99
166.237,1787814635381,-8.9281,-6.0684,3.9075,179.99
166.337,1787814635481,-8.9281,-6.0077,3.9076,179.99
166.437,1787814635581,-8.9281,-5.9542,3.9076,179.99
166.538,1787814635681,-8.9281,-5.9079,3.9077,179.99
166.638,1787814635781,-8.9281,-5.8439,3.9077,179.99
166.738,1787814635882,-8.9280,-5.7835,3.9077,179.99
166.838,1787814635982,-8.9280,-5.7372,3.9077,179.99
166.938,1787814636082,-8.9280,-5.6835,3.9078,180.00
167.038,1787814636182,-8.9280,-5.6155,3.9078,180.00
167.138,1787814636282,-8.9280,-5.5507,3.9078,180.00
167.238,1787814636382,-8.9280,-5.4858,3.9078,180.00
167.338,1787814636482,-8.9280,-5.4209,3.9078,180.00
167.439,1787814636582,-8.9281,-5.3739,3.9078,179.99
167.539,1787814636682,-8.9281,-5.3089,3.9079,179.99
167.639,1787814636782,-8.9281,-5.2693,3.9079,179.99
167.739,1787814636883,-8.9281,-5.2047,3.9079,179.99
167.839,1787814636983,-8.9281,-5.1328,3.9080,180.00
167.939,1787814637083,-8.9281,-5.0932,3.9080,180.00
168.039,1787814637183,-8.9282,-5.0284,3.9080,180.00
168.139,1787814637283,-8.9282,-4.9814,3.9080,180.00
168.240,1787814637383,-8.9283,-4.9201,3.9080,180.00
168.340,1787814637483,-8.9283,-4.8552,3.9080,-180.00
168.440,1787814637584,-8.9283,-4.8117,3.9080,-180.00
168.540,1787814637684,-8.9284,-4.7537,3.9081,-180.00
168.640,1787814637784,-8.9284,-4.6956,3.9081,-180.00
168.740,1787814637884,-8.9284,-4.6341,3.9081,-180.00
168.840,1787814637984,-8.9284,-4.5686,3.9081,-180.00
168.940,1787814638084,-8.9284,-4.5028,3.9082,-180.00
169.041,1787814638184,-8.9284,-4.4257,3.9082,-180.00
169.141,1787814638284,-8.9284,-4.3742,3.9082,-180.00
169.241,1787814638384,-8.9284,-4.3191,3.9082,-180.00
169.342,1787814638485,-8.9284,-4.2569,3.9082,180.00
169.442,1787814638585,-8.9284,-4.1914,3.9083,180.00
169.542,1787814638685,-8.9284,-4.1261,3.9083,180.00
169.642,1787814638786,-8.9284,-4.0679,3.9083,180.00
169.742,1787814638886,-8.9284,-4.0208,3.9084,180.00
169.842,1787814638986,-8.9284,-3.9485,3.9084,179.99
169.942,1787814639086,-8.9284,-3.9015,3.9084,179.99
170.042,1787814639186,-8.9284,-3.8329,3.9084,179.99
170.142,1787814639286,-8.9284,-3.7680,3.9084,179.99
170.243,1787814639386,-8.9284,-3.6995,3.9084,179.99
170.343,1787814639486,-8.9284,-3.6456,3.9084,179.99
170.443,1787814639586,-8.9284,-3.5775,3.9084,180.00
170.543,1787814639687,-8.9284,-3.5417,3.9084,180.00
170.643,1787814639787,-8.9283,-3.4740,3.9084,180.00
170.743,1787814639887,-8.9283,-3.4067,3.9084,180.00
170.843,1787814639987,-8.9283,-3.3571,3.9084,180.00
170.943,1787814640087,-8.9283,-3.2968,3.9083,180.00
171.043,1787814640187,-8.9283,-3.2261,3.9083,-180.00
171.143,1787814640287,-8.9283,-3.1730,3.9083,-180.00
171.244,1787814640388,-8.9283,-3.1235,3.9082,-180.00
171.345,1787814640488,-8.9283,-3.0636,3.9081,-180.00
171.445,1787814640589,-8.9283,-3.0039,3.9081,-180.00
171.545,1787814640689,-8.9283,-2.9511,3.9080,-180.00
171.645,1787814640789,-8.9283,-2.8911,3.9080,-180.00
171.745,1787814640889,-8.9283,-2.8204,3.9079,-180.00
171.845,1787814640989,-8.9283,-2.7673,3.9079,-180.00
171.946,1787814641089,-8.9283,-2.7035,3.9079,-180.00
172.046,1787814641189,-8.9283,-2.6575,3.9078,-180.00
172.146,1787814641289,-8.9283,-2.5868,3.9078,-180.00
172.246,1787814641390,-8.9283,-2.5233,3.9078,-180.00
172.346,1787814641490,-8.9283,-2.4774,3.9078,-180.00
172.446,1787814641590,-8.9284,-2.4105,3.9078,-180.00
172.546,1787814641690,-8.9284,-2.3506,3.9079,-180.00
172.646,1787814641790,-8.9284,-2.2944,3.9079,-180.00
172.746,1787814641890,-8.9284,-2.2346,3.9079,-180.00
172.847,1787814641991,-8.9285,-2.1644,3.9080,-180.00
172.948,1787814642091,-8.9285,-2.1084,3.9080,-179.99
173.048,1787814642191,-8.9286,-2.0629,3.9080,-179.99
173.148,1787814642291,-8.9286,-1.9963,3.9081,-179.99
173.248,1787814642392,-8.9287,-1.9577,3.9082,-179.99
173.348,1787814642492,-8.9287,-1.8949,3.9082,-179.99
173.448,1787814642592,-8.9287,-1.8531,3.9083,-179.99
173.548,1787814642692,-8.9288,-1.7939,3.9084,-179.99
173.648,1787814642792,-8.9289,-1.7309,3.9084,-179.99
173.749,1787814642892,-8.9289,-1.6746,3.9085,-179.99
173.849,1787814642992,-8.9290,-1.6040,3.9086,-179.99
173.949,1787814643092,-8.9291,-1.5403,3.9086,-179.99
174.049,1787814643193,-8.9291,-1.4799,3.9087,-179.99
174.149,1787814643293,-8.9292,-1.4232,3.9087,-179.99
174.249,1787814643393,-8.9293,-1.3736,3.9088,-179.99
174.349,1787814643493,-8.9293,-1.3275,3.9088,-179.99
174.450,1787814643593,-8.9294,-1.2640,3.9088,-179.99
174.550,1787814643693,-8.9295,-1.1968,3.9089,-179.99
174.650,1787814643793,-8.9296,-1.1365,3.9089,-179.99
174.750,1787814643894,-8.9296,-1.0903,3.9089,-179.99
174.850,1787814643994,-8.9296,-1.0263,3.9089,-179.99
174.951,1787814644094,-8.9297,-0.9656,3.9089,-179.99
175.051,1787814644194,-8.9297,-0.9122,3.9089,-179.99
175.152,1787814644296,-8.9297,-0.8445,3.9089,-179.99
175.252,1787814644396,-8.9297,-0.7837,3.9088,-179.99
175.353,1787814644496,-8.9297,-0.7265,3.9088,-179.99
175.453,1787814644596,-8.9298,-0.6586,3.9088,-179.99
175.553,1787814644696,-8.9298,-0.6119,3.9088,-179.99
175.653,1787814644797,-8.9298,-0.5476,3.9088,-179.99
175.753,1787814644897,-8.9298,-0.4797,3.9088,-179.99
175.853,1787814644997,-8.9298,-0.4296,3.9088,-179.99
175.954,1787814645097,-8.9298,-0.3795,3.9088,-179.99
176.054,1787814645197,-8.9298,-0.3260,3.9089,-179.99
176.154,1787814645297,-8.9298,-0.2619,3.9089,-179.99
176.254,1787814645398,-8.9298,-0.2084,3.9089,-179.99
176.354,1787814645498,-8.9298,-0.1404,3.9089,-179.99
176.454,1787814645598,-8.9298,-0.1008,3.9090,-179.99
176.554,1787814645698,-8.9298,-0.0325,3.9090,-179.99
176.654,1787814645798,-8.9298,0.0250,3.9091,-179.99
176.755,1787814645898,-8.9299,0.0827,3.9091,-179.99
176.855,1787814645998,-8.9298,0.1476,3.9092,-179.99
176.955,1787814646098,-8.9298,0.2054,3.9092,-179.99
177.055,1787814646199,-8.9298,0.2524,3.9093,-179.99
177.155,1787814646299,-8.9298,0.3137,3.9093,-179.99
177.255,1787814646399,-8.9298,0.3678,3.9094,-179.99
177.355,1787814646499,-8.9299,0.4329,3.9094,-179.99
177.455,1787814646599,-8.9299,0.4873,3.9094,-179.99
177.555,1787814646699,-8.9298,0.5491,3.9095,-179.99
177.655,1787814646799,-8.9298,0.6109,3.9095,-179.99
177.756,1787814646899,-8.9298,0.6800,3.9095,-179.99
177.856,1787814646999,-8.9298,0.7456,3.9095,-179.99
177.956,1787814647099,-8.9298,0.7967,3.9096,-179.99
178.056,1787814647199,-8.9297,0.8658,3.9096,-179.99
178.156,1787814647300,-8.9297,0.8876,3.9096,-179.99
178.256,1787814647400,-8.9297,0.9564,3.9096,-179.99
178.356,1787814647500,-8.9296,1.0141,3.9096,-179.99
178.456,1787814647600,-8.9296,1.0646,3.9096,-179.99
178.556,1787814647700,-8.9295,1.1335,3.9096,-179.99
178.656,1787814647800,-8.9295,1.1918,3.9096,-179.99
178.757,1787814647900,-8.9294,1.2538,3.9096,-179.99
178.857,1787814648000,-8.9294,1.3197,3.9096,-179.99
178.957,1787814648101,-8.9293,1.3672,3.9096,-179.99
179.057,1787814648201,-8.9293,1.4220,3.9096,-179.99
179.157,1787814648301,-8.9292,1.4990,3.9096,-179.99
179.257,1787814648401,-8.9292,1.5614,3.9096,-179.99
179.357,1787814648501,-8.9291,1.6090,3.9095,-179.99
179.457,1787814648601,-8.9291,1.6677,3.9095,-179.99
179.557,1787814648701,-8.9291,1.7261,3.9095,-179.99
179.658,1787814648801,-8.9290,1.7881,3.9095,-179.99
179.758,1787814648901,-8.9290,1.8539,3.9095,-179.99
179.858,1787814649001,-8.9290,1.9051,3.9096,-179.99
179.958,1787814649101,-8.9290,1.9636,3.9096,-179.99
180.058,1787814649202,-8.9290,2.0333,3.9096,-179.99
180.158,1787814649302,-8.9290,2.0772,3.9096,-179.99
180.258,1787814649402,-8.9290,2.1432,3.9097,-179.99
180.358,1787814649502,-8.9291,2.2054,3.9097,-179.99
180.458,1787814649602,-8.9291,2.2604,3.9096,-179.99
180.558,1787814649702,-8.9292,2.3298,3.9096,-179.99
180.659,1787814649802,-8.9292,2.3738,3.9096,-179.99
180.759,1787814649902,-8.9293,2.4396,3.9096,-179.99
180.859,1787814650002,-8.9293,2.5090,3.9096,-179.99
180.959,1787814650103,-8.9294,2.5601,3.9095,-179.99
181.059,1787814650203,-8.9295,2.6148,3.9095,-179.99
181.159,1787814650303,-8.9296,2.6804,3.9095,-179.99
181.259,1787814650403,-8.9296,2.7387,3.9094,-179.99
181.359,1787814650503,-8.9296,2.7932,3.9094,-179.99
181.459,1787814650603,-8.9296,2.8658,3.9093,-179.99
181.560,1787814650703,-8.9296,2.9167,3.9093,-179.99
181.660,1787814650803,-8.9297,2.9855,3.9092,-179.99
181.760,1787814650903,-8.9297,3.0507,3.9092,-179.99
181.860,1787814651004,-8.9297,3.1051,3.9091,-179.99
181.960,1787814651104,-8.9297,3.1667,3.9090,-179.99
182.060,1787814651204,-8.9297,3.2317,3.9089,-179.99
182.160,1787814651304,-8.9296,3.2713,3.9089,-179.99
182.260,1787814651404,-8.9296,3.3431,3.9088,-179.99
182.360,1787814651504,-8.9296,3.4004,3.9087,-179.99
182.461,1787814651604,-8.9296,3.4470,3.9087,-179.99
182.561,1787814651704,-8.9296,3.5151,3.9086,-179.99
182.661,1787814651804,-8.9296,3.5688,3.9086,-179.99
182.761,1787814651905,-8.9296,3.6367,3.9086,-179.99
182.861,1787814652005,-8.9296,3.6975,3.9085,-179.99
182.961,1787814652105,-8.9296,3.7655,3.9085,-179.99
183.061,1787814652205,-8.9296,3.8192,3.9085,-179.99
183.161,1787814652305,-8.9296,3.8799,3.9085,-179.99
183.262,1787814652405,-8.9296,3.9439,3.9085,-179.99
183.362,1787814652505,-8.9297,4.0079,3.9086,-179.99
183.462,1787814652605,-8.9297,4.0648,3.9086,-179.98
183.562,1787814652706,-8.9297,4.1288,3.9086,-179.98
183.662,1787814652806,-8.9297,4.1855,3.9087,-179.98
183.762,1787814652906,-8.9297,4.2315,3.9087,-179.98
183.862,1787814653006,-8.9298,4.2916,3.9088,-179.98
183.962,1787814653106,-8.9298,4.3515,3.9088,-179.99
184.062,1787814653206,-8.9298,4.4042,3.9089,-179.99
184.162,1787814653306,-8.9299,4.4569,3.9089,-179.99
184.263,1787814653406,-8.9299,4.5094,3.9090,-179.99
184.363,1787814653506,-8.9300,4.5762,3.9091,-179.99
184.463,1787814653606,-8.9300,4.6290,3.9091,-180.00
184.563,1787814653707,-8.9301,4.6890,3.9092,-180.00
184.663,1787814653807,-8.9302,4.7564,3.9093,-180.00
184.763,1787814653907,-8.9302,4.8131,3.9093,-180.00
184.864,1787814654007,-8.9303,4.8697,3.9094,-180.00
184.964,1787814654107,-8.9304,4.9265,3.9094,-180.00
185.064,1787814654207,-8.9305,4.9869,3.9095,-180.00
185.164,1787814654308,-8.9306,5.0545,3.9095,-180.00
185.264,1787814654408,-8.9307,5.1079,3.9095,-180.00
185.364,1787814654508,-8.9307,5.1472,3.9095,-180.00
185.464,1787814654608,-8.9308,5.2002,3.9096,-180.00
185.564,1787814654708,-8.9308,5.2674,3.9096,-180.00
185.664,1787814654808,-8.9309,5.3311,3.9096,-180.00
185.765,1787814654908,-8.9309,5.3915,3.9097,-179.99
185.865,1787814655009,-8.9310,5.4524,3.9097,-179.99
185.965,1787814655109,-8.9310,5.5133,3.9096,-179.99
186.065,1787814655209,-8.9311,5.5778,3.9096,-179.99
186.165,1787814655309,-8.9311,5.6351,3.9096,-179.99
186.265,1787814655409,-8.9311,5.6960,3.9096,-179.99
186.366,1787814655509,-8.9312,5.7496,3.9095,-180.00
186.466,1787814655609,-8.9312,5.8173,3.9095,-180.00
186.566,1787814655709,-8.9312,5.8637,3.9095,-180.00
186.666,1787814655810,-8.9313,5.9242,3.9095,-180.00
186.766,1787814655910,-8.9313,5.9848,3.9095,-180.00
186.866,1787814656010,-8.9313,6.0382,3.9096,-180.00
186.966,1787814656110,-8.9312,6.1022,3.9096,-180.00
187.066,1787814656210,-8.9312,6.1662,3.9096,180.00
187.166,1787814656310,-8.9311,6.2197,3.9096,180.00
187.267,1787814656411,-8.9310,6.2732,3.9096,180.00
187.367,1787814656511,-8.9309,6.3195,3.9096,180.00
187.467,1787814656611,-8.9308,6.3657,3.9096,180.00
187.567,1787814656711,-8.9307,6.4118,3.9097,-180.00
187.668,1787814656811,-8.9306,6.4615,3.9097,-180.00
187.768,1787814656911,-8.9305,6.5292,3.9098,-180.00
187.868,1787814657012,-8.9303,6.5795,3.9098,-180.00
187.968,1787814657112,-8.9301,6.6446,3.9098,-180.00
188.068,1787814657212,-8.9300,6.7067,3.9098,-180.00
188.168,1787814657312,-8.9298,6.7838,3.9098,-180.00
188.269,1787814657412,-8.9296,6.8502,3.9098,-180.00
188.369,1787814657512,-8.9294,6.9094,3.9098,-180.00
188.469,1787814657612,-8.9293,6.9685,3.9098,-180.00
188.569,1787814657713,-8.9292,7.0128,3.9098,-180.00
188.669,1787814657813,-8.9290,7.0829,3.9098,-180.00
188.769,1787814657913,-8.9288,7.1601,3.9098,-180.00
188.869,1787814658013,-8.9287,7.2081,3.9098,-180.00
188.969,1787814658113,-8.9286,7.2821,3.9098,-180.00
189.069,1787814658213,-8.9284,7.3411,3.9098,-180.00
189.170,1787814658313,-8.9283,7.4000,3.9098,-180.00
189.270,1787814658413,-8.9282,7.4661,3.9098,-180.00
189.370,1787814658513,-8.9282,7.5283,3.9098,-180.00
189.470,1787814658614,-8.9281,7.5903,3.9098,-180.00
189.570,1787814658714,-8.9280,7.6485,3.9098,180.00
189.670,1787814658814,-8.9280,7.7210,3.9098,180.00
189.770,1787814658914,-8.9279,7.7824,3.9098,180.00
189.870,1787814659014,-8.9279,7.8399,3.9098,180.00
189.970,1787814659114,-8.9278,7.9007,3.9098,180.00
190.071,1787814659214,-8.9278,7.9504,3.9097,180.00
190.171,1787814659314,-8.9278,8.0069,3.9097,180.00
190.271,1787814659414,-8.9278,8.0775,3.9097,180.00
190.371,1787814659515,-8.9277,8.1304,3.9097,180.00
190.471,1787814659615,-8.9277,8.1837,3.9097,180.00
190.571,1787814659715,-8.9277,8.2447,3.9097,180.00
190.671,1787814659815,-8.9276,8.3130,3.9096,180.00
190.771,1787814659915,-8.9275,8.3768,3.9096,180.00
190.871,1787814660015,-8.9275,8.4356,3.9097,-180.00
190.972,1787814660115,-8.9274,8.4893,3.9097,-180.00
191.072,1787814660215,-8.9273,8.5409,3.9098,-180.00
191.172,1787814660315,-8.9272,8.5905,3.9099,-180.00
191.272,1787814660416,-8.9271,8.6406,3.9099,-180.00
191.372,1787814660516,-8.9271,8.6853,3.9100,-180.00
191.472,1787814660616,-8.9270,8.7351,3.9101,-180.00
191.572,1787814660716,-8.9269,8.7694,3.9101,-180.00
191.672,1787814660816,-8.9268,8.8103,3.9102,-180.00
191.772,1787814660916,-8.9267,8.8438,3.9102,180.00
191.872,1787814661016,-8.9266,8.8816,3.9101,180.00
191.973,1787814661117,-8.9265,8.9055,3.9101,180.00
192.073,1787814661217,-8.9264,8.9347,3.9100,180.00
192.173,1787814661317,-8.9263,8.9564,3.9098,180.00
192.273,1787814661417,-8.9262,8.9721,3.9097,180.00
192.373,1787814661517,-8.9260,8.9922,3.9096,180.00
192.474,1787814661617,-8.9259,9.0057,3.9094,180.00
192.574,1787814661717,-8.9258,9.0193,3.9093,-180.00
192.674,1787814661818,-8.9257,9.0304,3.9091,-180.00
192.774,1787814661918,-8.9256,9.0386,3.9090,-179.99
192.874,1787814662018,-8.9256,9.0446,3.9088,-179.99
192.974,1787814662118,-8.9255,9.0495,3.9087,-179.99
193.074,1787814662218,-8.9254,9.0524,3.9086,-179.99
193.174,1787814662318,-8.9254,9.0536,3.9085,-179.99
193.274,1787814662418,-8.9254,9.0536,3.9085,-179.99
193.375,1787814662518,-8.9253,9.0526,3.9084,-179.99
193.475,1787814662618,-8.9253,9.0508,3.9084,-179.99
193.575,1787814662718,-8.9252,9.0482,3.9083,-179.99
193.675,1787814662819,-8.9252,9.0454,3.9083,-179.99
193.775,1787814662919,-8.9251,9.0417,3.9083,-179.99
193.875,1787814663019,-8.9251,9.0369,3.9084,-180.00
193.975,1787814663119,-8.9250,9.0335,3.9084,-180.00
194.075,1787814663219,-8.9250,9.0282,3.9084,180.00
194.175,1787814663319,-8.9249,9.0220,3.9085,179.99
194.276,1787814663419,-8.9249,9.0166,3.9086,179.99
194.376,1787814663519,-8.9249,9.0112,3.9087,179.99
194.476,1787814663620,-8.9250,9.0052,3.9088,179.98
194.577,1787814663720,-8.9250,8.9999,3.9089,179.98
194.677,1787814663820,-8.9250,8.9957,3.9090,179.98
194.777,1787814663920,-8.9250,8.9904,3.9091,179.98
194.878,1787814664021,-8.9251,8.9846,3.9092,179.99
194.978,1787814664121,-8.9251,8.9802,3.9093,179.99
195.078,1787814664222,-8.9251,8.9762,3.9093,179.99
195.178,1787814664322,-8.9251,8.9728,3.9094,179.99
195.278,1787814664422,-8.9251,8.9688,3.9095,179.99
195.378,1787814664522,-8.9252,8.9652,3.9095,180.00
195.478,1787814664622,-8.9253,8.9618,3.9096,180.00
195.579,1787814664722,-8.9254,8.9593,3.9096,-180.00
195.679,1787814664822,-8.9254,8.9569,3.9096,-180.00
195.779,1787814664922,-8.9256,8.9546,3.9096,-180.00
195.879,1787814665023,-8.9256,8.9531,3.9096,-180.00
195.979,1787814665123,-8.9257,8.9517,3.9096,-180.00
196.079,1787814665223,-8.9258,8.9501,3.9096,-179.99
196.179,1787814665323,-8.9259,8.9488,3.9096,-179.99
196.279,1787814665423,-8.9260,8.9477,3.9096,-180.00
196.379,1787814665523,-8.9262,8.9465,3.9097,-180.00
196.479,1787814665623,-8.9263,8.9458,3.9097,-180.00
196.580,1787814665723,-8.9264,8.9453,3.9097,-180.00
196.680,1787814665824,-8.9265,8.9449,3.9097,-180.00
196.780,1787814665924,-8.9266,8.9447,3.9098,180.00
196.880,1787814666024,-8.9267,8.9446,3.9098,180.00
196.980,1787814666124,-8.9268,8.9446,3.9098,180.00
197.080,1787814666224,-8.9269,8.9447,3.9098,180.00
197.180,1787814666324,-8.9270,8.9449,3.9098,180.00
197.281,1787814666424,-8.9271,8.9452,3.9097,180.00
197.381,1787814666524,-8.9272,8.9455,3.9097,180.00
197.481,1787814666624,-8.9273,8.9460,3.9097,180.00
197.581,1787814666725,-8.9274,8.9464,3.9097,180.00
197.681,1787814666825,-8.9275,8.9468,3.9097,180.00
197.781,1787814666925,-8.9276,8.9474,3.9097,180.00
197.881,1787814667025,-8.9277,8.9481,3.9096,180.00
197.981,1787814667125,-8.9278,8.9488,3.9096,180.00
198.081,1787814667225,-8.9279,8.9495,3.9096,180.00
198.182,1787814667325,-8.9279,8.9502,3.9096,180.00
198.282,1787814667425,-8.9280,8.9509,3.9096,180.00
198.382,1787814667526,-8.9280,8.9516,3.9096,180.00
198.482,1787814667626,-8.9280,8.9522,3.9096,180.00
198.582,1787814667726,-8.9280,8.9533,3.9095,180.00
198.682,1787814667826,-8.9281,8.9542,3.9095,180.00
198.782,1787814667926,-8.9281,8.9548,3.9095,180.00
198.883,1787814668026,-8.9281,8.9555,3.9095,180.00
198.983,1787814668126,-8.9281,8.9561,3.9095,179.99
199.083,1787814668226,-8.9281,8.9569,3.9095,179.99
199.183,1787814668327,-8.9281,8.9574,3.9095,179.99
199.283,1787814668427,-8.9281,8.9580,3.9095,179.99
199.383,1787814668527,-8.9280,8.9586,3.9095,179.99
199.483,1787814668627,-8.9280,8.9592,3.9095,179.99
199.583,1787814668727,-8.9280,8.9599,3.9095,179.99
199.684,1787814668827,-8.9280,8.9604,3.9095,179.99
199.784,1787814668927,-8.9280,8.9610,3.9095,179.99
199.884,1787814669027,-8.9280,8.9616,3.9095,179.99
199.984,1787814669128,-8.9280,8.9623,3.9095,179.99
200.084,1787814669228,-8.9280,8.9628,3.9095,179.99
200.184,1787814669328,-8.9281,8.9634,3.9095,179.99
200.284,1787814669428,-8.9281,8.9640,3.9095,179.99
200.384,1787814669528,-8.9281,8.9645,3.9095,179.99
200.485,1787814669628,-8.9281,8.9650,3.9095,180.00
200.585,1787814669729,-8.9281,8.9656,3.9095,180.00
200.685,1787814669829,-8.9281,8.9660,3.9095,180.00
200.785,1787814669929,-8.9282,8.9666,3.9096,180.00
200.886,1787814670030,-8.9282,8.9671,3.9096,180.00
200.986,1787814670130,-8.9282,8.9674,3.9096,180.00
201.086,1787814670230,-8.9282,8.9680,3.9096,-180.00
201.187,1787814670330,-8.9282,8.9689,3.9097,-179.95
201.287,1787814670430,-8.9282,8.9698,3.9100,-179.79
201.387,1787814670530,-8.9282,8.9706,3.9104,-179.37
201.487,1787814670631,-8.9282,8.9708,3.9110,-178.82
201.587,1787814670731,-8.9282,8.9706,3.9117,-177.97
201.687,1787814670831,-8.9282,8.9700,3.9126,-176.80
201.787,1787814670931,-8.9282,8.9693,3.9132,-175.84
201.888,1787814671032,-8.9282,8.9676,3.9146,-173.59
201.988,1787814671132,-8.9281,8.9660,3.9156,-171.73
202.088,1787814671232,-8.9279,8.9638,3.9167,-169.10
202.188,1787814671332,-8.9277,8.9610,3.9178,-165.93
202.289,1787814671432,-8.9274,8.9581,3.9187,-162.64
202.389,1787814671532,-8.9271,8.9552,3.9193,-159.10
202.489,1787814671632,-8.9266,8.9518,3.9196,-154.67
202.589,1787814671733,-8.9261,8.9486,3.9196,-150.09
202.689,1787814671833,-8.9256,8.9458,3.9193,-145.48
202.789,1787814671933,-8.9252,8.9436,3.9187,-141.16
202.889,1787814672033,-8.9251,8.9422,3.9181,-137.42
202.989,1787814672133,-8.9251,8.9414,3.9175,-134.47
203.089,1787814672233,-8.9254,8.9407,3.9165,-130.32
203.190,1787814672333,-8.9259,8.9405,3.9158,-127.17
203.290,1787814672433,-8.9266,8.9408,3.9149,-123.74
203.390,1787814672533,-8.9277,8.9414,3.9140,-120.08
203.490,1787814672633,-8.9287,8.9422,3.9133,-117.11
203.591,1787814672734,-8.9297,8.9430,3.9127,-114.60
203.691,1787814672834,-8.9310,8.9443,3.9119,-111.31
203.791,1787814672935,-8.9320,8.9453,3.9114,-108.79
203.891,1787814673035,-8.9330,8.9465,3.9109,-106.30
203.991,1787814673135,-8.9342,8.9479,3.9104,-103.36
204.091,1787814673235,-8.9353,8.9492,3.9100,-100.60
204.191,1787814673335,-8.9361,8.9505,3.9096,-97.83
204.292,1787814673435,-8.9368,8.9517,3.9093,-95.04
204.392,1787814673535,-8.9371,8.9524,3.9091,-93.39
204.492,1787814673636,-8.9375,8.9534,3.9089,-90.88
204.592,1787814673736,-8.9377,8.9545,3.9087,-87.80
204.692,1787814673836,-8.9377,8.9553,3.9086,-85.16
204.793,1787814673936,-8.9376,8.9561,3.9085,-82.27
204.893,1787814674036,-8.9373,8.9567,3.9085,-79.88
204.993,1787814674136,-8.9367,8.9575,3.9084,-76.48
205.093,1787814674237,-8.9359,8.9582,3.9084,-73.20
205.193,1787814674337,-8.9351,8.9587,3.9084,-70.06
205.293,1787814674437,-8.9342,8.9593,3.9084,-66.91
205.393,1787814674537,-8.9331,8.9597,3.9084,-63.55
205.493,1787814674637,-8.9322,8.9601,3.9083,-60.41
205.593,1787814674737,-8.9312,8.9604,3.9083,-56.89
205.694,1787814674837,-8.9304,8.9606,3.9082,-53.61
205.794,1787814674937,-8.9297,8.9607,3.9081,-50.56
205.894,1787814675037,-8.9292,8.9607,3.9080,-47.91
205.994,1787814675138,-8.9287,8.9606,3.9079,-45.28
206.094,1787814675238,-8.9282,8.9604,3.9078,-41.74
206.194,1787814675338,-8.9278,8.9601,3.9078,-38.59
206.294,1787814675438,-8.9274,8.9599,3.9077,-35.65
206.394,1787814675538,-8.9271,8.9597,3.9077,-32.72
206.495,1787814675638,-8.9268,8.9594,3.9077,-29.81
206.595,1787814675738,-8.9265,8.9591,3.9077,-26.91
206.695,1787814675838,-8.9263,8.9589,3.9077,-24.74
206.795,1787814675939,-8.9261,8.9586,3.9077,-21.67
206.895,1787814676039,-8.9260,8.9584,3.9078,-19.49
206.995,1787814676139,-8.9259,8.9581,3.9078,-16.19
207.095,1787814676239,-8.9258,8.9580,3.9079,-13.97
207.195,1787814676339,-8.9257,8.9579,3.9080,-11.01
207.296,1787814676439,-8.9255,8.9581,3.9082,-7.24
207.396,1787814676539,-8.9254,8.9584,3.9085,-5.06
207.496,1787814676639,-8.9254,8.9587,3.9089,-2.73
207.596,1787814676740,-8.9254,8.9589,3.9093,-0.79
207.696,1787814676840,-8.9254,8.9588,3.9099,0.88
207.796,1787814676940,-8.9255,8.9583,3.9107,2.62
207.896,1787814677040,-8.9256,8.9575,3.9114,3.71
207.996,1787814677140,-8.9257,8.9562,3.9122,4.55
208.096,1787814677240,-8.9257,8.9543,3.9129,5.02
208.196,1787814677340,-8.9258,8.9528,3.9134,5.08
208.297,1787814677440,-8.9259,8.9510,3.9138,4.91
208.397,1787814677540,-8.9259,8.9488,3.9142,4.39
208.497,1787814677641,-8.9259,8.9472,3.9142,3.80
208.597,1787814677741,-8.9259,8.9460,3.9141,3.23
208.697,1787814677841,-8.9260,8.9447,3.9139,2.44
208.797,1787814677941,-8.9260,8.9439,3.9137,1.86
208.897,1787814678041,-8.9260,8.9433,3.9133,1.10
208.998,1787814678141,-8.9261,8.9430,3.9129,0.51
209.098,1787814678241,-8.9261,8.9431,3.9124,-0.27
209.198,1787814678341,-8.9262,8.9438,3.9118,-0.93
209.298,1787814678442,-8.9262,8.9447,3.9114,-1.37
209.398,1787814678542,-8.9262,8.9458,3.9109,-1.68
209.499,1787814678642,-8.9262,8.9474,3.9105,-1.92
209.599,1787814678742,-8.9262,8.9491,3.9101,-2.04
209.699,1787814678843,-8.9262,8.9510,3.9097,-2.08
209.799,1787814678943,-8.9262,8.9532,3.9094,-2.03
209.899,1787814679043,-8.9262,8.9551,3.9091,-1.93
209.999,1787814679143,-8.9262,8.9569,3.9089,-1.79
210.099,1787814679243,-8.9262,8.9583,3.9088,-1.67
210.199,1787814679343,-8.9269,8.9606,3.9086,-1.44
210.300,1787814679443,-8.9285,8.9629,3.9085,-1.18
210.400,1787814679544,-8.9298,8.9648,3.9084,-0.91
210.500,1787814679644,-8.9302,8.9662,3.9084,-0.70
210.600,1787814679744,-8.9295,8.9673,3.9085,-0.50
210.700,1787814679844,-8.9278,8.9682,3.9086,-0.33
210.800,1787814679944,-8.9241,8.9691,3.9087,-0.15
210.901,1787814680044,-8.9196,8.9696,3.9088,-0.03
211.001,1787814680144,-8.9118,8.9702,3.9091,0.08
211.101,1787814680244,-8.9001,8.9706,3.9093,0.16
211.201,1787814680344,-8.8879,8.9709,3.9095,0.20
211.301,1787814680445,-8.8744,8.9712,3.9096,0.21
211.402,1787814680545,-8.8586,8.9714,3.9098,0.21
211.502,1787814680645,-8.8433,8.9716,3.9099,0.19
211.602,1787814680746,-8.8229,8.9719,3.9099,0.16
211.702,1787814680846,-8.7927,8.9723,3.9098,0.11
211.802,1787814680946,-8.7665,8.9727,3.9096,0.06
211.902,1787814681046,-8.7385,8.9732,3.9093,0.01
212.002,1787814681146,-8.7069,8.9738,3.9090,-0.04
212.103,1787814681247,-8.6741,8.9744,3.9088,-0.10
212.203,1787814681347,-8.6561,8.9748,3.9086,-0.12
212.304,1787814681447,-8.6380,8.9752,3.9085,-0.15
212.404,1787814681548,-8.5989,8.9761,3.9082,-0.20
212.504,1787814681648,-8.5641,8.9769,3.9079,-0.24
212.604,1787814681748,-8.5201,8.9780,3.9077,-0.28
212.704,1787814681848,-8.4812,8.9791,3.9075,-0.30
212.804,1787814681948,-8.4519,8.9798,3.9074,-0.31
212.904,1787814682048,-8.4123,8.9809,3.9073,-0.32
213.005,1787814682148,-8.3783,8.9819,3.9073,-0.32
213.105,1787814682248,-8.3456,8.9828,3.9073,-0.31
213.205,1787814682348,-8.3145,8.9837,3.9073,-0.29
213.305,1787814682449,-8.2832,8.9847,3.9073,-0.27
213.405,1787814682549,-8.2573,8.9855,3.9073,-0.26
213.505,1787814682649,-8.2361,8.9861,3.9073,-0.24
213.605,1787814682749,-8.2237,8.9865,3.9073,-0.23
213.705,1787814682849,-8.1975,8.9873,3.9073,-0.20
213.806,1787814682949,-8.1800,8.9878,3.9074,-0.18
213.906,1787814683049,-8.1651,8.9882,3.9074,-0.16
214.006,1787814683150,-8.1501,8.9886,3.9074,-0.15
214.106,1787814683250,-8.1395,8.9889,3.9073,-0.14
214.206,1787814683350,-8.1305,8.9892,3.9073,-0.13
214.306,1787814683450,-8.1143,8.9896,3.9073,-0.11
214.406,1787814683550,-8.1055,8.9898,3.9072,-0.10
214.507,1787814683650,-8.0949,8.9900,3.9072,-0.09
214.609,1787814683752,-8.0857,8.9902,3.9072,-0.09
214.709,1787814683852,-8.0783,8.9903,3.9072,-0.08
214.809,1787814683953,-8.0717,8.9904,3.9072,-0.08
214.909,1787814684053,-8.0680,8.9905,3.9072,-0.08
215.009,1787814684153,-8.0628,8.9905,3.9072,-0.08
215.109,1787814684253,-8.0593,8.9904,3.9072,-0.08
215.209,1787814684353,-8.0570,8.9904,3.9072,-0.08
215.309,1787814684453,-8.0557,8.9903,3.9072,-0.08
215.410,1787814684553,-8.0550,8.9902,3.9073,-0.08
215.510,1787814684653,-8.0548,8.9901,3.9073,-0.08
215.610,1787814684754,-8.0554,8.9900,3.9073,-0.08
215.710,1787814684854,-8.0567,8.9899,3.9074,-0.09
215.810,1787814684954,-8.0583,8.9898,3.9074,-0.09
215.910,1787814685054,-8.0608,8.9896,3.9075,-0.09
216.010,1787814685154,-8.0633,8.9895,3.9076,-0.09
216.111,1787814685255,-8.0667,8.9893,3.9076,-0.09
216.211,1787814685355,-8.0689,8.9892,3.9077,-0.09
216.311,1787814685455,-8.0710,8.9891,3.9077,-0.09
216.412,1787814685555,-8.0745,8.9889,3.9078,-0.09
216.512,1787814685655,-8.0776,8.9888,3.9078,-0.08
216.612,1787814685755,-8.0822,8.9886,3.9079,-0.08
216.712,1787814685856,-8.0857,8.9885,3.9079,-0.08
216.812,1787814685956,-8.0880,8.9884,3.9080,-0.08
216.912,1787814686056,-8.0916,8.9883,3.9080,-0.07
217.012,1787814686156,-8.0955,8.9882,3.9080,-0.07
217.112,1787814686256,-8.0976,8.9881,3.9081,-0.07
217.213,1787814686356,-8.1014,8.9881,3.9081,-0.07
217.313,1787814686456,-8.1047,8.9881,3.9081,-0.06
217.413,1787814686556,-8.1068,8.9880,3.9082,-0.06
217.513,1787814686656,-8.1100,8.9880,3.9082,-0.06
217.613,1787814686757,-8.1125,8.9880,3.9082,-0.06
217.713,1787814686857,-8.1148,8.9881,3.9083,-0.06
217.813,1787814686957,-8.1173,8.9881,3.9083,-0.06
217.913,1787814687057,-8.1191,8.9882,3.9083,-0.06
218.013,1787814687157,-8.1211,8.9883,3.9083,-0.06
218.114,1787814687257,-8.1222,8.9883,3.9083,-0.06
218.214,1787814687357,-8.1241,8.9885,3.9083,-0.05
218.314,1787814687458,-8.1255,8.9886,3.9083,-0.05
218.414,1787814687558,-8.1268,8.9887,3.9083,-0.05
218.514,1787814687658,-8.1281,8.9888,3.9083,-0.05
218.614,1787814687758,-8.1290,8.9889,3.9083,-0.05
218.714,1787814687858,-8.1300,8.9891,3.9083,-0.05
218.814,1787814687958,-8.1308,8.9893,3.9084,-0.04
218.915,1787814688058,-8.1315,8.9894,3.9084,-0.04
219.015,1787814688159,-8.1322,8.9896,3.9084,-0.04
219.115,1787814688259,-8.1327,8.9897,3.9084,-0.04
219.215,1787814688359,-8.1332,8.9899,3.9084,-0.04
219.316,1787814688459,-8.1335,8.9901,3.9084,-0.04
219.416,1787814688559,-8.1337,8.9902,3.9084,-0.04
219.516,1787814688659,-8.1339,8.9904,3.9085,-0.04
219.616,1787814688760,-8.1340,8.9905,3.9085,-0.04
219.716,1787814688860,-8.1341,8.9906,3.9085,-0.04
219.816,1787814688960,-8.1341,8.9907,3.9086,-0.04
219.916,1787814689060,-8.1341,8.9908,3.9086,-0.04
220.016,1787814689160,-8.1341,8.9909,3.9086,-0.04
220.117,1787814689261,-8.1340,8.9910,3.9087,-0.04
220.217,1787814689361,-8.1339,8.9911,3.9088,-0.03
220.318,1787814689461,-8.1338,8.9911,3.9088,-0.03
220.418,1787814689561,-8.1337,8.9913,3.9089,-0.03
220.518,1787814689661,-8.1336,8.9914,3.9089,-0.03
220.618,1787814689762,-8.1335,8.9915,3.9090,-0.03
220.718,1787814689862,-8.1334,8.9915,3.9091,-0.03
220.818,1787814689962,-8.1333,8.9916,3.9091,-0.03
220.918,1787814690062,-8.1333,8.9917,3.9091,-0.03
221.018,1787814690162,-8.1332,8.9917,3.9092,-0.03
221.118,1787814690262,-8.1331,8.9918,3.9092,-0.03
221.219,1787814690362,-8.1331,8.9918,3.9092,-0.03
221.319,1787814690462,-8.1330,8.9919,3.9092,-0.03
221.419,1787814690562,-8.1329,8.9920,3.9093,-0.03
221.519,1787814690663,-8.1329,8.9921,3.9093,-0.03
221.619,1787814690763,-8.1328,8.9922,3.9093,-0.03
221.719,1787814690863,-8.1328,8.9923,3.9093,-0.03
221.819,1787814690963,-8.1327,8.9924,3.9093,-0.03
221.919,1787814691063,-8.1327,8.9924,3.9093,-0.03
222.019,1787814691163,-8.1327,8.9925,3.9093,-0.03
222.120,1787814691263,-8.1326,8.9926,3.9093,-0.03
222.220,1787814691363,-8.1326,8.9927,3.9094,-0.03
222.320,1787814691464,-8.1326,8.9928,3.9094,-0.03
222.420,1787814691564,-8.1326,8.9928,3.9094,-0.03
222.520,1787814691664,-8.1326,8.9929,3.9094,-0.02
222.620,1787814691764,-8.1325,8.9934,3.9095,-0.02
222.720,1787814691864,-8.1324,8.9945,3.9095,-0.02
222.820,1787814691964,-8.1324,8.9961,3.9096,-0.02
222.921,1787814692064,-8.1324,8.9974,3.9098,-0.02
223.021,1787814692164,-8.1325,8.9975,3.9100,-0.02
223.121,1787814692264,-8.1326,8.9963,3.9101,-0.02
223.221,1787814692365,-8.1328,8.9926,3.9104,-0.02
223.321,1787814692465,-8.1330,8.9871,3.9106,-0.02
223.421,1787814692565,-8.1331,8.9805,3.9107,-0.02
223.521,1787814692665,-8.1333,8.9702,3.9109,-0.02
223.621,1787814692765,-8.1335,8.9578,3.9111,-0.02
223.721,1787814692865,-8.1337,8.9428,3.9113,-0.02
223.822,1787814692965,-8.1339,8.9263,3.9115,-0.02
223.922,1787814693065,-8.1341,8.9100,3.9116,-0.02
224.022,1787814693166,-8.1343,8.8919,3.9117,-0.02
224.122,1787814693266,-8.1345,8.8670,3.9118,-0.02
224.222,1787814693366,-8.1347,8.8392,3.9119,-0.02
224.322,1787814693466,-8.1348,8.8162,3.9119,-0.02
224.422,1787814693566,-8.1350,8.7809,3.9119,-0.02
224.522,1787814693666,-8.1351,8.7469,3.9119,-0.02
224.623,1787814693766,-8.1353,8.7130,3.9118,-0.02
224.723,1787814693866,-8.1354,8.6661,3.9117,-0.02
224.823,1787814693967,-8.1356,8.6216,3.9116,-0.02
224.923,1787814694067,-8.1356,8.5744,3.9115,-0.02
225.024,1787814694167,-8.1357,8.5185,3.9112,-0.02
225.124,1787814694268,-8.1358,8.4863,3.9111,-0.02
225.224,1787814694368,-8.1358,8.4230,3.9109,-0.02
225.324,1787814694468,-8.1358,8.3536,3.9107,-0.02
225.424,1787814694568,-8.1358,8.3071,3.9105,-0.02
225.525,1787814694668,-8.1357,8.2411,3.9103,-0.02
225.625,1787814694768,-8.1356,8.1735,3.9101,-0.02
225.725,1787814694868,-8.1356,8.1277,3.9100,-0.02
225.825,1787814694969,-8.1354,8.0540,3.9098,-0.03
225.925,1787814695069,-8.1353,7.9911,3.9097,-0.03
226.025,1787814695169,-8.1351,7.9196,3.9095,-0.03
226.125,1787814695269,-8.1349,7.8595,3.9094,-0.03
226.225,1787814695369,-8.1347,7.7950,3.9093,-0.03
226.326,1787814695470,-8.1345,7.7345,3.9093,-0.03
226.426,1787814695570,-8.1342,7.6617,3.9092,-0.03
226.526,1787814695670,-8.1340,7.6132,3.9092,-0.03
226.626,1787814695770,-8.1338,7.5566,3.9092,-0.03
226.726,1787814695870,-8.1335,7.4879,3.9091,-0.03
226.826,1787814695970,-8.1332,7.4152,3.9091,-0.03
226.927,1787814696070,-8.1329,7.3506,3.9091,-0.03
227.027,1787814696170,-8.1326,7.2822,3.9091,-0.03
227.127,1787814696271,-8.1324,7.2301,3.9091,-0.03
227.227,1787814696371,-8.1321,7.1545,3.9091,-0.03
227.327,1787814696471,-8.1319,7.1147,3.9091,-0.02
227.427,1787814696571,-8.1316,7.0357,3.9091,-0.02
227.528,1787814696671,-8.1314,6.9648,3.9090,-0.02
227.628,1787814696771,-8.1312,6.9294,3.9090,-0.02
227.728,1787814696871,-8.1310,6.8629,3.9090,-0.02
227.828,1787814696972,-8.1308,6.8045,3.9090,-0.02
227.929,1787814697073,-8.1306,6.7579,3.9090,-0.02
228.029,1787814697173,-8.1304,6.7154,3.9090,-0.02
228.129,1787814697273,-8.1302,6.6539,3.9091,-0.02
228.229,1787814697373,-8.1300,6.5927,3.9091,-0.02
228.330,1787814697473,-8.1298,6.5352,3.9091,-0.01
228.430,1787814697573,-8.1296,6.4773,3.9091,-0.01
228.530,1787814697673,-8.1295,6.4426,3.9092,-0.01
228.630,1787814697774,-8.1293,6.3732,3.9092,-0.01
228.730,1787814697874,-8.1292,6.3076,3.9092,-0.01
228.830,1787814697974,-8.1291,6.2688,3.9092,-0.01
228.930,1787814698074,-8.1289,6.2028,3.9092,-0.01
229.031,1787814698175,-8.1287,6.1287,3.9092,-0.01
229.131,1787814698275,-8.1285,6.0701,3.9092,-0.01
229.231,1787814698375,-8.1284,5.9996,3.9092,-0.01
229.331,1787814698475,-8.1282,5.9328,3.9092,-0.01
229.432,1787814698575,-8.1281,5.8778,3.9092,-0.01
229.532,1787814698675,-8.1280,5.8111,3.9092,-0.01
229.632,1787814698775,-8.1279,5.7562,3.9092,-0.01
229.732,1787814698876,-8.1278,5.6859,3.9091,-0.01
229.832,1787814698976,-8.1277,5.6157,3.9091,-0.01
229.932,1787814699076,-8.1276,5.5767,3.9090,-0.01
230.032,1787814699176,-8.1276,5.5027,3.9090,-0.01
230.132,1787814699276,-8.1275,5.4407,3.9089,-0.01
230.232,1787814699376,-8.1274,5.3635,3.9089,-0.01
230.333,1787814699476,-8.1274,5.3095,3.9088,-0.01
230.433,1787814699577,-8.1273,5.2404,3.9088,-0.01
230.533,1787814699677,-8.1273,5.1945,3.9087,-0.01
230.633,1787814699777,-8.1273,5.1336,3.9087,-0.01
230.733,1787814699877,-8.1273,5.0845,3.9087,-0.01
230.833,1787814699977,-8.1272,5.0128,3.9086,-0.01
230.933,1787814700077,-8.1272,4.9414,3.9086,-0.01
231.034,1787814700177,-8.1272,4.8700,3.9086,-0.01
231.134,1787814700277,-8.1272,4.8175,3.9086,-0.01
231.234,1787814700378,-8.1271,4.7464,3.9086,-0.01
231.334,1787814700478,-8.1271,4.7056,3.9086,-0.01
231.434,1787814700578,-8.1271,4.6355,3.9086,-0.01
231.534,1787814700678,-8.1271,4.5695,3.9086,-0.01
231.634,1787814700778,-8.1271,4.5182,3.9087,-0.02
231.734,1787814700878,-8.1271,4.4708,3.9087,-0.02
231.835,1787814700978,-8.1270,4.4344,3.9087,-0.02
231.935,1787814701079,-8.1271,4.3694,3.9088,-0.02
232.035,1787814701179,-8.1270,4.3008,3.9088,-0.02
232.136,1787814701279,-8.1270,4.2502,3.9089,-0.02
232.236,1787814701380,-8.1270,4.1851,3.9090,-0.02
232.336,1787814701480,-8.1269,4.1232,3.9090,-0.02
232.436,1787814701580,-8.1269,4.0686,3.9090,-0.02
232.536,1787814701680,-8.1268,4.0106,3.9091,-0.02
232.637,1787814701780,-8.1268,3.9561,3.9091,-0.02
232.737,1787814701880,-8.1267,3.8909,3.9092,-0.02
232.837,1787814701981,-8.1266,3.8256,3.9092,-0.01
232.937,1787814702081,-8.1265,3.7783,3.9093,-0.01
233.037,1787814702181,-8.1264,3.7276,3.9093,-0.01
233.137,1787814702281,-8.1262,3.6552,3.9094,-0.01
233.237,1787814702381,-8.1260,3.5972,3.9094,-0.01
233.337,1787814702481,-8.1259,3.5499,3.9095,-0.01
233.438,1787814702581,-8.1257,3.5026,3.9095,-0.01
233.538,1787814702681,-8.1256,3.4554,3.9095,-0.01
233.638,1787814702781,-8.1253,3.3720,3.9096,-0.01
233.738,1787814702882,-8.1250,3.3026,3.9096,-0.01
233.838,1787814702982,-8.1249,3.2622,3.9096,-0.01
233.938,1787814703082,-8.1246,3.1924,3.9096,-0.00
234.038,1787814703182,-8.1244,3.1336,3.9096,-0.00
234.138,1787814703282,-8.1241,3.0637,3.9096,-0.01
234.239,1787814703382,-8.1239,3.0012,3.9096,-0.01
234.339,1787814703482,-8.1237,2.9462,3.9096,-0.01
234.439,1787814703583,-8.1235,2.8877,3.9096,-0.01
234.539,1787814703683,-8.1232,2.8219,3.9096,-0.01
234.639,1787814703783,-8.1230,2.7707,3.9096,-0.01
234.739,1787814703883,-8.1228,2.6976,3.9096,-0.01
234.839,1787814703983,-8.1225,2.6356,3.9097,-0.01
234.940,1787814704084,-8.1223,2.5736,3.9097,-0.01
235.040,1787814704184,-8.1221,2.5118,3.9096,-0.01
235.140,1787814704284,-8.1219,2.4574,3.9096,-0.01
235.240,1787814704384,-8.1216,2.3924,3.9096,-0.01
235.340,1787814704484,-8.1214,2.3490,3.9096,-0.01
235.441,1787814704584,-8.1212,2.2770,3.9096,-0.01
235.541,1787814704684,-8.1210,2.2160,3.9096,-0.01
235.641,1787814704784,-8.1207,2.1445,3.9095,-0.01
235.741,1787814704885,-8.1206,2.0872,3.9095,-0.01
235.841,1787814704985,-8.1204,2.0265,3.9095,-0.01
235.941,1787814705085,-8.1203,1.9838,3.9095,-0.01
236.041,1787814705185,-8.1201,1.9236,3.9095,-0.01
236.141,1787814705285,-8.1200,1.8673,3.9095,-0.01
236.241,1787814705385,-8.1199,1.8286,3.9095,-0.01
236.342,1787814705485,-8.1198,1.7760,3.9095,-0.01
236.442,1787814705585,-8.1197,1.7166,3.9095,-0.01
236.542,1787814705686,-8.1196,1.6605,3.9096,-0.01
236.642,1787814705786,-8.1195,1.5970,3.9096,-0.01
236.742,1787814705886,-8.1195,1.5298,3.9096,-0.01
236.842,1787814705986,-8.1194,1.4656,3.9096,-0.02
236.942,1787814706086,-8.1193,1.4083,3.9096,-0.02
237.042,1787814706186,-8.1193,1.3509,3.9096,-0.02
237.143,1787814706286,-8.1192,1.2936,3.9096,-0.02
237.243,1787814706386,-8.1192,1.2364,3.9096,-0.02
237.343,1787814706486,-8.1191,1.1902,3.9096,-0.02
237.443,1787814706587,-8.1191,1.1262,3.9096,-0.02
237.543,1787814706687,-8.1191,1.0729,3.9096,-0.02
237.643,1787814706787,-8.1191,1.0266,3.9096,-0.02
237.743,1787814706887,-8.1190,0.9586,3.9096,-0.02
237.844,1787814706987,-8.1189,0.8870,3.9097,-0.02
237.944,1787814707087,-8.1189,0.8403,3.9097,-0.02
238.044,1787814707187,-8.1188,0.7754,3.9097,-0.02
238.144,1787814707288,-8.1188,0.7246,3.9097,-0.02
238.244,1787814707388,-8.1187,0.6560,3.9097,-0.01
238.344,1787814707488,-8.1186,0.5982,3.9098,-0.01
238.444,1787814707588,-8.1185,0.5621,3.9098,-0.01
238.544,1787814707688,-8.1185,0.4937,3.9098,-0.01
238.644,1787814707788,-8.1184,0.4323,3.9099,-0.01
238.745,1787814707888,-8.1183,0.3779,3.9099,-0.01
238.845,1787814707988,-8.1182,0.3160,3.9100,-0.01
238.945,1787814708089,-8.1181,0.2614,3.9100,-0.01
239.045,1787814708189,-8.1180,0.2141,3.9100,-0.01
239.145,1787814708289,-8.1179,0.1377,3.9100,-0.01
239.245,1787814708389,-8.1178,0.1013,3.9100,-0.01
239.345,1787814708489,-8.1177,0.0284,3.9101,-0.01
239.446,1787814708589,-8.1176,-0.0192,3.9101,-0.01
239.546,1787814708689,-8.1175,-0.0851,3.9101,-0.01
239.646,1787814708789,-8.1175,-0.1549,3.9100,-0.01
239.746,1787814708890,-8.1174,-0.2177,3.9100,-0.01
239.846,1787814708990,-8.1173,-0.2621,3.9100,-0.01
239.946,1787814709090,-8.1173,-0.3286,3.9099,-0.01
240.046,1787814709190,-8.1172,-0.3948,3.9099,-0.01
240.146,1787814709290,-8.1172,-0.4390,3.9099,-0.01
240.246,1787814709390,-8.1171,-0.5089,3.9098,-0.01
240.347,1787814709490,-8.1171,-0.5714,3.9098,-0.01
240.447,1787814709590,-8.1171,-0.6155,3.9098,-0.01
240.547,1787814709691,-8.1170,-0.6852,3.9098,-0.01
240.647,1787814709791,-8.1170,-0.7513,3.9098,-0.01
240.747,1787814709891,-8.1169,-0.8103,3.9098,-0.01
240.847,1787814709991,-8.1169,-0.8767,3.9097,-0.01
240.947,1787814710091,-8.1168,-0.9393,3.9097,-0.01
241.047,1787814710191,-8.1168,-1.0018,3.9097,-0.01
241.148,1787814710291,-8.1167,-1.0677,3.9097,-0.01
241.248,1787814710391,-8.1167,-1.1407,3.9097,-0.01
241.348,1787814710491,-8.1166,-1.1881,3.9097,-0.01
241.448,1787814710591,-8.1165,-1.2426,3.9096,-0.01
241.548,1787814710692,-8.1165,-1.2968,3.9096,-0.01
241.648,1787814710792,-8.1164,-1.3506,3.9095,-0.01
241.748,1787814710892,-8.1163,-1.4150,3.9095,-0.01
241.848,1787814710992,-8.1162,-1.4685,3.9094,-0.01
241.948,1787814711092,-8.1160,-1.5362,3.9094,-0.01
242.049,1787814711192,-8.1159,-1.6004,3.9093,-0.01
242.149,1787814711292,-8.1158,-1.6504,3.9093,-0.01
242.249,1787814711393,-8.1157,-1.7002,3.9093,-0.01
242.349,1787814711493,-8.1155,-1.7678,3.9092,-0.01
242.449,1787814711593,-8.1153,-1.8282,3.9092,-0.01
242.549,1787814711693,-8.1151,-1.8922,3.9092,-0.02
242.649,1787814711793,-8.1149,-1.9529,3.9091,-0.02
242.750,1787814711893,-8.1147,-2.0099,3.9091,-0.01
242.850,1787814711993,-8.1146,-2.0669,3.9091,-0.01
242.950,1787814712093,-8.1143,-2.1380,3.9091,-0.01
243.050,1787814712194,-8.1140,-2.1984,3.9091,-0.01
243.150,1787814712294,-8.1138,-2.2587,3.9091,-0.01
243.250,1787814712394,-8.1136,-2.3189,3.9091,-0.01
243.350,1787814712494,-8.1134,-2.3790,3.9091,-0.01
243.450,1787814712594,-8.1132,-2.4388,3.9091,-0.01
243.550,1787814712694,-8.1130,-2.4915,3.9091,-0.01
243.650,1787814712794,-8.1128,-2.5549,3.9091,-0.01
243.751,1787814712894,-8.1127,-2.6110,3.9091,-0.02
243.851,1787814712994,-8.1125,-2.6705,3.9091,-0.02
243.951,1787814713095,-8.1124,-2.7161,3.9091,-0.02
244.051,1787814713195,-8.1123,-2.7615,3.9091,-0.02
244.152,1787814713295,-8.1121,-2.8206,3.9091,-0.02
244.252,1787814713395,-8.1120,-2.8764,3.9092,-0.02
244.352,1787814713496,-8.1119,-2.9287,3.9092,-0.02
244.452,1787814713596,-8.1118,-2.9673,3.9092,-0.01
244.552,1787814713696,-8.1116,-3.0339,3.9093,-0.01
244.652,1787814713796,-8.1115,-3.0974,3.9093,-0.01
244.752,1787814713896,-8.1114,-3.1507,3.9094,-0.01
244.852,1787814713996,-8.1112,-3.2078,3.9094,-0.01
244.953,1787814714096,-8.1111,-3.2864,3.9095,-0.01
245.053,1787814714196,-8.1109,-3.3510,3.9095,-0.01
245.153,1787814714296,-8.1108,-3.3870,3.9095,-0.01
245.253,1787814714397,-8.1107,-3.4553,3.9095,-0.00
245.353,1787814714497,-8.1106,-3.5164,3.9095,-0.00
245.453,1787814714597,-8.1105,-3.5632,3.9095,-0.00
245.554,1787814714697,-8.1104,-3.6316,3.9096,-0.00
245.654,1787814714798,-8.1103,-3.6930,3.9096,-0.01
245.754,1787814714898,-8.1102,-3.7509,3.9096,-0.01
245.854,1787814714998,-8.1101,-3.8199,3.9096,-0.01
245.954,1787814715098,-8.1100,-3.8778,3.9096,-0.01
246.054,1787814715198,-8.1098,-3.9394,3.9096,-0.01
246.154,1787814715298,-8.1097,-4.0082,3.9096,-0.01
246.255,1787814715398,-8.1096,-4.0516,3.9097,-0.01
246.355,1787814715498,-8.1094,-4.1203,3.9097,-0.01
246.455,1787814715599,-8.1093,-4.1744,3.9097,-0.01
246.555,1787814715699,-8.1091,-4.2284,3.9098,-0.01
246.655,1787814715799,-8.1090,-4.2932,3.9098,-0.01
246.755,1787814715899,-8.1088,-4.3618,3.9099,-0.01
246.855,1787814715999,-8.1086,-4.4196,3.9099,-0.01
246.955,1787814716099,-8.1084,-4.4809,3.9100,-0.01
247.056,1787814716199,-8.1082,-4.5494,3.9100,-0.01
247.156,1787814716299,-8.1080,-4.6068,3.9100,-0.01
247.256,1787814716399,-8.1079,-4.6604,3.9101,-0.01
247.357,1787814716500,-8.1077,-4.7247,3.9101,-0.01
247.457,1787814716600,-8.1075,-4.7816,3.9101,-0.01
247.557,1787814716701,-8.1074,-4.8242,3.9101,-0.01
247.657,1787814716801,-8.1072,-4.8916,3.9101,-0.01
247.757,1787814716901,-8.1070,-4.9519,3.9101,-0.01
247.857,1787814717001,-8.1068,-5.0160,3.9101,-0.01
247.958,1787814717101,-8.1067,-5.0696,3.9100,-0.01
248.058,1787814717201,-8.1065,-5.1375,3.9100,-0.01
248.158,1787814717302,-8.1064,-5.1766,3.9100,-0.01
248.258,1787814717402,-8.1063,-5.2368,3.9100,-0.01
248.358,1787814717502,-8.1062,-5.2720,3.9100,-0.01
248.458,1787814717602,-8.1061,-5.3354,3.9100,-0.01
248.558,1787814717702,-8.1059,-5.4026,3.9100,-0.01
248.659,1787814717803,-8.1059,-5.4631,3.9099,-0.01
248.759,1787814717903,-8.1058,-5.5133,3.9099,-0.00
248.859,1787814718003,-8.1057,-5.5672,3.9099,-0.00
248.959,1787814718103,-8.1056,-5.6247,3.9099,-0.00
249.060,1787814718203,-8.1056,-5.6895,3.9099,-0.01
249.160,1787814718303,-8.1055,-5.7326,3.9099,-0.01
249.260,1787814718403,-8.1054,-5.7939,3.9098,-0.01
249.360,1787814718503,-8.1054,-5.8519,3.9098,-0.01
249.460,1787814718604,-8.1053,-5.9065,3.9098,-0.01
249.560,1787814718704,-8.1052,-5.9758,3.9098,-0.01
249.660,1787814718804,-8.1052,-6.0270,3.9098,-0.01
249.760,1787814718904,-8.1051,-6.0820,3.9098,-0.01
249.861,1787814719004,-8.1050,-6.1518,3.9098,-0.01
249.961,1787814719105,-8.1050,-6.2034,3.9098,-0.01
250.061,1787814719205,-8.1049,-6.2589,3.9098,-0.01
250.161,1787814719305,-8.1049,-6.3254,3.9098,-0.01
250.261,1787814719405,-8.1048,-6.3847,3.9099,-0.00
250.361,1787814719505,-8.1047,-6.4477,3.9099,-0.00
250.461,1787814719605,-8.1047,-6.5181,3.9099,-0.00
250.562,1787814719705,-8.1046,-6.5775,3.9099,-0.00
250.662,1787814719805,-8.1046,-6.6294,3.9100,-0.00
250.762,1787814719906,-8.1046,-6.6923,3.9100,-0.00
250.862,1787814720006,-8.1045,-6.7551,3.9100,-0.00
250.962,1787814720106,-8.1045,-6.8067,3.9100,-0.00
251.062,1787814720206,-8.1045,-6.8729,3.9101,-0.00
251.163,1787814720306,-8.1044,-6.9353,3.9101,-0.00
251.263,1787814720406,-8.1044,-6.9904,3.9101,-0.00
251.363,1787814720506,-8.1043,-7.0565,3.9101,-0.00
251.463,1787814720607,-8.1043,-7.1041,3.9101,-0.00
251.563,1787814720707,-8.1042,-7.1591,3.9101,-0.00
251.663,1787814720807,-8.1041,-7.2103,3.9101,-0.00
251.763,1787814720907,-8.1041,-7.2651,3.9101,-0.01
251.863,1787814721007,-8.1040,-7.3308,3.9101,-0.01
251.963,1787814721107,-8.1039,-7.3673,3.9101,-0.01
252.063,1787814721207,-8.1039,-7.4220,3.9100,-0.01
252.164,1787814721307,-8.1038,-7.4804,3.9100,-0.01
252.264,1787814721407,-8.1037,-7.5353,3.9100,-0.01
252.364,1787814721507,-8.1036,-7.5867,3.9100,-0.01
252.464,1787814721608,-8.1036,-7.6422,3.9100,-0.01
252.564,1787814721708,-8.1035,-7.6979,3.9100,-0.01
252.665,1787814721808,-8.1033,-7.7538,3.9100,-0.01
252.765,1787814721908,-8.1032,-7.8100,3.9099,-0.01
252.865,1787814722008,-8.1032,-7.8626,3.9099,-0.00
252.965,1787814722109,-8.1030,-7.9192,3.9099,-0.00
253.065,1787814722209,-8.1029,-7.9722,3.9099,-0.00
253.165,1787814722309,-8.1028,-8.0178,3.9099,-0.00
253.265,1787814722409,-8.1027,-8.0756,3.9099,-0.00
253.365,1787814722509,-8.1026,-8.1342,3.9098,-0.00
253.465,1787814722609,-8.1025,-8.2054,3.9098,-0.00
253.566,1787814722709,-8.1023,-8.2684,3.9097,-0.00
253.666,1787814722810,-8.1023,-8.3113,3.9097,-0.00
253.766,1787814722910,-8.1021,-8.3838,3.9098,0.00
253.866,1787814723010,-8.1020,-8.4283,3.9098,0.00
253.967,1787814723110,-8.1019,-8.4859,3.9099,0.00
254.067,1787814723210,-8.1018,-8.5446,3.9100,0.00
254.167,1787814723310,-8.1017,-8.5974,3.9100,0.00
254.267,1787814723411,-8.1016,-8.6507,3.9101,0.00
254.367,1787814723511,-8.1014,-8.7066,3.9102,0.00
254.467,1787814723611,-8.1014,-8.7424,3.9103,0.00
254.567,1787814723711,-8.1013,-8.7888,3.9103,0.00
254.667,1787814723811,-8.1012,-8.8245,3.9103,0.00
254.768,1787814723911,-8.1011,-8.8618,3.9103,0.01
254.868,1787814724011,-8.1011,-8.8974,3.9102,0.00
254.968,1787814724112,-8.1011,-8.9224,3.9101,0.00
255.068,1787814724212,-8.1011,-8.9483,3.9100,0.00
255.168,1787814724312,-8.1011,-8.9752,3.9098,0.00
255.268,1787814724412,-8.1011,-8.9902,3.9097,0.00
255.368,1787814724512,-8.1011,-9.0088,3.9095,0.00
255.468,1787814724612,-8.1012,-9.0246,3.9093,0.00
255.569,1787814724712,-8.1012,-9.0362,3.9091,0.01
255.669,1787814724812,-8.1011,-9.0476,3.9090,0.01
255.769,1787814724912,-8.1012,-9.0556,3.9088,0.01
255.869,1787814725013,-8.1012,-9.0613,3.9087,0.01
255.969,1787814725113,-8.1012,-9.0665,3.9085,0.01
256.069,1787814725213,-8.1013,-9.0692,3.9084,0.01
256.169,1787814725313,-8.1014,-9.0701,3.9084,0.01
256.269,1787814725413,-8.1015,-9.0698,3.9083,0.01
256.370,1787814725513,-8.1016,-9.0685,3.9083,0.01
256.470,1787814725614,-8.1017,-9.0655,3.9082,0.02
256.570,1787814725714,-8.1018,-9.0622,3.9082,0.02
256.670,1787814725814,-8.1019,-9.0580,3.9082,0.02
256.770,1787814725914,-8.1020,-9.0535,3.9083,0.02
256.870,1787814726014,-8.1021,-9.0486,3.9083,0.02
256.970,1787814726114,-8.1021,-9.0428,3.9084,0.02
257.071,1787814726215,-8.1022,-9.0370,3.9084,0.02
257.171,1787814726315,-8.1022,-9.0329,3.9085,0.02
257.271,1787814726415,-8.1023,-9.0256,3.9086,0.02
257.371,1787814726515,-8.1023,-9.0214,3.9086,0.02
257.471,1787814726615,-8.1024,-9.0146,3.9087,0.02
257.572,1787814726715,-8.1024,-9.0086,3.9087,0.02
257.672,1787814726815,-8.1024,-9.0030,3.9088,0.02
257.772,1787814726915,-8.1023,-8.9981,3.9088,0.02
257.872,1787814727016,-8.1023,-8.9925,3.9089,0.03
257.972,1787814727116,-8.1023,-8.9886,3.9089,0.03
258.072,1787814727216,-8.1022,-8.9842,3.9090,0.03
258.172,1787814727316,-8.1022,-8.9796,3.9090,0.03
258.272,1787814727416,-8.1021,-8.9757,3.9091,0.03
258.372,1787814727516,-8.1021,-8.9730,3.9091,0.03
258.472,1787814727616,-8.1020,-8.9695,3.9092,0.03
258.573,1787814727716,-8.1018,-8.9669,3.9092,0.03
258.673,1787814727816,-8.1017,-8.9651,3.9092,0.03
258.773,1787814727916,-8.1016,-8.9623,3.9093,0.02
258.873,1787814728017,-8.1014,-8.9606,3.9093,0.02
258.973,1787814728117,-8.1013,-8.9587,3.9093,0.02
259.073,1787814728217,-8.1010,-8.9570,3.9093,0.02
259.173,1787814728317,-8.1008,-8.9558,3.9093,0.02
259.273,1787814728417,-8.1007,-8.9547,3.9093,0.02
259.374,1787814728517,-8.1005,-8.9538,3.9093,0.02
259.474,1787814728617,-8.1003,-8.9533,3.9093,0.02
259.574,1787814728717,-8.1001,-8.9526,3.9093,0.02
259.674,1787814728818,-8.0999,-8.9522,3.9093,0.02
259.774,1787814728918,-8.0998,-8.9520,3.9093,0.02
259.874,1787814729018,-8.0996,-8.9519,3.9092,0.02
259.974,1787814729118,-8.0995,-8.9519,3.9092,0.02
260.074,1787814729218,-8.0994,-8.9519,3.9092,0.02
260.175,1787814729318,-8.0993,-8.9521,3.9091,0.02
260.275,1787814729418,-8.0992,-8.9522,3.9091,0.02
260.375,1787814729518,-8.0991,-8.9525,3.9090,0.02
260.475,1787814729619,-8.0990,-8.9529,3.9090,0.02
260.575,1787814729719,-8.0989,-8.9533,3.9089,0.02
260.675,1787814729819,-8.0989,-8.9538,3.9089,0.02
260.775,1787814729919,-8.0988,-8.9543,3.9089,0.02
260.875,1787814730019,-8.0988,-8.9548,3.9089,0.02
260.975,1787814730119,-8.0988,-8.9553,3.9089,0.02
261.075,1787814730219,-8.0988,-8.9559,3.9089,0.02
261.176,1787814730319,-8.0987,-8.9565,3.9089,0.02
261.276,1787814730419,-8.0988,-8.9572,3.9089,0.01
261.376,1787814730520,-8.0988,-8.9579,3.9090,0.01
261.476,1787814730620,-8.0988,-8.9585,3.9090,0.01
261.576,1787814730720,-8.0989,-8.9590,3.9090,0.02
261.676,1787814730820,-8.0989,-8.9596,3.9090,0.02
261.776,1787814730920,-8.0990,-8.9602,3.9091,0.02
261.876,1787814731020,-8.0991,-8.9606,3.9091,0.02
261.976,1787814731120,-8.0991,-8.9612,3.9091,0.01
262.077,1787814731220,-8.0992,-8.9617,3.9091,0.01
262.177,1787814731320,-8.0992,-8.9622,3.9092,0.01
262.277,1787814731420,-8.0993,-8.9629,3.9092,0.01
262.377,1787814731521,-8.0994,-8.9633,3.9092,0.01
262.477,1787814731621,-8.0994,-8.9638,3.9093,0.01
262.577,1787814731721,-8.0995,-8.9643,3.9093,0.01
262.677,1787814731821,-8.0996,-8.9648,3.9093,0.01
262.778,1787814731921,-8.0997,-8.9653,3.9093,0.01
262.878,1787814732022,-8.0998,-8.9660,3.9094,0.01
262.979,1787814732122,-8.0998,-8.9664,3.9094,0.01
263.079,1787814732222,-8.0999,-8.9671,3.9094,0.01
263.179,1787814732322,-8.1000,-8.9676,3.9094,0.01
263.279,1787814732423,-8.1001,-8.9682,3.9095,0.01
263.379,1787814732523,-8.1002,-8.9687,3.9095,0.01
263.479,1787814732623,-8.1004,-8.9693,3.9095,0.01
263.579,1787814732723,-8.1005,-8.9698,3.9095,0.01
263.679,1787814732823,-8.1006,-8.9703,3.9095,0.01
263.779,1787814732923,-8.1007,-8.9707,3.9095,0.01
263.880,1787814733023,-8.1009,-8.9712,3.9095,0.01
263.980,1787814733123,-8.1010,-8.9716,3.9095,0.01
264.080,1787814733224,-8.1011,-8.9721,3.9095,0.01
264.180,1787814733324,-8.1013,-8.9732,3.9088,0.01
264.280,1787814733424,-8.1014,-8.9737,3.9080,0.01
264.380,1787814733524,-8.1015,-8.9741,3.9063,0.02
264.480,1787814733624,-8.1016,-8.9741,3.9032,0.02
264.580,1787814733724,-8.1017,-8.9738,3.8995,0.02
264.680,1787814733824,-8.1018,-8.9733,3.8946,0.02
264.781,1787814733924,-8.1020,-8.9726,3.8885,0.02
264.881,1787814734024,-8.1020,-8.9720,3.8830,0.02
264.981,1787814734125,-8.1021,-8.9712,3.8760,0.02
265.081,1787814734225,-8.1022,-8.9705,3.8693,0.02
265.181,1787814734325,-8.1022,-8.9694,3.8590,0.02
265.281,1787814734425,-8.1023,-8.9687,3.8517,0.02
265.381,1787814734525,-8.1023,-8.9676,3.8412,0.02
265.481,1787814734625,-8.1022,-8.9666,3.8301,0.01
265.582,1787814734725,-8.1022,-8.9658,3.8216,0.01
265.682,1787814734825,-8.1022,-8.9648,3.8103,0.01
265.782,1787814734926,-8.1021,-8.9640,3.7992,0.01
265.882,1787814735026,-8.1021,-8.9634,3.7911,0.01
265.982,1787814735126,-8.1020,-8.9626,3.7781,0.01
266.084,1787814735228,-8.1020,-8.9622,3.7718,0.01
266.184,1787814735328,-8.1019,-8.9615,3.7596,0.02
266.284,1787814735428,-8.1018,-8.9609,3.7462,0.02
266.384,1787814735528,-8.1017,-8.9605,3.7364,0.02
266.484,1787814735628,-8.1017,-8.9600,3.7233,0.02
266.585,1787814735728,-8.1016,-8.9596,3.7116,0.02
266.685,1787814735828,-8.1015,-8.9593,3.6988,0.02
266.785,1787814735929,-8.1013,-8.9590,3.6835,0.02
266.885,1787814736029,-8.1012,-8.9587,3.6672,0.02
266.985,1787814736129,-8.1010,-8.9587,3.6541,0.02
267.085,1787814736229,-8.1009,-8.9586,3.6401,0.01
267.185,1787814736329,-8.1007,-8.9587,3.6261,0.01
267.285,1787814736429,-8.1006,-8.9587,3.6187,0.01
267.386,1787814736530,-8.1004,-8.9589,3.6005,0.01
267.487,1787814736630,-8.1003,-8.9591,3.5871,0.01
267.587,1787814736730,-8.1001,-8.9594,3.5753,0.01
267.689,1787814736833,-8.1000,-8.9597,3.5602,0.02
267.790,1787814736933,-8.0998,-8.9601,3.5441,0.02
267.890,1787814737033,-8.0997,-8.9604,3.5348,0.02
267.990,1787814737133,-8.0995,-8.9609,3.5187,0.02
268.090,1787814737234,-8.0993,-8.9613,3.5051,0.02
268.191,1787814737335,-8.0991,-8.9619,3.4898,0.02
268.292,1787814737435,-8.0989,-8.9624,3.4752,0.02
268.392,1787814737535,-8.0988,-8.9630,3.4623,0.02
268.492,1787814737636,-8.0986,-8.9635,3.4469,0.02
268.592,1787814737736,-8.0983,-8.9641,3.4307,0.02
268.692,1787814737836,-8.0982,-8.9647,3.4170,0.02
268.792,1787814737936,-8.0980,-8.9651,3.4059,0.02
268.892,1787814738036,-8.0978,-8.9657,3.3896,0.02
268.992,1787814738136,-8.0977,-8.9661,3.3793,0.02
269.093,1787814738236,-8.0975,-8.9668,3.3628,0.02
269.193,1787814738336,-8.0973,-8.9672,3.3507,0.02
269.293,1787814738437,-8.0971,-8.9679,3.3342,0.02
269.393,1787814738537,-8.0969,-8.9684,3.3194,0.02
269.493,1787814738637,-8.0967,-8.9690,3.3038,0.02
269.593,1787814738737,-8.0966,-8.9695,3.2907,0.02
269.693,1787814738837,-8.0963,-8.9702,3.2725,0.02
269.793,1787814738937,-8.0962,-8.9708,3.2587,0.02
269.893,1787814739037,-8.0960,-8.9713,3.2458,0.02
269.994,1787814739137,-8.0958,-8.9719,3.2295,0.02
270.094,1787814739237,-8.0957,-8.9725,3.2149,0.02
270.194,1787814739337,-8.0955,-8.9729,3.2046,0.02
270.294,1787814739438,-8.0954,-8.9735,3.1899,0.02
270.394,1787814739538,-8.0953,-8.9740,3.1777,0.02
270.494,1787814739638,-8.0951,-8.9746,3.1611,0.02
270.594,1787814739738,-8.0950,-8.9750,3.1488,0.02
270.694,1787814739838,-8.0948,-8.9757,3.1312,0.02
270.795,1787814739938,-8.0947,-8.9759,3.1224,0.02
270.895,1787814740038,-8.0946,-8.9764,3.1064,0.02
270.995,1787814740139,-8.0945,-8.9769,3.0930,0.03
271.095,1787814740239,-8.0943,-8.9773,3.0778,0.03
271.195,1787814740339,-8.0942,-8.9778,3.0608,0.03
271.295,1787814740439,-8.0941,-8.9782,3.0456,0.03
271.395,1787814740539,-8.0940,-8.9786,3.0313,0.03
271.495,1787814740639,-8.0939,-8.9790,3.0152,0.02
271.595,1787814740739,-8.0938,-8.9793,3.0018,0.02
271.696,1787814740839,-8.0937,-8.9796,2.9894,0.02
271.796,1787814740939,-8.0936,-8.9799,2.9735,0.02
271.896,1787814741039,-8.0935,-8.9802,2.9593,0.02
271.996,1787814741140,-8.0934,-8.9806,2.9433,0.02
272.096,1787814741240,-8.0934,-8.9809,2.9282,0.03
272.196,1787814741340,-8.0933,-8.9812,2.9123,0.03
272.296,1787814741440,-8.0933,-8.9815,2.8973,0.03
272.397,1787814741540,-8.0932,-8.9818,2.8824,0.03
272.497,1787814741640,-8.0932,-8.9820,2.8675,0.03
272.597,1787814741740,-8.0931,-8.9823,2.8553,0.03
272.697,1787814741841,-8.0931,-8.9826,2.8395,0.03
272.797,1787814741941,-8.0931,-8.9828,2.8299,0.03
272.897,1787814742041,-8.0930,-8.9831,2.8131,0.03
272.997,1787814742141,-8.0930,-8.9834,2.7972,0.03
273.097,1787814742241,-8.0930,-8.9835,2.7875,0.03
273.197,1787814742341,-8.0930,-8.9838,2.7723,0.03
273.298,1787814742441,-8.0930,-8.9841,2.7598,0.03
273.398,1787814742541,-8.0930,-8.9843,2.7445,0.03
273.498,1787814742641,-8.0930,-8.9846,2.7291,0.03
273.598,1787814742742,-8.0930,-8.9848,2.7137,0.03
273.698,1787814742842,-8.0930,-8.9850,2.7000,0.03
273.798,1787814742942,-8.0929,-8.9852,2.6864,0.03
273.899,1787814743042,-8.0929,-8.9854,2.6719,0.03
273.999,1787814743142,-8.0929,-8.9856,2.6582,0.03
274.099,1787814743243,-8.0928,-8.9858,2.6382,0.03
274.199,1787814743343,-8.0927,-8.9860,2.6246,0.03
274.299,1787814743443,-8.0927,-8.9862,2.6066,0.03
274.399,1787814743543,-8.0926,-8.9864,2.5922,0.03
274.500,1787814743643,-8.0925,-8.9866,2.5761,0.03
274.600,1787814743743,-8.0924,-8.9867,2.5654,0.03
274.700,1787814743843,-8.0923,-8.9868,2.5493,0.03
274.800,1787814743944,-8.0923,-8.9870,2.5342,0.03
274.900,1787814744044,-8.0922,-8.9872,2.5182,0.03
275.000,1787814744144,-8.0921,-8.9873,2.5058,0.03
275.100,1787814744244,-8.0921,-8.9875,2.4898,0.03
275.200,1787814744344,-8.0921,-8.9877,2.4747,0.03
275.300,1787814744444,-8.0920,-8.9878,2.4604,0.03
275.401,1787814744544,-8.0919,-8.9880,2.4454,0.03
275.501,1787814744644,-8.0919,-8.9882,2.4339,0.03
275.601,1787814744745,-8.0918,-8.9884,2.4198,0.03
275.701,1787814744845,-8.0917,-8.9885,2.4075,0.03
275.801,1787814744945,-8.0916,-8.9888,2.3930,0.02
275.901,1787814745045,-8.0915,-8.9890,2.3809,0.02
276.001,1787814745145,-8.0914,-8.9892,2.3679,0.02
276.101,1787814745245,-8.0913,-8.9894,2.3571,0.02
276.202,1787814745346,-8.0912,-8.9897,2.3432,0.02
276.302,1787814745446,-8.0912,-8.9899,2.3336,0.02
276.402,1787814745546,-8.0911,-8.9902,2.3236,0.02
276.502,1787814745646,-8.0911,-8.9904,2.3159,0.02
276.603,1787814745746,-8.0910,-8.9906,2.3080,0.02
276.703,1787814745846,-8.0910,-8.9909,2.3007,0.02
276.803,1787814745946,-8.0910,-8.9910,2.2956,0.02
276.903,1787814746047,-8.0910,-8.9913,2.2887,0.02
277.003,1787814746147,-8.0911,-8.9916,2.2825,0.02
277.103,1787814746247,-8.0911,-8.9920,2.2783,0.02
277.203,1787814746347,-8.0911,-8.9932,2.2755,0.02
277.303,1787814746447,-8.0911,-8.9950,2.2745,0.02
277.403,1787814746547,-8.0911,-8.9965,2.2748,0.02
277.504,1787814746647,-8.0911,-8.9971,2.2755,0.02
277.604,1787814746747,-8.0912,-8.9967,2.2767,0.02
277.704,1787814746848,-8.0912,-8.9949,2.2780,0.02
277.804,1787814746948,-8.0913,-8.9902,2.2796,0.02
277.904,1787814747048,-8.0914,-8.9825,2.2812,0.02
278.004,1787814747148,-8.0914,-8.9745,2.2824,0.02
278.104,1787814747248,-8.0915,-8.9622,2.2838,0.02
278.205,1787814747348,-8.0916,-8.9461,2.2851,0.03
278.305,1787814747448,-8.0917,-8.9290,2.2861,0.03
278.405,1787814747548,-8.0918,-8.9063,2.2871,0.03
278.507,1787814747650,-8.0919,-8.8783,2.2879,0.03
278.607,1787814747750,-8.0920,-8.8550,2.2884,0.03
278.707,1787814747850,-8.0921,-8.8240,2.2888,0.03
278.807,1787814747951,-8.0922,-8.7921,2.2890,0.03
278.907,1787814748051,-8.0922,-8.7620,2.2892,0.03
279.007,1787814748151,-8.0923,-8.7203,2.2892,0.03
279.107,1787814748251,-8.0924,-8.6753,2.2891,0.03
279.207,1787814748351,-8.0925,-8.6327,2.2889,0.03
279.307,1787814748451,-8.0926,-8.5820,2.2886,0.03
279.408,1787814748551,-8.0927,-8.5255,2.2882,0.03
279.508,1787814748651,-8.0927,-8.4759,2.2878,0.03
279.608,1787814748751,-8.0928,-8.4246,2.2873,0.03
279.708,1787814748852,-8.0929,-8.3651,2.2868,0.03
279.808,1787814748952,-8.0929,-8.3108,2.2863,0.03
279.908,1787814749052,-8.0929,-8.2518,2.2858,0.03
280.008,1787814749152,-8.0929,-8.1987,2.2853,0.03
280.108,1787814749252,-8.0930,-8.1412,2.2848,0.03
280.208,1787814749352,-8.0929,-8.0830,2.2843,0.03
280.309,1787814749452,-8.0929,-8.0165,2.2838,0.03
280.409,1787814749552,-8.0928,-7.9528,2.2832,0.03
280.509,1787814749652,-8.0928,-7.8922,2.2828,0.03
280.609,1787814749753,-8.0927,-7.8349,2.2823,0.03
280.709,1787814749853,-8.0926,-7.7698,2.2819,0.03
280.809,1787814749953,-8.0924,-7.7044,2.2814,0.03
280.909,1787814750053,-8.0923,-7.6273,2.2809,0.02
281.009,1787814750153,-8.0922,-7.5809,2.2805,0.02
281.109,1787814750253,-8.0920,-7.5190,2.2801,0.02
281.211,1787814750355,-8.0918,-7.4341,2.2796,0.02
281.311,1787814750455,-8.0917,-7.3878,2.2793,0.02
281.411,1787814750555,-8.0915,-7.3224,2.2788,0.02
281.511,1787814750655,-8.0913,-7.2535,2.2784,0.02
281.611,1787814750755,-8.0911,-7.1962,2.2781,0.01
281.712,1787814750855,-8.0910,-7.1430,2.2777,0.01
281.812,1787814750955,-8.0908,-7.0747,2.2773,0.01
281.912,1787814751056,-8.0907,-7.0255,2.2770,0.01
282.012,1787814751156,-8.0905,-6.9614,2.2767,0.01
282.112,1787814751256,-8.0903,-6.9087,2.2764,0.01
282.213,1787814751357,-8.0901,-6.8485,2.2760,0.01
282.313,1787814751457,-8.0900,-6.7886,2.2757,0.01
282.413,1787814751557,-8.0898,-6.7175,2.2752,0.01
282.513,1787814751657,-8.0897,-6.6652,2.2749,0.01
282.614,1787814751757,-8.0895,-6.5941,2.2745,0.01
282.714,1787814751857,-8.0894,-6.5379,2.2741,0.01
282.814,1787814751957,-8.0893,-6.4781,2.2738,0.01
282.914,1787814752058,-8.0892,-6.4297,2.2735,0.01
283.014,1787814752158,-8.0891,-6.3852,2.2732,0.01
283.114,1787814752258,-8.0890,-6.3152,2.2728,0.01
283.214,1787814752358,-8.0889,-6.2637,2.2725,0.01
283.314,1787814752458,-8.0888,-6.2082,2.2722,0.01
283.414,1787814752558,-8.0888,-6.1490,2.2719,0.01
283.515,1787814752658,-8.0887,-6.0860,2.2716,0.01
283.615,1787814752758,-8.0887,-6.0267,2.2713,0.01
283.715,1787814752858,-8.0887,-5.9710,2.2710,0.01
283.815,1787814752959,-8.0886,-5.9114,2.2707,0.01
283.915,1787814753059,-8.0886,-5.8443,2.2703,0.01
284.016,1787814753160,-8.0886,-5.7995,2.2701,0.01
284.116,1787814753260,-8.0886,-5.7362,2.2698,0.01
284.216,1787814753360,-8.0886,-5.6765,2.2694,0.00
284.316,1787814753460,-8.0886,-5.6167,2.2691,0.00
284.417,1787814753560,-8.0886,-5.5567,2.2688,0.00
284.517,1787814753660,-8.0885,-5.5005,2.2685,0.00
284.617,1787814753760,-8.0885,-5.4368,2.2682,0.00
284.717,1787814753860,-8.0885,-5.3654,2.2679,0.00
284.817,1787814753961,-8.0885,-5.3051,2.2675,0.00
284.917,1787814754061,-8.0884,-5.2637,2.2673,0.00
285.017,1787814754161,-8.0884,-5.1922,2.2670,0.00
285.117,1787814754261,-8.0884,-5.1509,2.2668,0.00
285.217,1787814754361,-8.0883,-5.0723,2.2664,0.00
285.317,1787814754461,-8.0881,-4.9975,2.2661,0.00
285.418,1787814754561,-8.0881,-4.9451,2.2658,0.00
285.518,1787814754661,-8.0880,-4.8852,2.2656,0.00
285.618,1787814754762,-8.0878,-4.8217,2.2653,0.00
285.718,1787814754862,-8.0878,-4.7920,2.2652,0.00
285.818,1787814754962,-8.0876,-4.7290,2.2649,0.00
285.918,1787814755062,-8.0875,-4.6921,2.2648,0.00
286.019,1787814755162,-8.0873,-4.6259,2.2645,0.00
286.119,1787814755262,-8.0871,-4.5595,2.2643,0.00
286.219,1787814755362,-8.0870,-4.5223,2.2641,0.00
286.319,1787814755463,-8.0868,-4.4554,2.2638,0.00
286.419,1787814755563,-8.0866,-4.3920,2.2636,-0.00
286.519,1787814755663,-8.0864,-4.3324,2.2633,-0.00
286.619,1787814755763,-8.0862,-4.2763,2.2631,-0.00
286.719,1787814755863,-8.0860,-4.2127,2.2628,-0.00
286.820,1787814755963,-8.0858,-4.1490,2.2625,-0.00
286.920,1787814756063,-8.0856,-4.1041,2.2623,-0.00
287.020,1787814756163,-8.0855,-4.0518,2.2621,-0.00
287.120,1787814756264,-8.0853,-4.0033,2.2619,-0.00
287.220,1787814756364,-8.0851,-3.9400,2.2616,-0.00
287.320,1787814756464,-8.0850,-3.8805,2.2613,-0.00
287.420,1787814756564,-8.0848,-3.8168,2.2610,-0.00
287.520,1787814756664,-8.0847,-3.7753,2.2608,-0.00
287.620,1787814756764,-8.0845,-3.7037,2.2605,-0.00
287.721,1787814756864,-8.0844,-3.6509,2.2603,-0.00
287.821,1787814756964,-8.0843,-3.5906,2.2601,-0.01
287.921,1787814757064,-8.0842,-3.5300,2.2598,-0.01
288.021,1787814757165,-8.0841,-3.4729,2.2596,-0.01
288.123,1787814757267,-8.0840,-3.4118,2.2593,-0.01
288.223,1787814757367,-8.0839,-3.3736,2.2591,-0.01
288.323,1787814757467,-8.0838,-3.3127,2.2589,-0.00
288.424,1787814757567,-8.0837,-3.2671,2.2587,-0.00
288.524,1787814757667,-8.0837,-3.2178,2.2585,-0.00
288.624,1787814757768,-8.0836,-3.1722,2.2583,-0.00
288.724,1787814757868,-8.0835,-3.1151,2.2581,-0.00
288.824,1787814757968,-8.0834,-3.0540,2.2579,-0.00
288.924,1787814758068,-8.0834,-3.0001,2.2577,-0.00
289.025,1787814758169,-8.0833,-2.9341,2.2574,-0.00
289.125,1787814758269,-8.0832,-2.8794,2.2572,-0.00
289.225,1787814758369,-8.0831,-2.8322,2.2569,-0.00
289.325,1787814758469,-8.0831,-2.7812,2.2567,-0.00
289.426,1787814758569,-8.0830,-2.7184,2.2564,-0.00
289.526,1787814758669,-8.0830,-2.6592,2.2562,-0.00
289.626,1787814758769,-8.0829,-2.5957,2.2559,-0.00
289.726,1787814758870,-8.0829,-2.5399,2.2557,-0.00
289.826,1787814758970,-8.0828,-2.4839,2.2554,-0.00
289.926,1787814759070,-8.0828,-2.4318,2.2552,-0.00
290.026,1787814759170,-8.0828,-2.3876,2.2550,-0.00
290.126,1787814759270,-8.0828,-2.3393,2.2548,-0.00
290.227,1787814759370,-8.0827,-2.2910,2.2546,-0.00
290.327,1787814759470,-8.0827,-2.2305,2.2544,-0.00
290.427,1787814759571,-8.0827,-2.1778,2.2542,-0.00
290.527,1787814759671,-8.0827,-2.1208,2.2540,-0.00
290.627,1787814759771,-8.0827,-2.0592,2.2538,-0.00
290.727,1787814759871,-8.0827,-1.9847,2.2535,-0.00
290.827,1787814759971,-8.0826,-1.9179,2.2533,-0.00
290.927,1787814760071,-8.0826,-1.8508,2.2530,-0.00
291.027,1787814760171,-8.0826,-1.7877,2.2528,-0.00
291.128,1787814760271,-8.0825,-1.7119,2.2525,-0.00
291.228,1787814760371,-8.0825,-1.6487,2.2522,-0.00
291.328,1787814760471,-8.0825,-1.5941,2.2520,-0.01
291.428,1787814760572,-8.0825,-1.5311,2.2518,-0.01
291.528,1787814760672,-8.0825,-1.4726,2.2516,-0.01
291.628,1787814760772,-8.0825,-1.3977,2.2513,-0.01
291.728,1787814760872,-8.0825,-1.3396,2.2511,-0.01
291.828,1787814760972,-8.0824,-1.2858,2.2509,-0.01
291.929,1787814761072,-8.0824,-1.2156,2.2506,-0.01
292.029,1787814761172,-8.0824,-1.1580,2.2503,-0.01
292.129,1787814761272,-8.0824,-1.0600,2.2499,-0.01
292.229,1787814761372,-8.0824,-0.9784,2.2495,-0.00
292.329,1787814761473,-8.0824,-0.8767,2.2491,-0.00
292.429,1787814761573,-8.0824,-0.7922,2.2487,-0.00
292.529,1787814761673,-8.0824,-0.7247,2.2484,-0.00
292.629,1787814761773,-8.0824,-0.6584,2.2481,-0.00
292.729,1787814761873,-8.0823,-0.5665,2.2477,-0.00
292.829,1787814761973,-8.0823,-0.4838,2.2474,-0.00
292.930,1787814762073,-8.0822,-0.3954,2.2470,-0.00
293.030,1787814762173,-8.0821,-0.3198,2.2466,-0.00
293.130,1787814762273,-8.0821,-0.2565,2.2463,-0.00
293.230,1787814762374,-8.0820,-0.1913,2.2460,0.00
293.331,1787814762474,-8.0820,-0.1175,2.2457,0.00
293.431,1787814762574,-8.0819,-0.0519,2.2454,-0.00
293.531,1787814762674,-8.0818,0.0188,2.2451,-0.00
293.631,1787814762775,-8.0818,0.0819,2.2447,-0.00
293.731,1787814762875,-8.0817,0.1469,2.2444,-0.00
293.831,1787814762975,-8.0816,0.2080,2.2441,-0.00
293.931,1787814763075,-8.0815,0.2679,2.2438,-0.01
294.031,1787814763175,-8.0814,0.3326,2.2434,-0.01
294.131,1787814763275,-8.0813,0.3961,2.2431,-0.01
294.232,1787814763375,-8.0812,0.4476,2.2428,-0.01
294.332,1787814763475,-8.0811,0.4987,2.2425,-0.01
294.432,1787814763575,-8.0810,0.5605,2.2422,-0.01
294.532,1787814763676,-8.0808,0.6301,2.2418,-0.01
294.633,1787814763776,-8.0808,0.6913,2.2416,-0.01
294.733,1787814763876,-8.0807,0.7495,2.2413,-0.01
294.833,1787814763976,-8.0806,0.8047,2.2411,-0.01
294.933,1787814764077,-8.0805,0.8734,2.2408,-0.01
295.033,1787814764177,-8.0804,0.9364,2.2406,-0.01
295.133,1787814764277,-8.0804,0.9802,2.2404,-0.01
295.233,1787814764377,-8.0803,1.0454,2.2402,-0.00
295.333,1787814764477,-8.0803,1.1051,2.2400,-0.00
295.433,1787814764577,-8.0803,1.1647,2.2398,-0.00
295.534,1787814764677,-8.0803,1.2325,2.2396,-0.00
295.634,1787814764777,-8.0803,1.2949,2.2394,-0.00
295.734,1787814764877,-8.0803,1.3518,2.2392,-0.00
295.834,1787814764978,-8.0803,1.4057,2.2391,-0.00
295.934,1787814765078,-8.0803,1.4780,2.2389,-0.00
296.034,1787814765178,-8.0803,1.5369,2.2387,-0.00
296.134,1787814765278,-8.0803,1.5958,2.2386,-0.00
296.234,1787814765378,-8.0803,1.6544,2.2384,-0.00
296.335,1787814765478,-8.0802,1.7127,2.2383,-0.00
296.435,1787814765578,-8.0802,1.7708,2.2381,-0.00
296.535,1787814765678,-8.0801,1.8313,2.2380,-0.00
296.635,1787814765779,-8.0800,1.8917,2.2378,-0.00
296.735,1787814765879,-8.0799,1.9468,2.2376,-0.00
296.835,1787814765979,-8.0797,2.0150,2.2374,0.00
296.935,1787814766079,-8.0796,2.0752,2.2372,0.00
297.035,1787814766179,-8.0794,2.1302,2.2370,0.00
297.135,1787814766279,-8.0793,2.1773,2.2368,0.00
297.236,1787814766379,-8.0792,2.2321,2.2366,0.00
297.336,1787814766479,-8.0790,2.2895,2.2364,0.01
297.436,1787814766579,-8.0789,2.3468,2.2362,0.01
297.536,1787814766680,-8.0788,2.4017,2.2359,0.01
297.636,1787814766780,-8.0787,2.4646,2.2357,0.01
297.736,1787814766880,-8.0786,2.5171,2.2355,0.01
297.836,1787814766980,-8.0785,2.5722,2.2352,0.01
297.936,1787814767080,-8.0784,2.6409,2.2349,0.01
298.036,1787814767180,-8.0784,2.6994,2.2347,0.01
298.136,1787814767280,-8.0783,2.7528,2.2344,0.01
298.237,1787814767380,-8.0783,2.8143,2.2342,0.01
298.337,1787814767481,-8.0782,2.8812,2.2339,0.01
298.437,1787814767581,-8.0782,2.9426,2.2336,0.01
298.538,1787814767681,-8.0781,3.0015,2.2334,0.01
298.638,1787814767781,-8.0781,3.0685,2.2331,0.01
298.738,1787814767882,-8.0781,3.1248,2.2328,0.01
298.838,1787814767982,-8.0781,3.1892,2.2325,0.01
298.938,1787814768082,-8.0781,3.2479,2.2322,0.01
299.038,1787814768182,-8.0781,3.3147,2.2319,0.01
299.138,1787814768282,-8.0781,3.3731,2.2316,0.01
299.238,1787814768382,-8.0782,3.4285,2.2314,0.01
299.339,1787814768483,-8.0782,3.4944,2.2312,0.01
299.439,1787814768583,-8.0782,3.5552,2.2310,0.01
299.539,1787814768683,-8.0783,3.6106,2.2308,0.01
299.639,1787814768783,-8.0783,3.6738,2.2305,0.01
299.739,1787814768883,-8.0783,3.7287,2.2303,0.01
299.839,1787814768983,-8.0783,3.7914,2.2301,0.01
299.939,1787814769083,-8.0783,3.8512,2.2298,0.01
300.040,1787814769183,-8.0783,3.9058,2.2296,0.01
300.140,1787814769283,-8.0783,3.9759,2.2294,0.01
300.240,1787814769383,-8.0783,4.0304,2.2291,0.01
300.340,1787814769484,-8.0782,4.0822,2.2290,0.01
300.440,1787814769584,-8.0782,4.1311,2.2288,0.01
300.540,1787814769684,-8.0782,4.1722,2.2286,0.01
300.640,1787814769784,-8.0781,4.2081,2.2285,0.01
300.740,1787814769884,-8.0781,4.2463,2.2284,0.01
300.840,1787814769984,-8.0780,4.2845,2.2283,0.00
300.941,1787814770084,-8.0780,4.3255,2.2282,0.00
301.041,1787814770184,-8.0779,4.3671,2.2281,0.00
301.141,1787814770284,-8.0779,4.4120,2.2280,-0.00
301.241,1787814770385,-8.0778,4.4497,2.2279,-0.00
301.341,1787814770485,-8.0777,4.4933,2.2278,-0.00
301.441,1787814770585,-8.0777,4.5322,2.2277,-0.00
301.541,1787814770685,-8.0776,4.5802,2.2276,-0.00
301.641,1787814770785,-8.0775,4.6292,2.2274,-0.00
301.741,1787814770885,-8.0775,4.6705,2.2273,-0.00
301.842,1787814770985,-8.0773,4.7216,2.2271,-0.00
301.942,1787814771085,-8.0773,4.7770,2.2269,-0.00
302.042,1787814771186,-8.0771,4.8528,2.2266,0.00
302.142,1787814771286,-8.0770,4.8980,2.2264,0.00
302.242,1787814771386,-8.0770,4.9438,2.2262,0.00
302.342,1787814771486,-8.0769,5.0166,2.2259,0.01
302.442,1787814771586,-8.0768,5.0703,2.2257,0.01
302.543,1787814771687,-8.0767,5.1350,2.2254,0.01
302.643,1787814771787,-8.0767,5.1935,2.2251,0.01
302.743,1787814771887,-8.0767,5.2386,2.2249,0.01
302.843,1787814771987,-8.0766,5.2910,2.2247,0.01
302.943,1787814772087,-8.0766,5.3751,2.2243,0.01
303.043,1787814772187,-8.0765,5.4387,2.2240,0.02
303.144,1787814772287,-8.0765,5.5027,2.2237,0.02
303.244,1787814772387,-8.0765,5.5632,2.2234,0.02
303.344,1787814772487,-8.0764,5.6167,2.2232,0.02
303.444,1787814772587,-8.0764,5.6985,2.2228,0.02
303.544,1787814772688,-8.0763,5.7624,2.2225,0.02
303.644,1787814772788,-8.0763,5.8085,2.2223,0.01
303.744,1787814772888,-8.0762,5.8686,2.2221,0.01
303.844,1787814772988,-8.0762,5.9322,2.2218,0.01
303.945,1787814773088,-8.0761,5.9991,2.2215,0.01
304.045,1787814773188,-8.0761,6.0588,2.2213,0.01
304.145,1787814773288,-8.0760,6.1219,2.2210,0.01
304.245,1787814773389,-8.0760,6.1603,2.2208,0.01
304.345,1787814773489,-8.0759,6.2298,2.2205,0.01
304.445,1787814773589,-8.0758,6.2852,2.2203,0.01
304.545,1787814773689,-8.0758,6.3197,2.2202,0.01
304.645,1787814773789,-8.0757,6.3815,2.2199,0.01
304.746,1787814773889,-8.0756,6.4365,2.2197,0.01
304.846,1787814773989,-8.0755,6.4987,2.2194,0.01
304.946,1787814774089,-8.0754,6.5750,2.2191,0.01
305.047,1787814774190,-8.0754,6.6274,2.2188,0.01
305.147,1787814774290,-8.0753,6.6972,2.2185,0.01
305.247,1787814774391,-8.0752,6.7426,2.2183,0.01
305.347,1787814774491,-8.0752,6.8019,2.2181,0.01
305.447,1787814774591,-8.0751,6.8577,2.2179,0.01
305.547,1787814774691,-8.0750,6.9241,2.2176,0.01
305.647,1787814774791,-8.0750,6.9835,2.2174,0.01
305.747,1787814774891,-8.0749,7.0359,2.2173,0.01
305.848,1787814774991,-8.0749,7.0954,2.2171,0.01
305.948,1787814775091,-8.0749,7.1515,2.2169,0.01
306.048,1787814775191,-8.0749,7.1936,2.2167,0.01
306.148,1787814775292,-8.0748,7.2392,2.2166,0.01
306.248,1787814775392,-8.0748,7.2916,2.2164,0.01
306.348,1787814775492,-8.0748,7.3439,2.2162,0.01
306.448,1787814775592,-8.0748,7.3859,2.2161,0.01
306.549,1787814775692,-8.0748,7.4316,2.2159,0.01
306.649,1787814775792,-8.0748,7.4845,2.2158,0.01
306.749,1787814775893,-8.0748,7.5413,2.2156,0.01
306.851,1787814775995,-8.0748,7.6025,2.2154,0.01
306.951,1787814776095,-8.0748,7.6534,2.2152,0.00
307.051,1787814776195,-8.0748,7.7009,2.2151,0.00
307.152,1787814776296,-8.0748,7.7486,2.2149,0.00
307.252,1787814776396,-8.0748,7.7891,2.2148,0.00
307.353,1787814776496,-8.0747,7.8370,2.2146,0.00
307.453,1787814776596,-8.0747,7.8888,2.2144,0.00
307.553,1787814776697,-8.0747,7.9449,2.2142,0.00
307.653,1787814776797,-8.0746,7.9942,2.2141,0.00
307.753,1787814776897,-8.0746,8.0640,2.2138,0.00
307.853,1787814776997,-8.0745,8.1155,2.2136,0.00
307.953,1787814777097,-8.0744,8.1757,2.2133,0.00
308.054,1787814777197,-8.0744,8.2358,2.2131,0.01
308.154,1787814777297,-8.0743,8.2915,2.2129,0.01
308.254,1787814777398,-8.0742,8.3501,2.2127,0.01
308.354,1787814777498,-8.0741,8.4224,2.2125,0.01
308.454,1787814777598,-8.0740,8.4990,2.2123,0.01
308.554,1787814777698,-8.0738,8.5719,2.2122,0.00
308.655,1787814777798,-8.0737,8.6181,2.2121,0.00
308.755,1787814777898,-8.0737,8.6592,2.2120,0.00
308.855,1787814777998,-8.0736,8.7129,2.2120,0.00
308.955,1787814778099,-8.0735,8.7522,2.2119,0.00
309.055,1787814778199,-8.0735,8.7917,2.2118,-0.00
309.155,1787814778299,-8.0734,8.8378,2.2116,-0.00
309.255,1787814778399,-8.0733,8.8754,2.2114,-0.00
309.355,1787814778499,-8.0733,8.9132,2.2112,-0.01
309.455,1787814778599,-8.0732,8.9399,2.2110,-0.01
309.556,1787814778699,-8.0732,8.9609,2.2108,-0.01
309.656,1787814778799,-8.0732,8.9785,2.2107,-0.01
309.756,1787814778899,-8.0732,8.9945,2.2105,-0.01
309.856,1787814779000,-8.0731,9.0157,2.2102,-0.01
309.956,1787814779100,-8.0731,9.0370,2.2099,-0.01
310.056,1787814779200,-8.0731,9.0490,2.2097,-0.01
310.156,1787814779300,-8.0730,9.0564,2.2095,-0.01
310.256,1787814779400,-8.0730,9.0644,2.2093,-0.01
310.356,1787814779500,-8.0730,9.0704,2.2091,-0.01
310.457,1787814779600,-8.0729,9.0755,2.2090,-0.01
310.557,1787814779700,-8.0729,9.0789,2.2088,-0.01
310.657,1787814779801,-8.0728,9.0815,2.2087,-0.01
310.757,1787814779901,-8.0728,9.0827,2.2086,-0.01
310.857,1787814780001,-8.0728,9.0832,2.2085,-0.00
310.957,1787814780101,-8.0728,9.0825,2.2084,-0.00
311.057,1787814780201,-8.0728,9.0811,2.2084,-0.00
311.158,1787814780301,-8.0728,9.0791,2.2083,-0.00
311.258,1787814780402,-8.0728,9.0763,2.2082,-0.00
311.358,1787814780502,-8.0727,9.0720,2.2082,-0.00
311.458,1787814780602,-8.0727,9.0678,2.2081,-0.00
311.558,1787814780702,-8.0727,9.0629,2.2081,-0.00
311.659,1787814780802,-8.0727,9.0569,2.2081,-0.00
311.759,1787814780903,-8.0727,9.0514,2.2080,-0.00
311.859,1787814781003,-8.0726,9.0452,2.2080,-0.00
311.959,1787814781103,-8.0726,9.0386,2.2080,-0.00
312.059,1787814781203,-8.0726,9.0346,2.2080,-0.00
312.159,1787814781303,-8.0726,9.0280,2.2080,-0.00
312.259,1787814781403,-8.0726,9.0212,2.2081,-0.00
312.360,1787814781503,-8.0726,9.0184,2.2081,-0.00
312.463,1787814781607,-8.0726,9.0120,2.2081,-0.00
312.563,1787814781707,-8.0726,9.0077,2.2082,-0.00
312.663,1787814781807,-8.0726,9.0020,2.2082,-0.00
312.763,1787814781907,-8.0726,8.9967,2.2083,-0.00
312.863,1787814782007,-8.0726,8.9922,2.2084,-0.00
312.964,1787814782107,-8.0727,8.9885,2.2084,-0.00
313.064,1787814782207,-8.0727,8.9849,2.2085,-0.00
313.164,1787814782307,-8.0728,8.9806,2.2086,-0.00
313.264,1787814782408,-8.0728,8.9768,2.2086,-0.00
313.364,1787814782508,-8.0729,8.9737,2.2087,-0.00
313.464,1787814782608,-8.0730,8.9711,2.2088,-0.01
313.564,1787814782708,-8.0730,8.9685,2.2089,-0.01
313.664,1787814782808,-8.0731,8.9659,2.2089,-0.01
313.764,1787814782908,-8.0731,8.9643,2.2090,-0.01
313.865,1787814783008,-8.0732,8.9624,2.2090,-0.01
313.965,1787814783108,-8.0733,8.9608,2.2091,-0.02
314.065,1787814783209,-8.0734,8.9597,2.2092,-0.02
314.165,1787814783309,-8.0735,8.9585,2.2092,-0.02
314.265,1787814783409,-8.0735,8.9576,2.2093,-0.02
314.365,1787814783509,-8.0736,8.9569,2.2093,-0.02
314.465,1787814783609,-8.0737,8.9563,2.2094,-0.01
314.565,1787814783709,-8.0737,8.9559,2.2094,-0.01
314.666,1787814783809,-8.0738,8.9556,2.2094,-0.01
314.766,1787814783909,-8.0739,8.9554,2.2095,-0.01
314.866,1787814784009,-8.0739,8.9554,2.2095,-0.01
314.966,1787814784110,-8.0740,8.9555,2.2095,-0.01
315.066,1787814784210,-8.0740,8.9557,2.2095,-0.01
315.166,1787814784310,-8.0740,8.9559,2.2095,-0.01
315.266,1787814784410,-8.0740,8.9562,2.2095,-0.01
315.366,1787814784510,-8.0741,8.9566,2.2095,-0.01
315.466,1787814784610,-8.0741,8.9569,2.2095,-0.01
315.567,1787814784710,-8.0741,8.9575,2.2096,-0.01
315.667,1787814784810,-8.0741,8.9580,2.2096,-0.01
315.767,1787814784911,-8.0741,8.9584,2.2096,-0.01
315.867,1787814785011,-8.0741,8.9586,2.2096,-0.01
315.967,1787814785111,-8.0741,8.9592,2.2096,-0.01
316.067,1787814785211,-8.0741,8.9596,2.2096,-0.01
316.167,1787814785311,-8.0741,8.9603,2.2095,-0.01
316.268,1787814785411,-8.0741,8.9610,2.2095,-0.01
316.368,1787814785511,-8.0741,8.9619,2.2095,-0.01
316.468,1787814785612,-8.0741,8.9629,2.2095,-0.01
316.568,1787814785712,-8.0741,8.9639,2.2095,-0.01
316.668,1787814785812,-8.0741,8.9649,2.2095,-0.01
316.768,1787814785912,-8.0741,8.9659,2.2096,-0.01
316.868,1787814786012,-8.0741,8.9670,2.2096,-0.01
316.968,1787814786112,-8.0742,8.9680,2.2096,-0.01
317.069,1787814786212,-8.0742,8.9690,2.2097,-0.01
317.169,1787814786312,-8.0742,8.9700,2.2097,-0.01
317.269,1787814786412,-8.0742,8.9710,2.2098,-0.01
317.369,1787814786513,-8.0742,8.9718,2.2098,-0.00
317.469,1787814786613,-8.0743,8.9726,2.2098,-0.00
317.569,1787814786713,-8.0743,8.9736,2.2099,-0.00
317.669,1787814786813,-8.0744,8.9744,2.2099,-0.00
317.769,1787814786913,-8.0744,8.9753,2.2099,0.00
317.869,1787814787013,-8.0745,8.9761,2.2098,0.00
317.970,1787814787113,-8.0745,8.9768,2.2098,0.00
318.070,1787814787213,-8.0746,8.9775,2.2098,0.00
318.170,1787814787313,-8.0747,8.9783,2.2098,0.01
318.270,1787814787414,-8.0748,8.9790,2.2097,0.01
318.370,1787814787514,-8.0749,8.9797,2.2097,0.01
318.470,1787814787614,-8.0749,8.9804,2.2097,0.01
318.570,1787814787714,-8.0749,8.9814,2.2094,0.00
318.670,1787814787814,-8.0749,8.9823,2.2087,0.00
318.771,1787814787914,-8.0749,8.9829,2.2072,0.00
318.871,1787814788014,-8.0750,8.9830,2.2040,0.00
318.971,1787814788114,-8.0751,8.9828,2.1997,0.00
319.071,1787814788215,-8.0751,8.9823,2.1945,0.00
319.171,1787814788315,-8.0752,8.9817,2.1890,0.00
319.271,1787814788415,-8.0753,8.9809,2.1821,0.00
319.371,1787814788515,-8.0754,8.9799,2.1729,0.00
319.471,1787814788615,-8.0755,8.9789,2.1641,0.00
319.571,1787814788715,-8.0756,8.9778,2.1548,0.00
319.671,1787814788815,-8.0757,8.9765,2.1439,0.00
319.772,1787814788915,-8.0757,8.9755,2.1345,0.00
319.872,1787814789015,-8.0758,8.9744,2.1242,0.00
319.972,1787814789115,-8.0759,8.9734,2.1136,0.00
320.072,1787814789216,-8.0760,8.9726,2.1031,0.00
320.172,1787814789316,-8.0760,8.9716,2.0911,0.00
320.272,1787814789416,-8.0760,8.9707,2.0770,0.00
320.372,1787814789516,-8.0760,8.9700,2.0650,0.00
320.472,1787814789616,-8.0760,8.9694,2.0527,0.00
320.572,1787814789716,-8.0759,8.9689,2.0378,0.00
320.673,1787814789816,-8.0759,8.9686,2.0265,0.00
320.773,1787814789916,-8.0758,8.9682,2.0094,-0.00
320.873,1787814790016,-8.0757,8.9681,1.9953,-0.00
320.973,1787814790117,-8.0756,8.9680,1.9819,0.00
321.073,1787814790217,-8.0755,8.9680,1.9692,0.00
321.173,1787814790317,-8.0754,8.9681,1.9531,0.00
321.273,1787814790417,-8.0753,8.9683,1.9415,0.00
321.373,1787814790517,-8.0751,8.9686,1.9286,0.00
321.473,1787814790617,-8.0750,8.9689,1.9157,0.00
321.573,1787814790717,-8.0749,8.9693,1.9021,0.00
321.674,1787814790817,-8.0748,8.9697,1.8884,0.00
321.774,1787814790917,-8.0746,8.9702,1.8720,0.00
321.874,1787814791017,-8.0745,8.9706,1.8621,0.00
321.974,1787814791118,-8.0743,8.9711,1.8469,0.00
322.074,1787814791218,-8.0742,8.9718,1.8322,0.00
322.174,1787814791318,-8.0741,8.9723,1.8194,0.00
322.275,1787814791418,-8.0739,8.9729,1.8038,-0.00
322.375,1787814791518,-8.0738,8.9734,1.7894,-0.00
322.475,1787814791619,-8.0737,8.9738,1.7771,-0.00
322.575,1787814791719,-8.0735,8.9744,1.7614,-0.00
322.675,1787814791819,-8.0734,8.9748,1.7484,-0.01
322.775,1787814791919,-8.0733,8.9752,1.7347,-0.01
322.876,1787814792019,-8.0732,8.9756,1.7187,-0.01
322.976,1787814792119,-8.0732,8.9759,1.7097,-0.01
323.076,1787814792220,-8.0730,8.9763,1.6930,-0.01
323.176,1787814792320,-8.0729,8.9766,1.6796,-0.01
323.276,1787814792420,-8.0728,8.9770,1.6649,-0.01
323.376,1787814792520,-8.0727,8.9774,1.6480,-0.01
323.476,1787814792620,-8.0726,8.9777,1.6333,-0.01
323.576,1787814792720,-8.0725,8.9780,1.6186,-0.00
323.676,1787814792820,-8.0723,8.9783,1.6045,-0.00
323.777,1787814792920,-8.0722,8.9786,1.5885,-0.00
323.877,1787814793020,-8.0721,8.9789,1.5745,-0.00
323.977,1787814793121,-8.0720,8.9792,1.5599,-0.00
324.077,1787814793221,-8.0719,8.9794,1.5467,0.00
324.177,1787814793321,-8.0717,8.9797,1.5320,0.00
324.277,1787814793421,-8.0716,8.9800,1.5180,0.00
324.377,1787814793521,-8.0715,8.9802,1.5033,0.01
324.477,1787814793621,-8.0714,8.9805,1.4886,0.01
324.578,1787814793721,-8.0712,8.9809,1.4705,0.01
324.678,1787814793821,-8.0710,8.9812,1.4545,0.01
324.778,1787814793921,-8.0709,8.9815,1.4400,0.01
324.878,1787814794022,-8.0709,8.9818,1.4270,0.01
324.978,1787814794122,-8.0708,8.9821,1.4112,0.00
325.078,1787814794222,-8.0707,8.9823,1.3961,0.00
325.178,1787814794322,-8.0706,8.9826,1.3831,0.00
325.278,1787814794422,-8.0705,8.9829,1.3686,0.00
325.378,1787814794522,-8.0704,8.9832,1.3542,-0.00
325.479,1787814794622,-8.0704,8.9835,1.3383,-0.00
325.579,1787814794722,-8.0703,8.9838,1.3251,-0.00
325.679,1787814794822,-8.0702,8.9840,1.3113,-0.00
325.779,1787814794922,-8.0701,8.9842,1.2967,-0.00
325.879,1787814795023,-8.0701,8.9845,1.2821,-0.00
325.979,1787814795123,-8.0700,8.9847,1.2668,-0.00
326.079,1787814795223,-8.0699,8.9851,1.2522,-0.00
326.179,1787814795323,-8.0699,8.9853,1.2383,-0.00
326.279,1787814795423,-8.0698,8.9856,1.2244,-0.00
326.379,1787814795523,-8.0697,8.9859,1.2069,-0.00
326.480,1787814795623,-8.0697,8.9862,1.1936,-0.00
326.580,1787814795723,-8.0696,8.9865,1.1783,0.00
326.680,1787814795823,-8.0695,8.9869,1.1623,0.00
326.780,1787814795924,-8.0694,8.9874,1.1471,0.00
326.880,1787814796024,-8.0693,8.9877,1.1333,0.00
326.980,1787814796124,-8.0692,8.9881,1.1202,0.00
327.080,1787814796224,-8.0691,8.9885,1.1049,0.01
327.180,1787814796324,-8.0690,8.9889,1.0910,0.01
327.280,1787814796424,-8.0689,8.9893,1.0749,0.01
327.380,1787814796524,-8.0688,8.9897,1.0595,0.01
327.481,1787814796624,-8.0687,8.9900,1.0455,0.00
327.581,1787814796724,-8.0686,8.9904,1.0330,0.00
327.681,1787814796825,-8.0685,8.9908,1.0169,0.00
327.781,1787814796925,-8.0684,8.9911,1.0036,0.00
327.881,1787814797025,-8.0682,8.9914,0.9888,0.00
327.981,1787814797125,-8.0681,8.9918,0.9727,-0.00
328.081,1787814797225,-8.0680,8.9921,0.9586,-0.00
328.181,1787814797325,-8.0680,8.9924,0.9452,-0.00
328.281,1787814797425,-8.0678,8.9928,0.9285,-0.00
328.382,1787814797525,-8.0677,8.9932,0.9123,-0.00
328.482,1787814797625,-8.0676,8.9935,0.8969,-0.00
328.582,1787814797725,-8.0675,8.9939,0.8809,-0.00
328.682,1787814797826,-8.0674,8.9941,0.8691,-0.00
328.782,1787814797926,-8.0674,8.9943,0.8594,-0.00
328.882,1787814798026,-8.0673,8.9947,0.8441,-0.00
328.982,1787814798126,-8.0672,8.9950,0.8287,-0.00
329.082,1787814798226,-8.0671,8.9952,0.8130,-0.00
329.182,1787814798326,-8.0670,8.9955,0.7967,-0.00
329.282,1787814798426,-8.0669,8.9957,0.7825,-0.00
329.383,1787814798526,-8.0668,8.9961,0.7656,-0.00
329.483,1787814798626,-8.0667,8.9963,0.7523,-0.01
329.583,1787814798726,-8.0666,8.9966,0.7397,-0.01
329.683,1787814798826,-8.0664,8.9969,0.7221,-0.01
329.783,1787814798927,-8.0664,8.9971,0.7073,-0.01
329.883,1787814799027,-8.0663,8.9974,0.6925,-0.01
329.983,1787814799127,-8.0662,8.9977,0.6763,-0.01
330.083,1787814799227,-8.0661,8.9979,0.6638,-0.01
330.184,1787814799327,-8.0660,8.9982,0.6492,-0.00
330.284,1787814799427,-8.0659,8.9984,0.6374,-0.00
330.384,1787814799527,-8.0658,8.9987,0.6265,-0.00
330.484,1787814799628,-8.0657,8.9990,0.6140,-0.00
330.584,1787814799728,-8.0656,8.9992,0.6060,0.00
330.684,1787814799828,-8.0655,8.9995,0.5966,0.00
330.785,1787814799928,-8.0655,8.9997,0.5883,0.00
330.885,1787814800029,-8.0655,8.9999,0.5802,0.00
330.985,1787814800129,-8.0655,9.0001,0.5746,0.00
331.085,1787814800229,-8.0655,9.0002,0.5698,0.00
331.185,1787814800329,-8.0655,9.0004,0.5638,-0.00
331.286,1787814800429,-8.0656,9.0005,0.5602,-0.00
331.386,1787814800529,-8.0656,9.0007,0.5565,-0.00
331.486,1787814800629,-8.0656,9.0008,0.5527,-0.00
331.586,1787814800729,-8.0656,9.0010,0.5495,-0.00
331.686,1787814800830,-8.0657,9.0011,0.5461,-0.00
331.786,1787814800930,-8.0657,9.0012,0.5437,-0.00
331.886,1787814801030,-8.0657,9.0013,0.5414,-0.00
331.986,1787814801130,-8.0657,9.0015,0.5391,-0.00
332.086,1787814801230,-8.0658,9.0016,0.5373,-0.00
332.186,1787814801330,-8.0658,9.0016,0.5356,-0.00
332.287,1787814801430,-8.0657,9.0017,0.5340,-0.00
332.387,1787814801530,-8.0657,9.0018,0.5325,-0.00
332.487,1787814801631,-8.0657,9.0020,0.5312,-0.00
332.587,1787814801731,-8.0656,9.0021,0.5298,-0.00
332.687,1787814801831,-8.0656,9.0022,0.5288,-0.00
332.787,1787814801931,-8.0656,9.0023,0.5277,-0.00
332.887,1787814802031,-8.0656,9.0024,0.5265,-0.00
332.987,1787814802131,-8.0657,9.0026,0.5254,0.00
333.088,1787814802231,-8.0657,9.0026,0.5247,0.00
333.188,1787814802331,-8.0657,9.0027,0.5239,0.00
333.288,1787814802431,-8.0657,9.0028,0.5231,0.00
333.388,1787814802532,-8.0658,9.0029,0.5222,0.00
333.488,1787814802632,-8.0658,9.0030,0.5215,0.00
333.588,1787814802732,-8.0659,9.0030,0.5207,0.00
333.688,1787814802832,-8.0659,9.0031,0.5202,0.00
333.789,1787814802932,-8.0660,9.0032,0.5195,0.00
333.889,1787814803032,-8.0660,9.0033,0.5190,0.00
333.989,1787814803133,-8.0660,9.0032,0.5185,0.00
334.089,1787814803233,-8.0660,9.0033,0.5179,0.00
334.189,1787814803333,-8.0660,9.0033,0.5175,0.00
334.289,1787814803433,-8.0660,9.0033,0.5170,0.00
334.390,1787814803534,-8.0660,9.0033,0.5166,0.00
334.490,1787814803634,-8.0660,9.0033,0.5163,-0.00
334.590,1787814803734,-8.0661,9.0032,0.5160,-0.00
334.690,1787814803834,-8.0661,9.0032,0.5156,-0.00
334.790,1787814803934,-8.0662,9.0031,0.5153,-0.00
334.891,1787814804034,-8.0662,9.0030,0.5150,-0.00
334.991,1787814804134,-8.0663,9.0029,0.5147,-0.00
335.091,1787814804234,-8.0663,9.0028,0.5145,-0.00
335.191,1787814804335,-8.0663,9.0028,0.5143,-0.00
335.291,1787814804435,-8.0664,9.0027,0.5140,-0.00
335.391,1787814804535,-8.0665,9.0027,0.5138,-0.00
335.491,1787814804635,-8.0665,9.0026,0.5136,-0.00
335.592,1787814804735,-8.0666,9.0025,0.5134,-0.00
335.692,1787814804835,-8.0667,9.0024,0.5132,-0.00
335.792,1787814804936,-8.0667,9.0024,0.5131,-0.00
335.892,1787814805036,-8.0668,9.0023,0.5129,0.00
335.992,1787814805136,-8.0669,9.0022,0.5127,0.00
336.092,1787814805236,-8.0670,9.0021,0.5126,0.00
336.192,1787814805336,-8.0671,9.0020,0.5124,0.00
336.292,1787814805436,-8.0672,9.0020,0.5123,0.00
336.393,1787814805536,-8.0673,9.0019,0.5122,0.00
336.493,1787814805636,-8.0673,9.0019,0.5120,0.00
336.593,1787814805736,-8.0674,9.0018,0.5119,0.00
336.693,1787814805837,-8.0675,9.0017,0.5117,0.00
336.793,1787814805937,-8.0675,9.0017,0.5116,0.00
336.893,1787814806037,-8.0676,9.0016,0.5116,0.00
336.993,1787814806137,-8.0676,9.0016,0.5115,0.00
337.093,1787814806237,-8.0677,9.0015,0.5114,0.00
337.193,1787814806337,-8.0678,9.0015,0.5113,0.00
337.294,1787814806437,-8.0678,9.0014,0.5112,0.00
337.394,1787814806537,-8.0678,9.0014,0.5111,0.00
337.494,1787814806638,-8.0679,9.0013,0.5110,0.00
337.594,1787814806738,-8.0679,9.0014,0.5110,0.00
337.694,1787814806838,-8.0679,9.0014,0.5109,-0.00
337.794,1787814806938,-8.0680,9.0014,0.5109,-0.00
337.894,1787814807038,-8.0680,9.0014,0.5108,-0.00
337.995,1787814807138,-8.0681,9.0015,0.5107,-0.00
338.095,1787814807238,-8.0681,9.0015,0.5107,-0.00
338.195,1787814807338,-8.0681,9.0015,0.5107,-0.00
338.295,1787814807439,-8.0682,9.0015,0.5107,-0.00
338.395,1787814807539,-8.0683,9.0015,0.5106,-0.00
338.495,1787814807639,-8.0683,9.0015,0.5106,-0.00
338.595,1787814807739,-8.0684,9.0015,0.5107,-0.00
338.696,1787814807839,-8.0685,9.0015,0.5107,-0.00
338.796,1787814807939,-8.0685,9.0015,0.5107,-0.00
338.896,1787814808039,-8.0685,9.0015,0.5107,-0.00
338.996,1787814808140,-8.0686,9.0016,0.5107,-0.00
339.096,1787814808240,-8.0686,9.0016,0.5108,-0.00
339.196,1787814808340,-8.0687,9.0016,0.5108,0.00
339.296,1787814808440,-8.0688,9.0017,0.5108,0.00
339.397,1787814808540,-8.0688,9.0017,0.5107,0.00
339.497,1787814808640,-8.0688,9.0019,0.5108,0.00
339.597,1787814808740,-8.0689,9.0019,0.5108,0.00
339.697,1787814808840,-8.0689,9.0021,0.5108,0.00
339.797,1787814808941,-8.0690,9.0022,0.5108,0.00
339.897,1787814809041,-8.0690,9.0032,0.5108,0.00
339.997,1787814809141,-8.0690,9.0048,0.5109,0.00
340.097,1787814809241,-8.0691,9.0063,0.5110,0.01
340.197,1787814809341,-8.0692,9.0074,0.5112,0.01
340.298,1787814809441,-8.0693,9.0067,0.5115,0.01
340.398,1787814809541,-8.0694,9.0050,0.5117,0.01
340.498,1787814809641,-8.0695,9.0013,0.5119,0.00
340.598,1787814809742,-8.0696,8.9953,0.5122,0.00
340.698,1787814809842,-8.0697,8.9858,0.5125,0.00
340.798,1787814809942,-8.0699,8.9721,0.5128,0.00
340.899,1787814810042,-8.0699,8.9594,0.5130,0.00
340.999,1787814810142,-8.0700,8.9398,0.5132,0.00
341.099,1787814810242,-8.0701,8.9194,0.5133,0.00
341.199,1787814810343,-8.0702,8.9037,0.5134,-0.00
341.299,1787814810443,-8.0702,8.8701,0.5135,-0.00
341.399,1787814810543,-8.0703,8.8449,0.5135,-0.00
341.499,1787814810643,-8.0703,8.8134,0.5135,-0.00
341.599,1787814810743,-8.0703,8.7768,0.5135,-0.00
341.700,1787814810843,-8.0703,8.7442,0.5134,-0.00
341.800,1787814810943,-8.0703,8.6967,0.5133,-0.00
341.900,1787814811043,-8.0703,8.6427,0.5130,-0.00
342.000,1787814811144,-8.0702,8.6025,0.5129,-0.00
342.100,1787814811244,-8.0702,8.5546,0.5127,-0.00
342.200,1787814811344,-8.0701,8.5017,0.5125,-0.00
342.300,1787814811444,-8.0699,8.4436,0.5123,-0.00
342.400,1787814811544,-8.0698,8.3868,0.5121,-0.00
342.500,1787814811644,-8.0697,8.3316,0.5119,-0.00
342.601,1787814811744,-8.0696,8.2787,0.5118,-0.00
342.701,1787814811844,-8.0695,8.2103,0.5117,-0.00
342.801,1787814811945,-8.0693,8.1477,0.5116,-0.00
342.901,1787814812045,-8.0692,8.1067,0.5115,-0.00
343.001,1787814812145,-8.0691,8.0504,0.5114,-0.00
343.102,1787814812245,-8.0690,7.9784,0.5114,-0.00
343.202,1787814812345,-8.0689,7.9326,0.5114,-0.00
343.302,1787814812446,-8.0688,7.8631,0.5113,-0.00
343.402,1787814812546,-8.0687,7.8008,0.5113,-0.00
343.502,1787814812646,-8.0685,7.7459,0.5113,-0.00
343.602,1787814812746,-8.0684,7.6789,0.5112,-0.00
343.702,1787814812846,-8.0684,7.6275,0.5112,-0.00
343.802,1787814812946,-8.0682,7.5563,0.5112,-0.00
343.902,1787814813046,-8.0682,7.5049,0.5111,-0.00
344.003,1787814813146,-8.0681,7.4297,0.5111,-0.00
344.103,1787814813246,-8.0680,7.3624,0.5110,-0.00
344.203,1787814813346,-8.0679,7.2871,0.5109,-0.00
344.303,1787814813447,-8.0678,7.2236,0.5108,-0.00
344.403,1787814813547,-8.0677,7.1566,0.5107,-0.00
344.503,1787814813647,-8.0676,7.0779,0.5105,-0.00
344.603,1787814813747,-8.0676,7.0073,0.5104,-0.00
344.703,1787814813847,-8.0675,6.9488,0.5103,-0.00
344.804,1787814813947,-8.0674,6.8753,0.5102,-0.00
344.904,1787814814047,-8.0674,6.8215,0.5101,-0.00
345.004,1787814814147,-8.0674,6.7603,0.5100,-0.00
345.104,1787814814248,-8.0673,6.6809,0.5099,-0.00
345.204,1787814814348,-8.0673,6.6206,0.5098,-0.00
345.304,1787814814448,-8.0673,6.5607,0.5098,-0.00
345.404,1787814814548,-8.0673,6.4940,0.5097,-0.00
345.504,1787814814648,-8.0672,6.4277,0.5096,-0.00
345.604,1787814814748,-8.0672,6.3765,0.5096,0.00
345.705,1787814814848,-8.0672,6.3112,0.5095,0.00
345.805,1787814814948,-8.0672,6.2645,0.5095,0.00
345.905,1787814815048,-8.0672,6.2108,0.5095,0.00
346.005,1787814815149,-8.0672,6.1468,0.5094,0.00
346.105,1787814815249,-8.0672,6.1007,0.5094,0.00
346.205,1787814815349,-8.0672,6.0441,0.5094,0.00
346.305,1787814815449,-8.0672,5.9877,0.5094,0.00
346.405,1787814815549,-8.0672,5.9348,0.5095,0.00
346.505,1787814815649,-8.0672,5.8678,0.5095,0.00
346.605,1787814815749,-8.0672,5.8184,0.5096,0.00
346.706,1787814815849,-8.0672,5.7583,0.5096,0.00
346.806,1787814815950,-8.0672,5.6911,0.5097,0.00
346.906,1787814816050,-8.0672,5.6200,0.5098,0.00
347.006,1787814816150,-8.0672,5.5628,0.5099,0.00
347.106,1787814816250,-8.0672,5.4806,0.5100,0.00
347.206,1787814816350,-8.0673,5.4092,0.5100,0.00
347.307,1787814816450,-8.0674,5.3238,0.5101,0.00
347.407,1787814816550,-8.0674,5.2566,0.5101,0.00
347.507,1787814816651,-8.0675,5.2075,0.5101,0.00
347.607,1787814816751,-8.0675,5.1553,0.5102,0.00
347.707,1787814816851,-8.0676,5.1139,0.5102,0.00
347.807,1787814816951,-8.0676,5.0627,0.5102,-0.00
347.907,1787814817051,-8.0677,5.0085,0.5102,-0.00
348.007,1787814817151,-8.0677,4.9581,0.5103,-0.00
348.108,1787814817251,-8.0678,4.9010,0.5103,-0.00
348.208,1787814817351,-8.0679,4.8471,0.5103,-0.00
348.308,1787814817451,-8.0679,4.8200,0.5103,-0.00
348.408,1787814817552,-8.0680,4.7627,0.5103,-0.00
348.508,1787814817652,-8.0681,4.6987,0.5104,-0.00
348.608,1787814817752,-8.0681,4.6377,0.5104,-0.00
348.708,1787814817852,-8.0682,4.5725,0.5105,-0.00
348.808,1787814817952,-8.0683,4.4964,0.5105,-0.00
348.908,1787814818052,-8.0684,4.4338,0.5105,-0.00
349.009,1787814818152,-8.0685,4.3501,0.5105,-0.00
349.109,1787814818252,-8.0686,4.2874,0.5105,-0.00
349.209,1787814818352,-8.0686,4.2006,0.5105,-0.00
349.309,1787814818453,-8.0687,4.1280,0.5105,-0.00
349.409,1787814818553,-8.0688,4.0526,0.5106,-0.00
349.509,1787814818653,-8.0689,3.9779,0.5106,-0.00
349.609,1787814818753,-8.0690,3.9009,0.5106,-0.00
349.709,1787814818853,-8.0691,3.8252,0.5107,-0.00
349.809,1787814818953,-8.0691,3.7538,0.5107,-0.00
349.909,1787814819053,-8.0691,3.6864,0.5107,-0.00
350.010,1787814819153,-8.0691,3.6140,0.5108,-0.00
350.110,1787814819253,-8.0691,3.5552,0.5108,-0.00
350.210,1787814819353,-8.0692,3.4944,0.5108,-0.00
350.310,1787814819454,-8.0692,3.4259,0.5107,-0.00
350.410,1787814819554,-8.0692,3.3676,0.5107,-0.00
350.510,1787814819654,-8.0692,3.3070,0.5107,-0.00
350.610,1787814819754,-8.0691,3.2527,0.5106,-0.00
350.710,1787814819854,-8.0691,3.1963,0.5106,-0.00
350.810,1787814819954,-8.0691,3.1349,0.5106,-0.00
350.911,1787814820054,-8.0691,3.0626,0.5105,-0.00
351.011,1787814820154,-8.0691,3.0157,0.5105,-0.00
351.111,1787814820254,-8.0691,2.9636,0.5105,-0.00
351.211,1787814820355,-8.0691,2.9065,0.5105,-0.00
351.311,1787814820455,-8.0691,2.8496,0.5104,-0.01
351.411,1787814820555,-8.0691,2.7953,0.5104,-0.01
351.511,1787814820655,-8.0691,2.7218,0.5104,-0.01
351.611,1787814820755,-8.0691,2.6864,0.5104,-0.01
351.711,1787814820855,-8.0690,2.6187,0.5104,-0.01
351.811,1787814820955,-8.0690,2.5562,0.5104,-0.01
351.912,1787814821055,-8.0690,2.5014,0.5104,-0.01
352.012,1787814821155,-8.0691,2.4437,0.5104,-0.01
352.112,1787814821255,-8.0691,2.3833,0.5104,-0.01
352.212,1787814821356,-8.0691,2.3367,0.5104,-0.01
352.312,1787814821456,-8.0691,2.2822,0.5104,-0.01
352.412,1787814821556,-8.0691,2.2248,0.5104,-0.01
352.512,1787814821656,-8.0691,2.1643,0.5104,-0.01
352.612,1787814821756,-8.0691,2.1060,0.5104,-0.01
352.713,1787814821857,-8.0690,2.0392,0.5104,-0.01
352.813,1787814821957,-8.0690,1.9780,0.5103,-0.01
352.913,1787814822057,-8.0690,1.9250,0.5103,-0.01
353.013,1787814822157,-8.0689,1.8664,0.5104,-0.01
353.113,1787814822257,-8.0688,1.7937,0.5104,-0.01
353.214,1787814822357,-8.0687,1.7376,0.5104,-0.01
353.314,1787814822457,-8.0687,1.6787,0.5104,-0.01
353.414,1787814822557,-8.0686,1.6199,0.5105,-0.01
353.514,1787814822658,-8.0685,1.5557,0.5105,-0.01
353.614,1787814822758,-8.0684,1.5056,0.5106,-0.01
353.714,1787814822858,-8.0683,1.4416,0.5106,-0.01
353.814,1787814822958,-8.0682,1.3860,0.5107,-0.01
353.914,1787814823058,-8.0681,1.3304,0.5107,-0.01
354.015,1787814823159,-8.0679,1.2720,0.5108,-0.01
354.115,1787814823259,-8.0678,1.2220,0.5108,-0.01
354.216,1787814823359,-8.0677,1.1581,0.5109,-0.01
354.316,1787814823460,-8.0677,1.1220,0.5109,-0.01
354.416,1787814823560,-8.0675,1.0552,0.5110,-0.01
354.516,1787814823660,-8.0675,1.0024,0.5110,-0.01
354.616,1787814823760,-8.0674,0.9410,0.5111,-0.01
354.716,1787814823860,-8.0673,0.8845,0.5111,-0.01
354.816,1787814823960,-8.0673,0.8248,0.5112,-0.01
354.917,1787814824060,-8.0672,0.7706,0.5112,-0.01
355.017,1787814824160,-8.0672,0.7050,0.5112,-0.00
355.117,1787814824260,-8.0672,0.6479,0.5112,-0.00
355.217,1787814824361,-8.0673,0.5935,0.5112,-0.00
355.317,1787814824461,-8.0673,0.5273,0.5112,-0.00
355.417,1787814824561,-8.0674,0.4637,0.5112,-0.00
355.517,1787814824661,-8.0675,0.3970,0.5112,-0.00
355.617,1787814824761,-8.0676,0.3362,0.5111,-0.01
355.717,1787814824861,-8.0676,0.2783,0.5111,-0.01
355.818,1787814824961,-8.0676,0.2205,0.5110,-0.01
355.918,1787814825061,-8.0677,0.1627,0.5109,-0.01
356.018,1787814825162,-8.0677,0.0908,0.5108,-0.01
356.118,1787814825262,-8.0678,0.0333,0.5108,-0.01
356.219,1787814825362,-8.0678,-0.0241,0.5107,-0.01
356.319,1787814825462,-8.0678,-0.0813,0.5107,-0.01
356.419,1787814825562,-8.0679,-0.1407,0.5106,-0.01
356.519,1787814825663,-8.0679,-0.1944,0.5106,-0.01
356.619,1787814825763,-8.0680,-0.2566,0.5106,-0.01
356.719,1787814825863,-8.0680,-0.3074,0.5106,-0.01
356.819,1787814825963,-8.0680,-0.3698,0.5106,-0.01
356.920,1787814826063,-8.0681,-0.4322,0.5106,-0.01
357.020,1787814826164,-8.0682,-0.4916,0.5105,-0.01
357.120,1787814826264,-8.0682,-0.5539,0.5105,-0.01
357.220,1787814826364,-8.0683,-0.6136,0.5105,-0.01
357.320,1787814826464,-8.0684,-0.6735,0.5104,-0.01
357.420,1787814826564,-8.0684,-0.7361,0.5104,-0.01
357.521,1787814826665,-8.0685,-0.8073,0.5104,-0.01
357.621,1787814826765,-8.0686,-0.8667,0.5104,-0.01
357.721,1787814826865,-8.0687,-0.9261,0.5104,-0.01
357.821,1787814826965,-8.0687,-0.9685,0.5105,-0.01
357.921,1787814827065,-8.0688,-1.0274,0.5105,-0.01
358.022,1787814827165,-8.0688,-1.0720,0.5105,-0.01
358.122,1787814827265,-8.0689,-1.1194,0.5105,-0.01
358.222,1787814827366,-8.0689,-1.1809,0.5105,-0.01
358.322,1787814827466,-8.0690,-1.2456,0.5105,-0.01
358.422,1787814827566,-8.0690,-1.3050,0.5105,-0.01
358.522,1787814827666,-8.0690,-1.3619,0.5105,-0.01
358.622,1787814827766,-8.0691,-1.4191,0.5105,-0.01
358.722,1787814827866,-8.0691,-1.4734,0.5105,-0.00
358.823,1787814827966,-8.0691,-1.5537,0.5105,-0.00
358.923,1787814828066,-8.0691,-1.5910,0.5105,-0.00
359.023,1787814828166,-8.0691,-1.6512,0.5105,-0.00
359.123,1787814828267,-8.0690,-1.7057,0.5104,-0.00
359.223,1787814828367,-8.0690,-1.7749,0.5104,-0.00
359.323,1787814828467,-8.0690,-1.8330,0.5104,-0.00
359.423,1787814828567,-8.0689,-1.8853,0.5103,-0.00
359.523,1787814828667,-8.0689,-1.9434,0.5103,-0.00
359.623,1787814828767,-8.0688,-2.0101,0.5103,-0.00
359.723,1787814828867,-8.0688,-2.0655,0.5102,-0.00
359.824,1787814828967,-8.0687,-2.1328,0.5102,-0.00
359.924,1787814829067,-8.0686,-2.1886,0.5102,-0.01
360.024,1787814829167,-8.0684,-2.2618,0.5101,-0.01
360.124,1787814829268,-8.0683,-2.3114,0.5101,-0.01
360.224,1787814829368,-8.0682,-2.3638,0.5101,-0.01
360.324,1787814829468,-8.0681,-2.4274,0.5100,-0.01
360.425,1787814829568,-8.0680,-2.4794,0.5100,-0.01
360.525,1787814829668,-8.0679,-2.5403,0.5100,-0.01
360.625,1787814829768,-8.0678,-2.5983,0.5100,-0.01
360.725,1787814829869,-8.0677,-2.6708,0.5101,-0.00
360.825,1787814829969,-8.0676,-2.7317,0.5101,-0.00
360.925,1787814830069,-8.0675,-2.7724,0.5101,-0.00
361.025,1787814830169,-8.0674,-2.8391,0.5101,0.00
361.125,1787814830269,-8.0673,-2.8970,0.5101,0.00
361.226,1787814830369,-8.0673,-2.9638,0.5101,0.00
361.326,1787814830469,-8.0672,-3.0251,0.5101,0.00
361.426,1787814830569,-8.0671,-3.0979,0.5101,0.00
361.526,1787814830670,-8.0670,-3.1562,0.5100,0.00
361.626,1787814830770,-8.0669,-3.2202,0.5100,0.00
361.726,1787814830870,-8.0669,-3.2809,0.5100,0.00
361.826,1787814830970,-8.0668,-3.3444,0.5100,0.00
361.926,1787814831070,-8.0667,-3.4017,0.5100,0.00
362.026,1787814831170,-8.0666,-3.4670,0.5100,0.00
362.126,1787814831270,-8.0666,-3.5234,0.5100,0.00
362.227,1787814831370,-8.0665,-3.5797,0.5100,0.00
362.327,1787814831470,-8.0665,-3.6389,0.5100,-0.00
362.427,1787814831570,-8.0665,-3.6923,0.5100,-0.00
362.527,1787814831671,-8.0665,-3.7541,0.5100,0.00
362.627,1787814831771,-8.0664,-3.8155,0.5100,0.00
362.727,1787814831871,-8.0664,-3.8740,0.5099,0.00
362.827,1787814831971,-8.0664,-3.9436,0.5099,0.01
362.927,1787814832071,-8.0664,-3.9853,0.5099,0.01
363.027,1787814832171,-8.0664,-4.0463,0.5099,0.01
363.128,1787814832271,-8.0664,-4.1099,0.5099,0.01
363.228,1787814832371,-8.0664,-4.1627,0.5099,0.01
363.328,1787814832471,-8.0664,-4.2126,0.5099,0.01
363.428,1787814832572,-8.0665,-4.2651,0.5099,0.01
363.528,1787814832672,-8.0665,-4.3207,0.5099,0.01
363.628,1787814832772,-8.0665,-4.3793,0.5099,0.01
363.728,1787814832872,-8.0666,-4.4412,0.5099,0.00
363.829,1787814832973,-8.0666,-4.5119,0.5099,0.00
363.929,1787814833073,-8.0667,-4.5599,0.5100,0.00
364.030,1787814833173,-8.0667,-4.6220,0.5100,0.00
364.130,1787814833273,-8.0668,-4.6813,0.5101,0.00
364.230,1787814833373,-8.0669,-4.7353,0.5101,0.00
364.330,1787814833474,-8.0669,-4.8037,0.5102,0.00
364.430,1787814833574,-8.0670,-4.8666,0.5102,0.00
364.530,1787814833674,-8.0670,-4.9153,0.5102,0.00
364.630,1787814833774,-8.0670,-4.9637,0.5102,0.00
364.730,1787814833874,-8.0671,-5.0148,0.5102,0.00
364.830,1787814833974,-8.0671,-5.0773,0.5102,0.00
364.931,1787814834074,-8.0671,-5.1429,0.5102,0.01
365.031,1787814834174,-8.0672,-5.1946,0.5102,0.01
365.131,1787814834275,-8.0672,-5.2550,0.5102,0.01
365.231,1787814834375,-8.0673,-5.3185,0.5102,0.01
365.331,1787814834475,-8.0673,-5.3880,0.5101,0.01
365.431,1787814834575,-8.0673,-5.4401,0.5101,0.01
365.531,1787814834675,-8.0673,-5.5009,0.5101,0.01
365.631,1787814834775,-8.0674,-5.5733,0.5101,0.01
365.731,1787814834875,-8.0674,-5.6428,0.5101,0.01
365.832,1787814834975,-8.0674,-5.6948,0.5101,0.01
365.932,1787814835075,-8.0674,-5.7438,0.5100,0.00
366.032,1787814835175,-8.0675,-5.8038,0.5100,0.00
366.132,1787814835276,-8.0675,-5.8722,0.5100,0.00
366.232,1787814835376,-8.0675,-5.9348,0.5100,0.00
366.332,1787814835476,-8.0675,-5.9833,0.5100,0.00
366.432,1787814835576,-8.0675,-6.0318,0.5100,-0.00
366.532,1787814835676,-8.0675,-6.0969,0.5100,-0.00
366.632,1787814835776,-8.0674,-6.1647,0.5100,-0.00
366.732,1787814835876,-8.0674,-6.2270,0.5100,-0.00
366.833,1787814835977,-8.0673,-6.2923,0.5100,-0.00
366.933,1787814836077,-8.0673,-6.3462,0.5100,-0.00
367.033,1787814836177,-8.0672,-6.4028,0.5100,-0.00
367.133,1787814836277,-8.0671,-6.4764,0.5099,0.00
367.233,1787814836377,-8.0671,-6.5357,0.5099,0.00
367.333,1787814836477,-8.0670,-6.5948,0.5099,0.01
367.433,1787814836577,-8.0670,-6.6652,0.5099,0.01
367.533,1787814836677,-8.0670,-6.7212,0.5099,0.01
367.634,1787814836777,-8.0669,-6.7798,0.5099,0.01
367.734,1787814836877,-8.0669,-6.8493,0.5099,0.01
367.834,1787814836978,-8.0669,-6.9047,0.5098,0.01
367.934,1787814837078,-8.0669,-6.9683,0.5098,0.01
368.034,1787814837178,-8.0669,-7.0180,0.5098,0.01
368.134,1787814837278,-8.0669,-7.0785,0.5098,0.01
368.234,1787814837378,-8.0669,-7.1387,0.5098,0.01
368.334,1787814837478,-8.0669,-7.1989,0.5098,0.00
368.434,1787814837578,-8.0669,-7.2645,0.5099,0.00
368.535,1787814837678,-8.0670,-7.3163,0.5098,0.00
368.635,1787814837778,-8.0670,-7.3764,0.5098,0.00
368.735,1787814837879,-8.0670,-7.4336,0.5098,-0.00
368.835,1787814837979,-8.0670,-7.4989,0.5097,-0.00
368.935,1787814838079,-8.0670,-7.5560,0.5097,0.00
369.035,1787814838179,-8.0670,-7.6294,0.5096,0.00
369.135,1787814838279,-8.0670,-7.6839,0.5095,0.00
369.235,1787814838379,-8.0670,-7.7381,0.5095,0.00
369.335,1787814838479,-8.0670,-7.7947,0.5094,0.00
369.436,1787814838579,-8.0670,-7.8540,0.5094,0.00
369.536,1787814838679,-8.0670,-7.9108,0.5094,0.00
369.636,1787814838779,-8.0670,-7.9785,0.5094,0.00
369.737,1787814838881,-8.0670,-8.0408,0.5095,0.00
369.837,1787814838981,-8.0669,-8.0923,0.5095,0.00
369.937,1787814839081,-8.0669,-8.1544,0.5095,0.00
370.037,1787814839181,-8.0669,-8.2111,0.5096,0.00
370.138,1787814839281,-8.0668,-8.2651,0.5097,0.00
370.238,1787814839381,-8.0668,-8.3190,0.5097,0.00
370.338,1787814839481,-8.0667,-8.3790,0.5098,0.00
370.438,1787814839582,-8.0666,-8.4484,0.5098,0.00
370.538,1787814839682,-8.0666,-8.5035,0.5098,0.00
370.638,1787814839782,-8.0664,-8.5756,0.5098,-0.00
370.738,1787814839882,-8.0664,-8.6316,0.5099,-0.00
370.838,1787814839982,-8.0663,-8.6752,0.5099,-0.00
370.939,1787814840082,-8.0663,-8.7144,0.5099,-0.00
371.039,1787814840182,-8.0662,-8.7578,0.5099,-0.00
371.139,1787814840282,-8.0660,-8.7982,0.5099,-0.00
371.239,1787814840383,-8.0659,-8.8406,0.5100,-0.00
371.339,1787814840483,-8.0658,-8.8754,0.5100,0.00
371.439,1787814840583,-8.0657,-8.9108,0.5100,0.00
371.539,1787814840683,-8.0656,-8.9390,0.5099,0.00
371.639,1787814840783,-8.0655,-8.9622,0.5099,0.00
371.740,1787814840884,-8.0654,-8.9794,0.5098,0.00
371.840,1787814840984,-8.0654,-8.9950,0.5097,0.00
371.941,1787814841084,-8.0653,-9.0093,0.5095,0.00
372.041,1787814841184,-8.0652,-9.0183,0.5094,0.00
372.141,1787814841285,-8.0651,-9.0280,0.5093,0.00
372.241,1787814841385,-8.0650,-9.0344,0.5092,0.01
372.341,1787814841485,-8.0649,-9.0391,0.5090,0.01
372.441,1787814841585,-8.0648,-9.0421,0.5089,0.01
372.541,1787814841685,-8.0647,-9.0430,0.5088,0.02
372.641,1787814841785,-8.0646,-9.0428,0.5087,0.02
372.742,1787814841885,-8.0646,-9.0414,0.5087,0.02
372.842,1787814841985,-8.0645,-9.0390,0.5086,0.02
372.942,1787814842085,-8.0644,-9.0357,0.5086,0.02
373.042,1787814842186,-8.0644,-9.0309,0.5086,0.01
373.142,1787814842286,-8.0644,-9.0276,0.5086,0.01
373.242,1787814842386,-8.0644,-9.0238,0.5086,0.01
373.342,1787814842486,-8.0644,-9.0186,0.5086,0.01
373.442,1787814842586,-8.0645,-9.0135,0.5086,0.00
373.542,1787814842686,-8.0645,-9.0089,0.5086,0.00
373.643,1787814842786,-8.0645,-9.0039,0.5086,0.00
373.743,1787814842886,-8.0645,-8.9988,0.5086,-0.00
373.843,1787814842986,-8.0646,-8.9930,0.5087,-0.01
373.943,1787814843086,-8.0647,-8.9883,0.5087,-0.01
374.043,1787814843187,-8.0648,-8.9846,0.5088,-0.01
374.143,1787814843287,-8.0649,-8.9809,0.5089,-0.01
374.243,1787814843387,-8.0650,-8.9768,0.5089,-0.01
374.343,1787814843487,-8.0650,-8.9745,0.5090,-0.01
374.443,1787814843587,-8.0652,-8.9714,0.5091,-0.01
374.544,1787814843687,-8.0653,-8.9689,0.5091,-0.01
374.644,1787814843787,-8.0653,-8.9669,0.5092,-0.00
374.744,1787814843887,-8.0654,-8.9647,0.5093,0.00
374.844,1787814843988,-8.0655,-8.9633,0.5093,0.00
374.944,1787814844088,-8.0655,-8.9620,0.5094,0.01
375.045,1787814844188,-8.0655,-8.9614,0.5094,0.01
375.145,1787814844288,-8.0656,-8.9605,0.5095,0.01
375.245,1787814844388,-8.0656,-8.9600,0.5095,0.01
375.345,1787814844489,-8.0657,-8.9596,0.5096,0.01
375.445,1787814844589,-8.0657,-8.9594,0.5096,0.01
375.545,1787814844689,-8.0658,-8.9594,0.5096,0.01
375.645,1787814844789,-8.0658,-8.9595,0.5097,0.01
375.745,1787814844889,-8.0658,-8.9597,0.5097,0.00
375.845,1787814844989,-8.0659,-8.9600,0.5097,0.00
375.945,1787814845089,-8.0659,-8.9603,0.5098,0.00
376.046,1787814845189,-8.0659,-8.9607,0.5098,0.00
376.146,1787814845289,-8.0659,-8.9612,0.5098,-0.00
376.246,1787814845389,-8.0659,-8.9618,0.5098,-0.00
376.346,1787814845490,-8.0659,-8.9624,0.5097,-0.00
376.446,1787814845590,-8.0659,-8.9631,0.5097,-0.00
376.546,1787814845690,-8.0659,-8.9637,0.5097,0.00
376.646,1787814845790,-8.0659,-8.9643,0.5097,0.00
376.746,1787814845890,-8.0659,-8.9649,0.5096,0.00
376.847,1787814845990,-8.0660,-8.9655,0.5096,0.00
376.947,1787814846090,-8.0660,-8.9661,0.5096,0.00
377.047,1787814846191,-8.0660,-8.9667,0.5095,0.00
377.147,1787814846291,-8.0659,-8.9672,0.5095,0.00
377.247,1787814846391,-8.0659,-8.9676,0.5095,0.00
377.347,1787814846491,-8.0659,-8.9681,0.5094,0.00
377.447,1787814846591,-8.0659,-8.9687,0.5094,0.01
377.547,1787814846691,-8.0659,-8.9691,0.5093,0.01
377.648,1787814846791,-8.0658,-8.9696,0.5093,0.01
377.748,1787814846891,-8.0658,-8.9701,0.5093,0.01
377.848,1787814846991,-8.0658,-8.9706,0.5092,0.01
377.948,1787814847092,-8.0658,-8.9710,0.5092,0.01
378.048,1787814847192,-8.0659,-8.9715,0.5091,0.01
378.148,1787814847292,-8.0659,-8.9721,0.5091,0.01
378.248,1787814847392,-8.0659,-8.9725,0.5091,0.01
378.348,1787814847492,-8.0660,-8.9730,0.5091,0.01
378.449,1787814847592,-8.0660,-8.9735,0.5090,0.01
378.549,1787814847692,-8.0661,-8.9740,0.5090,0.01
378.649,1787814847793,-8.0662,-8.9745,0.5090,0.01
378.749,1787814847893,-8.0663,-8.9750,0.5090,0.01
378.850,1787814847993,-8.0664,-8.9755,0.5090,0.01
378.950,1787814848093,-8.0665,-8.9758,0.5090,0.01
379.050,1787814848194,-8.0666,-8.9764,0.5090,0.01
379.150,1787814848294,-8.0666,-8.9767,0.5090,0.00
379.250,1787814848394,-8.0667,-8.9771,0.5090,0.00
379.350,1787814848494,-8.0668,-8.9774,0.5091,0.00
379.450,1787814848594,-8.0669,-8.9777,0.5091,0.00
379.550,1787814848694,-8.0670,-8.9781,0.5091,0.00
379.651,1787814848794,-8.0671,-8.9786,0.5091,0.00
379.751,1787814848894,-8.0672,-8.9789,0.5092,0.00
379.851,1787814848994,-8.0673,-8.9792,0.5092,0.00
379.951,1787814849095,-8.0674,-8.9796,0.5093,0.00
380.051,1787814849195,-8.0675,-8.9799,0.5093,0.00
380.151,1787814849295,-8.0675,-8.9802,0.5094,0.00
380.251,1787814849395,-8.0676,-8.9805,0.5095,0.00
380.351,1787814849495,-8.0676,-8.9808,0.5096,0.00
380.451,1787814849595,-8.0677,-8.9812,0.5097,0.00
380.552,1787814849695,-8.0677,-8.9817,0.5098,0.02
380.652,1787814849795,-8.0676,-8.9825,0.5100,0.14
380.752,1787814849895,-8.0676,-8.9831,0.5104,0.46
380.852,1787814849996,-8.0675,-8.9833,0.5108,0.96
380.952,1787814850096,-8.0675,-8.9830,0.5115,1.91
381.052,1787814850196,-8.0674,-8.9819,0.5125,3.74
381.152,1787814850296,-8.0674,-8.9802,0.5135,6.06
381.252,1787814850396,-8.0674,-8.9783,0.5143,8.42
381.352,1787814850496,-8.0675,-8.9760,0.5149,11.12
381.453,1787814850596,-8.0677,-8.9737,0.5153,14.11
381.553,1787814850696,-8.0679,-8.9710,0.5156,17.85
381.653,1787814850796,-8.0682,-8.9689,0.5156,21.25
381.753,1787814850897,-8.0685,-8.9666,0.5153,25.66
381.853,1787814850997,-8.0686,-8.9652,0.5149,29.18
381.953,1787814851097,-8.0687,-8.9641,0.5144,33.02
382.053,1787814851197,-8.0687,-8.9635,0.5137,37.27
382.153,1787814851297,-8.0685,-8.9635,0.5132,40.16
382.253,1787814851397,-8.0681,-8.9639,0.5127,43.28
382.353,1787814851497,-8.0675,-8.9648,0.5120,46.89
382.454,1787814851597,-8.0668,-8.9660,0.5115,49.91
382.554,1787814851697,-8.0660,-8.9673,0.5110,52.82
382.654,1787814851798,-8.0651,-8.9690,0.5105,56.19
382.754,1787814851898,-8.0644,-8.9703,0.5101,58.65
382.854,1787814851998,-8.0638,-8.9716,0.5099,60.79
382.954,1787814852098,-8.0630,-8.9732,0.5096,63.72
383.054,1787814852198,-8.0623,-8.9747,0.5094,66.40
383.154,1787814852298,-8.0619,-8.9759,0.5093,69.00
383.254,1787814852398,-8.0616,-8.9771,0.5092,71.92
383.355,1787814852498,-8.0615,-8.9780,0.5092,74.76
383.455,1787814852598,-8.0616,-8.9788,0.5091,77.51
383.555,1787814852698,-8.0619,-8.9795,0.5091,80.31
383.655,1787814852799,-8.0622,-8.9800,0.5090,83.02
383.755,1787814852899,-8.0627,-8.9805,0.5090,86.39
383.855,1787814852999,-8.0632,-8.9808,0.5089,89.35
383.955,1787814853099,-8.0638,-8.9810,0.5089,92.51
384.055,1787814853199,-8.0646,-8.9811,0.5089,95.69
384.155,1787814853299,-8.0654,-8.9811,0.5088,99.50
384.255,1787814853399,-8.0662,-8.9811,0.5088,103.11
384.356,1787814853499,-8.0669,-8.9810,0.5087,106.50
384.456,1787814853599,-8.0675,-8.9808,0.5087,110.08
384.556,1787814853700,-8.0678,-8.9805,0.5086,113.10
384.656,1787814853800,-8.0680,-8.9802,0.5086,115.91
384.756,1787814853900,-8.0681,-8.9799,0.5085,118.52
384.856,1787814854000,-8.0681,-8.9795,0.5084,120.95
384.956,1787814854100,-8.0681,-8.9791,0.5084,123.91
385.056,1787814854200,-8.0680,-8.9786,0.5083,127.14
385.157,1787814854300,-8.0680,-8.9782,0.5083,129.85
385.257,1787814854400,-8.0681,-8.9779,0.5082,132.73
385.357,1787814854500,-8.0682,-8.9776,0.5082,135.92
385.457,1787814854601,-8.0684,-8.9775,0.5082,138.29
385.557,1787814854701,-8.0687,-8.9773,0.5082,141.11
385.657,1787814854801,-8.0689,-8.9771,0.5081,143.94
385.757,1787814854901,-8.0691,-8.9770,0.5081,146.39
385.857,1787814855001,-8.0694,-8.9769,0.5081,150.04
385.957,1787814855101,-8.0697,-8.9769,0.5081,153.01
386.057,1787814855201,-8.0700,-8.9770,0.5081,156.46
386.157,1787814855301,-8.0704,-8.9772,0.5081,159.62
386.258,1787814855401,-8.0707,-8.9775,0.5081,163.07
386.358,1787814855501,-8.0710,-8.9776,0.5081,166.32
386.458,1787814855601,-8.0711,-8.9777,0.5081,168.50
386.558,1787814855702,-8.0712,-8.9777,0.5081,171.77
386.658,1787814855802,-8.0713,-8.9777,0.5083,174.76
386.758,1787814855902,-8.0714,-8.9777,0.5085,177.34
386.859,1787814856002,-8.0715,-8.9776,0.5090,179.73
386.959,1787814856102,-8.0715,-8.9771,0.5096,-178.55
387.059,1787814856203,-8.0715,-8.9761,0.5101,-177.37
387.159,1787814856303,-8.0715,-8.9747,0.5106,-176.63
387.259,1787814856403,-8.0715,-8.9728,0.5112,-176.28
387.359,1787814856503,-8.0715,-8.9705,0.5116,-176.39
387.459,1787814856603,-8.0716,-8.9685,0.5119,-176.82
387.559,1787814856703,-8.0716,-8.9669,0.5119,-177.40
387.659,1787814856803,-8.0716,-8.9656,0.5119,-178.01
387.760,1787814856903,-8.0716,-8.9645,0.5117,-178.77
387.860,1787814857003,-8.0716,-8.9638,0.5114,-179.67
387.960,1787814857103,-8.0716,-8.9638,0.5111,179.72
388.060,1787814857204,-8.0716,-8.9643,0.5107,179.19
388.160,1787814857304,-8.0715,-8.9654,0.5103,178.75
388.260,1787814857404,-8.0715,-8.9668,0.5100,178.53
388.360,1787814857504,-8.0714,-8.9687,0.5096,178.41
388.460,1787814857604,-8.0713,-8.9706,0.5094,178.42
388.560,1787814857704,-8.0712,-8.9730,0.5091,178.54
388.661,1787814857804,-8.0711,-8.9743,0.5089,178.64
388.761,1787814857904,-8.0709,-8.9767,0.5087,178.89
388.861,1787814858005,-8.0707,-8.9788,0.5085,179.13
388.961,1787814858105,-8.0706,-8.9807,0.5083,179.38
389.061,1787814858205,-8.0704,-8.9822,0.5082,179.59
389.161,1787814858305,-8.0703,-8.9836,0.5081,179.78
389.261,1787814858405,-8.0701,-8.9848,0.5080,179.94
389.362,1787814858505,-8.0699,-8.9856,0.5079,-179.95
389.462,1787814858605,-8.0698,-8.9859,0.5079,-179.92
389.562,1787814858706,-8.0697,-8.9862,0.5078,-179.89
389.662,1787814858806,-8.0710,-8.9863,0.5078,-179.89
389.762,1787814858906,-8.0722,-8.9862,0.5079,-179.92
389.862,1787814859006,-8.0724,-8.9861,0.5079,-179.94
389.962,1787814859106,-8.0714,-8.9860,0.5081,-180.00
390.062,1787814859206,-8.0679,-8.9859,0.5083,179.94
390.162,1787814859306,-8.0615,-8.9858,0.5085,179.89
390.263,1787814859406,-8.0521,-8.9857,0.5087,179.84
390.363,1787814859506,-8.0407,-8.9857,0.5088,179.80
390.463,1787814859606,-8.0242,-8.9856,0.5090,179.77
390.563,1787814859707,-8.0035,-8.9856,0.5091,179.75
390.663,1787814859807,-7.9773,-8.9856,0.5092,179.74
390.763,1787814859907,-7.9508,-8.9856,0.5092,179.74
390.863,1787814860007,-7.9164,-8.9856,0.5091,179.75
390.963,1787814860107,-7.8830,-8.9856,0.5091,179.77
391.063,1787814860207,-7.8386,-8.9857,0.5090,179.79
391.163,1787814860307,-7.8005,-8.9858,0.5089,179.81
391.264,1787814860407,-7.7556,-8.9858,0.5088,179.83
391.364,1787814860507,-7.7029,-8.9859,0.5086,179.86
391.464,1787814860607,-7.6395,-8.9860,0.5084,179.88
391.564,1787814860708,-7.5833,-8.9861,0.5083,179.90
391.664,1787814860808,-7.5277,-8.9861,0.5082,179.91
391.764,1787814860908,-7.4679,-8.9861,0.5081,179.92
391.864,1787814861008,-7.3954,-8.9862,0.5080,179.92
391.964,1787814861108,-7.3301,-8.9862,0.5080,179.93
392.064,1787814861208,-7.2781,-8.9862,0.5079,179.93
392.165,1787814861308,-7.2022,-8.9862,0.5079,179.92
392.265,1787814861408,-7.1464,-8.9862,0.5079,179.92
392.365,1787814861508,-7.0846,-8.9863,0.5080,179.92
392.465,1787814861609,-7.0110,-8.9863,0.5081,179.92
392.566,1787814861709,-6.9492,-8.9864,0.5081,179.91
392.666,1787814861809,-6.8785,-8.9865,0.5082,179.91
392.766,1787814861910,-6.8140,-8.9867,0.5083,179.91
392.866,1787814862010,-6.7527,-8.9868,0.5083,179.91
392.966,1787814862110,-6.6890,-8.9869,0.5084,179.91
393.066,1787814862210,-6.6315,-8.9870,0.5085,179.92
393.166,1787814862310,-6.5687,-8.9872,0.5086,179.92
393.266,1787814862410,-6.4920,-8.9874,0.5087,179.92
393.367,1787814862510,-6.4354,-8.9876,0.5088,179.93
393.467,1787814862610,-6.3850,-8.9878,0.5089,179.93
393.567,1787814862710,-6.3515,-8.9880,0.5089,179.93
393.667,1787814862811,-6.3074,-8.9882,0.5090,179.94
393.767,1787814862911,-6.2719,-8.9883,0.5091,179.94
393.867,1787814863011,-6.2311,-8.9885,0.5091,179.94
393.967,1787814863111,-6.1984,-8.9887,0.5092,179.94
394.067,1787814863211,-6.1601,-8.9888,0.5093,179.95
394.169,1787814863312,-6.1104,-8.9891,0.5093,179.95
394.269,1787814863412,-6.0937,-8.9892,0.5094,179.95
394.369,1787814863512,-6.0517,-8.9894,0.5095,179.95
394.469,1787814863613,-6.0178,-8.9897,0.5096,179.96
394.569,1787814863713,-5.9746,-8.9899,0.5097,179.96
394.669,1787814863813,-5.9333,-8.9902,0.5098,179.96
394.770,1787814863913,-5.8880,-8.9904,0.5099,179.96
394.870,1787814864013,-5.8574,-8.9906,0.5099,179.96
394.970,1787814864114,-5.8042,-8.9909,0.5100,179.96
395.070,1787814864214,-5.7561,-8.9912,0.5101,179.96
395.170,1787814864314,-5.7266,-8.9913,0.5101,179.96
395.270,1787814864414,-5.6734,-8.9917,0.5102,179.96
395.371,1787814864515,-5.6362,-8.9919,0.5102,179.96
395.471,1787814864615,-5.5844,-8.9922,0.5103,179.96
395.572,1787814864715,-5.5458,-8.9924,0.5103,179.96
395.672,1787814864815,-5.4740,-8.9928,0.5104,179.96
395.772,1787814864915,-5.4409,-8.9930,0.5104,179.96
395.872,1787814865015,-5.3773,-8.9933,0.5104,179.96
395.972,1787814865116,-5.3316,-8.9935,0.5103,179.96
396.072,1787814865216,-5.2732,-8.9938,0.5103,179.96
396.172,1787814865316,-5.2091,-8.9941,0.5101,179.96
396.272,1787814865416,-5.1765,-8.9943,0.5100,179.96
396.373,1787814865516,-5.1149,-8.9946,0.5098,179.96
396.473,1787814865616,-5.0654,-8.9948,0.5096,179.97
396.573,1787814865717,-4.9997,-8.9951,0.5094,179.97
396.673,1787814865817,-4.9550,-8.9953,0.5092,179.97
396.773,1787814865917,-4.8751,-8.9956,0.5091,179.97
396.873,1787814866017,-4.8207,-8.9959,0.5090,179.97
396.973,1787814866117,-4.7752,-8.9961,0.5089,179.97
397.073,1787814866217,-4.7092,-8.9963,0.5088,179.97
397.174,1787814866317,-4.6669,-8.9965,0.5088,179.97
397.274,1787814866417,-4.6129,-8.9968,0.5088,179.97
397.374,1787814866517,-4.5711,-8.9969,0.5089,179.97
397.474,1787814866618,-4.5223,-8.9972,0.5089,179.98
397.574,1787814866718,-4.4766,-8.9973,0.5089,179.98
397.674,1787814866818,-4.4367,-8.9975,0.5089,179.98
397.774,1787814866918,-4.3950,-8.9976,0.5089,179.98
397.874,1787814867018,-4.3678,-8.9977,0.5089,179.98
397.974,1787814867118,-4.3364,-8.9978,0.5088,179.98
398.075,1787814867218,-4.3170,-8.9978,0.5088,179.98
398.175,1787814867318,-4.2903,-8.9980,0.5087,179.98
398.275,1787814867419,-4.2709,-8.9981,0.5087,179.98
398.375,1787814867519,-4.2519,-8.9982,0.5086,179.98
398.476,1787814867619,-4.2300,-8.9983,0.5085,179.98
398.576,1787814867719,-4.2123,-8.9984,0.5083,179.98
398.676,1787814867819,-4.1974,-8.9985,0.5082,179.98
398.776,1787814867920,-4.1893,-8.9986,0.5081,179.98
398.876,1787814868020,-4.1790,-8.9987,0.5080,179.98
398.976,1787814868120,-4.1713,-8.9987,0.5078,179.98
399.076,1787814868220,-4.1648,-8.9988,0.5077,179.98
399.177,1787814868320,-4.1591,-8.9990,0.5075,179.98
399.277,1787814868420,-4.1567,-8.9990,0.5074,179.98
399.378,1787814868521,-4.1551,-8.9991,0.5073,179.98
399.478,1787814868622,-4.1548,-8.9992,0.5072,179.98
399.578,1787814868722,-4.1553,-8.9993,0.5072,179.98
399.678,1787814868822,-4.1569,-8.9994,0.5071,179.98
399.778,1787814868922,-4.1593,-8.9994,0.5071,179.98
399.878,1787814869022,-4.1636,-8.9995,0.5071,179.98
399.979,1787814869122,-4.1663,-8.9995,0.5071,179.98
400.079,1787814869223,-4.1715,-8.9996,0.5071,179.98
400.179,1787814869323,-4.1763,-8.9996,0.5071,179.98
400.280,1787814869423,-4.1817,-8.9997,0.5071,179.98
400.380,1787814869523,-4.1883,-8.9997,0.5072,179.98
400.480,1787814869623,-4.1946,-8.9998,0.5072,179.98
400.580,1787814869724,-4.1999,-8.9998,0.5073,179.98
400.680,1787814869824,-4.2065,-8.9998,0.5073,179.98
400.780,1787814869924,-4.2139,-8.9998,0.5074,179.98
400.880,1787814870024,-4.2204,-8.9998,0.5075,179.98
400.981,1787814870124,-4.2264,-8.9998,0.5076,179.98
401.081,1787814870224,-4.2310,-8.9998,0.5076,179.98
401.181,1787814870324,-4.2374,-8.9998,0.5078,179.98
401.281,1787814870425,-4.2421,-8.9997,0.5078,179.98
401.381,1787814870525,-4.2476,-8.9997,0.5079,179.98
401.481,1787814870625,-4.2522,-8.9997,0.5080,179.98
401.581,1787814870725,-4.2571,-8.9996,0.5081,179.98
401.681,1787814870825,-4.2618,-8.9996,0.5082,179.98
401.781,1787814870925,-4.2645,-8.9996,0.5083,179.98
401.882,1787814871025,-4.2688,-8.9995,0.5084,179.98
401.982,1787814871125,-4.2722,-8.9994,0.5085,179.98
402.082,1787814871225,-4.2754,-8.9994,0.5085,179.98
402.182,1787814871326,-4.2781,-8.9993,0.5086,179.98
402.282,1787814871426,-4.2816,-8.9991,0.5087,179.98
402.382,1787814871526,-4.2842,-8.9990,0.5087,179.98
402.482,1787814871626,-4.2861,-8.9989,0.5088,179.99
402.583,1787814871726,-4.2884,-8.9987,0.5088,179.99
402.683,1787814871826,-4.2902,-8.9986,0.5088,179.99
402.783,1787814871926,-4.2917,-8.9985,0.5088,179.99
402.883,1787814872026,-4.2929,-8.9984,0.5089,179.99
402.983,1787814872127,-4.2939,-8.9983,0.5089,179.99
403.083,1787814872227,-4.2948,-8.9981,0.5089,179.99
403.183,1787814872327,-4.2956,-8.9979,0.5089,179.99
403.283,1787814872427,-4.2963,-8.9978,0.5090,180.00
403.383,1787814872527,-4.2969,-8.9976,0.5090,180.00
403.483,1787814872627,-4.2972,-8.9974,0.5090,180.00
403.584,1787814872727,-4.2974,-8.9973,0.5090,180.00
403.684,1787814872827,-4.2976,-8.9971,0.5090,180.00
403.784,1787814872928,-4.2977,-8.9969,0.5091,180.00
403.884,1787814873028,-4.2976,-8.9967,0.5091,180.00
403.984,1787814873128,-4.2975,-8.9966,0.5091,-180.00
404.084,1787814873228,-4.2974,-8.9965,0.5091,-180.00
404.184,1787814873328,-4.2972,-8.9964,0.5091,180.00
404.285,1787814873428,-4.2970,-8.9964,0.5091,180.00
404.385,1787814873528,-4.2968,-8.9963,0.5091,180.00
404.485,1787814873628,-4.2965,-8.9963,0.5091,180.00
404.585,1787814873729,-4.2961,-8.9962,0.5091,180.00
404.685,1787814873829,-4.2957,-8.9962,0.5091,180.00
404.785,1787814873929,-4.2953,-8.9962,0.5091,180.00
404.885,1787814874029,-4.2948,-8.9962,0.5091,180.00
404.985,1787814874129,-4.2943,-8.9962,0.5091,180.00
405.086,1787814874229,-4.2938,-8.9963,0.5091,179.99
405.186,1787814874329,-4.2934,-8.9963,0.5091,179.99
405.286,1787814874429,-4.2931,-8.9964,0.5091,179.99
405.386,1787814874530,-4.2925,-8.9964,0.5090,179.99
405.486,1787814874630,-4.2922,-8.9965,0.5090,179.99
405.586,1787814874730,-4.2918,-8.9966,0.5090,179.99
405.686,1787814874830,-4.2915,-8.9966,0.5090,179.99
405.786,1787814874930,-4.2910,-8.9967,0.5090,179.99
405.886,1787814875030,-4.2906,-8.9967,0.5090,179.99
405.987,1787814875130,-4.2902,-8.9968,0.5090,179.99
406.087,1787814875230,-4.2898,-8.9968,0.5090,179.99
406.187,1787814875331,-4.2894,-8.9969,0.5090,179.99
406.287,1787814875431,-4.2891,-8.9969,0.5091,179.99
406.387,1787814875531,-4.2888,-8.9970,0.5091,179.99
406.487,1787814875631,-4.2884,-8.9970,0.5091,179.99
406.587,1787814875731,-4.2881,-8.9971,0.5091,180.00
406.688,1787814875831,-4.2877,-8.9971,0.5092,180.00
406.789,1787814875932,-4.2873,-8.9972,0.5092,180.00
406.889,1787814876032,-4.2870,-8.9972,0.5092,180.00
406.989,1787814876132,-4.2867,-8.9972,0.5092,180.00
407.089,1787814876233,-4.2863,-8.9973,0.5092,180.00
407.189,1787814876333,-4.2861,-8.9973,0.5093,180.00
407.289,1787814876433,-4.2855,-8.9981,0.5093,180.00
407.389,1787814876533,-4.2850,-8.9995,0.5093,180.00
407.491,1787814876635,-4.2846,-9.0011,0.5095,180.00
407.591,1787814876735,-4.2845,-9.0021,0.5096,180.00
407.691,1787814876835,-4.2845,-9.0023,0.5098,180.00
407.791,1787814876935,-4.2846,-9.0006,0.5100,180.00
407.892,1787814877035,-4.2848,-8.9972,0.5102,180.00
407.992,1787814877135,-4.2851,-8.9917,0.5105,180.00
408.092,1787814877236,-4.2854,-8.9842,0.5107,179.99
408.192,1787814877336,-4.2859,-8.9744,0.5109,179.99
408.292,1787814877436,-4.2863,-8.9623,0.5111,179.99
408.392,1787814877536,-4.2868,-8.9500,0.5113,179.99
408.492,1787814877636,-4.2873,-8.9346,0.5115,179.99
408.592,1787814877736,-4.2880,-8.9115,0.5117,179.99
408.693,1787814877836,-4.2887,-8.8875,0.5118,179.99
408.793,1787814877936,-4.2894,-8.8603,0.5119,179.99
408.893,1787814878036,-4.2898,-8.8416,0.5120,180.00
408.993,1787814878137,-4.2905,-8.8115,0.5120,180.00
409.093,1787814878237,-4.2912,-8.7789,0.5120,180.00
409.193,1787814878337,-4.2918,-8.7437,0.5120,180.00
409.293,1787814878437,-4.2923,-8.7161,0.5119,180.00
409.394,1787814878537,-4.2930,-8.6709,0.5118,180.00
409.494,1787814878637,-4.2934,-8.6400,0.5118,180.00
409.594,1787814878738,-4.2939,-8.6050,0.5117,180.00
409.694,1787814878838,-4.2946,-8.5528,0.5116,180.00
409.794,1787814878938,-4.2950,-8.5174,0.5115,180.00
409.895,1787814879039,-4.2956,-8.4573,0.5113,180.00
409.995,1787814879139,-4.2961,-8.4048,0.5112,180.00
410.095,1787814879239,-4.2965,-8.3502,0.5110,180.00
410.196,1787814879339,-4.2969,-8.2862,0.5108,180.00
410.296,1787814879439,-4.2973,-8.2320,0.5106,180.00
410.396,1787814879539,-4.2976,-8.1688,0.5104,180.00
410.496,1787814879640,-4.2979,-8.1041,0.5103,180.00
410.596,1787814879740,-4.2981,-8.0548,0.5101,180.00
410.696,1787814879840,-4.2983,-7.9924,0.5100,180.00
410.796,1787814879940,-4.2984,-7.9504,0.5099,180.00
410.896,1787814880040,-4.2985,-7.8825,0.5098,180.00
410.996,1787814880140,-4.2986,-7.8312,0.5097,180.00
411.097,1787814880240,-4.2986,-7.7536,0.5096,180.00
411.197,1787814880340,-4.2987,-7.6926,0.5095,180.00
411.297,1787814880440,-4.2987,-7.6443,0.5095,180.00
411.397,1787814880541,-4.2986,-7.5783,0.5094,180.00
411.497,1787814880641,-4.2986,-7.5298,0.5094,180.00
411.597,1787814880741,-4.2985,-7.4636,0.5093,180.00
411.697,1787814880841,-4.2983,-7.3883,0.5093,180.00
411.797,1787814880941,-4.2982,-7.3081,0.5093,180.00
411.897,1787814881041,-4.2979,-7.2320,0.5092,180.00
411.998,1787814881141,-4.2977,-7.1648,0.5092,180.00
412.098,1787814881241,-4.2975,-7.0888,0.5092,180.00
412.198,1787814881341,-4.2972,-7.0221,0.5092,180.00
412.298,1787814881442,-4.2970,-6.9689,0.5092,180.00
412.398,1787814881542,-4.2967,-6.8984,0.5092,180.00
412.498,1787814881642,-4.2966,-6.8547,0.5092,180.00
412.598,1787814881742,-4.2963,-6.7853,0.5092,180.00
412.698,1787814881842,-4.2960,-6.7207,0.5092,180.00
412.799,1787814881942,-4.2957,-6.6521,0.5092,180.00
412.899,1787814882042,-4.2953,-6.5882,0.5092,180.00
412.999,1787814882142,-4.2951,-6.5288,0.5091,180.00
413.099,1787814882243,-4.2947,-6.4655,0.5091,180.00
413.199,1787814882343,-4.2945,-6.4067,0.5091,180.00
413.299,1787814882443,-4.2941,-6.3355,0.5091,180.00
413.399,1787814882543,-4.2939,-6.2813,0.5091,180.00
413.499,1787814882643,-4.2936,-6.2191,0.5091,180.00
413.600,1787814882743,-4.2933,-6.1530,0.5091,180.00
413.700,1787814882843,-4.2931,-6.1079,0.5090,180.00
413.800,1787814882943,-4.2928,-6.0385,0.5090,180.00
413.900,1787814883044,-4.2926,-6.0020,0.5090,180.00
414.000,1787814883144,-4.2923,-5.9252,0.5090,180.00
414.100,1787814883244,-4.2921,-5.8688,0.5090,180.00
414.200,1787814883344,-4.2919,-5.8164,0.5090,180.00
414.300,1787814883444,-4.2917,-5.7640,0.5090,180.00
414.401,1787814883544,-4.2915,-5.7078,0.5090,180.00
414.501,1787814883644,-4.2913,-5.6518,0.5090,180.00
414.601,1787814883745,-4.2911,-5.5881,0.5090,180.00
414.701,1787814883845,-4.2909,-5.5282,0.5091,180.00
414.801,1787814883945,-4.2907,-5.4840,0.5091,-180.00
414.901,1787814884045,-4.2905,-5.4198,0.5091,-180.00
415.001,1787814884145,-4.2903,-5.3676,0.5091,-180.00
415.102,1787814884245,-4.2901,-5.3034,0.5092,-180.00
415.202,1787814884345,-4.2899,-5.2471,0.5092,-180.00
415.302,1787814884446,-4.2897,-5.1989,0.5092,-180.00
415.402,1787814884546,-4.2894,-5.1265,0.5092,-180.00
415.502,1787814884646,-4.2892,-5.0618,0.5092,-180.00
415.602,1787814884746,-4.2890,-5.0214,0.5093,-180.00
415.702,1787814884846,-4.2888,-4.9647,0.5093,-180.00
415.802,1787814884946,-4.2886,-4.9000,0.5093,-180.00
415.903,1787814885046,-4.2884,-4.8515,0.5093,-180.00
416.003,1787814885146,-4.2883,-4.8070,0.5093,-180.00
416.103,1787814885247,-4.2879,-4.7302,0.5094,-180.00
416.203,1787814885347,-4.2878,-4.7019,0.5094,-180.00
416.303,1787814885447,-4.2876,-4.6452,0.5094,-180.00
416.403,1787814885547,-4.2875,-4.6088,0.5094,-180.00
416.504,1787814885648,-4.2873,-4.5562,0.5095,-180.00
416.605,1787814885748,-4.2871,-4.5116,0.5095,-180.00
416.705,1787814885848,-4.2869,-4.4466,0.5095,-180.00
416.805,1787814885948,-4.2867,-4.4098,0.5096,-180.00
416.905,1787814886048,-4.2865,-4.3399,0.5096,-180.00
417.005,1787814886149,-4.2863,-4.2983,0.5097,-180.00
417.105,1787814886249,-4.2861,-4.2230,0.5097,-180.00
417.205,1787814886349,-4.2859,-4.1809,0.5097,-180.00
417.305,1787814886449,-4.2857,-4.1087,0.5097,-180.00
417.405,1787814886549,-4.2855,-4.0489,0.5098,-180.00
417.506,1787814886649,-4.2853,-3.9930,0.5098,-180.00
417.606,1787814886749,-4.2850,-3.9326,0.5098,-180.00
417.706,1787814886850,-4.2848,-3.8633,0.5097,-180.00
417.806,1787814886950,-4.2846,-3.7850,0.5097,-180.00
417.906,1787814887050,-4.2844,-3.7195,0.5097,180.00
418.006,1787814887150,-4.2843,-3.6538,0.5096,180.00
418.106,1787814887250,-4.2842,-3.6057,0.5096,180.00
418.206,1787814887350,-4.2841,-3.5665,0.5096,180.00
418.307,1787814887450,-4.2839,-3.5100,0.5096,180.00
418.407,1787814887551,-4.2838,-3.4495,0.5096,180.00
418.507,1787814887651,-4.2837,-3.4107,0.5096,180.00
418.608,1787814887751,-4.2835,-3.3418,0.5095,180.00
418.708,1787814887851,-4.2833,-3.2726,0.5096,180.00
418.808,1787814887952,-4.2832,-3.2119,0.5096,180.00
418.908,1787814888052,-4.2831,-3.1552,0.5096,180.00
419.008,1787814888152,-4.2830,-3.1247,0.5096,180.00
419.109,1787814888253,-4.2829,-3.0595,0.5096,180.00
419.209,1787814888353,-4.2828,-2.9990,0.5096,-180.00
419.309,1787814888453,-4.2827,-2.9296,0.5096,-180.00
419.410,1787814888553,-4.2826,-2.8862,0.5096,-180.00
419.510,1787814888653,-4.2825,-2.8077,0.5097,-180.00
419.610,1787814888754,-4.2824,-2.7552,0.5097,-180.00
419.710,1787814888854,-4.2823,-2.7028,0.5097,-180.00
419.810,1787814888954,-4.2822,-2.6502,0.5097,-180.00
419.911,1787814889055,-4.2821,-2.5846,0.5097,-180.00
420.011,1787814889155,-4.2821,-2.5453,0.5097,-180.00
420.112,1787814889255,-4.2820,-2.4974,0.5097,-180.00
420.212,1787814889355,-4.2819,-2.4321,0.5097,-180.00
420.312,1787814889455,-4.2818,-2.3620,0.5097,-180.00
420.412,1787814889556,-4.2817,-2.2915,0.5097,-180.00
420.512,1787814889656,-4.2816,-2.2383,0.5097,-180.00
420.612,1787814889756,-4.2815,-2.1675,0.5097,180.00
420.712,1787814889856,-4.2815,-2.1364,0.5097,180.00
420.812,1787814889956,-4.2814,-2.0657,0.5096,180.00
420.913,1787814890056,-4.2813,-2.0041,0.5097,180.00
421.013,1787814890156,-4.2811,-1.9204,0.5097,180.00
421.113,1787814890256,-4.2810,-1.8541,0.5097,179.99
421.213,1787814890357,-4.2809,-1.8010,0.5097,179.99
421.313,1787814890457,-4.2808,-1.7346,0.5097,179.99
421.413,1787814890557,-4.2807,-1.6682,0.5096,179.99
421.514,1787814890657,-4.2806,-1.5934,0.5096,179.99
421.614,1787814890758,-4.2805,-1.5364,0.5096,179.99
421.714,1787814890858,-4.2804,-1.4752,0.5096,179.99
421.814,1787814890958,-4.2803,-1.4055,0.5096,179.99
421.914,1787814891058,-4.2802,-1.3402,0.5096,179.99
422.014,1787814891158,-4.2801,-1.2708,0.5095,180.00
422.115,1787814891258,-4.2801,-1.2190,0.5095,180.00
422.215,1787814891358,-4.2800,-1.1461,0.5095,180.00
422.315,1787814891459,-4.2799,-1.0821,0.5095,180.00
422.415,1787814891559,-4.2798,-1.0013,0.5095,180.00
422.515,1787814891659,-4.2797,-0.9505,0.5095,180.00
422.617,1787814891760,-4.2797,-0.8917,0.5094,180.00
422.717,1787814891861,-4.2796,-0.8250,0.5094,180.00
422.817,1787814891961,-4.2795,-0.7586,0.5094,180.00
422.917,1787814892061,-4.2795,-0.7008,0.5094,180.00
423.017,1787814892161,-4.2794,-0.6311,0.5094,179.99
423.118,1787814892261,-4.2793,-0.5661,0.5093,179.99
423.218,1787814892361,-4.2793,-0.5216,0.5093,179.99
423.318,1787814892461,-4.2792,-0.4409,0.5093,179.99
423.418,1787814892562,-4.2792,-0.3968,0.5093,179.99
423.518,1787814892662,-4.2791,-0.3410,0.5093,179.99
423.618,1787814892762,-4.2791,-0.2815,0.5093,179.99
423.718,1787814892862,-4.2790,-0.2143,0.5092,179.99
423.818,1787814892962,-4.2790,-0.1671,0.5092,179.99
423.919,1787814893062,-4.2789,-0.1160,0.5092,179.99
424.019,1787814893162,-4.2789,-0.0531,0.5092,179.99
424.119,1787814893263,-4.2788,-0.0022,0.5093,179.99
424.219,1787814893363,-4.2788,0.0603,0.5093,179.99
424.319,1787814893463,-4.2787,0.1188,0.5093,179.99
424.419,1787814893563,-4.2786,0.1694,0.5093,179.99
424.519,1787814893663,-4.2785,0.2318,0.5093,179.99
424.619,1787814893763,-4.2785,0.2747,0.5094,179.99
424.720,1787814893863,-4.2783,0.3409,0.5094,179.99
424.820,1787814893963,-4.2782,0.3995,0.5094,179.99
424.920,1787814894063,-4.2781,0.4581,0.5095,180.00
425.020,1787814894164,-4.2780,0.4934,0.5095,180.00
425.120,1787814894264,-4.2778,0.5560,0.5095,180.00
425.220,1787814894364,-4.2777,0.6187,0.5096,180.00
425.320,1787814894464,-4.2776,0.6737,0.5096,180.00
425.420,1787814894564,-4.2774,0.7488,0.5096,180.00
425.520,1787814894664,-4.2772,0.8004,0.5097,180.00
425.621,1787814894764,-4.2771,0.8521,0.5097,180.00
425.721,1787814894864,-4.2769,0.9238,0.5097,180.00
425.821,1787814894965,-4.2767,0.9636,0.5097,180.00
425.921,1787814895065,-4.2765,1.0434,0.5097,180.00
426.021,1787814895165,-4.2763,1.1074,0.5097,179.99
426.121,1787814895265,-4.2761,1.1594,0.5097,179.99
426.221,1787814895365,-4.2759,1.2154,0.5097,179.99
426.321,1787814895465,-4.2757,1.2713,0.5097,179.99
426.421,1787814895565,-4.2756,1.3271,0.5097,179.99
426.522,1787814895665,-4.2754,1.3789,0.5097,179.99
426.622,1787814895765,-4.2752,1.4386,0.5097,179.99
426.722,1787814895866,-4.2751,1.4784,0.5097,179.99
426.822,1787814895966,-4.2749,1.5381,0.5097,179.99
426.922,1787814896066,-4.2748,1.5740,0.5097,179.99
427.024,1787814896167,-4.2747,1.6339,0.5097,179.99
427.124,1787814896267,-4.2746,1.6539,0.5097,179.99
427.224,1787814896368,-4.2745,1.7098,0.5097,179.99
427.324,1787814896468,-4.2743,1.7578,0.5097,179.99
427.424,1787814896568,-4.2742,1.8221,0.5098,179.99
427.524,1787814896668,-4.2740,1.8914,0.5098,179.99
427.624,1787814896768,-4.2739,1.9451,0.5098,179.99
427.724,1787814896868,-4.2738,1.9951,0.5099,179.99
427.825,1787814896968,-4.2737,2.0538,0.5099,179.99
427.925,1787814897068,-4.2735,2.1169,0.5099,179.98
428.025,1787814897168,-4.2735,2.1592,0.5099,179.99
428.125,1787814897269,-4.2734,2.2186,0.5098,179.99
428.225,1787814897369,-4.2733,2.2740,0.5098,179.99
428.326,1787814897469,-4.2732,2.3253,0.5098,179.99
428.426,1787814897569,-4.2731,2.3681,0.5098,179.99
428.526,1787814897669,-4.2731,2.4239,0.5098,179.99
428.628,1787814897772,-4.2730,2.4843,0.5098,179.99
428.729,1787814897872,-4.2729,2.5407,0.5098,179.99
428.829,1787814897972,-4.2728,2.5974,0.5098,179.99
428.929,1787814898073,-4.2728,2.6634,0.5098,179.99
429.029,1787814898173,-4.2727,2.7031,0.5099,179.99
429.129,1787814898273,-4.2727,2.7651,0.5099,179.99
429.229,1787814898373,-4.2726,2.8318,0.5099,179.99
429.330,1787814898473,-4.2726,2.9168,0.5099,179.99
429.430,1787814898573,-4.2726,2.9572,0.5099,179.99
429.530,1787814898673,-4.2725,3.0340,0.5098,179.99
429.630,1787814898774,-4.2725,3.1065,0.5098,179.99
429.730,1787814898874,-4.2725,3.1790,0.5098,179.99
429.830,1787814898974,-4.2724,3.2472,0.5098,179.99
429.930,1787814899074,-4.2724,3.3152,0.5098,179.99
430.033,1787814899176,-4.2724,3.3739,0.5097,179.99
430.133,1787814899277,-4.2724,3.4369,0.5097,179.99
430.233,1787814899377,-4.2724,3.4770,0.5097,179.99
430.334,1787814899477,-4.2724,3.5393,0.5097,180.00
430.434,1787814899577,-4.2723,3.6145,0.5097,180.00
430.534,1787814899677,-4.2723,3.6854,0.5097,180.00
430.634,1787814899778,-4.2723,3.7297,0.5097,180.00
430.734,1787814899878,-4.2723,3.7960,0.5097,180.00
430.836,1787814899979,-4.2723,3.8400,0.5097,180.00
430.936,1787814900079,-4.2723,3.9189,0.5097,180.00
431.036,1787814900180,-4.2723,3.9539,0.5097,180.00
431.136,1787814900280,-4.2723,4.0367,0.5097,180.00
431.236,1787814900380,-4.2723,4.0890,0.5097,180.00
431.336,1787814900480,-4.2722,4.1455,0.5097,180.00
431.436,1787814900580,-4.2722,4.2064,0.5097,180.00
431.536,1787814900680,-4.2721,4.2714,0.5097,180.00
431.637,1787814900781,-4.2721,4.3450,0.5096,180.00
431.737,1787814900881,-4.2721,4.3839,0.5096,180.00
431.837,1787814900981,-4.2720,4.4484,0.5096,180.00
431.937,1787814901081,-4.2720,4.5041,0.5096,180.00
432.038,1787814901181,-4.2719,4.5725,0.5096,180.00
432.138,1787814901282,-4.2719,4.6496,0.5096,180.00
432.239,1787814901382,-4.2718,4.7140,0.5095,180.00
432.339,1787814901482,-4.2717,4.7827,0.5095,180.00
432.439,1787814901582,-4.2717,4.8256,0.5095,180.00
432.539,1787814901683,-4.2716,4.8980,0.5095,180.00
432.639,1787814901783,-4.2716,4.9573,0.5095,180.00
432.739,1787814901883,-4.2715,5.0290,0.5095,180.00
432.839,1787814901983,-4.2714,5.0921,0.5094,180.00
432.939,1787814902083,-4.2714,5.1299,0.5094,180.00
433.040,1787814902183,-4.2714,5.2050,0.5094,180.00
433.140,1787814902283,-4.2713,5.2550,0.5094,180.00
433.240,1787814902384,-4.2713,5.3174,0.5094,180.00
433.340,1787814902484,-4.2712,5.3589,0.5093,180.00
433.440,1787814902584,-4.2712,5.4251,0.5093,180.00
433.542,1787814902686,-4.2711,5.4871,0.5093,180.00
433.642,1787814902786,-4.2711,5.5448,0.5093,180.00
433.742,1787814902886,-4.2711,5.6150,0.5093,180.00
433.842,1787814902986,-4.2710,5.6563,0.5093,180.00
433.943,1787814903086,-4.2710,5.7225,0.5094,180.00
434.043,1787814903186,-4.2709,5.7595,0.5094,180.00
434.143,1787814903287,-4.2709,5.8129,0.5094,180.00
434.243,1787814903387,-4.2708,5.8661,0.5095,180.00
434.343,1787814903487,-4.2708,5.9355,0.5095,179.99
434.443,1787814903587,-4.2707,5.9928,0.5096,179.99
434.543,1787814903687,-4.2707,6.0462,0.5097,179.99
434.644,1787814903787,-4.2706,6.1039,0.5097,179.99
434.744,1787814903887,-4.2705,6.1660,0.5098,179.99
434.844,1787814903988,-4.2705,6.2367,0.5099,179.99
434.944,1787814904088,-4.2704,6.2992,0.5099,179.99
435.044,1787814904188,-4.2703,6.3576,0.5099,179.99
435.144,1787814904288,-4.2702,6.4119,0.5100,179.99
435.244,1787814904388,-4.2702,6.4493,0.5100,179.99
435.344,1787814904488,-4.2701,6.5200,0.5100,179.99
435.445,1787814904588,-4.2700,6.5656,0.5101,179.99
435.545,1787814904688,-4.2700,6.6279,0.5101,179.99
435.645,1787814904788,-4.2699,6.6820,0.5101,180.00
435.745,1787814904889,-4.2698,6.7614,0.5101,180.00
435.845,1787814904989,-4.2698,6.7907,0.5101,180.00
435.945,1787814905089,-4.2697,6.8662,0.5101,180.00
436.045,1787814905189,-4.2696,6.9375,0.5101,180.00
436.145,1787814905289,-4.2695,6.9922,0.5101,-180.00
436.246,1787814905389,-4.2695,7.0639,0.5100,-180.00
436.347,1787814905490,-4.2694,7.1400,0.5100,-180.00
436.447,1787814905590,-4.2693,7.1949,0.5100,-180.00
436.547,1787814905690,-4.2692,7.2582,0.5099,-180.00
436.647,1787814905791,-4.2691,7.2961,0.5099,-180.00
436.747,1787814905891,-4.2690,7.3758,0.5099,-180.00
436.847,1787814905991,-4.2689,7.4132,0.5099,-180.00
436.947,1787814906091,-4.2688,7.4714,0.5099,-180.00
437.047,1787814906191,-4.2687,7.5419,0.5099,180.00
437.148,1787814906291,-4.2686,7.6251,0.5099,180.00
437.248,1787814906391,-4.2684,7.7086,0.5099,180.00
437.348,1787814906491,-4.2682,7.8004,0.5099,180.00
437.448,1787814906591,-4.2681,7.8669,0.5099,180.00
437.548,1787814906692,-4.2680,7.9247,0.5099,180.00
437.648,1787814906792,-4.2679,7.9942,0.5099,-180.00
437.748,1787814906892,-4.2679,8.0023,0.5099,-180.00
437.849,1787814906992,-4.2679,8.0023,0.5099,-180.00
437.949,1787814907093,-4.2679,8.0023,0.5099,-180.00
438.049,1787814907193,-4.2678,8.0226,0.5099,-180.00
438.149,1787814907293,-4.2677,8.1151,0.5098,-180.00
438.249,1787814907393,-4.2675,8.2120,0.5098,-180.00
438.349,1787814907493,-4.2673,8.3081,0.5098,-180.00
438.449,1787814907593,-4.2671,8.3975,0.5098,-180.00
438.549,1787814907693,-4.2668,8.4970,0.5100,-180.00
438.650,1787814907793,-4.2667,8.5728,0.5100,180.00
438.750,1787814907893,-4.2665,8.6435,0.5101,180.00
438.850,1787814907993,-4.2664,8.7031,0.5102,180.00
438.950,1787814908094,-4.2663,8.7553,0.5102,180.00
439.050,1787814908194,-4.2661,8.8126,0.5102,180.00
439.150,1787814908294,-4.2660,8.8615,0.5102,180.00
439.250,1787814908394,-4.2658,8.9044,0.5101,180.00
439.350,1787814908494,-4.2657,8.9448,0.5099,179.99
439.450,1787814908594,-4.2655,8.9760,0.5097,179.99
439.551,1787814908694,-4.2653,9.0051,0.5094,180.00
439.651,1787814908794,-4.2652,9.0247,0.5091,180.00
439.751,1787814908894,-4.2651,9.0402,0.5089,180.00
439.851,1787814908994,-4.2650,9.0524,0.5086,180.00
439.951,1787814909095,-4.2649,9.0609,0.5084,180.00
440.051,1787814909195,-4.2648,9.0661,0.5083,180.00
440.151,1787814909295,-4.2648,9.0686,0.5081,180.00
440.251,1787814909395,-4.2647,9.0680,0.5079,-180.00
440.351,1787814909495,-4.2647,9.0652,0.5078,-180.00
440.451,1787814909595,-4.2646,9.0613,0.5077,-180.00
440.552,1787814909695,-4.2646,9.0558,0.5077,-180.00
440.652,1787814909795,-4.2645,9.0481,0.5077,-180.00
440.752,1787814909895,-4.2646,9.0415,0.5077,180.00
440.852,1787814909996,-4.2646,9.0334,0.5078,179.99
440.952,1787814910096,-4.2647,9.0259,0.5079,179.99
441.052,1787814910196,-4.2649,9.0166,0.5080,179.99
441.152,1787814910296,-4.2650,9.0103,0.5081,179.99
441.252,1787814910396,-4.2652,9.0018,0.5082,179.99
441.352,1787814910496,-4.2654,8.9950,0.5083,179.99
441.452,1787814910596,-4.2656,8.9883,0.5084,179.99
441.553,1787814910696,-4.2658,8.9814,0.5085,179.99
441.653,1787814910796,-4.2660,8.9761,0.5086,179.99
441.753,1787814910896,-4.2661,8.9719,0.5087,179.99
441.853,1787814910997,-4.2663,8.9662,0.5088,179.99
441.953,1787814911097,-4.2665,8.9627,0.5089,180.00
442.053,1787814911197,-4.2667,8.9592,0.5090,180.00
442.153,1787814911297,-4.2668,8.9563,0.5091,180.00
442.253,1787814911397,-4.2670,8.9537,0.5092,180.00
442.353,1787814911497,-4.2672,8.9518,0.5093,-180.00
442.454,1787814911597,-4.2673,8.9501,0.5094,-180.00
442.554,1787814911697,-4.2675,8.9490,0.5095,-180.00
442.654,1787814911797,-4.2675,8.9483,0.5095,-180.00
442.754,1787814911898,-4.2677,8.9477,0.5096,-180.00
442.854,1787814911998,-4.2678,8.9475,0.5096,180.00
442.954,1787814912098,-4.2678,8.9475,0.5097,180.00
443.054,1787814912198,-4.2679,8.9478,0.5097,180.00
443.155,1787814912298,-4.2680,8.9481,0.5097,179.99
443.255,1787814912398,-4.2680,8.9487,0.5098,179.99
443.355,1787814912498,-4.2681,8.9495,0.5099,179.99
443.455,1787814912599,-4.2681,8.9504,0.5099,179.99
443.555,1787814912699,-4.2681,8.9512,0.5100,179.99
443.655,1787814912799,-4.2682,8.9520,0.5100,179.99
443.755,1787814912899,-4.2682,8.9529,0.5100,179.99
443.855,1787814912999,-4.2682,8.9540,0.5100,179.99
443.955,1787814913099,-4.2683,8.9551,0.5101,179.99
444.055,1787814913199,-4.2683,8.9561,0.5101,179.99
444.156,1787814913299,-4.2683,8.9572,0.5101,179.99
444.256,1787814913399,-4.2683,8.9583,0.5100,179.99
444.356,1787814913499,-4.2683,8.9593,0.5100,179.99
444.456,1787814913600,-4.2684,8.9603,0.5100,179.99
444.556,1787814913700,-4.2684,8.9614,0.5100,179.99
444.656,1787814913800,-4.2684,8.9623,0.5100,179.99
444.756,1787814913900,-4.2684,8.9631,0.5099,179.99
444.856,1787814914000,-4.2684,8.9640,0.5099,179.99
444.957,1787814914100,-4.2684,8.9650,0.5099,179.99
445.057,1787814914201,-4.2684,8.9660,0.5099,180.00
445.157,1787814914301,-4.2684,8.9669,0.5099,180.00
445.257,1787814914401,-4.2684,8.9678,0.5098,179.99
445.357,1787814914501,-4.2684,8.9686,0.5098,179.99
445.457,1787814914601,-4.2684,8.9696,0.5097,179.99
445.557,1787814914701,-4.2684,8.9703,0.5097,179.99
445.658,1787814914801,-4.2684,8.9711,0.5097,179.99
445.758,1787814914901,-4.2684,8.9719,0.5096,179.99
445.858,1787814915001,-4.2684,8.9728,0.5096,179.99
445.958,1787814915102,-4.2684,8.9736,0.5096,179.99
446.058,1787814915202,-4.2684,8.9743,0.5096,179.99
446.158,1787814915302,-4.2683,8.9750,0.5096,179.99
446.258,1787814915402,-4.2683,8.9758,0.5096,179.99
446.358,1787814915502,-4.2683,8.9764,0.5097,179.99
446.458,1787814915602,-4.2682,8.9771,0.5097,179.99
446.558,1787814915702,-4.2682,8.9776,0.5097,179.99
446.659,1787814915803,-4.2682,8.9782,0.5097,179.99
446.759,1787814915903,-4.2681,8.9787,0.5098,179.99
446.859,1787814916003,-4.2680,8.9792,0.5098,179.99
446.959,1787814916103,-4.2679,8.9797,0.5098,179.99
447.060,1787814916203,-4.2678,8.9800,0.5098,179.99
447.160,1787814916303,-4.2677,8.9806,0.5097,179.99
447.260,1787814916403,-4.2677,8.9810,0.5097,179.99
447.360,1787814916504,-4.2677,8.9815,0.5097,179.99
447.460,1787814916604,-4.2676,8.9819,0.5097,179.99
447.560,1787814916704,-4.2676,8.9823,0.5098,179.99
447.660,1787814916804,-4.2676,8.9828,0.5098,179.99
447.760,1787814916904,-4.2675,8.9832,0.5098,179.99
447.860,1787814917004,-4.2675,8.9836,0.5098,179.99
447.960,1787814917104,-4.2675,8.9840,0.5098,179.99
448.061,1787814917204,-4.2675,8.9844,0.5098,179.99
448.161,1787814917304,-4.2675,8.9848,0.5098,179.99
448.261,1787814917404,-4.2675,8.9852,0.5098,179.99
448.361,1787814917504,-4.2675,8.9856,0.5098,179.99
448.461,1787814917605,-4.2675,8.9859,0.5098,179.99
448.561,1787814917705,-4.2675,8.9865,0.5099,179.99
448.661,1787814917805,-4.2674,8.9871,0.5108,179.99
448.761,1787814917905,-4.2674,8.9874,0.5122,179.99
448.861,1787814918005,-4.2674,8.9874,0.5148,179.99
448.961,1787814918105,-4.2673,8.9871,0.5189,179.99
449.062,1787814918205,-4.2672,8.9867,0.5237,179.99
449.162,1787814918305,-4.2671,8.9861,0.5310,180.00
449.262,1787814918405,-4.2670,8.9855,0.5380,180.00
449.362,1787814918506,-4.2669,8.9848,0.5460,180.00
449.462,1787814918606,-4.2668,8.9839,0.5569,180.00
449.562,1787814918706,-4.2667,8.9832,0.5664,180.00
449.662,1787814918806,-4.2666,8.9825,0.5750,180.00
449.762,1787814918906,-4.2664,8.9817,0.5870,180.00
449.862,1787814919006,-4.2663,8.9810,0.5979,180.00
449.962,1787814919106,-4.2662,8.9805,0.6077,180.00
450.063,1787814919206,-4.2661,8.9799,0.6197,180.00
450.163,1787814919306,-4.2660,8.9794,0.6317,180.00
450.263,1787814919406,-4.2659,8.9789,0.6439,-180.00
450.363,1787814919507,-4.2659,8.9785,0.6575,-180.00
450.463,1787814919607,-4.2659,8.9782,0.6690,-180.00
450.563,1787814919707,-4.2659,8.9779,0.6813,180.00
450.663,1787814919807,-4.2660,8.9776,0.6942,180.00
450.763,1787814919907,-4.2660,8.9775,0.7068,180.00
450.863,1787814920007,-4.2661,8.9775,0.7195,180.00
450.964,1787814920107,-4.2662,8.9774,0.7335,180.00
451.064,1787814920207,-4.2663,8.9775,0.7453,180.00
451.164,1787814920308,-4.2665,8.9776,0.7611,179.99
451.264,1787814920408,-4.2666,8.9777,0.7744,179.99
451.364,1787814920508,-4.2668,8.9779,0.7891,179.99
451.464,1787814920608,-4.2670,8.9781,0.8019,179.99
451.566,1787814920710,-4.2672,8.9784,0.8167,179.99
451.666,1787814920810,-4.2673,8.9786,0.8264,179.99
451.766,1787814920910,-4.2674,8.9788,0.8374,179.99
451.866,1787814921010,-4.2676,8.9790,0.8513,179.99
451.966,1787814921110,-4.2677,8.9793,0.8661,179.99
452.067,1787814921210,-4.2679,8.9797,0.8837,179.99
452.167,1787814921310,-4.2681,8.9800,0.8993,179.99
452.267,1787814921410,-4.2682,8.9803,0.9134,179.99
452.367,1787814921511,-4.2683,8.9806,0.9287,180.00
452.467,1787814921611,-4.2683,8.9810,0.9433,180.00
452.567,1787814921711,-4.2684,8.9813,0.9592,180.00
452.667,1787814921811,-4.2685,8.9816,0.9698,180.00
452.767,1787814921911,-4.2685,8.9819,0.9825,180.00
452.868,1787814922011,-4.2686,8.9823,1.0000,-180.00
452.968,1787814922111,-4.2687,8.9826,1.0122,-180.00
453.068,1787814922211,-4.2687,8.9830,1.0272,-180.00
453.168,1787814922312,-4.2688,8.9834,1.0416,-180.00
453.268,1787814922412,-4.2689,8.9839,1.0599,-180.00
453.368,1787814922512,-4.2690,8.9843,1.0754,-180.00
453.468,1787814922612,-4.2690,8.9847,1.0895,-180.00
453.568,1787814922712,-4.2691,8.9851,1.1041,-180.00
453.668,1787814922812,-4.2691,8.9855,1.1188,-180.00
453.768,1787814922912,-4.2691,8.9859,1.1321,-180.00
453.868,1787814923012,-4.2692,8.9863,1.1474,180.00
453.969,1787814923113,-4.2692,8.9868,1.1634,180.00
454.069,1787814923213,-4.2692,8.9872,1.1780,180.00
454.169,1787814923313,-4.2693,8.9875,1.1905,180.00
454.269,1787814923413,-4.2693,8.9879,1.2038,180.00
454.369,1787814923513,-4.2692,8.9884,1.2198,180.00
454.470,1787814923613,-4.2692,8.9888,1.2358,179.99
454.570,1787814923713,-4.2691,8.9893,1.2519,180.00
454.670,1787814923813,-4.2691,8.9896,1.2665,180.00
454.770,1787814923914,-4.2691,8.9900,1.2810,180.00
454.870,1787814924014,-4.2690,8.9903,1.2962,180.00
454.970,1787814924114,-4.2690,8.9906,1.3126,-180.00
455.070,1787814924214,-4.2689,8.9909,1.3283,-180.00
455.170,1787814924314,-4.2689,8.9912,1.3427,-180.00
455.270,1787814924414,-4.2689,8.9916,1.3571,-180.00
455.371,1787814924514,-4.2688,8.9919,1.3721,-180.00
455.471,1787814924614,-4.2688,8.9920,1.3864,-180.00
455.571,1787814924714,-4.2688,8.9922,1.3994,-180.00
455.671,1787814924815,-4.2688,8.9924,1.4137,-180.00
455.771,1787814924915,-4.2688,8.9927,1.4288,-180.00
455.871,1787814925015,-4.2688,8.9929,1.4426,-180.00
455.971,1787814925115,-4.2688,8.9931,1.4571,-180.00
456.071,1787814925215,-4.2689,8.9934,1.4742,-180.00
456.171,1787814925315,-4.2689,8.9936,1.4887,-180.00
456.271,1787814925415,-4.2689,8.9938,1.5032,180.00
456.372,1787814925515,-4.2690,8.9939,1.5177,180.00
456.472,1787814925615,-4.2690,8.9941,1.5315,180.00
456.572,1787814925715,-4.2691,8.9942,1.5453,180.00
456.672,1787814925816,-4.2691,8.9944,1.5591,180.00
456.772,1787814925916,-4.2692,8.9945,1.5730,180.00
456.873,1787814926016,-4.2693,8.9946,1.5891,180.00
456.973,1787814926117,-4.2694,8.9947,1.6019,180.00
457.073,1787814926217,-4.2695,8.9948,1.6161,180.00
457.173,1787814926317,-4.2696,8.9949,1.6317,180.00
457.273,1787814926417,-4.2697,8.9950,1.6466,180.00
457.373,1787814926517,-4.2698,8.9952,1.6642,180.00
457.473,1787814926617,-4.2699,8.9953,1.6763,180.00
457.573,1787814926717,-4.2700,8.9953,1.6911,180.00
457.673,1787814926817,-4.2701,8.9954,1.7020,180.00
457.774,1787814926918,-4.2701,8.9954,1.7135,180.00
457.874,1787814927018,-4.2702,8.9955,1.7301,180.00
457.974,1787814927118,-4.2702,8.9956,1.7453,180.00
458.075,1787814927219,-4.2703,8.9957,1.7620,180.00
458.175,1787814927319,-4.2702,8.9958,1.7774,180.00
458.275,1787814927419,-4.2702,8.9958,1.7913,180.00
458.375,1787814927519,-4.2701,8.9959,1.8065,180.00
458.476,1787814927619,-4.2700,8.9960,1.8217,180.00
458.576,1787814927719,-4.2699,8.9960,1.8375,180.00
458.676,1787814927819,-4.2697,8.9960,1.8520,180.00
458.776,1787814927920,-4.2696,8.9960,1.8656,180.00
458.876,1787814928020,-4.2695,8.9961,1.8799,-180.00
458.976,1787814928120,-4.2694,8.9961,1.8935,-180.00
459.076,1787814928220,-4.2692,8.9961,1.9107,-180.00
459.176,1787814928320,-4.2691,8.9962,1.9231,-180.00
459.276,1787814928420,-4.2690,8.9963,1.9411,180.00
459.377,1787814928520,-4.2688,8.9963,1.9562,180.00
459.477,1787814928620,-4.2686,8.9964,1.9707,180.00
459.577,1787814928720,-4.2685,8.9964,1.9877,179.99
459.677,1787814928821,-4.2683,8.9965,2.0018,179.99
459.777,1787814928921,-4.2681,8.9967,2.0153,179.99
459.877,1787814929021,-4.2680,8.9967,2.0281,179.99
459.977,1787814929121,-4.2678,8.9969,2.0429,179.99
460.077,1787814929221,-4.2676,8.9971,2.0577,179.99
460.177,1787814929321,-4.2675,8.9974,2.0725,179.99
460.278,1787814929421,-4.2673,8.9977,2.0857,179.99
460.378,1787814929521,-4.2671,8.9980,2.0982,179.99
460.478,1787814929621,-4.2669,8.9982,2.1108,179.99
460.578,1787814929722,-4.2667,8.9985,2.1207,179.99
460.678,1787814929822,-4.2665,8.9987,2.1299,179.99
460.778,1787814929922,-4.2663,8.9989,2.1369,179.99
460.878,1787814930022,-4.2661,8.9992,2.1432,179.99
460.978,1787814930122,-4.2659,8.9994,2.1486,179.99
461.079,1787814930222,-4.2657,8.9996,2.1539,180.00
461.179,1787814930322,-4.2655,8.9998,2.1596,180.00
461.279,1787814930422,-4.2653,9.0000,2.1637,180.00
461.379,1787814930522,-4.2651,9.0001,2.1671,180.00
461.479,1787814930623,-4.2649,9.0004,2.1711,-180.00
461.579,1787814930723,-4.2648,9.0005,2.1739,-180.00
461.679,1787814930823,-4.2647,9.0007,2.1766,-180.00
461.779,1787814930923,-4.2647,9.0009,2.1789,-180.00
461.880,1787814931023,-4.2646,9.0010,2.1810,-180.00
461.980,1787814931123,-4.2645,9.0012,2.1826,-180.00
462.080,1787814931223,-4.2645,9.0013,2.1845,-179.99
462.180,1787814931324,-4.2646,9.0014,2.1861,-179.99
462.280,1787814931424,-4.2647,9.0015,2.1875,-179.99
462.380,1787814931524,-4.2647,9.0016,2.1890,-179.99
462.480,1787814931624,-4.2647,9.0016,2.1902,-179.99
462.580,1787814931724,-4.2647,9.0017,2.1913,-180.00
462.680,1787814931824,-4.2648,9.0017,2.1922,-180.00
462.780,1787814931924,-4.2648,9.0018,2.1930,180.00
462.881,1787814932024,-4.2648,9.0018,2.1941,180.00
462.981,1787814932124,-4.2648,9.0019,2.1948,179.99
463.081,1787814932225,-4.2648,9.0019,2.1956,179.99
463.181,1787814932325,-4.2647,9.0019,2.1964,179.99
463.281,1787814932425,-4.2646,9.0019,2.1972,179.99
463.381,1787814932525,-4.2646,9.0019,2.1979,179.99
463.481,1787814932625,-4.2646,9.0019,2.1985,179.99
463.581,1787814932725,-4.2646,9.0018,2.1991,179.99
463.682,1787814932826,-4.2646,9.0017,2.1998,179.99
463.783,1787814932926,-4.2645,9.0017,2.2004,179.99
463.883,1787814933026,-4.2645,9.0016,2.2008,179.99
463.983,1787814933126,-4.2645,9.0016,2.2013,179.99
464.083,1787814933226,-4.2645,9.0015,2.2017,179.99
464.183,1787814933327,-4.2645,9.0014,2.2021,179.99
464.283,1787814933427,-4.2645,9.0013,2.2025,179.99
464.383,1787814933527,-4.2645,9.0013,2.2028,179.99
464.483,1787814933627,-4.2645,9.0012,2.2031,179.99
464.583,1787814933727,-4.2645,9.0011,2.2033,179.99
464.683,1787814933827,-4.2645,9.0010,2.2036,180.00
464.784,1787814933927,-4.2645,9.0010,2.2038,180.00
464.884,1787814934027,-4.2645,9.0009,2.2041,180.00
464.984,1787814934127,-4.2646,9.0009,2.2043,180.00
465.084,1787814934228,-4.2646,9.0008,2.2045,180.00
465.184,1787814934328,-4.2647,9.0008,2.2047,180.00
465.284,1787814934428,-4.2647,9.0007,2.2049,180.00
465.384,1787814934528,-4.2647,9.0006,2.2051,180.00
465.484,1787814934628,-4.2647,9.0007,2.2053,179.99
465.584,1787814934728,-4.2648,9.0007,2.2055,179.99
465.684,1787814934828,-4.2648,9.0007,2.2057,179.99
465.785,1787814934928,-4.2648,9.0008,2.2059,179.99
465.885,1787814935029,-4.2648,9.0008,2.2061,179.99
465.985,1787814935129,-4.2648,9.0009,2.2063,179.99
466.085,1787814935229,-4.2647,9.0009,2.2064,179.99
466.185,1787814935329,-4.2647,9.0009,2.2065,179.99
466.285,1787814935429,-4.2647,9.0009,2.2067,179.99
466.385,1787814935529,-4.2647,9.0010,2.2069,180.00
466.486,1787814935629,-4.2647,9.0010,2.2070,180.00
466.586,1787814935729,-4.2646,9.0010,2.2072,180.00
466.686,1787814935830,-4.2646,9.0011,2.2074,180.00
466.786,1787814935930,-4.2646,9.0011,2.2075,180.00
466.886,1787814936030,-4.2645,9.0011,2.2076,180.00
466.986,1787814936130,-4.2645,9.0012,2.2078,180.00
467.087,1787814936230,-4.2645,9.0013,2.2079,180.00
467.187,1787814936330,-4.2645,9.0014,2.2081,180.00
467.287,1787814936430,-4.2644,9.0015,2.2082,180.00
467.387,1787814936531,-4.2644,9.0015,2.2083,180.00
467.487,1787814936631,-4.2644,9.0016,2.2085,180.00
467.587,1787814936731,-4.2643,9.0016,2.2086,180.00
467.687,1787814936831,-4.2643,9.0016,2.2087,180.00
467.787,1787814936931,-4.2643,9.0016,2.2088,180.00
467.887,1787814937031,-4.2644,9.0016,2.2089,180.00
467.987,1787814937131,-4.2644,9.0016,2.2090,180.00
468.088,1787814937231,-4.2645,9.0016,2.2091,180.00
468.188,1787814937331,-4.2646,9.0016,2.2092,180.00
468.288,1787814937431,-4.2646,9.0016,2.2093,180.00
468.388,1787814937532,-4.2646,9.0016,2.2093,180.00
468.488,1787814937632,-4.2646,9.0015,2.2093,179.99
468.588,1787814937732,-4.2646,9.0015,2.2094,179.99
468.688,1787814937832,-4.2646,9.0015,2.2094,179.99
468.788,1787814937932,-4.2646,9.0014,2.2094,179.99
468.888,1787814938032,-4.2645,9.0014,2.2093,180.00
468.989,1787814938132,-4.2645,9.0014,2.2093,180.00
469.089,1787814938232,-4.2644,9.0014,2.2093,180.00
469.189,1787814938332,-4.2643,9.0014,2.2093,180.00
469.289,1787814938433,-4.2643,9.0013,2.2092,180.00
469.389,1787814938533,-4.2642,9.0013,2.2092,180.00
469.489,1787814938633,-4.2642,9.0014,2.2092,-180.00
469.589,1787814938733,-4.2642,9.0014,2.2092,-180.00
469.689,1787814938833,-4.2642,9.0014,2.2092,180.00
469.789,1787814938933,-4.2643,9.0019,2.2091,180.00
469.890,1787814939033,-4.2644,9.0034,2.2092,180.00
469.990,1787814939133,-4.2644,9.0046,2.2093,180.00
470.090,1787814939233,-4.2645,9.0045,2.2094,180.00
470.190,1787814939334,-4.2645,9.0023,2.2096,180.00
470.290,1787814939434,-4.2644,8.9982,2.2098,180.00
470.390,1787814939534,-4.2644,8.9891,2.2100,180.00
470.490,1787814939634,-4.2644,8.9792,2.2101,180.00
470.590,1787814939734,-4.2644,8.9658,2.2102,180.00
470.691,1787814939834,-4.2643,8.9493,2.2103,180.00
470.791,1787814939934,-4.2643,8.9286,2.2104,180.00
470.891,1787814940034,-4.2642,8.9053,2.2105,180.00
470.991,1787814940135,-4.2642,8.8770,2.2105,180.00
471.091,1787814940235,-4.2641,8.8481,2.2105,180.00
471.191,1787814940335,-4.2641,8.8145,2.2105,180.00
471.291,1787814940435,-4.2641,8.7680,2.2104,180.00
471.391,1787814940535,-4.2641,8.7230,2.2104,180.00
471.491,1787814940635,-4.2641,8.6742,2.2103,180.00
471.591,1787814940735,-4.2642,8.6126,2.2101,-180.00
471.692,1787814940835,-4.2642,8.5677,2.2100,-180.00
471.792,1787814940935,-4.2643,8.5080,2.2098,-180.00
471.892,1787814941035,-4.2644,8.4462,2.2096,-180.00
471.992,1787814941136,-4.2645,8.3853,2.2094,-179.99
472.092,1787814941236,-4.2645,8.3229,2.2093,-179.99
472.192,1787814941336,-4.2646,8.2477,2.2091,-179.99
472.292,1787814941436,-4.2648,8.1771,2.2091,-179.99
472.392,1787814941536,-4.2649,8.1091,2.2090,-179.99
472.492,1787814941636,-4.2651,8.0410,2.2090,-179.99
472.593,1787814941736,-4.2653,7.9760,2.2089,-180.00
472.693,1787814941836,-4.2655,7.9111,2.2089,-180.00
472.793,1787814941937,-4.2657,7.8406,2.2089,-180.00
472.893,1787814942037,-4.2658,7.7881,2.2089,-180.00
472.993,1787814942137,-4.2660,7.7244,2.2088,180.00
473.093,1787814942237,-4.2663,7.6583,2.2088,180.00
473.193,1787814942337,-4.2666,7.5868,2.2088,180.00
473.293,1787814942437,-4.2669,7.5329,2.2087,180.00
473.393,1787814942537,-4.2673,7.4655,2.2087,180.00
473.493,1787814942637,-4.2676,7.4071,2.2087,180.00
473.594,1787814942737,-4.2679,7.3490,2.2087,180.00
473.694,1787814942837,-4.2682,7.2882,2.2086,180.00
473.794,1787814942937,-4.2686,7.2304,2.2086,180.00
473.894,1787814943038,-4.2689,7.1730,2.2086,180.00
473.994,1787814943138,-4.2693,7.0995,2.2085,180.00
474.094,1787814943238,-4.2697,7.0398,2.2085,180.00
474.194,1787814943338,-4.2700,6.9831,2.2085,180.00
474.294,1787814943438,-4.2704,6.9160,2.2084,180.00
474.394,1787814943538,-4.2708,6.8518,2.2084,180.00
474.494,1787814943638,-4.2711,6.7961,2.2083,180.00
474.595,1787814943738,-4.2714,6.7432,2.2082,180.00
474.695,1787814943839,-4.2718,6.6772,2.2082,-180.00
474.795,1787814943939,-4.2721,6.6167,2.2081,-180.00
474.896,1787814944039,-4.2724,6.5616,2.2081,-180.00
474.996,1787814944139,-4.2726,6.5040,2.2081,-180.00
475.096,1787814944239,-4.2729,6.4517,2.2081,-180.00
475.196,1787814944340,-4.2732,6.3815,2.2081,-180.00
475.296,1787814944440,-4.2735,6.3268,2.2082,180.00
475.396,1787814944540,-4.2737,6.2695,2.2083,180.00
475.496,1787814944640,-4.2739,6.2202,2.2083,180.00
475.596,1787814944740,-4.2741,6.1684,2.2084,180.00
475.696,1787814944840,-4.2743,6.1062,2.2084,180.00
475.797,1787814944940,-4.2744,6.0542,2.2085,180.00
475.897,1787814945040,-4.2745,5.9995,2.2086,180.00
475.997,1787814945140,-4.2746,5.9369,2.2086,180.00
476.097,1787814945240,-4.2747,5.8818,2.2087,-180.00
476.197,1787814945341,-4.2747,5.8187,2.2088,-180.00
476.297,1787814945441,-4.2748,5.7659,2.2088,-180.00
476.397,1787814945541,-4.2748,5.7105,2.2089,-180.00
476.497,1787814945641,-4.2749,5.6549,2.2090,-180.00
476.597,1787814945741,-4.2749,5.5910,2.2091,-179.99
476.697,1787814945841,-4.2750,5.5378,2.2091,-179.99
476.798,1787814945941,-4.2750,5.4846,2.2092,-179.99
476.898,1787814946041,-4.2750,5.4233,2.2093,-179.99
476.998,1787814946141,-4.2750,5.3617,2.2094,-179.99
477.098,1787814946242,-4.2751,5.3024,2.2094,-180.00
477.198,1787814946342,-4.2752,5.2432,2.2095,-180.00
477.298,1787814946442,-4.2752,5.1841,2.2095,-180.00
477.398,1787814946542,-4.2753,5.1248,2.2095,-180.00
477.498,1787814946642,-4.2754,5.0655,2.2095,-180.00
477.598,1787814946742,-4.2755,5.0036,2.2095,-180.00
477.699,1787814946842,-4.2756,4.9392,2.2095,-180.00
477.799,1787814946942,-4.2756,4.8854,2.2095,-180.00
477.899,1787814947042,-4.2757,4.8397,2.2094,-179.99
477.999,1787814947142,-4.2758,4.7702,2.2094,-179.99
478.099,1787814947243,-4.2759,4.7060,2.2094,-179.99
478.199,1787814947343,-4.2760,4.6468,2.2093,-180.00
478.299,1787814947443,-4.2761,4.5876,2.2093,-180.00
478.399,1787814947543,-4.2763,4.5233,2.2093,-180.00
478.499,1787814947643,-4.2765,4.4618,2.2092,-180.00
478.599,1787814947743,-4.2767,4.3953,2.2092,-180.00
478.699,1787814947843,-4.2768,4.3396,2.2092,-180.00
478.800,1787814947943,-4.2770,4.2814,2.2091,-180.00
478.900,1787814948043,-4.2772,4.2235,2.2091,-180.00
479.000,1787814948143,-4.2774,4.1681,2.2090,180.00
479.100,1787814948243,-4.2776,4.1153,2.2090,180.00
479.200,1787814948344,-4.2778,4.0599,2.2089,180.00
479.300,1787814948444,-4.2780,4.0019,2.2089,180.00
479.400,1787814948544,-4.2782,3.9307,2.2088,180.00
479.500,1787814948644,-4.2785,3.8699,2.2088,-180.00
479.600,1787814948744,-4.2787,3.8062,2.2087,-180.00
479.700,1787814948844,-4.2790,3.7505,2.2087,-180.00
479.800,1787814948944,-4.2792,3.6947,2.2087,-180.00
479.901,1787814949044,-4.2795,3.6232,2.2087,-180.00
480.001,1787814949144,-4.2798,3.5676,2.2087,-180.00
480.101,1787814949244,-4.2801,3.5068,2.2088,-180.00
480.201,1787814949345,-4.2804,3.4435,2.2088,180.00
480.301,1787814949445,-4.2807,3.3777,2.2088,-180.00
480.401,1787814949545,-4.2810,3.3200,2.2089,-180.00
480.501,1787814949645,-4.2813,3.2677,2.2089,-180.00
480.601,1787814949745,-4.2816,3.2103,2.2089,-180.00
480.701,1787814949845,-4.2819,3.1536,2.2089,-180.00
480.802,1787814949945,-4.2822,3.0890,2.2089,-180.00
480.902,1787814950045,-4.2824,3.0374,2.2090,-180.00
481.002,1787814950145,-4.2826,2.9830,2.2090,-180.00
481.102,1787814950246,-4.2829,2.9156,2.2090,-180.00
481.202,1787814950346,-4.2832,2.8637,2.2090,-180.00
481.302,1787814950446,-4.2835,2.8015,2.2090,-180.00
481.402,1787814950546,-4.2837,2.7417,2.2091,-180.00
481.502,1787814950646,-4.2840,2.6817,2.2091,-180.00
481.602,1787814950746,-4.2842,2.6267,2.2091,-180.00
481.702,1787814950846,-4.2844,2.5668,2.2091,-180.00
481.803,1787814950946,-4.2846,2.5093,2.2091,-180.00
481.903,1787814951046,-4.2848,2.4465,2.2092,-180.00
482.003,1787814951147,-4.2849,2.4020,2.2092,-180.00
482.103,1787814951247,-4.2851,2.3444,2.2092,-180.00
482.203,1787814951347,-4.2853,2.2710,2.2092,-179.99
482.303,1787814951447,-4.2854,2.2105,2.2092,-179.99
482.403,1787814951547,-4.2855,2.1496,2.2092,-179.99
482.503,1787814951647,-4.2856,2.0941,2.2092,-179.99
482.604,1787814951747,-4.2857,2.0308,2.2092,-179.99
482.704,1787814951847,-4.2858,1.9758,2.2092,-179.99
482.804,1787814951948,-4.2858,1.9208,2.2092,-179.99
482.904,1787814952048,-4.2859,1.8553,2.2093,-179.98
483.004,1787814952148,-4.2860,1.8002,2.2093,-179.99
483.104,1787814952248,-4.2861,1.7424,2.2093,-179.99
483.204,1787814952348,-4.2862,1.6769,2.2093,-179.99
483.304,1787814952448,-4.2863,1.6296,2.2093,-179.99
483.405,1787814952548,-4.2864,1.5745,2.2093,-179.99
483.505,1787814952648,-4.2865,1.5145,2.2094,-179.99
483.605,1787814952748,-4.2866,1.4518,2.2094,-179.99
483.705,1787814952849,-4.2867,1.3914,2.2094,-179.99
483.805,1787814952949,-4.2868,1.3336,2.2095,-179.99
483.905,1787814953049,-4.2870,1.2759,2.2095,-179.99
484.005,1787814953149,-4.2871,1.2233,2.2095,-179.99
484.105,1787814953249,-4.2872,1.1519,2.2095,-179.99
484.205,1787814953349,-4.2874,1.0936,2.2095,-179.99
484.306,1787814953449,-4.2875,1.0352,2.2095,-179.99
484.406,1787814953549,-4.2877,0.9768,2.2095,-179.99
484.506,1787814953649,-4.2879,0.9185,2.2095,-179.99
484.606,1787814953750,-4.2881,0.8470,2.2095,-180.00
484.706,1787814953850,-4.2882,0.7912,2.2095,-180.00
484.806,1787814953950,-4.2884,0.7329,2.2095,-180.00
484.906,1787814954050,-4.2886,0.6747,2.2095,-180.00
485.006,1787814954150,-4.2887,0.6219,2.2095,-180.00
485.106,1787814954250,-4.2889,0.5564,2.2095,-180.00
485.206,1787814954350,-4.2890,0.4989,2.2095,-180.00
485.307,1787814954450,-4.2892,0.4360,2.2095,-180.00
485.407,1787814954550,-4.2893,0.3781,2.2095,-180.00
485.507,1787814954650,-4.2895,0.3202,2.2095,-180.00
485.607,1787814954751,-4.2897,0.2521,2.2094,-180.00
485.707,1787814954851,-4.2898,0.1998,2.2094,-180.00
485.807,1787814954951,-4.2900,0.1424,2.2094,-180.00
485.907,1787814955051,-4.2902,0.0745,2.2094,-180.00
486.007,1787814955151,-4.2903,0.0143,2.2094,-180.00
486.107,1787814955251,-4.2905,-0.0405,2.2095,-180.00
486.207,1787814955351,-4.2906,-0.0927,2.2095,-180.00
486.308,1787814955451,-4.2907,-0.1656,2.2096,-180.00
486.408,1787814955551,-4.2909,-0.2177,2.2097,-180.00
486.508,1787814955651,-4.2910,-0.2775,2.2097,-180.00
486.608,1787814955752,-4.2911,-0.3269,2.2098,-180.00
486.708,1787814955852,-4.2912,-0.3788,2.2098,-179.99
486.808,1787814955952,-4.2913,-0.4357,2.2098,-179.99
486.909,1787814956052,-4.2914,-0.5061,2.2098,-179.99
487.009,1787814956152,-4.2915,-0.5585,2.2098,-179.99
487.109,1787814956252,-4.2916,-0.5980,2.2098,-179.99
487.209,1787814956352,-4.2917,-0.6614,2.2098,-179.99
487.309,1787814956453,-4.2918,-0.7327,2.2099,-179.99
487.409,1787814956553,-4.2919,-0.7857,2.2099,-179.99
487.509,1787814956653,-4.2920,-0.8442,2.2099,-179.99
487.609,1787814956753,-4.2922,-0.9108,2.2099,-179.99
487.709,1787814956853,-4.2923,-0.9589,2.2098,-179.99
487.809,1787814956953,-4.2924,-1.0177,2.2098,-179.99
487.910,1787814957053,-4.2925,-1.0739,2.2098,-179.99
488.010,1787814957153,-4.2927,-1.1356,2.2098,-179.99
488.110,1787814957253,-4.2928,-1.1868,2.2098,-179.99
488.210,1787814957354,-4.2929,-1.2433,2.2099,-179.99
488.310,1787814957454,-4.2931,-1.3025,2.2099,-179.99
488.410,1787814957554,-4.2933,-1.3673,2.2099,-179.99
488.510,1787814957654,-4.2934,-1.4243,2.2098,-179.99
488.610,1787814957754,-4.2936,-1.4786,2.2098,-179.99
488.710,1787814957854,-4.2938,-1.5493,2.2098,-180.00
488.811,1787814957954,-4.2940,-1.6010,2.2098,-180.00
488.911,1787814958054,-4.2942,-1.6610,2.2098,-179.99
489.011,1787814958154,-4.2943,-1.7209,2.2098,-179.99
489.111,1787814958255,-4.2946,-1.7863,2.2098,-179.99
489.211,1787814958355,-4.2949,-1.8599,2.2098,-179.99
489.311,1787814958455,-4.2951,-1.9145,2.2098,-179.99
489.411,1787814958555,-4.2953,-1.9742,2.2098,-179.99
489.511,1787814958655,-4.2956,-2.0310,2.2098,-179.99
489.611,1787814958755,-4.2958,-2.0903,2.2098,-179.99
489.712,1787814958855,-4.2960,-2.1441,2.2097,-179.99
489.812,1787814958955,-4.2962,-2.2004,2.2097,-179.99
489.912,1787814959055,-4.2965,-2.2700,2.2098,-179.99
490.012,1787814959156,-4.2967,-2.3236,2.2098,-179.99
490.112,1787814959256,-4.2968,-2.3801,2.2098,-179.99
490.212,1787814959356,-4.2970,-2.4390,2.2098,-179.99
490.312,1787814959456,-4.2972,-2.4926,2.2098,-179.99
490.412,1787814959556,-4.2974,-2.5569,2.2098,-179.99
490.512,1787814959656,-4.2976,-2.6268,2.2098,-179.99
490.612,1787814959756,-4.2977,-2.6888,2.2098,-179.99
490.713,1787814959856,-4.2978,-2.7453,2.2098,-179.99
490.813,1787814959957,-4.2979,-2.8043,2.2097,-179.99
490.913,1787814960057,-4.2980,-2.8471,2.2097,-179.99
491.013,1787814960157,-4.2981,-2.9031,2.2097,-179.99
491.113,1787814960257,-4.2981,-2.9616,2.2097,-179.99
491.213,1787814960357,-4.2982,-3.0204,2.2097,-179.99
491.314,1787814960457,-4.2983,-3.0875,2.2096,-179.99
491.414,1787814960557,-4.2983,-3.1469,2.2096,-179.99
491.514,1787814960657,-4.2985,-3.2090,2.2096,-179.99
491.614,1787814960758,-4.2986,-3.2685,2.2096,-179.99
491.714,1787814960858,-4.2987,-3.3280,2.2096,-179.99
491.814,1787814960958,-4.2988,-3.3984,2.2095,-179.98
491.914,1787814961058,-4.2990,-3.4551,2.2095,-179.98
492.014,1787814961158,-4.2991,-3.5118,2.2095,-179.98
492.114,1787814961258,-4.2992,-3.5708,2.2095,-179.98
492.214,1787814961358,-4.2994,-3.6271,2.2095,-179.98
492.314,1787814961458,-4.2996,-3.6941,2.2095,-179.98
492.415,1787814961558,-4.2997,-3.7503,2.2095,-179.98
492.515,1787814961658,-4.2999,-3.8037,2.2095,-179.98
492.615,1787814961759,-4.3001,-3.8622,2.2095,-179.98
492.715,1787814961859,-4.3003,-3.9181,2.2096,-179.99
492.815,1787814961959,-4.3005,-3.9717,2.2096,-179.99
492.915,1787814962059,-4.3007,-4.0306,2.2097,-179.99
493.015,1787814962159,-4.3010,-4.0947,2.2097,-179.99
493.115,1787814962259,-4.3013,-4.1615,2.2098,-179.99
493.216,1787814962359,-4.3016,-4.2335,2.2099,-179.99
493.316,1787814962459,-4.3019,-4.2949,2.2099,-179.99
493.416,1787814962559,-4.3021,-4.3508,2.2099,-179.99
493.516,1787814962659,-4.3024,-4.4196,2.2100,-179.99
493.616,1787814962760,-4.3027,-4.4751,2.2100,-179.99
493.716,1787814962860,-4.3029,-4.5278,2.2100,-179.99
493.816,1787814962960,-4.3031,-4.5801,2.2100,-179.99
493.916,1787814963060,-4.3034,-4.6322,2.2100,-179.99
494.016,1787814963160,-4.3036,-4.6976,2.2100,-179.99
494.117,1787814963260,-4.3038,-4.7578,2.2100,-179.99
494.217,1787814963360,-4.3040,-4.8128,2.2100,-179.98
494.317,1787814963460,-4.3042,-4.8783,2.2101,-179.98
494.417,1787814963561,-4.3043,-4.9412,2.2101,-179.99
494.517,1787814963661,-4.3044,-4.9962,2.2101,-179.99
494.617,1787814963761,-4.3046,-5.0460,2.2102,-179.99
494.717,1787814963861,-4.3047,-5.1010,2.2102,-179.99
494.817,1787814963961,-4.3048,-5.1561,2.2102,-179.99
494.917,1787814964061,-4.3049,-5.2299,2.2102,-179.99
495.018,1787814964161,-4.3051,-5.2910,2.2101,-179.99
495.118,1787814964261,-4.3052,-5.3468,2.2101,-179.99
495.218,1787814964361,-4.3054,-5.4132,2.2100,-179.99
495.318,1787814964462,-4.3055,-5.4715,2.2100,-179.99
495.418,1787814964562,-4.3056,-5.5324,2.2100,-179.99
495.518,1787814964662,-4.3058,-5.5931,2.2099,-179.99
495.618,1787814964762,-4.3059,-5.6454,2.2099,-179.99
495.718,1787814964862,-4.3061,-5.6977,2.2098,-179.99
495.818,1787814964962,-4.3063,-5.7628,2.2098,-179.99
495.919,1787814965062,-4.3065,-5.8202,2.2098,-179.99
496.019,1787814965162,-4.3067,-5.8778,2.2098,-179.99
496.119,1787814965262,-4.3068,-5.9354,2.2099,-179.99
496.219,1787814965363,-4.3070,-6.0036,2.2099,-179.99
496.319,1787814965463,-4.3072,-6.0612,2.2100,-179.99
496.419,1787814965563,-4.3073,-6.1190,2.2100,-179.99
496.519,1787814965663,-4.3074,-6.1768,2.2101,-179.99
496.619,1787814965763,-4.3076,-6.2422,2.2101,-179.99
496.719,1787814965863,-4.3077,-6.2943,2.2101,-179.99
496.820,1787814965963,-4.3078,-6.3489,2.2101,-179.99
496.920,1787814966063,-4.3079,-6.4167,2.2101,-179.99
497.020,1787814966163,-4.3080,-6.4744,2.2101,-179.98
497.120,1787814966264,-4.3082,-6.5373,2.2101,-179.98
497.220,1787814966364,-4.3083,-6.5924,2.2101,-179.98
497.320,1787814966464,-4.3084,-6.6527,2.2101,-179.99
497.422,1787814966565,-4.3085,-6.7077,2.2101,-179.99
497.522,1787814966665,-4.3086,-6.7600,2.2101,-179.99
497.622,1787814966766,-4.3087,-6.8124,2.2101,-179.99
497.722,1787814966866,-4.3088,-6.8596,2.2101,-179.99
497.822,1787814966966,-4.3089,-6.9171,2.2101,-179.99
497.922,1787814967066,-4.3090,-6.9723,2.2101,-179.99
498.022,1787814967166,-4.3091,-7.0362,2.2100,-179.99
498.122,1787814967266,-4.3092,-7.0817,2.2100,-179.99
498.223,1787814967366,-4.3093,-7.1433,2.2099,-179.99
498.323,1787814967466,-4.3094,-7.2079,2.2099,-179.99
498.423,1787814967566,-4.3094,-7.2647,2.2098,-179.99
498.523,1787814967666,-4.3095,-7.3163,2.2098,-179.99
498.623,1787814967767,-4.3096,-7.3899,2.2097,-179.99
498.723,1787814967867,-4.3097,-7.4502,2.2096,-179.99
498.823,1787814967967,-4.3097,-7.5134,2.2095,-179.99
498.923,1787814968067,-4.3098,-7.5684,2.2094,-179.99
499.023,1787814968167,-4.3099,-7.6371,2.2094,-179.99
499.124,1787814968267,-4.3100,-7.6948,2.2093,-179.99
499.224,1787814968367,-4.3101,-7.7635,2.2093,-179.99
499.324,1787814968467,-4.3101,-7.8237,2.2092,-179.99
499.424,1787814968568,-4.3102,-7.8838,2.2092,-179.99
499.524,1787814968668,-4.3104,-7.9573,2.2092,-179.99
499.624,1787814968768,-4.3105,-8.0196,2.2091,-179.98
499.724,1787814968868,-4.3106,-8.0762,2.2091,-179.98
499.824,1787814968968,-4.3107,-8.1350,2.2091,-179.98
499.924,1787814969068,-4.3109,-8.1935,2.2092,-179.99
500.025,1787814969168,-4.3111,-8.2520,2.2092,-179.99
500.125,1787814969269,-4.3113,-8.3128,2.2093,-179.99
500.225,1787814969369,-4.3116,-8.3737,2.2093,-179.99
500.325,1787814969469,-4.3118,-8.4356,2.2093,-179.99
500.425,1787814969569,-4.3120,-8.4897,2.2093,-179.99
500.525,1787814969669,-4.3123,-8.5457,2.2093,-179.99
500.625,1787814969769,-4.3126,-8.6073,2.2093,-179.99
500.725,1787814969869,-4.3129,-8.6588,2.2093,-179.99
500.826,1787814969969,-4.3131,-8.7119,2.2094,-179.99
500.926,1787814970069,-4.3134,-8.7656,2.2094,-179.99
501.026,1787814970170,-4.3137,-8.8090,2.2095,-179.99
501.126,1787814970270,-4.3140,-8.8453,2.2095,-179.99
501.226,1787814970370,-4.3143,-8.8829,2.2095,-179.99
501.326,1787814970470,-4.3146,-8.9163,2.2095,-179.99
501.426,1787814970570,-4.3148,-8.9406,2.2095,-179.99
501.526,1787814970670,-4.3151,-8.9691,2.2094,-179.99
501.627,1787814970771,-4.3154,-8.9876,2.2094,-179.99
501.728,1787814970871,-4.3156,-9.0025,2.2093,-179.99
501.828,1787814970971,-4.3159,-9.0184,2.2091,-179.99
501.928,1787814971072,-4.3161,-9.0287,2.2090,-179.99
502.028,1787814971172,-4.3164,-9.0365,2.2089,-179.99
502.128,1787814971272,-4.3166,-9.0419,2.2087,-180.00
502.228,1787814971372,-4.3169,-9.0456,2.2086,-180.00
502.328,1787814971472,-4.3171,-9.0472,2.2085,180.00
502.428,1787814971572,-4.3174,-9.0471,2.2083,180.00
502.528,1787814971672,-4.3177,-9.0457,2.2082,180.00
502.629,1787814971772,-4.3179,-9.0426,2.2082,180.00
502.729,1787814971872,-4.3181,-9.0393,2.2081,180.00
502.829,1787814971972,-4.3182,-9.0350,2.2081,180.00
502.929,1787814972073,-4.3183,-9.0300,2.2081,180.00
503.029,1787814972173,-4.3184,-9.0254,2.2082,-180.00
503.129,1787814972273,-4.3186,-9.0188,2.2082,-180.00
503.229,1787814972373,-4.3186,-9.0139,2.2083,-179.99
503.329,1787814972473,-4.3186,-9.0087,2.2084,-179.99
503.430,1787814972573,-4.3186,-9.0041,2.2084,-179.99
503.530,1787814972673,-4.3186,-8.9990,2.2085,-179.99
503.630,1787814972774,-4.3185,-8.9959,2.2086,-179.99
503.730,1787814972874,-4.3185,-8.9915,2.2087,-179.99
503.830,1787814972974,-4.3185,-8.9872,2.2088,-179.99
503.930,1787814973074,-4.3185,-8.9833,2.2089,-179.99
504.030,1787814973174,-4.3184,-8.9799,2.2090,-179.99
504.130,1787814973274,-4.3184,-8.9770,2.2091,-179.99
504.231,1787814973374,-4.3183,-8.9747,2.2092,-180.00
504.331,1787814973474,-4.3183,-8.9724,2.2092,-180.00
504.431,1787814973575,-4.3183,-8.9699,2.2092,-180.00
504.531,1787814973675,-4.3183,-8.9684,2.2092,180.00
504.631,1787814973775,-4.3183,-8.9671,2.2092,180.00
504.731,1787814973875,-4.3183,-8.9664,2.2092,180.00
504.831,1787814973975,-4.3183,-8.9655,2.2092,-180.00
504.931,1787814974075,-4.3183,-8.9650,2.2092,-180.00
505.031,1787814974175,-4.3184,-8.9648,2.2092,-179.99
505.132,1787814974275,-4.3184,-8.9647,2.2092,-179.99
505.232,1787814974375,-4.3185,-8.9647,2.2092,-179.99
505.332,1787814974475,-4.3185,-8.9648,2.2092,-179.99
505.432,1787814974576,-4.3185,-8.9651,2.2093,-179.99
505.532,1787814974676,-4.3185,-8.9655,2.2093,-179.99
505.632,1787814974776,-4.3185,-8.9659,2.2094,-179.99
505.732,1787814974876,-4.3185,-8.9664,2.2094,-179.99
505.832,1787814974976,-4.3185,-8.9670,2.2095,-179.99
505.932,1787814975076,-4.3185,-8.9676,2.2095,-179.99
506.033,1787814975176,-4.3185,-8.9682,2.2095,-179.99
506.133,1787814975276,-4.3185,-8.9689,2.2095,-179.99
506.233,1787814975376,-4.3185,-8.9696,2.2096,-179.99
506.333,1787814975477,-4.3185,-8.9702,2.2096,-179.99
506.433,1787814975577,-4.3184,-8.9709,2.2096,-179.99
506.533,1787814975677,-4.3185,-8.9717,2.2096,-179.99
506.633,1787814975777,-4.3185,-8.9723,2.2096,-179.99
506.733,1787814975877,-4.3186,-8.9728,2.2096,-179.99
506.833,1787814975977,-4.3187,-8.9735,2.2096,-179.99
506.934,1787814976077,-4.3188,-8.9741,2.2097,-179.99
507.034,1787814976177,-4.3189,-8.9747,2.2097,-179.99
507.134,1787814976277,-4.3190,-8.9752,2.2097,-179.99
507.234,1787814976378,-4.3191,-8.9758,2.2097,-179.99
507.334,1787814976478,-4.3193,-8.9763,2.2097,-179.99
507.434,1787814976578,-4.3194,-8.9769,2.2097,-179.99
507.534,1787814976678,-4.3194,-8.9774,2.2097,-179.99
507.634,1787814976778,-4.3195,-8.9779,2.2096,-180.00
507.735,1787814976878,-4.3196,-8.9785,2.2096,-180.00
507.835,1787814976979,-4.3196,-8.9791,2.2096,-180.00
507.935,1787814977079,-4.3196,-8.9796,2.2095,-180.00
508.035,1787814977179,-4.3196,-8.9802,2.2095,-180.00
508.135,1787814977279,-4.3196,-8.9807,2.2095,-180.00
508.235,1787814977379,-4.3196,-8.9812,2.2094,-180.00
508.335,1787814977479,-4.3196,-8.9818,2.2094,-180.00
508.435,1787814977579,-4.3195,-8.9823,2.2094,-180.00
508.536,1787814977679,-4.3195,-8.9828,2.2094,-180.00
508.636,1787814977779,-4.3195,-8.9833,2.2094,-180.00
508.736,1787814977879,-4.3195,-8.9836,2.2094,-179.99
508.836,1787814977980,-4.3195,-8.9841,2.2095,-179.99
508.936,1787814978080,-4.3195,-8.9845,2.2095,-179.99
509.036,1787814978180,-4.3194,-8.9850,2.2095,-179.99
509.136,1787814978280,-4.3193,-8.9854,2.2095,-179.99
509.236,1787814978380,-4.3193,-8.9858,2.2094,-179.99
509.336,1787814978480,-4.3193,-8.9861,2.2094,-179.99
509.436,1787814978580,-4.3192,-8.9864,2.2094,-179.98
509.537,1787814978680,-4.3191,-8.9867,2.2094,-179.98
509.637,1787814978780,-4.3191,-8.9869,2.2094,-179.98
509.737,1787814978880,-4.3190,-8.9872,2.2094,-179.99
509.837,1787814978981,-4.3190,-8.9875,2.2093,-179.99
509.937,1787814979081,-4.3189,-8.9877,2.2093,-179.99
510.037,1787814979181,-4.3189,-8.9880,2.2093,-179.99
510.137,1787814979281,-4.3189,-8.9882,2.2093,-179.99
510.237,1787814979381,-4.3189,-8.9885,2.2093,-179.99
510.337,1787814979481,-4.3189,-8.9888,2.2093,-179.99
510.437,1787814979581,-4.3189,-8.9890,2.2093,-179.99
510.538,1787814979681,-4.3189,-8.9894,2.2096,-179.99
510.638,1787814979781,-4.3189,-8.9898,2.2109,-179.99
510.738,1787814979881,-4.3189,-8.9899,2.2137,-179.99
510.838,1787814979982,-4.3189,-8.9897,2.2168,-179.99
510.938,1787814980082,-4.3190,-8.9893,2.2226,-179.99
511.038,1787814980182,-4.3190,-8.9890,2.2275,-179.99
511.138,1787814980282,-4.3190,-8.9886,2.2336,-180.00
511.238,1787814980382,-4.3190,-8.9881,2.2411,-180.00
511.338,1787814980482,-4.3191,-8.9875,2.2495,-180.00
511.438,1787814980582,-4.3192,-8.9870,2.2586,-180.00
511.539,1787814980682,-4.3192,-8.9863,2.2703,-180.00
511.639,1787814980782,-4.3193,-8.9858,2.2807,-179.99
511.739,1787814980882,-4.3194,-8.9853,2.2901,-179.99
511.839,1787814980983,-4.3194,-8.9848,2.3018,-179.99
511.939,1787814981083,-4.3195,-8.9842,2.3134,-179.99
512.040,1787814981183,-4.3197,-8.9837,2.3281,-179.99
512.140,1787814981283,-4.3198,-8.9833,2.3397,-179.99
512.240,1787814981384,-4.3200,-8.9830,2.3526,-180.00
512.341,1787814981484,-4.3202,-8.9826,2.3673,-180.00
512.441,1787814981585,-4.3203,-8.9824,2.3787,-180.00
512.541,1787814981685,-4.3204,-8.9822,2.3909,-180.00
512.641,1787814981785,-4.3206,-8.9821,2.4033,-180.00
512.741,1787814981885,-4.3207,-8.9820,2.4134,-180.00
512.841,1787814981985,-4.3208,-8.9820,2.4261,-180.00
512.942,1787814982085,-4.3210,-8.9821,2.4409,-180.00
513.042,1787814982185,-4.3212,-8.9822,2.4541,-180.00
513.142,1787814982285,-4.3213,-8.9823,2.4679,-180.00
513.242,1787814982386,-4.3215,-8.9826,2.4849,-180.00
513.342,1787814982486,-4.3217,-8.9828,2.4995,-180.00
513.442,1787814982586,-4.3217,-8.9830,2.5096,-180.00
513.542,1787814982686,-4.3218,-8.9834,2.5261,-180.00
513.642,1787814982786,-4.3219,-8.9836,2.5388,-180.00
513.742,1787814982886,-4.3220,-8.9839,2.5529,-180.00
513.844,1787814982988,-4.3220,-8.9842,2.5665,-180.00
513.944,1787814983088,-4.3221,-8.9844,2.5809,-180.00
514.044,1787814983188,-4.3223,-8.9847,2.5960,-180.00
514.145,1787814983288,-4.3224,-8.9849,2.6105,-180.00
514.245,1787814983388,-4.3225,-8.9852,2.6255,-180.00
514.345,1787814983488,-4.3226,-8.9854,2.6398,-180.00
514.445,1787814983589,-4.3227,-8.9856,2.6573,-180.00
514.545,1787814983689,-4.3228,-8.9857,2.6702,-180.00
514.645,1787814983789,-4.3229,-8.9859,2.6857,-180.00
514.745,1787814983889,-4.3231,-8.9861,2.6999,-180.00
514.846,1787814983989,-4.3231,-8.9863,2.7167,-180.00
514.946,1787814984089,-4.3232,-8.9865,2.7314,-180.00
515.046,1787814984189,-4.3233,-8.9866,2.7448,-180.00
515.146,1787814984290,-4.3233,-8.9867,2.7594,180.00
515.246,1787814984390,-4.3233,-8.9868,2.7753,180.00
515.346,1787814984490,-4.3234,-8.9869,2.7881,180.00
515.446,1787814984590,-4.3234,-8.9870,2.8027,180.00
515.546,1787814984690,-4.3234,-8.9872,2.8200,180.00
515.646,1787814984790,-4.3234,-8.9873,2.8327,180.00
515.747,1787814984890,-4.3234,-8.9875,2.8467,180.00
515.847,1787814984990,-4.3234,-8.9877,2.8625,180.00
515.947,1787814985090,-4.3234,-8.9879,2.8740,180.00
516.049,1787814985193,-4.3234,-8.9882,2.8900,180.00
516.149,1787814985293,-4.3234,-8.9884,2.9029,180.00
516.249,1787814985393,-4.3234,-8.9886,2.9152,180.00
516.349,1787814985493,-4.3233,-8.9889,2.9304,-180.00
516.449,1787814985593,-4.3233,-8.9891,2.9442,-180.00
516.549,1787814985693,-4.3233,-8.9894,2.9594,-180.00
516.649,1787814985793,-4.3233,-8.9896,2.9739,-180.00
516.750,1787814985893,-4.3232,-8.9899,2.9884,-180.00
516.850,1787814985993,-4.3232,-8.9902,3.0036,-180.00
516.950,1787814986094,-4.3231,-8.9905,3.0208,-180.00
517.050,1787814986194,-4.3230,-8.9908,3.0367,-180.00
517.150,1787814986294,-4.3229,-8.9911,3.0518,-180.00
517.250,1787814986394,-4.3229,-8.9914,3.0649,-180.00
517.350,1787814986494,-4.3228,-8.9917,3.0792,-180.00
517.450,1787814986594,-4.3227,-8.9920,3.0923,-180.00
517.550,1787814986694,-4.3226,-8.9924,3.1082,180.00
517.650,1787814986794,-4.3225,-8.9927,3.1227,180.00
517.751,1787814986894,-4.3224,-8.9931,3.1360,180.00
517.851,1787814986994,-4.3223,-8.9935,3.1526,180.00
517.951,1787814987094,-4.3222,-8.9938,3.1673,180.00
518.051,1787814987195,-4.3221,-8.9942,3.1800,180.00
518.151,1787814987295,-4.3220,-8.9945,3.1947,180.00
518.251,1787814987395,-4.3219,-8.9949,3.2128,180.00
518.351,1787814987495,-4.3218,-8.9953,3.2268,180.00
518.451,1787814987595,-4.3218,-8.9956,3.2408,180.00
518.551,1787814987695,-4.3217,-8.9960,3.2567,180.00
518.652,1787814987795,-4.3217,-8.9963,3.2713,180.00
518.752,1787814987895,-4.3217,-8.9966,3.2857,180.00
518.852,1787814987996,-4.3216,-8.9969,3.3020,180.00
518.952,1787814988096,-4.3216,-8.9972,3.3158,180.00
519.052,1787814988196,-4.3216,-8.9974,3.3289,180.00
519.152,1787814988296,-4.3216,-8.9976,3.3441,180.00
519.252,1787814988396,-4.3217,-8.9978,3.3600,180.00
519.352,1787814988496,-4.3217,-8.9980,3.3746,180.00
519.453,1787814988596,-4.3217,-8.9982,3.3898,180.00
519.553,1787814988696,-4.3218,-8.9983,3.4043,180.00
519.653,1787814988796,-4.3218,-8.9984,3.4181,180.00
519.753,1787814988896,-4.3218,-8.9985,3.4345,180.00
519.853,1787814988997,-4.3219,-8.9986,3.4502,180.00
519.953,1787814989097,-4.3219,-8.9987,3.4645,180.00
520.053,1787814989197,-4.3220,-8.9987,3.4782,180.00
520.153,1787814989297,-4.3221,-8.9988,3.4939,180.00
520.254,1787814989397,-4.3223,-8.9988,3.5083,180.00
520.354,1787814989497,-4.3224,-8.9988,3.5252,-180.00
520.454,1787814989597,-4.3226,-8.9987,3.5395,-180.00
520.554,1787814989698,-4.3228,-8.9987,3.5557,-180.00
520.654,1787814989798,-4.3229,-8.9987,3.5673,180.00
520.754,1787814989898,-4.3230,-8.9986,3.5809,180.00
520.854,1787814989998,-4.3231,-8.9986,3.5939,180.00
520.954,1787814990098,-4.3232,-8.9986,3.6078,180.00
521.054,1787814990198,-4.3233,-8.9985,3.6243,180.00
521.155,1787814990298,-4.3234,-8.9985,3.6375,180.00
521.255,1787814990398,-4.3235,-8.9984,3.6535,180.00
521.355,1787814990499,-4.3236,-8.9983,3.6675,180.00
521.455,1787814990599,-4.3237,-8.9982,3.6808,180.00
521.555,1787814990699,-4.3238,-8.9982,3.6949,180.00
521.655,1787814990799,-4.3239,-8.9981,3.7110,-180.00
521.755,1787814990899,-4.3240,-8.9981,3.7278,-180.00
521.855,1787814990999,-4.3240,-8.9981,3.7425,-180.00
521.955,1787814991099,-4.3241,-8.9982,3.7585,-180.00
522.055,1787814991199,-4.3242,-8.9983,3.7713,-180.00
522.156,1787814991299,-4.3244,-8.9984,3.7857,-180.00
522.256,1787814991399,-4.3244,-8.9985,3.7967,-180.00
522.356,1787814991500,-4.3246,-8.9986,3.8101,-180.00
522.456,1787814991600,-4.3247,-8.9988,3.8197,-180.00
522.556,1787814991700,-4.3248,-8.9989,3.8280,-180.00
522.656,1787814991800,-4.3250,-8.9991,3.8363,180.00
522.756,1787814991900,-4.3251,-8.9992,3.8425,180.00
522.857,1787814992000,-4.3252,-8.9993,3.8484,180.00
522.957,1787814992100,-4.3253,-8.9994,3.8538,180.00
523.057,1787814992201,-4.3254,-8.9996,3.8596,180.00
523.157,1787814992301,-4.3256,-8.9997,3.8634,179.99
523.257,1787814992401,-4.3257,-8.9998,3.8669,179.99
523.357,1787814992501,-4.3258,-9.0000,3.8705,179.99
523.457,1787814992601,-4.3259,-9.0001,3.8734,179.99
523.557,1787814992701,-4.3261,-9.0002,3.8761,179.99
523.658,1787814992801,-4.3262,-9.0004,3.8785,179.99
523.758,1787814992901,-4.3263,-9.0005,3.8809,179.99
523.858,1787814993002,-4.3264,-9.0007,3.8827,179.99
523.958,1787814993102,-4.3265,-9.0008,3.8847,179.99
524.058,1787814993202,-4.3267,-9.0009,3.8861,179.99
524.158,1787814993302,-4.3268,-9.0011,3.8875,179.99
524.258,1787814993402,-4.3270,-9.0012,3.8888,180.00
524.358,1787814993502,-4.3271,-9.0013,3.8903,180.00
524.459,1787814993603,-4.3272,-9.0014,3.8914,180.00
524.559,1787814993703,-4.3273,-9.0015,3.8925,180.00
524.660,1787814993803,-4.3274,-9.0015,3.8935,-180.00
524.760,1787814993903,-4.3275,-9.0016,3.8945,-180.00
524.860,1787814994003,-4.3275,-9.0017,3.8954,-180.00
524.960,1787814994104,-4.3276,-9.0018,3.8961,-180.00
525.060,1787814994204,-4.3277,-9.0018,3.8970,-180.00
525.160,1787814994304,-4.3278,-9.0019,3.8977,-180.00
525.260,1787814994404,-4.3279,-9.0020,3.8985,-180.00
525.360,1787814994504,-4.3280,-9.0020,3.8991,180.00
525.460,1787814994604,-4.3281,-9.0021,3.8998,180.00
525.561,1787814994705,-4.3282,-9.0021,3.9004,180.00
525.661,1787814994805,-4.3283,-9.0022,3.9009,180.00
525.761,1787814994905,-4.3284,-9.0022,3.9014,180.00
525.861,1787814995005,-4.3284,-9.0022,3.9018,180.00
525.961,1787814995105,-4.3285,-9.0022,3.9022,180.00
526.061,1787814995205,-4.3285,-9.0022,3.9026,180.00
526.161,1787814995305,-4.3285,-9.0022,3.9030,180.00
526.262,1787814995405,-4.3285,-9.0022,3.9033,-180.00
526.362,1787814995505,-4.3284,-9.0023,3.9036,-180.00
526.462,1787814995605,-4.3284,-9.0023,3.9039,-180.00
526.562,1787814995706,-4.3283,-9.0023,3.9041,-180.00
526.662,1787814995806,-4.3282,-9.0023,3.9044,-180.00
526.762,1787814995906,-4.3281,-9.0023,3.9045,-180.00
526.862,1787814996006,-4.3279,-9.0023,3.9048,-180.00
526.962,1787814996106,-4.3278,-9.0023,3.9049,-180.00
527.063,1787814996206,-4.3278,-9.0022,3.9052,-180.00
527.163,1787814996306,-4.3277,-9.0022,3.9054,-180.00
527.263,1787814996406,-4.3276,-9.0021,3.9056,-180.00
527.363,1787814996507,-4.3275,-9.0021,3.9058,-180.00
527.463,1787814996607,-4.3274,-9.0021,3.9059,-180.00
527.563,1787814996707,-4.3274,-9.0021,3.9061,-180.00
527.663,1787814996807,-4.3273,-9.0021,3.9063,-180.00
527.764,1787814996907,-4.3272,-9.0021,3.9064,-180.00
527.864,1787814997007,-4.3272,-9.0021,3.9065,-180.00
527.964,1787814997107,-4.3271,-9.0021,3.9066,-180.00
528.064,1787814997208,-4.3271,-9.0021,3.9067,-180.00
528.164,1787814997308,-4.3270,-9.0021,3.9069,-180.00
528.264,1787814997408,-4.3269,-9.0022,3.9070,-180.00
528.364,1787814997508,-4.3268,-9.0022,3.9071,-180.00
528.464,1787814997608,-4.3267,-9.0022,3.9073,-180.00
528.564,1787814997708,-4.3266,-9.0022,3.9074,-180.00
528.664,1787814997808,-4.3265,-9.0022,3.9075,-180.00
528.765,1787814997908,-4.3264,-9.0023,3.9076,-180.00
528.865,1787814998008,-4.3263,-9.0023,3.9077,-180.00
528.965,1787814998109,-4.3261,-9.0023,3.9078,-180.00
529.065,1787814998209,-4.3260,-9.0022,3.9079,-180.00
529.165,1787814998309,-4.3259,-9.0023,3.9080,180.00
529.265,1787814998409,-4.3258,-9.0023,3.9080,180.00
529.365,1787814998509,-4.3256,-9.0023,3.9081,180.00
529.465,1787814998609,-4.3254,-9.0023,3.9082,180.00
529.565,1787814998709,-4.3253,-9.0024,3.9083,180.00
529.665,1787814998809,-4.3252,-9.0024,3.9083,179.99
529.766,1787814998909,-4.3252,-9.0024,3.9084,179.99
529.866,1787814999009,-4.3251,-9.0025,3.9084,179.99
529.966,1787814999109,-4.3250,-9.0025,3.9084,179.99
530.066,1787814999210,-4.3249,-9.0026,3.9084,179.99
530.166,1787814999310,-4.3249,-9.0026,3.9084,179.99
530.267,1787814999410,-4.3248,-9.0027,3.9084,179.99
530.367,1787814999511,-4.3248,-9.0028,3.9084,179.99
530.467,1787814999611,-4.3247,-9.0028,3.9084,180.00
530.567,1787814999711,-4.3247,-9.0029,3.9085,180.00
530.667,1787814999811,-4.3246,-9.0029,3.9085,180.00
530.767,1787814999911,-4.3245,-9.0030,3.9085,180.00
530.867,1787815000011,-4.3244,-9.0030,3.9086,180.00
530.967,1787815000111,-4.3243,-9.0030,3.9086,180.00
531.068,1787815000211,-4.3243,-9.0031,3.9087,180.00
531.168,1787815000311,-4.3243,-9.0031,3.9087,180.00
531.268,1787815000411,-4.3242,-9.0031,3.9088,180.00
531.368,1787815000512,-4.3242,-9.0030,3.9088,180.00
531.468,1787815000612,-4.3243,-9.0029,3.9088,180.00
531.568,1787815000712,-4.3243,-9.0029,3.9088,180.00
531.668,1787815000812,-4.3243,-9.0029,3.9088,180.00
531.768,1787815000912,-4.3243,-9.0036,3.9088,180.00
531.868,1787815001012,-4.3244,-9.0052,3.9089,180.00
531.969,1787815001112,-4.3245,-9.0063,3.9090,180.00
532.069,1787815001212,-4.3245,-9.0058,3.9092,180.00
532.169,1787815001312,-4.3245,-9.0032,3.9094,180.00
532.269,1787815001413,-4.3245,-8.9972,3.9096,180.00
532.369,1787815001513,-4.3245,-8.9850,3.9099,180.00
532.469,1787815001613,-4.3245,-8.9719,3.9100,180.00
532.569,1787815001713,-4.3245,-8.9561,3.9102,180.00
532.669,1787815001813,-4.3245,-8.9307,3.9103,180.00
532.769,1787815001913,-4.3244,-8.9062,3.9104,179.99
532.870,1787815002013,-4.3244,-8.8783,3.9105,179.99
532.970,1787815002113,-4.3245,-8.8486,3.9106,179.99
533.070,1787815002213,-4.3245,-8.8052,3.9107,179.99
533.170,1787815002313,-4.3245,-8.7644,3.9106,179.99
533.270,1787815002414,-4.3246,-8.7201,3.9106,180.00
533.370,1787815002514,-4.3246,-8.6771,3.9105,180.00
533.470,1787815002614,-4.3246,-8.6271,3.9104,180.00
533.570,1787815002714,-4.3247,-8.5647,3.9103,179.99
533.670,1787815002814,-4.3247,-8.5068,3.9102,179.99
533.770,1787815002914,-4.3247,-8.4470,3.9101,179.99
533.871,1787815003014,-4.3247,-8.3910,3.9100,179.99
533.971,1787815003114,-4.3247,-8.3337,3.9100,179.99
534.071,1787815003214,-4.3247,-8.2645,3.9099,179.99
534.171,1787815003315,-4.3247,-8.2025,3.9099,179.99
534.271,1787815003415,-4.3248,-8.1398,3.9098,179.99
534.371,1787815003515,-4.3248,-8.0711,3.9097,179.99
534.471,1787815003615,-4.3248,-7.9993,3.9097,179.99
534.571,1787815003715,-4.3248,-7.9359,3.9097,180.00
534.671,1787815003815,-4.3248,-7.8784,3.9096,180.00
534.772,1787815003916,-4.3248,-7.8125,3.9096,180.00
534.872,1787815004016,-4.3248,-7.7498,3.9096,180.00
534.973,1787815004116,-4.3247,-7.6790,3.9096,-180.00
535.073,1787815004217,-4.3247,-7.6339,3.9095,-180.00
535.173,1787815004317,-4.3247,-7.5749,3.9095,-180.00
535.273,1787815004417,-4.3246,-7.5165,3.9095,-180.00
535.373,1787815004517,-4.3246,-7.4554,3.9095,-180.00
535.473,1787815004617,-4.3245,-7.3806,3.9095,-180.00
535.573,1787815004717,-4.3245,-7.3225,3.9094,-180.00
535.674,1787815004817,-4.3244,-7.2591,3.9094,-180.00
535.774,1787815004917,-4.3243,-7.2014,3.9094,-180.00
535.874,1787815005017,-4.3243,-7.1413,3.9093,-180.00
535.974,1787815005118,-4.3242,-7.0870,3.9093,-180.00
536.074,1787815005218,-4.3241,-7.0138,3.9093,-180.00
536.174,1787815005318,-4.3240,-6.9515,3.9093,-180.00
536.274,1787815005418,-4.3240,-6.8975,3.9092,-180.00
536.374,1787815005518,-4.3239,-6.8386,3.9092,-180.00
536.474,1787815005618,-4.3239,-6.7772,3.9092,-180.00
536.575,1787815005718,-4.3238,-6.7186,3.9092,-180.00
536.675,1787815005818,-4.3238,-6.6629,3.9091,-180.00
536.775,1787815005919,-4.3238,-6.6045,3.9090,-180.00
536.875,1787815006019,-4.3238,-6.5488,3.9090,-180.00
536.975,1787815006119,-4.3239,-6.4876,3.9089,-180.00
537.075,1787815006219,-4.3239,-6.4319,3.9088,-180.00
537.175,1787815006319,-4.3240,-6.3737,3.9088,-180.00
537.275,1787815006419,-4.3241,-6.3126,3.9087,-180.00
537.375,1787815006519,-4.3242,-6.2488,3.9087,-180.00
537.476,1787815006619,-4.3243,-6.1957,3.9087,-180.00
537.576,1787815006719,-4.3244,-6.1375,3.9086,-179.99
537.676,1787815006819,-4.3245,-6.0660,3.9086,-179.99
537.776,1787815006920,-4.3246,-6.0102,3.9086,-179.99
537.876,1787815007020,-4.3246,-5.9545,3.9085,-179.99
537.976,1787815007120,-4.3247,-5.8989,3.9085,-179.99
538.077,1787815007220,-4.3247,-5.8328,3.9085,-179.99
538.177,1787815007320,-4.3247,-5.7746,3.9084,-179.99
538.277,1787815007420,-4.3246,-5.7140,3.9084,-179.99
538.377,1787815007521,-4.3246,-5.6667,3.9085,-180.00
538.477,1787815007621,-4.3245,-5.5984,3.9085,-180.00
538.577,1787815007721,-4.3244,-5.5405,3.9086,-180.00
538.677,1787815007821,-4.3242,-5.4825,3.9086,-180.00
538.777,1787815007921,-4.3241,-5.4192,3.9087,-180.00
538.877,1787815008021,-4.3239,-5.3587,3.9087,-180.00
538.977,1787815008121,-4.3238,-5.3061,3.9087,-180.00
539.078,1787815008221,-4.3237,-5.2457,3.9088,-180.00
539.178,1787815008321,-4.3236,-5.1882,3.9088,-180.00
539.278,1787815008421,-4.3234,-5.1254,3.9088,-180.00
539.378,1787815008522,-4.3234,-5.0625,3.9089,-180.00
539.478,1787815008622,-4.3233,-4.9997,3.9089,-180.00
539.578,1787815008722,-4.3233,-4.9343,3.9089,-180.00
539.678,1787815008822,-4.3232,-4.8770,3.9090,180.00
539.778,1787815008922,-4.3232,-4.8199,3.9090,180.00
539.878,1787815009022,-4.3232,-4.7707,3.9091,180.00
539.979,1787815009122,-4.3233,-4.7115,3.9091,180.00
540.079,1787815009222,-4.3234,-4.6549,3.9092,180.00
540.179,1787815009322,-4.3235,-4.5983,3.9093,180.00
540.279,1787815009423,-4.3236,-4.5390,3.9094,180.00
540.379,1787815009523,-4.3238,-4.4768,3.9094,180.00
540.479,1787815009623,-4.3239,-4.4093,3.9095,180.00
540.579,1787815009723,-4.3240,-4.3551,3.9095,180.00
540.679,1787815009823,-4.3241,-4.2960,3.9095,180.00
540.779,1787815009923,-4.3242,-4.2368,3.9095,-180.00
540.880,1787815010023,-4.3243,-4.1855,3.9095,-180.00
540.980,1787815010123,-4.3244,-4.1289,3.9094,-180.00
541.080,1787815010223,-4.3245,-4.0646,3.9094,-180.00
541.180,1787815010324,-4.3246,-4.0027,3.9093,-180.00
541.280,1787815010424,-4.3246,-3.9432,3.9093,-180.00
541.380,1787815010524,-4.3247,-3.8861,3.9092,-180.00
541.480,1787815010624,-4.3248,-3.8189,3.9091,-180.00
541.580,1787815010724,-4.3248,-3.7646,3.9091,-180.00
541.680,1787815010824,-4.3248,-3.6998,3.9090,-180.00
541.781,1787815010924,-4.3248,-3.6427,3.9089,-180.00
541.881,1787815011024,-4.3248,-3.5910,3.9088,180.00
541.981,1787815011124,-4.3248,-3.5396,3.9088,180.00
542.081,1787815011225,-4.3248,-3.4704,3.9088,180.00
542.181,1787815011325,-4.3248,-3.4137,3.9088,179.99
542.281,1787815011425,-4.3247,-3.3543,3.9088,179.99
542.381,1787815011525,-4.3246,-3.2950,3.9088,179.99
542.481,1787815011625,-4.3246,-3.2381,3.9088,179.99
542.581,1787815011725,-4.3245,-3.1786,3.9089,179.99
542.682,1787815011825,-4.3244,-3.1115,3.9089,179.99
542.782,1787815011925,-4.3244,-3.0548,3.9090,179.99
542.882,1787815012025,-4.3243,-2.9955,3.9091,179.99
542.982,1787815012126,-4.3243,-2.9414,3.9092,179.99
543.082,1787815012226,-4.3243,-2.8872,3.9093,179.99
543.182,1787815012326,-4.3243,-2.8278,3.9094,180.00
543.282,1787815012426,-4.3242,-2.7635,3.9095,180.00
543.382,1787815012526,-4.3242,-2.7068,3.9096,179.99
543.482,1787815012626,-4.3242,-2.6500,3.9096,179.99
543.582,1787815012726,-4.3242,-2.5882,3.9097,179.99
543.683,1787815012826,-4.3242,-2.5341,3.9097,179.99
543.783,1787815012926,-4.3242,-2.4772,3.9097,179.99
543.883,1787815013027,-4.3242,-2.4149,3.9098,179.99
543.983,1787815013127,-4.3242,-2.3631,3.9098,180.00
544.083,1787815013227,-4.3242,-2.3139,3.9098,179.99
544.183,1787815013327,-4.3242,-2.2437,3.9099,180.00
544.283,1787815013427,-4.3242,-2.2018,3.9099,180.00
544.384,1787815013527,-4.3243,-2.1310,3.9099,180.00
544.484,1787815013627,-4.3243,-2.0681,3.9099,180.00
544.584,1787815013728,-4.3244,-2.0130,3.9099,180.00
544.684,1787815013828,-4.3245,-1.9525,3.9099,180.00
544.784,1787815013928,-4.3245,-1.9078,3.9099,180.00
544.884,1787815014028,-4.3246,-1.8474,3.9099,180.00
544.984,1787815014128,-4.3247,-1.7922,3.9099,-180.00
545.084,1787815014228,-4.3248,-1.7313,3.9099,-180.00
545.184,1787815014328,-4.3250,-1.6594,3.9098,-180.00
545.284,1787815014428,-4.3251,-1.6007,3.9098,-180.00
545.385,1787815014528,-4.3252,-1.5420,3.9097,-180.00
545.485,1787815014628,-4.3253,-1.4809,3.9097,-179.99
545.585,1787815014729,-4.3254,-1.4225,3.9097,-179.99
545.685,1787815014829,-4.3256,-1.3588,3.9097,-179.99
545.785,1787815014929,-4.3256,-1.3164,3.9097,-179.99
545.885,1787815015029,-4.3257,-1.2530,3.9096,-179.99
545.985,1787815015129,-4.3258,-1.1867,3.9096,-180.00
546.085,1787815015229,-4.3259,-1.1310,3.9096,-180.00
546.186,1787815015329,-4.3260,-1.0700,3.9096,180.00
546.286,1787815015429,-4.3260,-1.0090,3.9096,180.00
546.386,1787815015530,-4.3261,-0.9399,3.9095,180.00
546.486,1787815015630,-4.3261,-0.8922,3.9095,180.00
546.586,1787815015730,-4.3261,-0.8289,3.9095,180.00
546.686,1787815015830,-4.3261,-0.7764,3.9095,180.00
546.786,1787815015930,-4.3261,-0.7214,3.9096,180.00
546.886,1787815016030,-4.3261,-0.6662,3.9096,180.00
546.987,1787815016130,-4.3260,-0.6055,3.9096,180.00
547.087,1787815016230,-4.3260,-0.5393,3.9096,180.00
547.187,1787815016330,-4.3259,-0.4836,3.9095,-180.00
547.287,1787815016430,-4.3259,-0.4252,3.9095,-180.00
547.387,1787815016531,-4.3258,-0.3480,3.9094,-180.00
547.487,1787815016631,-4.3257,-0.2895,3.9094,-179.99
547.587,1787815016731,-4.3256,-0.2308,3.9093,-179.99
547.687,1787815016831,-4.3255,-0.1751,3.9093,-179.99
547.787,1787815016931,-4.3254,-0.1197,3.9092,-179.99
547.887,1787815017031,-4.3253,-0.0620,3.9092,-180.00
547.987,1787815017131,-4.3252,-0.0015,3.9092,-180.00
548.088,1787815017231,-4.3251,0.0541,3.9091,-180.00
548.188,1787815017331,-4.3250,0.1148,3.9091,-180.00
548.288,1787815017432,-4.3249,0.1861,3.9091,-180.00
548.388,1787815017532,-4.3249,0.2495,3.9090,-180.00
548.488,1787815017632,-4.3248,0.3023,3.9090,-180.00
548.588,1787815017732,-4.3248,0.3626,3.9090,-179.99
548.688,1787815017832,-4.3247,0.4332,3.9090,-179.99
548.789,1787815017932,-4.3247,0.4906,3.9090,-179.99
548.889,1787815018033,-4.3247,0.5452,3.9090,-179.99
548.989,1787815018133,-4.3247,0.6022,3.9090,-179.99
549.089,1787815018233,-4.3246,0.6617,3.9090,-179.99
549.189,1787815018333,-4.3246,0.7264,3.9090,-179.99
549.289,1787815018433,-4.3245,0.7703,3.9090,-179.99
549.389,1787815018533,-4.3245,0.8296,3.9091,-180.00
549.490,1787815018633,-4.3244,0.8887,3.9091,-180.00
549.590,1787815018733,-4.3244,0.9455,3.9092,180.00
549.690,1787815018833,-4.3243,1.0052,3.9093,180.00
549.790,1787815018934,-4.3242,1.0599,3.9093,180.00
549.890,1787815019034,-4.3242,1.1200,3.9094,180.00
549.990,1787815019134,-4.3241,1.1803,3.9095,180.00
550.090,1787815019234,-4.3240,1.2356,3.9095,-180.00
550.190,1787815019334,-4.3240,1.3014,3.9095,-180.00
550.290,1787815019434,-4.3239,1.3488,3.9095,-180.00
550.391,1787815019534,-4.3239,1.4198,3.9095,-179.99
550.491,1787815019634,-4.3239,1.4778,3.9094,-179.99
550.591,1787815019734,-4.3238,1.5412,3.9094,-180.00
550.691,1787815019835,-4.3238,1.5995,3.9094,-180.00
550.791,1787815019935,-4.3237,1.6551,3.9094,-180.00
550.891,1787815020035,-4.3237,1.7158,3.9094,-180.00
550.991,1787815020135,-4.3236,1.7816,3.9094,-180.00
551.091,1787815020235,-4.3236,1.8369,3.9094,-180.00
551.191,1787815020335,-4.3236,1.8947,3.9094,-180.00
551.292,1787815020435,-4.3235,1.9552,3.9094,180.00
551.392,1787815020535,-4.3235,2.0155,3.9094,180.00
551.492,1787815020635,-4.3235,2.0732,3.9094,-180.00
551.592,1787815020736,-4.3235,2.1412,3.9094,180.00
551.692,1787815020836,-4.3234,2.1961,3.9094,180.00
551.792,1787815020936,-4.3234,2.2483,3.9094,-180.00
551.892,1787815021036,-4.3234,2.3110,3.9095,180.00
551.992,1787815021136,-4.3233,2.3788,3.9095,180.00
552.092,1787815021236,-4.3233,2.4362,3.9095,180.00
552.193,1787815021336,-4.3233,2.4937,3.9096,180.00
552.293,1787815021436,-4.3232,2.5459,3.9096,180.00
552.393,1787815021537,-4.3232,2.6008,3.9096,180.00
552.493,1787815021637,-4.3232,2.6555,3.9096,180.00
552.593,1787815021737,-4.3231,2.7233,3.9097,180.00
552.693,1787815021837,-4.3231,2.7780,3.9097,180.00
552.793,1787815021937,-4.3231,2.8354,3.9097,180.00
552.893,1787815022037,-4.3231,2.8955,3.9097,180.00
552.994,1787815022137,-4.3231,2.9505,3.9098,180.00
553.094,1787815022237,-4.3230,3.0188,3.9098,180.00
553.194,1787815022337,-4.3230,3.0712,3.9099,180.00
553.294,1787815022437,-4.3230,3.1317,3.9099,180.00
553.394,1787815022538,-4.3229,3.2002,3.9100,180.00
553.494,1787815022638,-4.3229,3.2530,3.9100,180.00
553.594,1787815022738,-4.3228,3.3217,3.9100,180.00
553.694,1787815022838,-4.3228,3.3795,3.9100,180.00
553.794,1787815022938,-4.3228,3.4372,3.9100,180.00
553.895,1787815023038,-4.3228,3.4948,3.9100,180.00
553.995,1787815023138,-4.3228,3.5444,3.9100,180.00
554.095,1787815023238,-4.3228,3.5964,3.9100,-180.00
554.195,1787815023339,-4.3229,3.6535,3.9100,-180.00
554.295,1787815023439,-4.3229,3.7109,3.9100,-180.00
554.395,1787815023539,-4.3229,3.7685,3.9100,-180.00
554.495,1787815023639,-4.3229,3.8427,3.9099,-180.00
554.595,1787815023739,-4.3230,3.9011,3.9099,180.00
554.695,1787815023839,-4.3231,3.9594,3.9099,180.00
554.796,1787815023939,-4.3232,4.0149,3.9098,180.00
554.896,1787815024039,-4.3233,4.0782,3.9098,180.00
554.996,1787815024139,-4.3234,4.1471,3.9098,180.00
555.096,1787815024240,-4.3235,4.1974,3.9098,180.00
555.196,1787815024340,-4.3236,4.2477,3.9098,180.00
555.296,1787815024440,-4.3238,4.3055,3.9098,180.00
555.396,1787815024540,-4.3239,4.3714,3.9098,180.00
555.496,1787815024640,-4.3241,4.4377,3.9097,180.00
555.596,1787815024740,-4.3242,4.4986,3.9097,180.00
555.696,1787815024840,-4.3243,4.5595,3.9097,180.00
555.797,1787815024940,-4.3244,4.6018,3.9097,180.00
555.897,1787815025040,-4.3245,4.6542,3.9098,180.00
555.997,1787815025140,-4.3247,4.7092,3.9098,180.00
556.097,1787815025241,-4.3248,4.7777,3.9098,180.00
556.197,1787815025341,-4.3248,4.8333,3.9098,180.00
556.297,1787815025441,-4.3250,4.9080,3.9098,180.00
556.397,1787815025541,-4.3250,4.9588,3.9098,180.00
556.497,1787815025641,-4.3250,5.0200,3.9098,180.00
556.597,1787815025741,-4.3251,5.0785,3.9098,179.99
556.698,1787815025841,-4.3251,5.1318,3.9098,179.99
556.798,1787815025941,-4.3251,5.1824,3.9098,180.00
556.898,1787815026042,-4.3251,5.2541,3.9099,180.00
556.998,1787815026142,-4.3251,5.3100,3.9099,180.00
557.098,1787815026242,-4.3251,5.3687,3.9099,180.00
557.198,1787815026342,-4.3251,5.4330,3.9099,180.00
557.298,1787815026442,-4.3250,5.4920,3.9100,180.00
557.398,1787815026542,-4.3250,5.5535,3.9100,-180.00
557.498,1787815026642,-4.3249,5.6095,3.9099,-180.00
557.599,1787815026742,-4.3248,5.6817,3.9099,-180.00
557.699,1787815026842,-4.3247,5.7408,3.9099,180.00
557.799,1787815026942,-4.3246,5.7971,3.9098,180.00
557.899,1787815027043,-4.3245,5.8559,3.9098,180.00
557.999,1787815027143,-4.3244,5.9143,3.9097,180.00
558.099,1787815027243,-4.3242,5.9857,3.9097,179.99
558.199,1787815027343,-4.3240,6.0413,3.9097,179.99
558.299,1787815027443,-4.3239,6.0993,3.9096,179.99
558.399,1787815027543,-4.3238,6.1624,3.9096,179.99
558.499,1787815027643,-4.3236,6.2176,3.9095,179.99
558.600,1787815027743,-4.3235,6.2806,3.9095,179.99
558.700,1787815027843,-4.3234,6.3380,3.9095,180.00
558.800,1787815027943,-4.3233,6.3954,3.9095,180.00
558.900,1787815028044,-4.3233,6.4554,3.9094,180.00
559.000,1787815028144,-4.3232,6.5233,3.9094,-180.00
559.100,1787815028244,-4.3232,6.5755,3.9094,-180.00
559.200,1787815028344,-4.3232,6.6405,3.9094,-180.00
559.300,1787815028444,-4.3232,6.6845,3.9094,180.00
559.400,1787815028544,-4.3233,6.7491,3.9095,180.00
559.500,1787815028644,-4.3233,6.8033,3.9096,180.00
559.601,1787815028744,-4.3233,6.8627,3.9097,180.00
559.701,1787815028844,-4.3234,6.9197,3.9097,180.00
559.801,1787815028945,-4.3235,6.9820,3.9098,180.00
559.901,1787815029045,-4.3235,7.0391,3.9099,180.00
560.001,1787815029145,-4.3236,7.0938,3.9099,180.00
560.101,1787815029245,-4.3237,7.1459,3.9099,180.00
560.201,1787815029345,-4.3237,7.2138,3.9100,-180.00
560.301,1787815029445,-4.3238,7.2738,3.9100,-180.00
560.401,1787815029545,-4.3238,7.3236,3.9100,-180.00
560.502,1787815029645,-4.3238,7.3841,3.9101,-180.00
560.602,1787815029745,-4.3238,7.4418,3.9101,-180.00
560.702,1787815029845,-4.3238,7.4998,3.9101,-180.00
560.802,1787815029946,-4.3238,7.5553,3.9101,-180.00
560.902,1787815030046,-4.3237,7.6081,3.9101,180.00
561.003,1787815030146,-4.3237,7.6664,3.9101,180.00
561.103,1787815030247,-4.3236,7.7359,3.9101,180.00
561.203,1787815030347,-4.3235,7.7976,3.9100,180.00
561.303,1787815030447,-4.3234,7.8540,3.9100,180.00
561.403,1787815030547,-4.3234,7.9128,3.9100,180.00
561.503,1787815030647,-4.3233,7.9825,3.9100,180.00
561.603,1787815030747,-4.3233,8.0416,3.9100,-180.00
561.703,1787815030847,-4.3233,8.0954,3.9100,-180.00
561.804,1787815030947,-4.3233,8.1518,3.9101,-180.00
561.904,1787815031047,-4.3233,8.2218,3.9101,-179.99
562.004,1787815031147,-4.3233,8.2834,3.9101,-179.99
562.104,1787815031248,-4.3233,8.3396,3.9101,-179.99
562.204,1787815031348,-4.3233,8.3990,3.9101,-179.99
562.304,1787815031448,-4.3233,8.4674,3.9101,-179.99
562.404,1787815031548,-4.3234,8.5269,3.9100,-179.99
562.504,1787815031648,-4.3233,8.5871,3.9100,-179.99
562.604,1787815031748,-4.3233,8.6398,3.9099,-179.99
562.705,1787815031848,-4.3234,8.6921,3.9099,-179.99
562.805,1787815031948,-4.3233,8.7303,3.9099,-179.99
562.905,1787815032049,-4.3233,8.7785,3.9099,-179.99
563.005,1787815032149,-4.3233,8.8244,3.9098,-179.99
563.105,1787815032249,-4.3232,8.8704,3.9098,-179.99
563.205,1787815032349,-4.3231,8.9063,3.9097,-179.99
563.305,1787815032449,-4.3230,8.9350,3.9097,-179.99
563.405,1787815032549,-4.3229,8.9598,3.9096,-180.00
563.505,1787815032649,-4.3226,8.9851,3.9095,-180.00
563.606,1787815032749,-4.3225,9.0018,3.9094,-180.00
563.706,1787815032849,-4.3224,9.0152,3.9092,-180.00
563.806,1787815032949,-4.3223,9.0239,3.9091,-180.00
563.906,1787815033049,-4.3222,9.0320,3.9091,-180.00
564.006,1787815033150,-4.3220,9.0383,3.9090,-180.00
564.106,1787815033250,-4.3219,9.0415,3.9089,-180.00
564.206,1787815033350,-4.3218,9.0425,3.9089,-179.99
564.306,1787815033450,-4.3217,9.0417,3.9088,-180.00
564.406,1787815033550,-4.3217,9.0399,3.9088,-180.00
564.506,1787815033650,-4.3217,9.0363,3.9088,-180.00
564.607,1787815033750,-4.3217,9.0322,3.9088,-180.00
564.707,1787815033850,-4.3217,9.0276,3.9088,180.00
564.807,1787815033951,-4.3218,9.0228,3.9089,180.00
564.907,1787815034051,-4.3219,9.0183,3.9089,180.00
565.007,1787815034151,-4.3219,9.0129,3.9089,180.00
565.107,1787815034251,-4.3220,9.0072,3.9089,180.00
565.207,1787815034351,-4.3221,9.0022,3.9090,180.00
565.307,1787815034451,-4.3222,8.9974,3.9090,180.00
565.407,1787815034551,-4.3223,8.9923,3.9090,-180.00
565.508,1787815034651,-4.3224,8.9880,3.9090,-180.00
565.608,1787815034751,-4.3226,8.9833,3.9090,-180.00
565.708,1787815034851,-4.3228,8.9798,3.9090,-179.99
565.808,1787815034952,-4.3230,8.9763,3.9091,-179.99
565.908,1787815035052,-4.3233,8.9730,3.9091,-179.99
566.008,1787815035152,-4.3235,8.9705,3.9091,-179.99
566.108,1787815035252,-4.3238,8.9681,3.9092,-179.99
566.208,1787815035352,-4.3241,8.9659,3.9093,-179.99
566.308,1787815035452,-4.3244,8.9642,3.9094,-180.00
566.409,1787815035552,-4.3246,8.9629,3.9095,-180.00
566.509,1787815035652,-4.3249,8.9618,3.9095,180.00
566.609,1787815035752,-4.3251,8.9610,3.9096,180.00
566.709,1787815035852,-4.3253,8.9605,3.9097,180.00
566.809,1787815035953,-4.3254,8.9600,3.9098,180.00
566.909,1787815036053,-4.3255,8.9598,3.9098,180.00
567.009,1787815036153,-4.3256,8.9598,3.9099,180.00
567.109,1787815036253,-4.3257,8.9599,3.9099,180.00
567.210,1787815036353,-4.3258,8.9601,3.9099,180.00
567.310,1787815036453,-4.3259,8.9604,3.9099,179.99
567.410,1787815036553,-4.3259,8.9609,3.9099,179.99
567.510,1787815036653,-4.3260,8.9612,3.9099,179.99
567.610,1787815036754,-4.3260,8.9619,3.9098,180.00
567.710,1787815036854,-4.3261,8.9625,3.9098,180.00
567.810,1787815036954,-4.3261,8.9632,3.9098,180.00
567.910,1787815037054,-4.3261,8.9638,3.9097,-180.00
568.010,1787815037154,-4.3261,8.9647,3.9097,-180.00
568.110,1787815037254,-4.3261,8.9654,3.9097,-180.00
568.211,1787815037354,-4.3261,8.9660,3.9097,-180.00
568.311,1787815037454,-4.3261,8.9667,3.9097,-180.00
568.411,1787815037554,-4.3260,8.9674,3.9097,180.00
568.511,1787815037655,-4.3260,8.9681,3.9098,180.00
568.611,1787815037755,-4.3260,8.9688,3.9099,180.00
568.711,1787815037855,-4.3259,8.9693,3.9099,179.99
568.811,1787815037955,-4.3259,8.9699,3.9099,179.99
568.911,1787815038055,-4.3259,8.9706,3.9100,179.99
569.011,1787815038155,-4.3259,8.9712,3.9100,179.99
569.112,1787815038255,-4.3259,8.9718,3.9100,179.99
569.212,1787815038355,-4.3259,8.9725,3.9101,179.99
569.312,1787815038455,-4.3259,8.9731,3.9101,179.99
569.412,1787815038555,-4.3259,8.9735,3.9101,179.99
569.512,1787815038656,-4.3259,8.9741,3.9101,179.99
569.612,1787815038756,-4.3259,8.9745,3.9101,179.99
569.712,1787815038856,-4.3259,8.9749,3.9101,179.99
569.812,1787815038956,-4.3259,8.9754,3.9101,179.99
569.912,1787815039056,-4.3259,8.9759,3.9101,179.99
570.012,1787815039156,-4.3259,8.9763,3.9101,179.99
570.113,1787815039256,-4.3260,8.9769,3.9100,179.99
570.213,1787815039356,-4.3260,8.9774,3.9100,180.00
570.313,1787815039456,-4.3261,8.9778,3.9100,180.00
570.413,1787815039557,-4.3261,8.9783,3.9100,180.00
570.513,1787815039657,-4.3262,8.9788,3.9099,180.00
570.613,1787815039757,-4.3262,8.9794,3.9099,180.00
570.713,1787815039857,-4.3263,8.9798,3.9098,180.00
570.814,1787815039957,-4.3263,8.9802,3.9098,180.00
570.914,1787815040057,-4.3263,8.9806,3.9098,180.00
571.014,1787815040157,-4.3263,8.9811,3.9097,180.00
571.114,1787815040258,-4.3263,8.9815,3.9096,180.00
571.215,1787815040359,-4.3262,8.9819,3.9096,180.00
571.316,1787815040459,-4.3262,8.9823,3.9095,180.00
571.416,1787815040559,-4.3262,8.9827,3.9094,180.00
571.516,1787815040659,-4.3262,8.9831,3.9094,180.00
571.616,1787815040759,-4.3262,8.9834,3.9093,180.00
571.716,1787815040859,-4.3262,8.9837,3.9093,180.00
571.816,1787815040960,-4.3262,8.9840,3.9093,180.00
571.916,1787815041060,-4.3261,8.9843,3.9093,179.99
572.016,1787815041160,-4.3260,8.9845,3.9094,179.99
572.116,1787815041260,-4.3260,8.9848,3.9094,179.99
572.216,1787815041360,-4.3259,8.9851,3.9094,179.99
572.317,1787815041460,-4.3259,8.9853,3.9095,179.99
572.417,1787815041560,-4.3258,8.9857,3.9096,179.98
572.517,1787815041660,-4.3258,8.9859,3.9097,179.90
572.617,1787815041761,-4.3258,8.9860,3.9101,179.57
572.717,1787815041861,-4.3258,8.9858,3.9107,178.89
572.817,1787815041961,-4.3258,8.9859,3.9116,177.63
572.918,1787815042062,-4.3258,8.9866,3.9126,175.59
573.018,1787815042162,-4.3258,8.9878,3.9134,173.00
573.118,1787815042262,-4.3257,8.9891,3.9140,170.43
573.218,1787815042362,-4.3255,8.9905,3.9145,167.26
573.318,1787815042462,-4.3253,8.9919,3.9147,163.81
573.419,1787815042562,-4.3251,8.9930,3.9147,160.37
573.519,1787815042662,-4.3250,8.9937,3.9144,156.17
573.619,1787815042763,-4.3249,8.9938,3.9140,152.81
573.719,1787815042863,-4.3250,8.9936,3.9135,149.49
573.819,1787815042963,-4.3251,8.9929,3.9129,145.92
573.919,1787815043063,-4.3254,8.9920,3.9124,143.23
574.019,1787815043163,-4.3260,8.9904,3.9117,139.22
574.119,1787815043263,-4.3266,8.9887,3.9111,135.96
574.220,1787815043363,-4.3273,8.9868,3.9106,132.67
574.320,1787815043464,-4.3282,8.9847,3.9102,129.22
574.420,1787815043564,-4.3291,8.9828,3.9098,126.29
574.520,1787815043664,-4.3299,8.9809,3.9095,123.31
574.620,1787815043764,-4.3307,8.9792,3.9092,120.53
574.720,1787815043864,-4.3314,8.9777,3.9090,117.91
574.821,1787815043964,-4.3320,8.9762,3.9089,115.06
574.921,1787815044064,-4.3324,8.9752,3.9087,112.46
575.021,1787815044165,-4.3327,8.9742,3.9086,109.34
575.121,1787815044265,-4.3327,8.9735,3.9085,106.17
575.221,1787815044365,-4.3326,8.9731,3.9085,103.61
575.321,1787815044465,-4.3323,8.9729,3.9085,100.76
575.421,1787815044565,-4.3319,8.9728,3.9084,97.88
575.521,1787815044665,-4.3314,8.9729,3.9084,94.82
575.621,1787815044765,-4.3308,8.9731,3.9084,91.58
575.722,1787815044865,-4.3303,8.9734,3.9084,88.86
575.822,1787815044965,-4.3298,8.9737,3.9084,86.54
575.922,1787815045065,-4.3292,8.9741,3.9083,83.67
576.022,1787815045166,-4.3286,8.9746,3.9083,80.34
576.122,1787815045266,-4.3280,8.9752,3.9083,76.69
576.222,1787815045366,-4.3274,8.9757,3.9083,73.58
576.322,1787815045466,-4.3268,8.9762,3.9083,70.36
576.422,1787815045566,-4.3263,8.9767,3.9083,67.32
576.522,1787815045666,-4.3259,8.9773,3.9083,64.05
576.623,1787815045766,-4.3256,8.9779,3.9083,60.96
576.723,1787815045866,-4.3255,8.9784,3.9084,58.45
576.823,1787815045966,-4.3254,8.9790,3.9084,55.43
576.923,1787815046067,-4.3254,8.9795,3.9084,52.69
577.023,1787815046167,-4.3253,8.9800,3.9085,49.69
577.123,1787815046267,-4.3253,8.9804,3.9085,46.30
577.223,1787815046367,-4.3251,8.9806,3.9085,43.28
577.323,1787815046467,-4.3250,8.9809,3.9086,40.39
577.423,1787815046567,-4.3250,8.9810,3.9086,37.74
577.524,1787815046667,-4.3249,8.9812,3.9087,35.23
577.624,1787815046767,-4.3249,8.9812,3.9087,33.63
577.724,1787815046868,-4.3248,8.9813,3.9087,31.47
577.824,1787815046968,-4.3248,8.9814,3.9088,29.13
577.924,1787815047068,-4.3247,8.9815,3.9090,25.97
578.024,1787815047168,-4.3246,8.9815,3.9092,22.96
578.124,1787815047268,-4.3243,8.9813,3.9094,19.36
578.224,1787815047368,-4.3240,8.9809,3.9095,16.13
578.324,1787815047468,-4.3237,8.9802,3.9097,12.04
578.425,1787815047568,-4.3234,8.9797,3.9098,8.64
578.525,1787815047668,-4.3233,8.9791,3.9101,5.39
578.625,1787815047768,-4.3232,8.9787,3.9104,2.59
578.725,1787815047869,-4.3232,8.9785,3.9109,0.20
578.825,1787815047969,-4.3233,8.9791,3.9117,-2.27
578.925,1787815048069,-4.3234,8.9802,3.9123,-3.40
579.025,1787815048169,-4.3236,8.9823,3.9130,-4.28
579.125,1787815048269,-4.3237,8.9846,3.9135,-4.48
579.226,1787815048369,-4.3238,8.9869,3.9139,-4.25
579.326,1787815048469,-4.3239,8.9893,3.9140,-3.71
579.426,1787815048569,-4.3240,8.9916,3.9140,-2.92
579.526,1787815048670,-4.3242,8.9938,3.9136,-1.84
579.626,1787815048770,-4.3243,8.9949,3.9133,-1.08
579.726,1787815048870,-4.3244,8.9956,3.9129,-0.33
579.826,1787815048970,-4.3245,8.9959,3.9125,0.20
579.926,1787815049070,-4.3246,8.9957,3.9120,0.86
580.026,1787815049170,-4.3248,8.9950,3.9115,1.35
580.127,1787815049270,-4.3248,8.9938,3.9110,1.63
580.227,1787815049370,-4.3249,8.9923,3.9105,1.78
580.327,1787815049470,-4.3250,8.9905,3.9101,1.79
580.427,1787815049571,-4.3251,8.9882,3.9097,1.67
580.527,1787815049671,-4.3251,8.9862,3.9094,1.48
580.627,1787815049771,-4.3252,8.9842,3.9091,1.25
580.727,1787815049871,-4.3253,8.9823,3.9089,1.00
580.827,1787815049971,-4.3253,8.9805,3.9086,0.71
580.927,1787815050071,-4.3254,8.9787,3.9084,0.41
581.028,1787815050171,-4.3254,8.9774,3.9082,0.19
581.128,1787815050271,-4.3255,8.9765,3.9080,0.02
581.228,1787815050371,-4.3256,8.9758,3.9078,-0.10
581.328,1787815050472,-4.3256,8.9755,3.9077,-0.15
581.428,1787815050572,-4.3259,8.9754,3.9076,-0.18
581.528,1787815050672,-4.3271,8.9755,3.9075,-0.18
581.628,1787815050772,-4.3286,8.9758,3.9075,-0.13
581.728,1787815050872,-4.3290,8.9760,3.9076,-0.07
581.828,1787815050972,-4.3275,8.9761,3.9077,-0.01
581.929,1787815051072,-4.3237,8.9763,3.9078,0.06
582.029,1787815051172,-4.3177,8.9764,3.9080,0.12
582.129,1787815051272,-4.3058,8.9767,3.9083,0.19
582.229,1787815051373,-4.2946,8.9769,3.9084,0.23
582.329,1787815051473,-4.2783,8.9772,3.9086,0.26
582.429,1787815051573,-4.2583,8.9776,3.9088,0.27
582.529,1787815051673,-4.2336,8.9780,3.9090,0.28
582.629,1787815051773,-4.2146,8.9783,3.9091,0.27
582.730,1787815051873,-4.1836,8.9788,3.9093,0.26
582.830,1787815051973,-4.1440,8.9796,3.9094,0.24
582.930,1787815052073,-4.1047,8.9803,3.9092,0.22
583.030,1787815052174,-4.0601,8.9813,3.9090,0.19
583.130,1787815052274,-4.0134,8.9823,3.9088,0.16
583.230,1787815052374,-3.9611,8.9834,3.9085,0.14
583.330,1787815052474,-3.9216,8.9844,3.9084,0.12
583.430,1787815052574,-3.8737,8.9855,3.9082,0.10
583.530,1787815052674,-3.8249,8.9867,3.9082,0.08
583.630,1787815052774,-3.7859,8.9877,3.9081,0.07
583.731,1787815052874,-3.7465,8.9887,3.9082,0.07
583.831,1787815052974,-3.7004,8.9899,3.9082,0.06
583.931,1787815053075,-3.6646,8.9908,3.9083,0.06
584.031,1787815053175,-3.6331,8.9917,3.9083,0.06
584.131,1787815053275,-3.5951,8.9927,3.9084,0.07
584.231,1787815053375,-3.5690,8.9934,3.9084,0.07
584.332,1787815053475,-3.5439,8.9940,3.9084,0.08
584.432,1787815053575,-3.5260,8.9945,3.9084,0.08
584.532,1787815053675,-3.5061,8.9951,3.9083,0.08
584.632,1787815053775,-3.4923,8.9954,3.9083,0.08
584.732,1787815053876,-3.4807,8.9958,3.9082,0.08
584.832,1787815053976,-3.4721,8.9959,3.9081,0.08
584.932,1787815054076,-3.4647,8.9961,3.9080,0.08
585.032,1787815054176,-3.4601,8.9962,3.9079,0.08
585.132,1787815054276,-3.4578,8.9963,3.9079,0.07
585.232,1787815054376,-3.4571,8.9963,3.9079,0.07
585.333,1787815054476,-3.4576,8.9962,3.9079,0.06
585.433,1787815054576,-3.4596,8.9961,3.9080,0.06
585.533,1787815054676,-3.4624,8.9960,3.9081,0.05
585.633,1787815054777,-3.4658,8.9958,3.9082,0.05
585.733,1787815054877,-3.4706,8.9956,3.9083,0.05
585.833,1787815054977,-3.4749,8.9954,3.9084,0.04
585.933,1787815055077,-3.4791,8.9952,3.9085,0.04
586.033,1787815055177,-3.4844,8.9950,3.9086,0.04
586.133,1787815055277,-3.4889,8.9948,3.9086,0.04
586.233,1787815055377,-3.4930,8.9947,3.9087,0.04
586.334,1787815055477,-3.4977,8.9945,3.9088,0.04
586.434,1787815055577,-3.5017,8.9943,3.9088,0.04
586.534,1787815055677,-3.5052,8.9942,3.9089,0.04
586.634,1787815055778,-3.5087,8.9942,3.9089,0.03
586.734,1787815055878,-3.5116,8.9941,3.9089,0.03
586.834,1787815055978,-3.5143,8.9940,3.9090,0.03
586.934,1787815056078,-3.5168,8.9940,3.9090,0.03
587.034,1787815056178,-3.5192,8.9940,3.9091,0.03
587.134,1787815056278,-3.5214,8.9940,3.9091,0.03
587.235,1787815056378,-3.5232,8.9940,3.9091,0.03
587.335,1787815056478,-3.5251,8.9941,3.9092,0.03
587.435,1787815056579,-3.5265,8.9941,3.9092,0.03
587.536,1787815056679,-3.5279,8.9942,3.9092,0.03
587.636,1787815056779,-3.5288,8.9942,3.9092,0.03
587.736,1787815056880,-3.5295,8.9943,3.9091,0.03
587.836,1787815056980,-3.5301,8.9944,3.9091,0.03
587.936,1787815057080,-3.5306,8.9944,3.9091,0.03
588.036,1787815057180,-3.5310,8.9945,3.9090,0.03
588.136,1787815057280,-3.5313,8.9946,3.9090,0.03
588.236,1787815057380,-3.5314,8.9947,3.9090,0.03
588.337,1787815057480,-3.5315,8.9948,3.9090,0.03
588.437,1787815057580,-3.5316,8.9948,3.9090,0.02
588.537,1787815057680,-3.5316,8.9948,3.9090,0.02
588.637,1787815057781,-3.5315,8.9948,3.9090,0.02
588.737,1787815057881,-3.5315,8.9948,3.9090,0.02
588.837,1787815057981,-3.5313,8.9948,3.9091,0.02
588.937,1787815058081,-3.5313,8.9948,3.9091,0.02
589.037,1787815058181,-3.5311,8.9948,3.9092,0.01
589.138,1787815058281,-3.5310,8.9948,3.9092,0.02
589.238,1787815058381,-3.5309,8.9948,3.9093,0.02
589.338,1787815058481,-3.5308,8.9948,3.9093,0.02
589.438,1787815058582,-3.5307,8.9948,3.9094,0.02
589.538,1787815058682,-3.5306,8.9948,3.9095,0.02
589.638,1787815058782,-3.5306,8.9948,3.9095,0.01
589.738,1787815058882,-3.5305,8.9948,3.9095,0.01
589.838,1787815058982,-3.5304,8.9948,3.9095,0.01
589.938,1787815059082,-3.5303,8.9948,3.9096,0.01
590.038,1787815059182,-3.5302,8.9948,3.9096,0.01
590.139,1787815059282,-3.5302,8.9948,3.9096,0.01
590.239,1787815059382,-3.5301,8.9948,3.9097,0.01
590.339,1787815059482,-3.5301,8.9948,3.9097,0.01
590.439,1787815059583,-3.5300,8.9948,3.9097,0.01
590.539,1787815059683,-3.5299,8.9948,3.9098,0.01
590.639,1787815059783,-3.5299,8.9949,3.9099,0.01
590.739,1787815059883,-3.5298,8.9949,3.9100,0.01
590.839,1787815059983,-3.5298,8.9949,3.9100,0.01
590.939,1787815060083,-3.5298,8.9949,3.9101,0.01
591.040,1787815060183,-3.5297,8.9949,3.9101,0.01
591.140,1787815060283,-3.5297,8.9949,3.9102,0.01
591.240,1787815060383,-3.5297,8.9949,3.9102,0.01
591.340,1787815060484,-3.5297,8.9950,3.9102,0.01
591.440,1787815060584,-3.5296,8.9950,3.9103,0.01
591.540,1787815060684,-3.5295,8.9950,3.9102,0.01
591.640,1787815060784,-3.5295,8.9950,3.9102,0.01
591.740,1787815060884,-3.5294,8.9950,3.9102,0.01
591.840,1787815060984,-3.5293,8.9951,3.9102,0.01
591.941,1787815061084,-3.5293,8.9952,3.9102,0.01
592.041,1787815061184,-3.5293,8.9952,3.9102,0.01
592.141,1787815061284,-3.5292,8.9953,3.9102,0.01
592.241,1787815061385,-3.5292,8.9953,3.9102,0.01
592.341,1787815061485,-3.5291,8.9954,3.9102,0.01
592.441,1787815061585,-3.5290,8.9955,3.9101,0.00
592.541,1787815061685,-3.5289,8.9955,3.9101,0.00
592.641,1787815061785,-3.5288,8.9956,3.9100,0.00
592.741,1787815061885,-3.5287,8.9957,3.9100,0.00
592.842,1787815061985,-3.5286,8.9958,3.9100,0.00
592.942,1787815062085,-3.5285,8.9958,3.9100,0.00
593.042,1787815062185,-3.5284,8.9958,3.9100,0.00
593.142,1787815062286,-3.5282,8.9959,3.9100,0.00
593.242,1787815062386,-3.5281,8.9963,3.9100,0.00
593.342,1787815062486,-3.5278,8.9977,3.9100,0.00
593.442,1787815062586,-3.5277,8.9991,3.9101,0.00
593.542,1787815062686,-3.5277,8.9994,3.9103,0.01
593.642,1787815062786,-3.5277,8.9974,3.9105,0.01
593.743,1787815062886,-3.5278,8.9943,3.9106,0.01
593.843,1787815062986,-3.5279,8.9876,3.9108,0.01
593.943,1787815063086,-3.5281,8.9797,3.9110,0.01
594.043,1787815063187,-3.5282,8.9686,3.9111,0.01
594.143,1787815063287,-3.5285,8.9510,3.9112,0.01
594.243,1787815063387,-3.5287,8.9285,3.9113,0.01
594.343,1787815063487,-3.5290,8.8947,3.9114,0.01
594.443,1787815063587,-3.5292,8.8645,3.9113,0.00
594.543,1787815063687,-3.5294,8.8305,3.9113,0.00
594.643,1787815063787,-3.5296,8.7895,3.9111,0.00
594.744,1787815063887,-3.5297,8.7526,3.9110,0.00
594.844,1787815063987,-3.5298,8.7049,3.9109,0.00
594.944,1787815064087,-3.5299,8.6699,3.9108,0.00
595.044,1787815064188,-3.5299,8.6240,3.9107,0.01
595.144,1787815064288,-3.5299,8.5657,3.9105,0.01
595.244,1787815064388,-3.5299,8.5121,3.9104,0.01
595.344,1787815064488,-3.5299,8.4589,3.9103,0.01
595.444,1787815064588,-3.5298,8.4097,3.9102,0.01
595.544,1787815064688,-3.5297,8.3394,3.9100,0.01
595.644,1787815064788,-3.5296,8.2790,3.9099,0.01
595.745,1787815064888,-3.5294,8.2236,3.9098,0.01
595.845,1787815064989,-3.5292,8.1674,3.9098,0.01
595.945,1787815065089,-3.5291,8.1107,3.9097,0.01
596.045,1787815065189,-3.5289,8.0503,3.9097,0.01
596.145,1787815065289,-3.5286,7.9710,3.9096,0.01
596.245,1787815065389,-3.5284,7.9034,3.9096,0.01
596.345,1787815065489,-3.5281,7.8233,3.9096,0.02
596.446,1787815065589,-3.5278,7.7618,3.9096,0.02
596.546,1787815065689,-3.5275,7.6977,3.9096,0.02
596.646,1787815065789,-3.5272,7.6280,3.9096,0.02
596.746,1787815065890,-3.5270,7.5647,3.9096,0.01
596.846,1787815065990,-3.5268,7.5047,3.9097,0.01
596.946,1787815066090,-3.5265,7.4302,3.9096,0.01
597.046,1787815066190,-3.5263,7.3653,3.9096,0.01
597.146,1787815066290,-3.5262,7.3125,3.9096,0.01
597.246,1787815066390,-3.5259,7.2428,3.9096,0.01
597.347,1787815066490,-3.5258,7.1737,3.9096,0.01
597.447,1787815066590,-3.5256,7.1139,3.9096,0.01
597.547,1787815066691,-3.5255,7.0717,3.9096,0.01
597.647,1787815066791,-3.5253,7.0076,3.9096,0.01
597.747,1787815066891,-3.5252,6.9521,3.9096,0.01
597.847,1787815066991,-3.5250,6.8885,3.9096,0.01
597.947,1787815067091,-3.5248,6.8137,3.9096,0.01
598.047,1787815067191,-3.5247,6.7529,3.9096,0.01
598.147,1787815067291,-3.5245,6.6925,3.9097,0.01
598.248,1787815067391,-3.5243,6.6352,3.9097,0.00
598.348,1787815067491,-3.5242,6.5783,3.9098,0.00
598.448,1787815067592,-3.5240,6.5270,3.9098,0.01
598.548,1787815067692,-3.5238,6.4597,3.9099,0.01
598.648,1787815067792,-3.5236,6.4085,3.9099,0.01
598.748,1787815067892,-3.5233,6.3494,3.9099,0.01
598.848,1787815067992,-3.5231,6.2821,3.9100,0.01
598.948,1787815068092,-3.5229,6.2203,3.9100,0.01
599.048,1787815068192,-3.5226,6.1638,3.9100,0.01
599.149,1787815068292,-3.5225,6.1128,3.9100,0.01
599.249,1787815068392,-3.5222,6.0378,3.9100,0.01
599.349,1787815068492,-3.5221,5.9816,3.9099,0.01
599.449,1787815068592,-3.5219,5.9202,3.9099,0.01
599.549,1787815068693,-3.5218,5.8587,3.9099,0.01
599.649,1787815068793,-3.5217,5.7975,3.9100,0.00
599.749,1787815068893,-3.5215,5.7285,3.9100,0.00
599.849,1787815068993,-3.5215,5.6783,3.9100,0.00
599.949,1787815069093,-3.5214,5.6076,3.9100,-0.00
600.049,1787815069193,-3.5213,5.5501,3.9100,-0.00
600.150,1787815069293,-3.5213,5.4955,3.9100,-0.00
600.250,1787815069393,-3.5212,5.4383,3.9100,-0.00
600.350,1787815069493,-3.5211,5.3840,3.9100,-0.00
600.450,1787815069594,-3.5210,5.3143,3.9100,-0.00
600.550,1787815069694,-3.5210,5.2577,3.9099,-0.00
600.650,1787815069794,-3.5209,5.2037,3.9099,0.00
600.750,1787815069894,-3.5208,5.1498,3.9099,0.00
600.850,1787815069994,-3.5208,5.0962,3.9099,0.00
600.950,1787815070094,-3.5207,5.0451,3.9099,0.00
601.050,1787815070194,-3.5205,4.9861,3.9099,0.00
601.151,1787815070294,-3.5204,4.9216,3.9099,0.00
601.251,1787815070394,-3.5202,4.8671,3.9099,0.00
601.351,1787815070494,-3.5201,4.8020,3.9099,0.00
601.451,1787815070595,-3.5200,4.7447,3.9098,0.00
601.551,1787815070695,-3.5199,4.6925,3.9098,0.00
601.651,1787815070795,-3.5197,4.6325,3.9098,0.00
601.751,1787815070895,-3.5195,4.5777,3.9098,-0.00
601.851,1787815070995,-3.5193,4.5122,3.9098,0.00
601.951,1787815071095,-3.5192,4.4572,3.9098,0.00
602.052,1787815071195,-3.5190,4.3969,3.9098,0.00
602.152,1787815071295,-3.5188,4.3469,3.9098,0.00
602.252,1787815071395,-3.5187,4.3021,3.9097,0.00
602.352,1787815071496,-3.5186,4.2497,3.9097,0.00
602.452,1787815071596,-3.5184,4.2025,3.9097,0.00
602.552,1787815071696,-3.5183,4.1522,3.9097,0.00
602.652,1787815071796,-3.5182,4.0934,3.9098,0.00
602.752,1787815071896,-3.5181,4.0393,3.9098,0.00
602.853,1787815071996,-3.5180,3.9794,3.9098,0.00
602.953,1787815072096,-3.5179,3.9165,3.9099,0.00
603.053,1787815072196,-3.5178,3.8641,3.9099,0.01
603.153,1787815072297,-3.5176,3.8058,3.9099,0.01
603.253,1787815072397,-3.5175,3.7333,3.9100,0.01
603.353,1787815072497,-3.5174,3.6772,3.9100,0.01
603.453,1787815072597,-3.5173,3.6179,3.9100,0.01
603.553,1787815072697,-3.5171,3.5614,3.9100,0.01
603.653,1787815072797,-3.5170,3.5023,3.9100,0.01
603.753,1787815072897,-3.5168,3.4377,3.9099,0.01
603.854,1787815072997,-3.5166,3.3761,3.9099,0.01
603.954,1787815073097,-3.5164,3.3115,3.9099,0.01
604.054,1787815073197,-3.5162,3.2609,3.9099,0.01
604.154,1787815073297,-3.5160,3.1936,3.9099,0.01
604.254,1787815073398,-3.5158,3.1431,3.9099,0.01
604.354,1787815073498,-3.5156,3.0701,3.9099,0.01
604.454,1787815073598,-3.5154,3.0056,3.9099,0.01
604.554,1787815073698,-3.5152,2.9469,3.9098,0.01
604.654,1787815073798,-3.5151,2.8938,3.9098,0.01
604.754,1787815073898,-3.5150,2.8548,3.9098,0.01
604.855,1787815073998,-3.5148,2.7940,3.9098,0.01
604.955,1787815074098,-3.5146,2.7333,3.9098,0.01
605.055,1787815074198,-3.5144,2.6723,3.9098,0.01
605.155,1787815074299,-3.5142,2.6026,3.9097,0.01
605.255,1787815074399,-3.5141,2.5440,3.9097,0.00
605.355,1787815074499,-3.5139,2.4882,3.9096,0.00
605.455,1787815074599,-3.5137,2.4242,3.9095,0.01
605.555,1787815074699,-3.5135,2.3547,3.9094,0.01
605.655,1787815074799,-3.5133,2.2933,3.9094,0.01
605.755,1787815074899,-3.5132,2.2348,3.9093,0.01
605.855,1787815074999,-3.5130,2.1708,3.9092,0.01
605.956,1787815075099,-3.5128,2.0987,3.9091,0.01
606.056,1787815075199,-3.5127,2.0380,3.9091,0.01
606.156,1787815075299,-3.5125,1.9777,3.9091,0.01
606.256,1787815075400,-3.5124,1.9204,3.9090,0.01
606.356,1787815075500,-3.5123,1.8581,3.9090,0.01
606.456,1787815075600,-3.5122,1.7881,3.9090,0.01
606.556,1787815075700,-3.5121,1.7291,3.9090,0.01
606.656,1787815075800,-3.5120,1.6651,3.9089,0.01
606.756,1787815075900,-3.5120,1.6119,3.9089,0.01
606.856,1787815076000,-3.5119,1.5509,3.9089,0.01
606.957,1787815076100,-3.5118,1.4929,3.9090,0.01
607.057,1787815076200,-3.5117,1.4351,3.9090,0.01
607.157,1787815076300,-3.5116,1.3747,3.9091,0.01
607.257,1787815076401,-3.5115,1.3117,3.9091,0.01
607.357,1787815076501,-3.5114,1.2594,3.9091,0.00
607.457,1787815076601,-3.5113,1.1943,3.9092,0.00
607.557,1787815076701,-3.5112,1.1319,3.9092,0.00
607.657,1787815076801,-3.5110,1.0798,3.9092,0.00
607.757,1787815076901,-3.5109,1.0357,3.9092,0.00
607.858,1787815077001,-3.5108,0.9842,3.9093,-0.00
607.958,1787815077101,-3.5106,0.9353,3.9093,-0.00
608.058,1787815077201,-3.5104,0.8756,3.9094,-0.00
608.158,1787815077302,-3.5102,0.8101,3.9094,-0.01
608.258,1787815077402,-3.5100,0.7520,3.9094,-0.01
608.358,1787815077502,-3.5098,0.6888,3.9094,-0.01
608.458,1787815077602,-3.5095,0.6200,3.9094,-0.01
608.558,1787815077702,-3.5093,0.5591,3.9095,-0.00
608.658,1787815077802,-3.5091,0.5114,3.9095,-0.00
608.759,1787815077902,-3.5088,0.4452,3.9095,-0.00
608.859,1787815078002,-3.5085,0.3869,3.9095,0.00
608.959,1787815078102,-3.5082,0.3284,3.9096,0.00
609.059,1787815078203,-3.5080,0.2700,3.9096,0.00
609.159,1787815078303,-3.5077,0.2143,3.9097,-0.00
609.259,1787815078403,-3.5075,0.1612,3.9097,-0.00
609.359,1787815078503,-3.5073,0.1029,3.9098,-0.00
609.459,1787815078603,-3.5071,0.0473,3.9098,-0.01
609.559,1787815078703,-3.5069,-0.0192,3.9099,-0.01
609.660,1787815078803,-3.5068,-0.0724,3.9099,-0.01
609.760,1787815078903,-3.5067,-0.1150,3.9100,-0.01
609.860,1787815079003,-3.5066,-0.1844,3.9101,-0.01
609.960,1787815079104,-3.5065,-0.2406,3.9102,-0.01
610.060,1787815079204,-3.5064,-0.2944,3.9102,-0.01
610.160,1787815079304,-3.5063,-0.3511,3.9103,-0.01
610.262,1787815079406,-3.5062,-0.4188,3.9103,-0.01
610.362,1787815079506,-3.5061,-0.4704,3.9103,-0.01
610.462,1787815079606,-3.5061,-0.5276,3.9103,-0.01
610.562,1787815079706,-3.5060,-0.5989,3.9103,-0.01
610.662,1787815079806,-3.5059,-0.6568,3.9103,-0.01
610.763,1787815079906,-3.5059,-0.7202,3.9103,-0.01
610.863,1787815080006,-3.5058,-0.7809,3.9103,-0.01
610.963,1787815080106,-3.5058,-0.8582,3.9103,-0.01
611.063,1787815080207,-3.5058,-0.9215,3.9103,-0.01
611.163,1787815080307,-3.5058,-0.9818,3.9103,-0.01
611.263,1787815080407,-3.5057,-1.0497,3.9103,-0.01
611.364,1787815080507,-3.5057,-1.1063,3.9103,-0.01
611.464,1787815080607,-3.5056,-1.1707,3.9103,-0.01
611.564,1787815080707,-3.5056,-1.2242,3.9103,-0.01
611.664,1787815080808,-3.5055,-1.2985,3.9103,-0.01
611.764,1787815080908,-3.5054,-1.3593,3.9103,-0.01
611.864,1787815081008,-3.5053,-1.4200,3.9103,-0.01
611.964,1787815081108,-3.5053,-1.4750,3.9103,-0.01
612.064,1787815081208,-3.5052,-1.5245,3.9103,-0.01
612.164,1787815081308,-3.5051,-1.5920,3.9102,-0.01
612.264,1787815081408,-3.5050,-1.6490,3.9102,-0.00
612.364,1787815081508,-3.5049,-1.7034,3.9102,-0.00
612.465,1787815081608,-3.5048,-1.7731,3.9101,-0.00
612.565,1787815081708,-3.5047,-1.8246,3.9101,-0.00
612.665,1787815081809,-3.5046,-1.8784,3.9101,-0.00
612.765,1787815081909,-3.5045,-1.9425,3.9101,-0.01
612.865,1787815082009,-3.5044,-1.9963,3.9101,-0.01
612.966,1787815082109,-3.5043,-2.0582,3.9100,-0.01
613.066,1787815082209,-3.5042,-2.1098,3.9100,-0.01
613.166,1787815082309,-3.5041,-2.1691,3.9100,-0.01
613.266,1787815082409,-3.5040,-2.2287,3.9100,-0.01
613.366,1787815082510,-3.5039,-2.2910,3.9099,-0.02
613.466,1787815082610,-3.5038,-2.3481,3.9099,-0.02
613.566,1787815082710,-3.5037,-2.4053,3.9099,-0.01
613.666,1787815082810,-3.5036,-2.4651,3.9099,-0.01
613.766,1787815082910,-3.5036,-2.5198,3.9099,-0.01
613.866,1787815083010,-3.5035,-2.5745,3.9098,-0.01
613.967,1787815083110,-3.5034,-2.6344,3.9098,-0.01
614.067,1787815083210,-3.5033,-2.6944,3.9098,-0.00
614.167,1787815083311,-3.5032,-2.7494,3.9099,-0.00
614.267,1787815083411,-3.5031,-2.8100,3.9099,-0.00
614.367,1787815083511,-3.5030,-2.8681,3.9099,-0.00
614.467,1787815083611,-3.5029,-2.9341,3.9099,-0.00
614.567,1787815083711,-3.5028,-2.9923,3.9099,-0.01
614.667,1787815083811,-3.5027,-3.0399,3.9099,-0.01
614.767,1787815083911,-3.5025,-3.1086,3.9100,-0.01
614.868,1787815084011,-3.5023,-3.1613,3.9100,-0.01
614.968,1787815084111,-3.5021,-3.2220,3.9100,-0.01
615.068,1787815084212,-3.5019,-3.2802,3.9100,-0.01
615.168,1787815084312,-3.5017,-3.3387,3.9100,-0.01
615.268,1787815084412,-3.5014,-3.3998,3.9100,-0.01
615.368,1787815084512,-3.5012,-3.4609,3.9100,-0.01
615.468,1787815084612,-3.5010,-3.5301,3.9100,-0.01
615.569,1787815084712,-3.5008,-3.5805,3.9100,-0.01
615.669,1787815084812,-3.5006,-3.6335,3.9100,-0.01
615.769,1787815084912,-3.5004,-3.6890,3.9100,-0.01
615.869,1787815085013,-3.5002,-3.7578,3.9101,-0.01
615.969,1787815085113,-3.5000,-3.8135,3.9101,-0.01
616.069,1787815085213,-3.4999,-3.8694,3.9102,-0.01
616.170,1787815085313,-3.4997,-3.9385,3.9103,-0.01
616.270,1787815085413,-3.4996,-3.9971,3.9103,-0.01
616.370,1787815085514,-3.4995,-4.0558,3.9104,-0.01
616.470,1787815085614,-3.4994,-4.1197,3.9104,-0.01
616.570,1787815085714,-3.4993,-4.1837,3.9104,-0.01
616.670,1787815085814,-3.4992,-4.2369,3.9104,-0.01
616.770,1787815085914,-3.4992,-4.2846,3.9104,-0.01
616.871,1787815086014,-3.4991,-4.3402,3.9105,-0.01
616.971,1787815086114,-3.4991,-4.4037,3.9105,-0.01
617.071,1787815086214,-3.4990,-4.4568,3.9105,-0.01
617.171,1787815086315,-3.4990,-4.5127,3.9105,-0.01
617.271,1787815086415,-3.4989,-4.5795,3.9105,-0.01
617.371,1787815086515,-3.4989,-4.6358,3.9105,-0.01
617.471,1787815086615,-3.4989,-4.6976,3.9105,-0.01
617.571,1787815086715,-3.4989,-4.7514,3.9105,-0.01
617.672,1787815086815,-3.4989,-4.8053,3.9105,-0.01
617.772,1787815086915,-3.4989,-4.8616,3.9105,-0.01
617.872,1787815087015,-3.4988,-4.9261,3.9105,-0.01
617.972,1787815087115,-3.4988,-4.9908,3.9104,-0.01
618.072,1787815087216,-3.4988,-5.0613,3.9104,-0.01
618.172,1787815087316,-3.4987,-5.1208,3.9103,-0.01
618.272,1787815087416,-3.4987,-5.1585,3.9103,-0.01
618.372,1787815087516,-3.4986,-5.2335,3.9103,-0.01
618.472,1787815087616,-3.4985,-5.2898,3.9102,-0.01
618.572,1787815087716,-3.4984,-5.3436,3.9102,-0.00
618.672,1787815087816,-3.4983,-5.4191,3.9101,-0.00
618.773,1787815087917,-3.4982,-5.4730,3.9101,-0.01
618.873,1787815088017,-3.4980,-5.5295,3.9101,-0.01
618.973,1787815088117,-3.4979,-5.5803,3.9100,-0.01
619.074,1787815088217,-3.4978,-5.6522,3.9100,-0.01
619.174,1787815088317,-3.4977,-5.7109,3.9100,-0.01
619.274,1787815088417,-3.4976,-5.7643,3.9099,-0.01
619.374,1787815088518,-3.4975,-5.8204,3.9099,-0.01
619.474,1787815088618,-3.4974,-5.8872,3.9099,-0.01
619.574,1787815088718,-3.4972,-5.9488,3.9099,-0.01
619.674,1787815088818,-3.4971,-6.0050,3.9100,-0.01
619.774,1787815088918,-3.4970,-6.0719,3.9100,-0.01
619.874,1787815089018,-3.4969,-6.1198,3.9100,-0.00
619.975,1787815089118,-3.4967,-6.1889,3.9100,-0.00
620.075,1787815089218,-3.4966,-6.2446,3.9100,-0.00
620.175,1787815089318,-3.4964,-6.3031,3.9100,-0.00
620.275,1787815089419,-3.4962,-6.3722,3.9100,-0.00
620.375,1787815089519,-3.4960,-6.4307,3.9100,-0.00
620.475,1787815089619,-3.4959,-6.4889,3.9101,-0.00
620.575,1787815089719,-3.4957,-6.5444,3.9101,-0.00
620.675,1787815089819,-3.4955,-6.6107,3.9101,-0.00
620.775,1787815089919,-3.4954,-6.6635,3.9101,-0.00
620.876,1787815090019,-3.4952,-6.7215,3.9101,-0.00
620.976,1787815090119,-3.4951,-6.7765,3.9101,-0.00
621.076,1787815090219,-3.4949,-6.8500,3.9102,0.00
621.176,1787815090320,-3.4947,-6.9028,3.9101,0.00
621.276,1787815090420,-3.4945,-6.9555,3.9101,0.00
621.376,1787815090520,-3.4943,-7.0161,3.9101,0.00
621.476,1787815090620,-3.4941,-7.0741,3.9100,0.00
621.576,1787815090720,-3.4940,-7.1323,3.9099,0.00
621.677,1787815090820,-3.4937,-7.2014,3.9099,0.00
621.777,1787815090920,-3.4935,-7.2597,3.9098,0.01
621.877,1787815091020,-3.4934,-7.3126,3.9097,0.01
621.977,1787815091121,-3.4932,-7.3626,3.9097,0.01
622.077,1787815091221,-3.4929,-7.4257,3.9097,0.01
622.177,1787815091321,-3.4927,-7.4756,3.9097,0.01
622.277,1787815091421,-3.4925,-7.5309,3.9097,0.01
622.377,1787815091521,-3.4922,-7.5890,3.9097,0.00
622.477,1787815091621,-3.4920,-7.6527,3.9096,0.00
622.578,1787815091721,-3.4918,-7.7139,3.9096,0.00
622.678,1787815091821,-3.4915,-7.7832,3.9096,0.00
622.778,1787815091921,-3.4913,-7.8366,3.9096,0.00
622.878,1787815092022,-3.4911,-7.8927,3.9096,0.00
622.978,1787815092122,-3.4908,-7.9460,3.9096,0.00
623.078,1787815092222,-3.4906,-8.0125,3.9096,0.00
623.178,1787815092322,-3.4904,-8.0659,3.9096,0.00
623.278,1787815092422,-3.4901,-8.1327,3.9097,0.01
623.378,1787815092522,-3.4899,-8.1888,3.9097,0.01
623.478,1787815092622,-3.4896,-8.2476,3.9097,0.01
623.579,1787815092722,-3.4894,-8.3118,3.9097,0.01
623.679,1787815092822,-3.4893,-8.3628,3.9097,0.01
623.779,1787815092923,-3.4891,-8.4173,3.9097,0.01
623.879,1787815093023,-3.4889,-8.4666,3.9096,0.01
623.979,1787815093123,-3.4888,-8.5207,3.9096,0.01
624.079,1787815093223,-3.4885,-8.5887,3.9096,0.01
624.179,1787815093323,-3.4884,-8.6459,3.9096,0.02
624.279,1787815093423,-3.4882,-8.6976,3.9095,0.02
624.379,1787815093523,-3.4881,-8.7374,3.9095,0.02
624.480,1787815093623,-3.4880,-8.7748,3.9095,0.02
624.580,1787815093723,-3.4879,-8.8134,3.9095,0.02
624.680,1787815093823,-3.4878,-8.8521,3.9095,0.01
624.780,1787815093923,-3.4878,-8.8883,3.9095,0.01
624.880,1787815094024,-3.4878,-8.9109,3.9094,0.01
624.980,1787815094124,-3.4878,-8.9398,3.9094,0.01
625.080,1787815094224,-3.4878,-8.9614,3.9093,0.00
625.180,1787815094324,-3.4879,-8.9834,3.9092,0.00
625.280,1787815094424,-3.4879,-8.9999,3.9091,0.00
625.380,1787815094524,-3.4879,-9.0136,3.9090,0.00
625.481,1787815094624,-3.4880,-9.0244,3.9089,0.01
625.581,1787815094724,-3.4880,-9.0304,3.9088,0.01
625.681,1787815094824,-3.4879,-9.0354,3.9087,0.01
625.781,1787815094925,-3.4879,-9.0384,3.9087,0.01
625.881,1787815095025,-3.4880,-9.0398,3.9087,0.02
625.981,1787815095125,-3.4880,-9.0396,3.9087,0.02
626.081,1787815095225,-3.4880,-9.0382,3.9087,0.02
626.181,1787815095325,-3.4880,-9.0361,3.9087,0.01
626.281,1787815095425,-3.4880,-9.0330,3.9088,0.01
626.381,1787815095525,-3.4879,-9.0286,3.9089,0.01
626.482,1787815095625,-3.4879,-9.0245,3.9089,0.01
626.582,1787815095725,-3.4879,-9.0200,3.9090,0.00
626.682,1787815095825,-3.4879,-9.0153,3.9091,0.00
626.782,1787815095926,-3.4880,-9.0101,3.9092,-0.00
626.882,1787815096026,-3.4880,-9.0063,3.9092,-0.00
626.982,1787815096126,-3.4881,-9.0014,3.9093,-0.01
627.082,1787815096226,-3.4881,-8.9968,3.9094,-0.01
627.182,1787815096326,-3.4882,-8.9923,3.9095,-0.01
627.282,1787815096426,-3.4882,-8.9873,3.9096,-0.01
627.383,1787815096526,-3.4882,-8.9827,3.9096,-0.01
627.483,1787815096626,-3.4882,-8.9789,3.9097,-0.01
627.583,1787815096726,-3.4882,-8.9754,3.9098,-0.01
627.683,1787815096827,-3.4882,-8.9716,3.9098,-0.01
627.784,1787815096927,-3.4882,-8.9690,3.9099,-0.01
627.884,1787815097027,-3.4882,-8.9671,3.9099,-0.01
627.984,1787815097128,-3.4881,-8.9649,3.9099,-0.01
628.084,1787815097228,-3.4881,-8.9632,3.9100,-0.01
628.184,1787815097328,-3.4880,-8.9618,3.9101,-0.01
628.284,1787815097428,-3.4880,-8.9606,3.9101,-0.01
628.384,1787815097528,-3.4879,-8.9597,3.9101,-0.01
628.484,1787815097628,-3.4878,-8.9589,3.9102,-0.01
628.585,1787815097728,-3.4878,-8.9584,3.9102,-0.01
628.685,1787815097828,-3.4877,-8.9581,3.9102,-0.01
628.785,1787815097928,-3.4877,-8.9580,3.9101,-0.01
628.885,1787815098029,-3.4876,-8.9580,3.9101,-0.01
628.985,1787815098129,-3.4876,-8.9581,3.9100,-0.01
629.085,1787815098229,-3.4875,-8.9584,3.9100,-0.01
629.185,1787815098329,-3.4875,-8.9588,3.9099,-0.01
629.286,1787815098430,-3.4874,-8.9592,3.9098,-0.01
629.386,1787815098530,-3.4874,-8.9597,3.9098,-0.01
629.486,1787815098630,-3.4873,-8.9603,3.9097,-0.01
629.586,1787815098730,-3.4873,-8.9611,3.9096,-0.01
629.686,1787815098830,-3.4873,-8.9617,3.9096,-0.01
629.786,1787815098930,-3.4873,-8.9622,3.9095,-0.01
629.887,1787815099030,-3.4872,-8.9630,3.9095,-0.01
629.987,1787815099130,-3.4872,-8.9637,3.9094,-0.01
630.087,1787815099231,-3.4871,-8.9645,3.9094,-0.01
630.187,1787815099331,-3.4871,-8.9651,3.9094,-0.00
630.287,1787815099431,-3.4871,-8.9658,3.9094,-0.00
630.387,1787815099531,-3.4871,-8.9663,3.9094,-0.00
630.487,1787815099631,-3.4871,-8.9670,3.9094,-0.00
630.587,1787815099731,-3.4871,-8.9676,3.9094,-0.00
630.688,1787815099831,-3.4870,-8.9681,3.9094,-0.00
630.788,1787815099931,-3.4870,-8.9687,3.9094,-0.00
630.888,1787815100031,-3.4870,-8.9692,3.9094,-0.01
630.988,1787815100132,-3.4870,-8.9697,3.9094,-0.01
631.088,1787815100232,-3.4870,-8.9701,3.9094,-0.01
631.188,1787815100332,-3.4870,-8.9707,3.9094,-0.01
631.288,1787815100432,-3.4870,-8.9712,3.9094,-0.01
631.388,1787815100532,-3.4869,-8.9717,3.9094,-0.01
631.488,1787815100632,-3.4869,-8.9721,3.9094,-0.01
631.589,1787815100732,-3.4868,-8.9726,3.9094,-0.01
631.689,1787815100832,-3.4868,-8.9731,3.9094,-0.01
631.789,1787815100932,-3.4868,-8.9735,3.9094,-0.01
631.889,1787815101033,-3.4869,-8.9739,3.9094,-0.01
631.989,1787815101133,-3.4869,-8.9745,3.9095,-0.01
632.089,1787815101233,-3.4870,-8.9750,3.9095,-0.01
632.189,1787815101333,-3.4870,-8.9755,3.9095,-0.01
632.289,1787815101433,-3.4870,-8.9760,3.9096,-0.01
632.390,1787815101533,-3.4870,-8.9767,3.9096,-0.00
632.490,1787815101633,-3.4870,-8.9771,3.9097,-0.00
632.590,1787815101734,-3.4871,-8.9776,3.9097,-0.00
632.690,1787815101834,-3.4872,-8.9781,3.9098,-0.00
632.790,1787815101934,-3.4872,-8.9785,3.9098,-0.00
632.890,1787815102034,-3.4872,-8.9790,3.9098,-0.00
632.990,1787815102134,-3.4872,-8.9794,3.9098,-0.00
633.091,1787815102234,-3.4873,-8.9799,3.9098,-0.00
633.191,1787815102334,-3.4873,-8.9804,3.9098,-0.00
633.291,1787815102434,-3.4873,-8.9808,3.9098,0.00
633.391,1787815102535,-3.4873,-8.9813,3.9098,0.00
633.491,1787815102635,-3.4873,-8.9817,3.9098,0.00
633.591,1787815102735,-3.4873,-8.9822,3.9098,0.00
633.691,1787815102835,-3.4874,-8.9826,3.9099,0.00
633.791,1787815102935,-3.4874,-8.9830,3.9099,0.00
633.891,1787815103035,-3.4874,-8.9834,3.9099,0.00
633.992,1787815103135,-3.4875,-8.9838,3.9099,0.01
634.092,1787815103235,-3.4875,-8.9844,3.9095,0.01
634.192,1787815103335,-3.4875,-8.9848,3.9082,0.01
634.292,1787815103436,-3.4876,-8.9849,3.9061,0.01
634.392,1787815103536,-3.4876,-8.9847,3.9016,0.01
634.492,1787815103636,-3.4877,-8.9844,3.8968,0.01
634.592,1787815103736,-3.4878,-8.9839,3.8916,0.01
634.692,1787815103836,-3.4878,-8.9834,3.8846,0.00
634.792,1787815103936,-3.4879,-8.9828,3.8778,0.00
634.893,1787815104036,-3.4879,-8.9822,3.8695,0.00
634.993,1787815104136,-3.4879,-8.9814,3.8592,-0.00
635.093,1787815104236,-3.4879,-8.9807,3.8495,-0.00
635.193,1787815104337,-3.4879,-8.9800,3.8387,-0.00
635.294,1787815104438,-3.4880,-8.9794,3.8284,-0.00
635.394,1787815104538,-3.4880,-8.9788,3.8177,-0.00
635.496,1787815104640,-3.4880,-8.9783,3.8077,-0.00
635.596,1787815104740,-3.4881,-8.9778,3.7968,-0.00
635.696,1787815104840,-3.4881,-8.9773,3.7857,-0.00
635.796,1787815104940,-3.4881,-8.9769,3.7713,-0.00
635.896,1787815105040,-3.4881,-8.9765,3.7588,-0.00
635.997,1787815105140,-3.4880,-8.9763,3.7462,-0.00
636.097,1787815105240,-3.4880,-8.9761,3.7310,-0.00
636.197,1787815105341,-3.4879,-8.9760,3.7175,-0.00
636.297,1787815105441,-3.4878,-8.9760,3.7032,-0.00
636.397,1787815105541,-3.4878,-8.9761,3.6901,-0.00
636.497,1787815105641,-3.4877,-8.9762,3.6764,-0.01
636.597,1787815105741,-3.4876,-8.9765,3.6601,-0.01
636.697,1787815105841,-3.4875,-8.9767,3.6483,-0.01
636.798,1787815105941,-3.4875,-8.9769,3.6389,-0.01
636.898,1787815106041,-3.4874,-8.9772,3.6250,-0.01
636.998,1787815106141,-3.4874,-8.9775,3.6103,-0.01
637.098,1787815106242,-3.4874,-8.9778,3.5961,-0.00
637.198,1787815106342,-3.4874,-8.9781,3.5844,-0.00
637.298,1787815106442,-3.4874,-8.9784,3.5687,-0.00
637.398,1787815106542,-3.4874,-8.9787,3.5555,-0.00
637.498,1787815106642,-3.4874,-8.9790,3.5417,-0.00
637.599,1787815106742,-3.4874,-8.9792,3.5284,-0.00
637.699,1787815106842,-3.4874,-8.9795,3.5123,-0.00
637.799,1787815106943,-3.4873,-8.9798,3.4989,-0.00
637.899,1787815107043,-3.4874,-8.9801,3.4835,-0.00
637.999,1787815107143,-3.4874,-8.9804,3.4707,-0.00
638.099,1787815107243,-3.4874,-8.9807,3.4553,-0.00
638.199,1787815107343,-3.4874,-8.9809,3.4419,-0.00
638.299,1787815107443,-3.4874,-8.9812,3.4291,-0.00
638.399,1787815107543,-3.4874,-8.9815,3.4169,-0.01
638.500,1787815107643,-3.4874,-8.9818,3.4032,-0.01
638.600,1787815107743,-3.4873,-8.9820,3.3887,-0.01
638.700,1787815107844,-3.4872,-8.9823,3.3700,-0.01
638.800,1787815107944,-3.4871,-8.9825,3.3569,-0.00
638.900,1787815108044,-3.4870,-8.9827,3.3437,-0.00
639.000,1787815108144,-3.4869,-8.9829,3.3265,-0.00
639.100,1787815108244,-3.4868,-8.9831,3.3113,-0.00
639.200,1787815108344,-3.4866,-8.9833,3.2968,-0.00
639.300,1787815108444,-3.4864,-8.9835,3.2817,0.00
639.401,1787815108544,-3.4863,-8.9837,3.2666,0.00
639.501,1787815108644,-3.4861,-8.9839,3.2495,0.00
639.601,1787815108745,-3.4859,-8.9840,3.2366,0.00
639.701,1787815108845,-3.4857,-8.9842,3.2210,0.01
639.801,1787815108945,-3.4855,-8.9844,3.2034,0.01
639.901,1787815109045,-3.4853,-8.9847,3.1873,0.01
640.001,1787815109145,-3.4852,-8.9849,3.1740,0.01
640.101,1787815109245,-3.4850,-8.9851,3.1594,0.00
640.201,1787815109345,-3.4848,-8.9853,3.1448,0.00
640.302,1787815109445,-3.4847,-8.9856,3.1315,0.00
640.402,1787815109545,-3.4844,-8.9858,3.1149,0.00
640.502,1787815109645,-3.4843,-8.9861,3.1030,0.00
640.602,1787815109746,-3.4841,-8.9863,3.0876,0.00
640.702,1787815109846,-3.4839,-8.9865,3.0729,0.00
640.802,1787815109946,-3.4838,-8.9867,3.0587,0.00
640.902,1787815110046,-3.4837,-8.9870,3.0439,0.00
641.002,1787815110146,-3.4837,-8.9872,3.0270,0.00
641.102,1787815110246,-3.4836,-8.9875,3.0142,0.00
641.203,1787815110346,-3.4836,-8.9877,3.0014,0.00
641.303,1787815110446,-3.4836,-8.9879,2.9879,0.00
641.403,1787815110546,-3.4836,-8.9881,2.9730,0.01
641.503,1787815110646,-3.4837,-8.9883,2.9547,0.01
641.603,1787815110747,-3.4837,-8.9885,2.9418,0.01
641.703,1787815110847,-3.4837,-8.9887,2.9282,0.01
641.803,1787815110947,-3.4837,-8.9889,2.9167,0.01
641.903,1787815111047,-3.4837,-8.9892,2.8989,0.01
642.003,1787815111147,-3.4837,-8.9894,2.8852,0.01
642.103,1787815111247,-3.4837,-8.9896,2.8714,0.01
642.204,1787815111347,-3.4837,-8.9899,2.8527,0.01
642.304,1787815111447,-3.4836,-8.9902,2.8376,0.01
642.404,1787815111547,-3.4836,-8.9905,2.8239,0.01
642.504,1787815111648,-3.4836,-8.9908,2.8089,0.01
642.604,1787815111748,-3.4836,-8.9910,2.7953,0.01
642.704,1787815111848,-3.4836,-8.9912,2.7804,0.01
642.804,1787815111948,-3.4836,-8.9915,2.7648,0.01
642.904,1787815112048,-3.4836,-8.9916,2.7526,0.01
643.004,1787815112148,-3.4836,-8.9917,2.7389,0.01
643.104,1787815112248,-3.4836,-8.9919,2.7231,0.01
643.205,1787815112348,-3.4835,-8.9920,2.7093,0.01
643.305,1787815112448,-3.4835,-8.9921,2.6947,0.01
643.405,1787815112549,-3.4835,-8.9922,2.6788,0.01
643.505,1787815112649,-3.4835,-8.9922,2.6657,0.01
643.605,1787815112749,-3.4835,-8.9922,2.6519,0.01
643.705,1787815112849,-3.4834,-8.9923,2.6387,0.01
643.805,1787815112949,-3.4834,-8.9923,2.6226,0.01
643.905,1787815113049,-3.4833,-8.9923,2.6092,0.01
644.006,1787815113149,-3.4833,-8.9924,2.5909,0.01
644.106,1787815113249,-3.4832,-8.9925,2.5769,0.01
644.206,1787815113350,-3.4832,-8.9925,2.5628,0.01
644.306,1787815113450,-3.4831,-8.9926,2.5474,0.01
644.406,1787815113550,-3.4831,-8.9926,2.5341,0.01
644.506,1787815113650,-3.4830,-8.9926,2.5173,0.01
644.606,1787815113750,-3.4829,-8.9927,2.5034,0.01
644.706,1787815113850,-3.4828,-8.9927,2.4887,0.01
644.806,1787815113950,-3.4827,-8.9927,2.4740,0.01
644.907,1787815114050,-3.4826,-8.9927,2.4592,0.01
645.007,1787815114150,-3.4825,-8.9928,2.4445,0.01
645.107,1787815114250,-3.4824,-8.9928,2.4298,0.01
645.207,1787815114351,-3.4823,-8.9929,2.4110,0.01
645.307,1787815114451,-3.4822,-8.9929,2.3972,0.01
645.407,1787815114551,-3.4821,-8.9929,2.3828,0.01
645.507,1787815114651,-3.4819,-8.9929,2.3685,0.01
645.607,1787815114751,-3.4817,-8.9930,2.3552,0.01
645.707,1787815114851,-3.4815,-8.9930,2.3395,0.01
645.808,1787815114951,-3.4814,-8.9929,2.3290,0.01
645.908,1787815115051,-3.4812,-8.9929,2.3169,0.01
646.008,1787815115151,-3.4811,-8.9929,2.3082,0.01
646.108,1787815115252,-3.4808,-8.9928,2.2978,0.01
646.208,1787815115352,-3.4807,-8.9928,2.2897,0.01
646.308,1787815115452,-3.4805,-8.9928,2.2822,0.01
646.408,1787815115552,-3.4804,-8.9928,2.2755,0.00
646.508,1787815115652,-3.4803,-8.9927,2.2704,0.00
646.608,1787815115752,-3.4802,-8.9926,2.2648,0.00
646.709,1787815115852,-3.4802,-8.9926,2.2601,-0.00
646.809,1787815115952,-3.4802,-8.9925,2.2559,-0.00
646.909,1787815116053,-3.4802,-8.9924,2.2523,-0.00
647.009,1787815116153,-3.4802,-8.9924,2.2487,-0.00
647.109,1787815116253,-3.4802,-8.9924,2.2456,-0.00
647.209,1787815116353,-3.4802,-8.9924,2.2430,-0.00
647.309,1787815116453,-3.4803,-8.9924,2.2405,0.00
647.410,1787815116553,-3.4804,-8.9925,2.2383,0.00
647.510,1787815116653,-3.4806,-8.9925,2.2364,0.00
647.610,1787815116754,-3.4806,-8.9927,2.2344,0.00
647.710,1787815116854,-3.4807,-8.9927,2.2333,0.00
647.810,1787815116954,-3.4808,-8.9929,2.2318,0.01
647.910,1787815117054,-3.4809,-8.9930,2.2305,0.01
648.010,1787815117154,-3.4810,-8.9931,2.2294,0.01
648.110,1787815117254,-3.4812,-8.9933,2.2280,0.01
648.211,1787815117354,-3.4814,-8.9934,2.2269,0.01
648.311,1787815117454,-3.4815,-8.9936,2.2261,0.01
648.411,1787815117555,-3.4817,-8.9937,2.2251,0.01
648.511,1787815117655,-3.4819,-8.9938,2.2241,0.01
648.611,1787815117755,-3.4820,-8.9939,2.2233,0.01
648.711,1787815117855,-3.4822,-8.9940,2.2225,0.01
648.811,1787815117955,-3.4824,-8.9941,2.2218,0.01
648.911,1787815118055,-3.4826,-8.9942,2.2211,0.01
649.012,1787815118155,-3.4827,-8.9943,2.2205,0.01
649.112,1787815118255,-3.4829,-8.9945,2.2199,0.01
649.212,1787815118355,-3.4830,-8.9945,2.2194,0.01
649.312,1787815118456,-3.4830,-8.9946,2.2189,0.01
649.412,1787815118556,-3.4831,-8.9947,2.2184,0.00
649.512,1787815118656,-3.4831,-8.9948,2.2179,0.00
649.612,1787815118756,-3.4831,-8.9948,2.2174,0.00
649.713,1787815118857,-3.4831,-8.9949,2.2170,0.00
649.813,1787815118957,-3.4831,-8.9951,2.2166,0.00
649.913,1787815119057,-3.4831,-8.9952,2.2163,0.00
650.014,1787815119157,-3.4830,-8.9952,2.2159,0.01
650.114,1787815119257,-3.4830,-8.9952,2.2156,0.01
650.214,1787815119357,-3.4829,-8.9953,2.2153,0.01
650.314,1787815119458,-3.4828,-8.9953,2.2151,0.01
650.414,1787815119558,-3.4827,-8.9954,2.2147,0.01
650.514,1787815119658,-3.4826,-8.9954,2.2145,0.01
650.614,1787815119758,-3.4824,-8.9954,2.2142,0.00
650.714,1787815119858,-3.4823,-8.9954,2.2140,0.00
650.814,1787815119958,-3.4822,-8.9953,2.2138,0.00
650.914,1787815120058,-3.4821,-8.9953,2.2136,0.00
651.015,1787815120158,-3.4820,-8.9952,2.2135,0.00
651.115,1787815120258,-3.4820,-8.9952,2.2133,0.00
651.215,1787815120358,-3.4818,-8.9951,2.2132,0.00
651.315,1787815120459,-3.4818,-8.9950,2.2131,0.00
651.415,1787815120559,-3.4817,-8.9950,2.2130,0.00
651.515,1787815120659,-3.4816,-8.9949,2.2129,0.00
651.615,1787815120759,-3.4815,-8.9949,2.2128,0.00
651.715,1787815120859,-3.4814,-8.9948,2.2127,0.00
651.815,1787815120959,-3.4814,-8.9948,2.2126,-0.00
651.915,1787815121059,-3.4813,-8.9947,2.2125,-0.00
652.016,1787815121159,-3.4812,-8.9947,2.2123,0.00
652.116,1787815121259,-3.4811,-8.9946,2.2122,0.00
652.216,1787815121359,-3.4809,-8.9945,2.2121,0.00
652.316,1787815121460,-3.4809,-8.9945,2.2120,0.00
652.416,1787815121560,-3.4809,-8.9945,2.2119,0.00
652.516,1787815121660,-3.4809,-8.9944,2.2118,0.01
652.616,1787815121760,-3.4808,-8.9943,2.2117,0.01
652.716,1787815121860,-3.4808,-8.9943,2.2116,0.01
652.816,1787815121960,-3.4807,-8.9942,2.2115,0.01
652.917,1787815122060,-3.4807,-8.9941,2.2115,0.01
653.017,1787815122160,-3.4806,-8.9941,2.2114,0.01
653.117,1787815122261,-3.4806,-8.9940,2.2113,0.01
653.217,1787815122361,-3.4805,-8.9940,2.2112,0.01
653.317,1787815122461,-3.4804,-8.9939,2.2111,0.01
653.417,1787815122561,-3.4804,-8.9939,2.2111,0.01
653.517,1787815122661,-3.4803,-8.9939,2.2110,0.01
653.617,1787815122761,-3.4803,-8.9939,2.2110,0.01
653.718,1787815122862,-3.4803,-8.9938,2.2110,0.01
653.819,1787815122962,-3.4804,-8.9938,2.2109,0.01
653.919,1787815123062,-3.4803,-8.9938,2.2109,0.01
654.019,1787815123163,-3.4803,-8.9938,2.2110,0.01
654.119,1787815123263,-3.4804,-8.9938,2.2110,0.00
654.219,1787815123363,-3.4805,-8.9938,2.2110,0.00
654.319,1787815123463,-3.4806,-8.9939,2.2109,0.00
654.419,1787815123563,-3.4806,-8.9939,2.2109,0.00
654.519,1787815123663,-3.4807,-8.9939,2.2109,0.00
654.619,1787815123763,-3.4808,-8.9940,2.2108,0.00
654.720,1787815123863,-3.4808,-8.9940,2.2107,0.00
654.820,1787815123963,-3.4809,-8.9940,2.2106,0.00
654.920,1787815124064,-3.4809,-8.9941,2.2106,0.00
655.020,1787815124164,-3.4809,-8.9941,2.2105,0.00
655.120,1787815124264,-3.4810,-8.9942,2.2104,0.00
655.220,1787815124364,-3.4810,-8.9942,2.2104,0.00
655.320,1787815124464,-3.4811,-8.9950,2.2104,-0.00
655.420,1787815124564,-3.4812,-8.9968,2.2105,-0.00
655.520,1787815124664,-3.4812,-8.9977,2.2107,-0.00
655.621,1787815124764,-3.4813,-8.9970,2.2109,-0.00
655.721,1787815124864,-3.4814,-8.9940,2.2112,-0.00
655.821,1787815124964,-3.4814,-8.9880,2.2114,-0.00
655.921,1787815125065,-3.4815,-8.9771,2.2116,0.00
656.021,1787815125165,-3.4815,-8.9646,2.2118,0.00
656.122,1787815125265,-3.4815,-8.9453,2.2120,0.00
656.222,1787815125366,-3.4816,-8.9238,2.2121,0.01
656.322,1787815125466,-3.4816,-8.8969,2.2121,0.01
656.422,1787815125566,-3.4816,-8.8670,2.2121,0.01
656.522,1787815125666,-3.4815,-8.8353,2.2120,0.01
656.622,1787815125766,-3.4815,-8.8035,2.2120,0.01
656.722,1787815125866,-3.4815,-8.7692,2.2119,0.01
656.823,1787815125966,-3.4815,-8.7264,2.2118,0.01
656.923,1787815126066,-3.4815,-8.6825,2.2117,0.01
657.023,1787815126166,-3.4815,-8.6402,2.2116,0.01
657.123,1787815126267,-3.4815,-8.5861,2.2115,0.01
657.223,1787815126367,-3.4815,-8.5293,2.2115,0.01
657.323,1787815126467,-3.4814,-8.4724,2.2114,0.01
657.423,1787815126567,-3.4814,-8.4133,2.2113,0.01
657.523,1787815126667,-3.4814,-8.3439,2.2112,0.01
657.624,1787815126767,-3.4814,-8.2815,2.2111,0.01
657.724,1787815126867,-3.4815,-8.2209,2.2111,0.01
657.824,1787815126967,-3.4815,-8.1626,2.2111,0.01
657.924,1787815127068,-3.4816,-8.1040,2.2110,0.00
658.024,1787815127168,-3.4817,-8.0392,2.2110,0.00
658.124,1787815127268,-3.4817,-7.9770,2.2110,0.00
658.224,1787815127368,-3.4818,-7.8996,2.2110,0.00
658.324,1787815127468,-3.4819,-7.8339,2.2110,0.00
658.424,1787815127568,-3.4820,-7.7772,2.2109,0.00
658.525,1787815127668,-3.4820,-7.7237,2.2109,0.00
658.625,1787815127768,-3.4821,-7.6588,2.2109,-0.00
658.725,1787815127868,-3.4821,-7.5971,2.2108,-0.00
658.825,1787815127968,-3.4821,-7.5443,2.2108,-0.00
658.925,1787815128069,-3.4821,-7.4860,2.2108,-0.00
659.025,1787815128169,-3.4822,-7.4131,2.2107,-0.00
659.125,1787815128269,-3.4822,-7.3491,2.2107,-0.00
659.225,1787815128369,-3.4822,-7.2853,2.2107,-0.01
659.325,1787815128469,-3.4822,-7.2245,2.2107,-0.01
659.425,1787815128569,-3.4822,-7.1554,2.2107,-0.01
659.526,1787815128669,-3.4822,-7.0954,2.2107,-0.01
659.626,1787815128769,-3.4822,-7.0300,2.2107,-0.01
659.726,1787815128869,-3.4822,-6.9763,2.2107,-0.01
659.826,1787815128970,-3.4823,-6.9145,2.2106,-0.01
659.926,1787815129070,-3.4822,-6.8499,2.2106,-0.01
660.026,1787815129170,-3.4822,-6.7966,2.2105,-0.01
660.126,1787815129270,-3.4822,-6.7353,2.2105,-0.01
660.227,1787815129370,-3.4822,-6.6660,2.2104,-0.01
660.327,1787815129471,-3.4821,-6.6053,2.2104,-0.01
660.427,1787815129571,-3.4821,-6.5476,2.2103,-0.01
660.527,1787815129671,-3.4820,-6.4873,2.2102,-0.01
660.627,1787815129771,-3.4819,-6.4134,2.2102,-0.01
660.727,1787815129871,-3.4819,-6.3643,2.2101,-0.01
660.827,1787815129971,-3.4817,-6.2909,2.2101,-0.01
660.927,1787815130071,-3.4816,-6.2366,2.2100,-0.01
661.028,1787815130171,-3.4814,-6.1745,2.2100,-0.01
661.128,1787815130271,-3.4813,-6.1210,2.2100,-0.00
661.228,1787815130371,-3.4811,-6.0653,2.2099,-0.00
661.328,1787815130472,-3.4809,-6.0046,2.2099,-0.00
661.428,1787815130572,-3.4808,-5.9545,2.2099,-0.00
661.528,1787815130672,-3.4806,-5.9019,2.2099,-0.00
661.628,1787815130772,-3.4804,-5.8308,2.2098,-0.00
661.728,1787815130872,-3.4802,-5.7780,2.2098,-0.00
661.828,1787815130972,-3.4800,-5.7147,2.2098,-0.00
661.928,1787815131072,-3.4799,-5.6540,2.2098,-0.00
662.029,1787815131172,-3.4798,-5.5987,2.2098,-0.01
662.129,1787815131272,-3.4797,-5.5380,2.2098,-0.01
662.229,1787815131372,-3.4796,-5.4746,2.2099,-0.01
662.329,1787815131473,-3.4795,-5.4192,2.2099,-0.01
662.429,1787815131573,-3.4794,-5.3639,2.2100,-0.01
662.529,1787815131673,-3.4794,-5.3032,2.2101,-0.01
662.629,1787815131773,-3.4793,-5.2346,2.2101,-0.01
662.729,1787815131873,-3.4792,-5.1820,2.2102,-0.01
662.829,1787815131973,-3.4792,-5.1269,2.2102,-0.01
662.930,1787815132073,-3.4791,-5.0691,2.2102,-0.01
663.030,1787815132173,-3.4791,-5.0009,2.2103,-0.01
663.130,1787815132273,-3.4791,-4.9459,2.2103,-0.01
663.230,1787815132373,-3.4791,-4.8935,2.2103,-0.00
663.330,1787815132474,-3.4791,-4.8181,2.2103,-0.00
663.430,1787815132574,-3.4791,-4.7581,2.2103,-0.00
663.530,1787815132674,-3.4791,-4.7112,2.2103,0.00
663.630,1787815132774,-3.4791,-4.6567,2.2103,0.00
663.730,1787815132874,-3.4791,-4.6101,2.2103,0.00
663.830,1787815132974,-3.4791,-4.5560,2.2103,0.00
663.931,1787815133074,-3.4791,-4.4992,2.2103,0.01
664.031,1787815133174,-3.4791,-4.4471,2.2103,0.01
664.131,1787815133274,-3.4791,-4.3867,2.2103,0.00
664.231,1787815133375,-3.4792,-4.3287,2.2103,0.00
664.331,1787815133475,-3.4792,-4.2704,2.2102,0.00
664.431,1787815133575,-3.4792,-4.2196,2.2102,0.00
664.531,1787815133675,-3.4792,-4.1635,2.2102,0.00
664.631,1787815133775,-3.4793,-4.1019,2.2102,0.00
664.731,1787815133875,-3.4793,-4.0343,2.2101,0.00
664.832,1787815133975,-3.4793,-3.9773,2.2101,-0.00
664.932,1787815134075,-3.4794,-3.9176,2.2102,-0.00
665.032,1787815134176,-3.4794,-3.8740,2.2102,-0.00
665.132,1787815134276,-3.4794,-3.8114,2.2103,-0.00
665.232,1787815134376,-3.4794,-3.7514,2.2103,-0.00
665.332,1787815134476,-3.4794,-3.6912,2.2104,-0.00
665.432,1787815134576,-3.4794,-3.6363,2.2104,-0.00
665.532,1787815134676,-3.4794,-3.5813,2.2105,-0.00
665.632,1787815134776,-3.4794,-3.5153,2.2105,-0.01
665.732,1787815134876,-3.4793,-3.4602,2.2105,-0.01
665.833,1787815134976,-3.4793,-3.4077,2.2106,-0.01
665.933,1787815135076,-3.4792,-3.3498,2.2106,-0.01
666.033,1787815135176,-3.4792,-3.2890,2.2107,-0.01
666.133,1787815135277,-3.4791,-3.2224,2.2107,-0.01
666.233,1787815135377,-3.4790,-3.1694,2.2107,-0.01
666.333,1787815135477,-3.4789,-3.1109,2.2107,-0.01
666.433,1787815135577,-3.4788,-3.0469,2.2107,-0.01
666.533,1787815135677,-3.4787,-2.9716,2.2107,-0.01
666.633,1787815135777,-3.4786,-2.9075,2.2106,-0.01
666.733,1787815135877,-3.4785,-2.8463,2.2106,-0.00
666.834,1787815135977,-3.4784,-2.7797,2.2105,-0.00
666.934,1787815136077,-3.4783,-2.7246,2.2105,-0.00
667.034,1787815136178,-3.4783,-2.6700,2.2105,-0.00
667.134,1787815136278,-3.4782,-2.6128,2.2104,-0.00
667.234,1787815136378,-3.4780,-2.5393,2.2103,0.00
667.334,1787815136478,-3.4779,-2.4796,2.2103,0.00
667.434,1787815136578,-3.4778,-2.4256,2.2102,0.00
667.534,1787815136678,-3.4777,-2.3745,2.2102,0.00
667.635,1787815136778,-3.4775,-2.3184,2.2102,0.00
667.735,1787815136878,-3.4774,-2.2677,2.2102,0.00
667.835,1787815136978,-3.4773,-2.2035,2.2101,0.00
667.935,1787815137079,-3.4771,-2.1470,2.2101,0.00
668.035,1787815137179,-3.4770,-2.0740,2.2101,0.00
668.135,1787815137279,-3.4769,-2.0171,2.2101,0.00
668.235,1787815137379,-3.4768,-1.9604,2.2101,0.00
668.335,1787815137479,-3.4767,-1.8956,2.2101,0.00
668.435,1787815137579,-3.4766,-1.8365,2.2101,0.00
668.536,1787815137679,-3.4765,-1.7747,2.2102,0.00
668.636,1787815137779,-3.4765,-1.7154,2.2102,0.00
668.736,1787815137879,-3.4764,-1.6506,2.2103,0.00
668.836,1787815137980,-3.4763,-1.5995,2.2103,0.00
668.936,1787815138080,-3.4763,-1.5459,2.2103,0.00
669.036,1787815138180,-3.4762,-1.4924,2.2103,0.00
669.136,1787815138280,-3.4761,-1.4308,2.2103,0.00
669.236,1787815138380,-3.4760,-1.3693,2.2102,0.00
669.336,1787815138480,-3.4760,-1.3023,2.2102,0.01
669.437,1787815138580,-3.4760,-1.2433,2.2102,0.00
669.537,1787815138680,-3.4759,-1.1817,2.2102,0.00
669.637,1787815138780,-3.4759,-1.1228,2.2102,0.00
669.737,1787815138881,-3.4758,-1.0721,2.2102,0.00
669.837,1787815138981,-3.4757,-1.0106,2.2102,0.00
669.937,1787815139081,-3.4757,-0.9521,2.2102,0.00
670.037,1787815139181,-3.4756,-0.8909,2.2102,0.00
670.138,1787815139281,-3.4755,-0.8244,2.2102,0.00
670.238,1787815139381,-3.4754,-0.7633,2.2102,0.00
670.338,1787815139482,-3.4754,-0.7023,2.2102,0.00
670.438,1787815139582,-3.4753,-0.6439,2.2103,0.00
670.538,1787815139682,-3.4753,-0.5856,2.2103,0.00
670.638,1787815139782,-3.4752,-0.5355,2.2103,0.00
670.738,1787815139882,-3.4752,-0.4726,2.2103,0.01
670.839,1787815139982,-3.4752,-0.4149,2.2104,0.01
670.939,1787815140082,-3.4751,-0.3623,2.2104,0.01
671.039,1787815140182,-3.4751,-0.3043,2.2105,0.01
671.139,1787815140283,-3.4751,-0.2434,2.2105,0.01
671.239,1787815140383,-3.4751,-0.1798,2.2105,0.01
671.339,1787815140483,-3.4750,-0.1214,2.2105,0.01
671.439,1787815140583,-3.4750,-0.0629,2.2105,0.01
671.539,1787815140683,-3.4750,0.0060,2.2106,0.01
671.639,1787815140783,-3.4750,0.0643,2.2106,0.01
671.739,1787815140883,-3.4750,0.1226,2.2106,0.01
671.840,1787815140983,-3.4750,0.1596,2.2106,0.01
671.940,1787815141084,-3.4751,0.2148,2.2106,0.01
672.040,1787815141184,-3.4751,0.2674,2.2106,0.01
672.140,1787815141284,-3.4751,0.3202,2.2106,0.01
672.240,1787815141384,-3.4751,0.3731,2.2106,0.01
672.340,1787815141484,-3.4751,0.4289,2.2106,0.01
672.440,1787815141584,-3.4751,0.4879,2.2107,0.01
672.540,1787815141684,-3.4752,0.5475,2.2107,0.01
672.641,1787815141784,-3.4752,0.5994,2.2107,0.01
672.741,1787815141884,-3.4753,0.6571,2.2107,0.01
672.841,1787815141984,-3.4753,0.7175,2.2107,0.01
672.941,1787815142085,-3.4755,0.7866,2.2107,0.01
673.042,1787815142185,-3.4755,0.8340,2.2108,0.01
673.142,1787815142285,-3.4757,0.9008,2.2108,0.01
673.242,1787815142385,-3.4758,0.9539,2.2108,0.01
673.342,1787815142486,-3.4759,1.0127,2.2108,0.01
673.442,1787815142586,-3.4761,1.0717,2.2109,0.01
673.542,1787815142686,-3.4762,1.1254,2.2109,0.01
673.642,1787815142786,-3.4764,1.1989,2.2109,0.01
673.742,1787815142886,-3.4765,1.2613,2.2109,0.01
673.842,1787815142986,-3.4767,1.3266,2.2108,0.01
673.942,1787815143086,-3.4768,1.3946,2.2108,0.01
674.043,1787815143186,-3.4770,1.4655,2.2107,0.01
674.143,1787815143287,-3.4771,1.5304,2.2106,0.01
674.243,1787815143387,-3.4772,1.5893,2.2105,0.01
674.343,1787815143487,-3.4772,1.6477,2.2104,0.01
674.443,1787815143587,-3.4773,1.7084,2.2103,0.01
674.543,1787815143687,-3.4773,1.7772,2.2102,0.01
674.643,1787815143787,-3.4774,1.8348,2.2101,0.00
674.743,1787815143887,-3.4774,1.8864,2.2101,0.00
674.844,1787815143987,-3.4774,1.9536,2.2100,0.00
674.944,1787815144087,-3.4774,2.0096,2.2099,0.00
675.044,1787815144187,-3.4774,2.0708,2.2099,-0.00
675.144,1787815144288,-3.4774,2.1267,2.2098,-0.00
675.244,1787815144388,-3.4774,2.1933,2.2098,-0.00
675.344,1787815144488,-3.4774,2.2517,2.2098,-0.01
675.444,1787815144588,-3.4774,2.3072,2.2098,-0.01
675.544,1787815144688,-3.4774,2.3680,2.2098,-0.01
675.644,1787815144788,-3.4773,2.4287,2.2098,-0.01
675.745,1787815144888,-3.4773,2.4867,2.2098,-0.01
675.845,1787815144988,-3.4773,2.5472,2.2098,-0.01
675.945,1787815145088,-3.4772,2.6049,2.2098,-0.01
676.045,1787815145189,-3.4772,2.6626,2.2098,-0.01
676.145,1787815145289,-3.4771,2.7231,2.2098,-0.01
676.245,1787815145389,-3.4770,2.7811,2.2099,-0.00
676.345,1787815145489,-3.4769,2.8232,2.2099,-0.00
676.445,1787815145589,-3.4768,2.8809,2.2099,-0.00
676.545,1787815145689,-3.4767,2.9385,2.2099,-0.00
676.646,1787815145789,-3.4765,3.0098,2.2100,-0.00
676.746,1787815145889,-3.4763,3.0575,2.2100,-0.00
676.846,1787815145989,-3.4761,3.1292,2.2100,-0.00
676.946,1787815146090,-3.4760,3.1848,2.2101,-0.00
677.046,1787815146190,-3.4758,3.2458,2.2101,-0.00
677.146,1787815146290,-3.4756,3.3205,2.2102,-0.00
677.246,1787815146390,-3.4755,3.3794,2.2102,-0.00
677.346,1787815146490,-3.4754,3.4378,2.2102,-0.00
677.446,1787815146590,-3.4753,3.5014,2.2102,-0.00
677.547,1787815146690,-3.4752,3.5623,2.2102,-0.00
677.647,1787815146790,-3.4751,3.6179,2.2102,-0.00
677.747,1787815146890,-3.4751,3.6730,2.2102,-0.00
677.847,1787815146991,-3.4750,3.7307,2.2101,-0.00
677.947,1787815147091,-3.4749,3.7989,2.2101,-0.00
678.047,1787815147191,-3.4749,3.8539,2.2101,-0.00
678.147,1787815147291,-3.4749,3.9087,2.2101,-0.00
678.247,1787815147391,-3.4748,3.9632,2.2100,-0.00
678.347,1787815147491,-3.4748,4.0152,2.2100,-0.00
678.447,1787815147591,-3.4748,4.0697,2.2100,-0.01
678.548,1787815147691,-3.4748,4.1268,2.2099,-0.01
678.648,1787815147791,-3.4748,4.1895,2.2099,-0.01
678.748,1787815147891,-3.4748,4.2502,2.2099,-0.01
678.848,1787815147992,-3.4748,4.3138,2.2098,-0.01
678.949,1787815148092,-3.4748,4.3691,2.2098,-0.01
679.049,1787815148192,-3.4749,4.4245,2.2098,-0.01
679.149,1787815148292,-3.4749,4.4854,2.2098,-0.01
679.249,1787815148393,-3.4749,4.5466,2.2098,-0.00
679.349,1787815148493,-3.4750,4.6079,2.2098,-0.00
679.449,1787815148593,-3.4750,4.6636,2.2098,-0.00
679.549,1787815148693,-3.4750,4.7194,2.2098,-0.00
679.649,1787815148793,-3.4750,4.7753,2.2098,-0.00
679.749,1787815148893,-3.4751,4.8287,2.2098,-0.00
679.849,1787815148993,-3.4751,4.8848,2.2099,0.00
679.950,1787815149093,-3.4752,4.9410,2.2099,0.00
680.050,1787815149193,-3.4752,4.9971,2.2100,-0.00
680.150,1787815149293,-3.4753,5.0698,2.2101,-0.00
680.250,1787815149394,-3.4754,5.1240,2.2102,-0.00
680.350,1787815149494,-3.4755,5.1837,2.2102,-0.00
680.450,1787815149594,-3.4756,5.2544,2.2103,-0.00
680.550,1787815149694,-3.4757,5.3115,2.2103,-0.00
680.650,1787815149794,-3.4758,5.3767,2.2104,-0.00
680.750,1787815149894,-3.4759,5.4310,2.2104,0.00
680.850,1787815149994,-3.4760,5.4906,2.2105,0.00
680.951,1787815150094,-3.4760,5.5528,2.2105,0.00
681.051,1787815150194,-3.4761,5.6150,2.2105,0.00
681.151,1787815150295,-3.4762,5.6853,2.2104,0.00
681.251,1787815150395,-3.4762,5.7420,2.2104,0.00
681.351,1787815150495,-3.4762,5.7877,2.2103,0.00
681.451,1787815150595,-3.4763,5.8569,2.2102,0.00
681.551,1787815150695,-3.4763,5.8969,2.2102,-0.00
681.651,1787815150795,-3.4763,5.9554,2.2101,-0.00
681.752,1787815150895,-3.4762,6.0087,2.2100,-0.00
681.852,1787815150995,-3.4762,6.0675,2.2099,-0.00
681.952,1787815151095,-3.4761,6.1292,2.2098,-0.00
682.053,1787815151196,-3.4760,6.1964,2.2097,-0.00
682.153,1787815151296,-3.4759,6.2504,2.2097,-0.00
682.253,1787815151396,-3.4758,6.3100,2.2096,-0.01
682.353,1787815151497,-3.4757,6.3671,2.2096,-0.01
682.453,1787815151597,-3.4756,6.4379,2.2096,-0.01
682.553,1787815151697,-3.4754,6.5006,2.2096,-0.01
682.653,1787815151797,-3.4753,6.5604,2.2096,-0.01
682.753,1787815151897,-3.4752,6.6120,2.2096,-0.01
682.853,1787815151997,-3.4751,6.6717,2.2095,-0.01
682.953,1787815152097,-3.4750,6.7310,2.2095,-0.01
683.054,1787815152197,-3.4749,6.7957,2.2095,-0.01
683.154,1787815152297,-3.4747,6.8632,2.2095,-0.01
683.254,1787815152397,-3.4746,6.9200,2.2095,-0.01
683.354,1787815152498,-3.4745,6.9713,2.2094,-0.01
683.454,1787815152598,-3.4743,7.0332,2.2094,-0.01
683.555,1787815152698,-3.4741,7.1059,2.2094,-0.01
683.655,1787815152798,-3.4740,7.1652,2.2093,-0.00
683.755,1787815152899,-3.4739,7.2243,2.2093,-0.00
683.855,1787815152999,-3.4737,7.2805,2.2093,-0.01
683.955,1787815153099,-3.4736,7.3390,2.2093,-0.01
684.055,1787815153199,-3.4735,7.3973,2.2093,-0.00
684.155,1787815153299,-3.4734,7.4526,2.2093,-0.00
684.255,1787815153399,-3.4733,7.5184,2.2094,-0.00
684.356,1787815153500,-3.4732,7.5842,2.2094,-0.00
684.456,1787815153600,-3.4732,7.6421,2.2094,-0.00
684.557,1787815153700,-3.4731,7.6868,2.2095,-0.00
684.657,1787815153800,-3.4731,7.7578,2.2096,-0.00
684.757,1787815153900,-3.4731,7.8079,2.2096,-0.00
684.857,1787815154001,-3.4731,7.8683,2.2097,-0.01
684.957,1787815154101,-3.4730,7.9208,2.2098,-0.01
685.057,1787815154201,-3.4731,7.9785,2.2098,-0.01
685.157,1787815154301,-3.4731,8.0498,2.2099,-0.01
685.257,1787815154401,-3.4732,8.0921,2.2099,-0.01
685.357,1787815154501,-3.4732,8.1530,2.2100,-0.01
685.458,1787815154601,-3.4733,8.2139,2.2100,-0.01
685.558,1787815154701,-3.4734,8.2831,2.2101,-0.01
685.658,1787815154801,-3.4735,8.3419,2.2100,-0.01
685.758,1787815154902,-3.4736,8.3986,2.2100,-0.01
685.858,1787815155002,-3.4736,8.4559,2.2099,-0.01
685.958,1787815155102,-3.4737,8.5237,2.2098,-0.01
686.058,1787815155202,-3.4738,8.5817,2.2097,-0.01
686.158,1787815155302,-3.4739,8.6348,2.2097,-0.01
686.259,1787815155402,-3.4739,8.6783,2.2097,-0.01
686.359,1787815155502,-3.4740,8.7263,2.2097,-0.01
686.459,1787815155602,-3.4741,8.7732,2.2096,-0.01
686.559,1787815155703,-3.4741,8.8146,2.2096,-0.01
686.659,1787815155803,-3.4742,8.8507,2.2095,-0.02
686.759,1787815155903,-3.4742,8.8820,2.2095,-0.02
686.859,1787815156003,-3.4742,8.9145,2.2094,-0.02
686.959,1787815156103,-3.4742,8.9454,2.2094,-0.02
687.059,1787815156203,-3.4741,8.9697,2.2093,-0.02
687.160,1787815156303,-3.4741,8.9876,2.2092,-0.02
687.260,1787815156403,-3.4741,9.0029,2.2091,-0.02
687.360,1787815156504,-3.4741,9.0174,2.2090,-0.02
687.460,1787815156604,-3.4740,9.0297,2.2089,-0.02
687.560,1787815156704,-3.4738,9.0391,2.2088,-0.02
687.660,1787815156804,-3.4738,9.0442,2.2088,-0.02
687.760,1787815156904,-3.4737,9.0475,2.2087,-0.02
687.860,1787815157004,-3.4736,9.0493,2.2087,-0.02
687.960,1787815157104,-3.4735,9.0494,2.2086,-0.03
688.061,1787815157204,-3.4734,9.0477,2.2087,-0.03
688.161,1787815157304,-3.4733,9.0449,2.2087,-0.02
688.261,1787815157405,-3.4732,9.0415,2.2088,-0.02
688.361,1787815157505,-3.4731,9.0367,2.2089,-0.02
688.461,1787815157605,-3.4730,9.0319,2.2090,-0.02
688.561,1787815157705,-3.4729,9.0269,2.2091,-0.02
688.661,1787815157805,-3.4728,9.0203,2.2092,-0.02
688.762,1787815157905,-3.4727,9.0152,2.2093,-0.01
688.862,1787815158005,-3.4726,9.0097,2.2094,-0.01
688.962,1787815158105,-3.4725,9.0048,2.2095,-0.01
689.062,1787815158206,-3.4724,8.9993,2.2096,-0.01
689.162,1787815158306,-3.4724,8.9950,2.2096,-0.01
689.262,1787815158406,-3.4723,8.9908,2.2097,-0.01
689.362,1787815158506,-3.4723,8.9861,2.2097,-0.01
689.462,1787815158606,-3.4723,8.9833,2.2098,-0.01
689.562,1787815158706,-3.4723,8.9798,2.2098,-0.01
689.663,1787815158806,-3.4723,8.9771,2.2098,-0.01
689.763,1787815158906,-3.4723,8.9751,2.2098,-0.01
689.863,1787815159006,-3.4723,8.9734,2.2098,-0.01
689.963,1787815159107,-3.4724,8.9717,2.2098,-0.01
690.063,1787815159207,-3.4724,8.9707,2.2098,-0.01
690.163,1787815159307,-3.4724,8.9699,2.2098,-0.01
690.263,1787815159407,-3.4724,8.9691,2.2097,-0.01
690.363,1787815159507,-3.4725,8.9688,2.2097,-0.01
690.463,1787815159607,-3.4725,8.9686,2.2096,-0.01
690.564,1787815159707,-3.4726,8.9686,2.2095,-0.01
690.664,1787815159807,-3.4726,8.9687,2.2095,-0.01
690.764,1787815159907,-3.4727,8.9690,2.2094,-0.01
690.864,1787815160008,-3.4728,8.9695,2.2093,-0.01
690.964,1787815160108,-3.4729,8.9700,2.2093,-0.01
691.064,1787815160208,-3.4729,8.9704,2.2093,-0.01
691.164,1787815160308,-3.4730,8.9709,2.2092,-0.01
691.264,1787815160408,-3.4731,8.9715,2.2092,-0.02
691.364,1787815160508,-3.4731,8.9721,2.2092,-0.02
691.465,1787815160608,-3.4732,8.9728,2.2091,-0.02
691.565,1787815160708,-3.4733,8.9736,2.2091,-0.01
691.665,1787815160808,-3.4734,8.9742,2.2090,-0.01
691.765,1787815160909,-3.4734,8.9747,2.2090,-0.01
691.865,1787815161009,-3.4735,8.9753,2.2090,-0.01
691.965,1787815161109,-3.4736,8.9758,2.2091,-0.01
692.065,1787815161209,-3.4736,8.9764,2.2091,-0.01
692.165,1787815161309,-3.4737,8.9769,2.2092,-0.01
692.265,1787815161409,-3.4737,8.9773,2.2092,-0.01
692.365,1787815161509,-3.4738,8.9779,2.2093,-0.01
692.466,1787815161610,-3.4739,8.9785,2.2095,-0.01
692.566,1787815161710,-3.4739,8.9790,2.2095,-0.01
692.666,1787815161810,-3.4740,8.9795,2.2096,-0.01
692.766,1787815161910,-3.4740,8.9801,2.2097,-0.01
692.866,1787815162010,-3.4740,8.9806,2.2098,-0.01
692.967,1787815162110,-3.4740,8.9811,2.2098,-0.01
693.067,1787815162210,-3.4740,8.9815,2.2099,-0.01
693.167,1787815162310,-3.4740,8.9820,2.2099,-0.01
693.267,1787815162411,-3.4740,8.9824,2.2100,-0.02
693.367,1787815162511,-3.4740,8.9828,2.2100,-0.02
693.467,1787815162611,-3.4739,8.9832,2.2100,-0.02
693.567,1787815162711,-3.4739,8.9836,2.2101,-0.02
693.668,1787815162811,-3.4739,8.9840,2.2101,-0.02
693.768,1787815162911,-3.4739,8.9844,2.2101,-0.02
693.868,1787815163011,-3.4738,8.9849,2.2101,-0.01
693.968,1787815163112,-3.4738,8.9852,2.2101,-0.01
694.068,1787815163212,-3.4737,8.9856,2.2101,-0.01
694.168,1787815163312,-3.4737,8.9860,2.2101,-0.02
694.268,1787815163412,-3.4736,8.9865,2.2101,-0.02
694.368,1787815163512,-3.4735,8.9869,2.2101,-0.02
694.468,1787815163612,-3.4735,8.9873,2.2101,-0.02
694.569,1787815163712,-3.4734,8.9877,2.2101,-0.02
694.669,1787815163812,-3.4733,8.9882,2.2101,-0.02
694.769,1787815163912,-3.4732,8.9884,2.2101,-0.02
694.869,1787815164012,-3.4731,8.9888,2.2101,-0.02
694.969,1787815164113,-3.4730,8.9893,2.2101,-0.02
695.069,1787815164213,-3.4730,8.9896,2.2100,-0.02
695.169,1787815164313,-3.4729,8.9899,2.2100,-0.02
695.269,1787815164413,-3.4729,8.9903,2.2100,-0.02
695.369,1787815164513,-3.4728,8.9906,2.2100,-0.02
695.469,1787815164613,-3.4728,8.9910,2.2100,-0.01
695.570,1787815164713,-3.4727,8.9914,2.2100,-0.01
695.670,1787815164813,-3.4727,8.9917,2.2100,-0.01
695.770,1787815164913,-3.4727,8.9920,2.2100,-0.01
695.870,1787815165014,-3.4727,8.9923,2.2101,-0.01
695.970,1787815165114,-3.4726,8.9927,2.2099,-0.01
696.070,1787815165214,-3.4725,8.9933,2.2092,-0.01
696.170,1787815165314,-3.4725,8.9936,2.2075,-0.01
696.270,1787815165414,-3.4724,8.9936,2.2046,-0.01
696.370,1787815165514,-3.4724,8.9934,2.2007,-0.01
696.471,1787815165614,-3.4724,8.9931,2.1953,-0.01
696.571,1787815165714,-3.4723,8.9926,2.1876,-0.01
696.671,1787815165814,-3.4722,8.9921,2.1804,-0.01
696.771,1787815165914,-3.4722,8.9918,2.1758,-0.01
696.871,1787815166015,-3.4722,8.9912,2.1674,-0.01
696.971,1787815166115,-3.4721,8.9906,2.1577,-0.01
697.071,1787815166215,-3.4720,8.9900,2.1462,-0.01
697.171,1787815166315,-3.4719,8.9895,2.1365,-0.01
697.272,1787815166415,-3.4719,8.9890,2.1264,-0.01
697.372,1787815166516,-3.4717,8.9884,2.1126,-0.01
697.472,1787815166616,-3.4717,8.9879,2.1007,-0.01
697.572,1787815166716,-3.4716,8.9874,2.0885,-0.00
697.672,1787815166816,-3.4715,8.9870,2.0767,-0.00
697.772,1787815166916,-3.4714,8.9867,2.0631,-0.01
697.872,1787815167016,-3.4714,8.9864,2.0509,-0.01
697.973,1787815167116,-3.4713,8.9862,2.0368,-0.01
698.073,1787815167217,-3.4713,8.9860,2.0231,-0.01
698.173,1787815167317,-3.4713,8.9859,2.0100,-0.01
698.274,1787815167417,-3.4713,8.9858,1.9967,-0.01
698.374,1787815167517,-3.4712,8.9858,1.9810,-0.01
698.474,1787815167617,-3.4712,8.9859,1.9677,-0.01
698.574,1787815167718,-3.4712,8.9860,1.9561,-0.01
698.674,1787815167818,-3.4712,8.9861,1.9414,-0.00
698.774,1787815167918,-3.4712,8.9864,1.9273,-0.00
698.874,1787815168018,-3.4712,8.9866,1.9143,-0.00
698.974,1787815168118,-3.4712,8.9869,1.8988,-0.00
699.076,1787815168219,-3.4711,8.9871,1.8863,-0.00
699.176,1787815168320,-3.4711,8.9872,1.8737,-0.00
699.276,1787815168420,-3.4711,8.9874,1.8560,-0.00
699.376,1787815168520,-3.4710,8.9876,1.8426,-0.00
699.476,1787815168620,-3.4710,8.9878,1.8292,-0.00
699.576,1787815168720,-3.4710,8.9880,1.8152,-0.00
699.677,1787815168820,-3.4710,8.9882,1.7985,0.00
699.777,1787815168920,-3.4710,8.9883,1.7857,0.00
699.877,1787815169020,-3.4710,8.9884,1.7722,0.00
699.977,1787815169121,-3.4710,8.9886,1.7581,0.00
700.077,1787815169221,-3.4710,8.9887,1.7420,0.00
700.177,1787815169321,-3.4710,8.9888,1.7297,0.00
700.277,1787815169421,-3.4710,8.9890,1.7167,0.00
700.377,1787815169521,-3.4710,8.9890,1.7016,0.00
700.478,1787815169622,-3.4711,8.9892,1.6859,0.00
700.578,1787815169722,-3.4712,8.9893,1.6714,0.00
700.678,1787815169822,-3.4712,8.9894,1.6582,0.00
700.778,1787815169922,-3.4713,8.9895,1.6443,-0.00
700.879,1787815170022,-3.4714,8.9896,1.6317,-0.00
700.979,1787815170122,-3.4715,8.9897,1.6170,-0.00
701.079,1787815170223,-3.4716,8.9898,1.6037,-0.00
701.179,1787815170323,-3.4717,8.9899,1.5862,-0.00
701.279,1787815170423,-3.4718,8.9901,1.5714,-0.00
701.379,1787815170523,-3.4720,8.9902,1.5580,-0.00
701.479,1787815170623,-3.4721,8.9903,1.5432,-0.00
701.579,1787815170723,-3.4723,8.9904,1.5264,-0.00
701.680,1787815170823,-3.4724,8.9906,1.5116,0.00
701.780,1787815170923,-3.4725,8.9907,1.5002,0.00
701.880,1787815171023,-3.4726,8.9909,1.4867,0.00
701.980,1787815171124,-3.4727,8.9910,1.4738,0.01
702.080,1787815171224,-3.4728,8.9913,1.4567,0.01
702.180,1787815171324,-3.4728,8.9916,1.4409,0.01
702.280,1787815171424,-3.4728,8.9918,1.4272,0.01
702.380,1787815171524,-3.4728,8.9921,1.4129,0.01
702.480,1787815171624,-3.4728,8.9923,1.3986,0.01
702.581,1787815171724,-3.4728,8.9925,1.3863,0.01
702.681,1787815171824,-3.4727,8.9928,1.3713,0.01
702.781,1787815171924,-3.4726,8.9930,1.3548,0.01
702.881,1787815172025,-3.4726,8.9933,1.3396,0.00
702.981,1787815172125,-3.4725,8.9935,1.3252,0.00
703.081,1787815172225,-3.4725,8.9936,1.3121,0.00
703.181,1787815172325,-3.4725,8.9938,1.2949,0.00
703.281,1787815172425,-3.4724,8.9940,1.2812,0.00
703.381,1787815172525,-3.4724,8.9942,1.2660,0.01
703.482,1787815172625,-3.4723,8.9945,1.2516,0.01
703.582,1787815172725,-3.4722,8.9947,1.2364,0.01
703.682,1787815172825,-3.4721,8.9949,1.2193,0.01
703.782,1787815172926,-3.4720,8.9951,1.2091,0.01
703.882,1787815173026,-3.4720,8.9953,1.1967,0.01
703.982,1787815173126,-3.4719,8.9955,1.1787,0.01
704.082,1787815173226,-3.4719,8.9957,1.1641,0.01
704.182,1787815173326,-3.4718,8.9959,1.1489,0.00
704.282,1787815173426,-3.4718,8.9961,1.1350,0.00
704.383,1787815173526,-3.4717,8.9963,1.1198,0.00
704.483,1787815173626,-3.4717,8.9966,1.1032,0.00
704.583,1787815173726,-3.4717,8.9969,1.0867,-0.00
704.683,1787815173827,-3.4716,8.9971,1.0716,-0.00
704.783,1787815173927,-3.4716,8.9973,1.0573,-0.00
704.883,1787815174027,-3.4716,8.9975,1.0417,-0.00
704.983,1787815174127,-3.4715,8.9977,1.0268,-0.00
705.083,1787815174227,-3.4714,8.9980,1.0113,-0.00
705.183,1787815174327,-3.4713,8.9982,0.9946,-0.00
705.284,1787815174427,-3.4711,8.9984,0.9792,-0.00
705.384,1787815174527,-3.4710,8.9985,0.9659,-0.00
705.484,1787815174627,-3.4709,8.9987,0.9527,-0.00
705.584,1787815174728,-3.4708,8.9989,0.9381,-0.00
705.684,1787815174828,-3.4707,8.9990,0.9235,-0.00
705.784,1787815174928,-3.4706,8.9992,0.9088,-0.00
705.884,1787815175028,-3.4706,8.9994,0.8948,-0.00
705.984,1787815175128,-3.4705,8.9996,0.8787,-0.00
706.084,1787815175228,-3.4704,8.9997,0.8659,-0.00
706.185,1787815175328,-3.4704,8.9999,0.8551,-0.00
706.285,1787815175428,-3.4703,9.0000,0.8423,0.00
706.385,1787815175528,-3.4702,9.0003,0.8238,0.00
706.485,1787815175629,-3.4701,9.0004,0.8094,0.00
706.585,1787815175729,-3.4701,9.0006,0.7942,0.00
706.685,1787815175829,-3.4700,9.0008,0.7763,0.00
706.786,1787815175929,-3.4700,9.0010,0.7626,0.00
706.886,1787815176029,-3.4699,9.0012,0.7482,0.00
706.986,1787815176130,-3.4699,9.0014,0.7344,-0.00
707.086,1787815176230,-3.4698,9.0015,0.7207,-0.00
707.186,1787815176330,-3.4698,9.0017,0.7069,0.00
707.286,1787815176430,-3.4698,9.0019,0.6904,-0.00
707.386,1787815176530,-3.4697,9.0021,0.6773,-0.00
707.486,1787815176630,-3.4697,9.0023,0.6657,-0.00
707.587,1787815176730,-3.4697,9.0025,0.6498,-0.00
707.687,1787815176831,-3.4696,9.0028,0.6362,-0.00
707.787,1787815176931,-3.4696,9.0029,0.6249,-0.00
707.887,1787815177031,-3.4695,9.0031,0.6140,-0.00
707.987,1787815177131,-3.4694,9.0032,0.6051,-0.00
708.087,1787815177231,-3.4693,9.0035,0.5958,-0.01
708.187,1787815177331,-3.4692,9.0036,0.5871,-0.01
708.288,1787815177431,-3.4690,9.0038,0.5795,-0.01
708.388,1787815177531,-3.4689,9.0040,0.5736,-0.01
708.488,1787815177631,-3.4688,9.0041,0.5671,-0.01
708.588,1787815177732,-3.4687,9.0042,0.5622,-0.01
708.688,1787815177832,-3.4686,9.0042,0.5583,-0.01
708.788,1787815177932,-3.4685,9.0043,0.5549,-0.01
708.888,1787815178032,-3.4684,9.0044,0.5505,-0.00
708.988,1787815178132,-3.4683,9.0045,0.5474,-0.00
709.089,1787815178232,-3.4682,9.0046,0.5440,-0.00
709.189,1787815178332,-3.4681,9.0047,0.5416,-0.00
709.289,1787815178432,-3.4680,9.0047,0.5393,-0.00
709.389,1787815178533,-3.4680,9.0048,0.5373,-0.00
709.489,1787815178633,-3.4680,9.0049,0.5356,-0.00
709.589,1787815178733,-3.4680,9.0050,0.5341,-0.00
709.689,1787815178833,-3.4679,9.0051,0.5322,-0.00
709.789,1787815178933,-3.4678,9.0051,0.5310,-0.00
709.889,1787815179033,-3.4678,9.0052,0.5297,-0.00
709.989,1787815179133,-3.4678,9.0053,0.5284,-0.00
710.090,1787815179233,-3.4679,9.0053,0.5273,-0.00
710.190,1787815179333,-3.4679,9.0054,0.5262,-0.00
710.290,1787815179433,-3.4680,9.0054,0.5251,-0.00
710.390,1787815179534,-3.4681,9.0054,0.5243,-0.00
710.490,1787815179634,-3.4682,9.0055,0.5236,-0.00
710.590,1787815179734,-3.4683,9.0055,0.5227,-0.00
710.690,1787815179834,-3.4684,9.0055,0.5220,-0.00
710.790,1787815179934,-3.4685,9.0055,0.5214,-0.00
710.890,1787815180034,-3.4686,9.0056,0.5207,-0.00
710.991,1787815180134,-3.4686,9.0056,0.5200,-0.00
711.091,1787815180234,-3.4687,9.0056,0.5193,-0.01
711.191,1787815180335,-3.4687,9.0056,0.5188,-0.01
711.291,1787815180435,-3.4688,9.0056,0.5183,-0.01
711.391,1787815180535,-3.4688,9.0055,0.5177,-0.01
711.491,1787815180635,-3.4688,9.0055,0.5173,-0.01
711.591,1787815180735,-3.4687,9.0053,0.5169,-0.01
711.691,1787815180835,-3.4686,9.0052,0.5166,-0.01
711.791,1787815180935,-3.4685,9.0050,0.5162,-0.01
711.892,1787815181035,-3.4684,9.0049,0.5158,-0.01
711.992,1787815181135,-3.4683,9.0047,0.5156,-0.01
712.092,1787815181236,-3.4682,9.0046,0.5153,-0.01
712.192,1787815181336,-3.4681,9.0045,0.5151,-0.01
712.292,1787815181436,-3.4680,9.0043,0.5149,-0.01
712.392,1787815181536,-3.4679,9.0042,0.5147,-0.01
712.492,1787815181636,-3.4677,9.0040,0.5145,-0.01
712.592,1787815181736,-3.4676,9.0038,0.5142,-0.01
712.693,1787815181836,-3.4673,9.0037,0.5140,-0.01
712.793,1787815181936,-3.4672,9.0035,0.5138,-0.01
712.893,1787815182036,-3.4670,9.0034,0.5136,-0.01
712.993,1787815182137,-3.4669,9.0033,0.5134,-0.01
713.093,1787815182237,-3.4668,9.0032,0.5132,-0.01
713.193,1787815182337,-3.4668,9.0031,0.5131,-0.01
713.293,1787815182437,-3.4668,9.0030,0.5129,-0.01
713.393,1787815182537,-3.4668,9.0029,0.5128,-0.01
713.493,1787815182637,-3.4669,9.0029,0.5126,-0.01
713.593,1787815182737,-3.4670,9.0029,0.5125,-0.01
713.694,1787815182837,-3.4671,9.0029,0.5124,-0.01
713.794,1787815182937,-3.4671,9.0030,0.5123,-0.01
713.894,1787815183037,-3.4672,9.0030,0.5122,-0.01
713.994,1787815183138,-3.4672,9.0031,0.5122,-0.01
714.094,1787815183238,-3.4673,9.0031,0.5122,-0.01
714.194,1787815183338,-3.4674,9.0031,0.5121,-0.01
714.294,1787815183438,-3.4674,9.0032,0.5121,-0.01
714.394,1787815183538,-3.4674,9.0032,0.5121,-0.01
714.495,1787815183639,-3.4675,9.0032,0.5120,-0.01
714.595,1787815183739,-3.4676,9.0033,0.5119,-0.01
714.695,1787815183839,-3.4676,9.0033,0.5119,-0.01
714.795,1787815183939,-3.4677,9.0033,0.5118,-0.01
714.896,1787815184039,-3.4677,9.0033,0.5118,-0.01
714.996,1787815184139,-3.4678,9.0034,0.5117,-0.01
715.096,1787815184239,-3.4678,9.0034,0.5117,-0.01
715.196,1787815184340,-3.4679,9.0034,0.5117,-0.01
715.296,1787815184440,-3.4679,9.0034,0.5116,-0.01
715.396,1787815184540,-3.4680,9.0034,0.5116,-0.01
715.496,1787815184640,-3.4681,9.0034,0.5116,-0.01
715.596,1787815184740,-3.4682,9.0034,0.5115,-0.01
715.696,1787815184840,-3.4682,9.0034,0.5115,-0.02
715.796,1787815184940,-3.4683,9.0034,0.5115,-0.02
715.897,1787815185040,-3.4684,9.0033,0.5114,-0.02
715.997,1787815185140,-3.4684,9.0033,0.5114,-0.02
716.097,1787815185240,-3.4685,9.0032,0.5113,-0.02
716.197,1787815185341,-3.4686,9.0032,0.5112,-0.01
716.297,1787815185441,-3.4687,9.0031,0.5111,-0.01
716.397,1787815185541,-3.4688,9.0030,0.5110,-0.01
716.497,1787815185641,-3.4689,9.0029,0.5110,-0.01
716.597,1787815185741,-3.4690,9.0028,0.5109,-0.01
716.697,1787815185841,-3.4691,9.0027,0.5108,-0.01
716.798,1787815185941,-3.4692,9.0025,0.5107,-0.01
716.898,1787815186041,-3.4693,9.0024,0.5106,-0.01
716.998,1787815186142,-3.4694,9.0023,0.5106,-0.01
717.098,1787815186242,-3.4695,9.0021,0.5106,-0.01
717.198,1787815186342,-3.4695,9.0026,0.5106,-0.01
717.298,1787815186442,-3.4695,9.0040,0.5107,-0.01
717.398,1787815186542,-3.4695,9.0050,0.5109,-0.01
717.498,1787815186642,-3.4695,9.0045,0.5111,-0.01
717.598,1787815186742,-3.4696,9.0021,0.5112,-0.01
717.699,1787815186842,-3.4696,8.9964,0.5115,-0.01
717.799,1787815186942,-3.4696,8.9875,0.5116,-0.01
717.899,1787815187042,-3.4696,8.9755,0.5118,-0.01
717.999,1787815187142,-3.4696,8.9622,0.5119,-0.01
718.099,1787815187243,-3.4695,8.9434,0.5120,-0.01
718.199,1787815187343,-3.4695,8.9228,0.5121,-0.01
718.299,1787815187443,-3.4695,8.8961,0.5122,-0.01
718.399,1787815187543,-3.4694,8.8667,0.5122,-0.01
718.499,1787815187643,-3.4694,8.8256,0.5121,-0.01
718.599,1787815187743,-3.4693,8.7849,0.5120,-0.01
718.699,1787815187843,-3.4693,8.7482,0.5119,-0.01
718.800,1787815187943,-3.4692,8.7048,0.5118,-0.01
718.900,1787815188043,-3.4692,8.6497,0.5116,-0.01
719.000,1787815188144,-3.4691,8.5982,0.5114,-0.02
719.100,1787815188244,-3.4690,8.5467,0.5113,-0.02
719.200,1787815188344,-3.4690,8.4957,0.5112,-0.02
719.301,1787815188444,-3.4690,8.4296,0.5111,-0.02
719.401,1787815188544,-3.4689,8.3725,0.5110,-0.02
719.501,1787815188644,-3.4689,8.3171,0.5109,-0.02
719.601,1787815188745,-3.4689,8.2550,0.5109,-0.02
719.701,1787815188845,-3.4688,8.1920,0.5108,-0.02
719.801,1787815188945,-3.4688,8.1374,0.5108,-0.02
719.901,1787815189045,-3.4689,8.0706,0.5108,-0.02
720.001,1787815189145,-3.4689,7.9943,0.5109,-0.01
720.101,1787815189245,-3.4690,7.9322,0.5109,-0.01
720.201,1787815189345,-3.4690,7.8581,0.5109,-0.01
720.302,1787815189445,-3.4691,7.7931,0.5109,-0.01
720.402,1787815189545,-3.4691,7.7314,0.5110,-0.01
720.502,1787815189645,-3.4692,7.6672,0.5110,-0.01
720.602,1787815189746,-3.4693,7.5949,0.5111,-0.01
720.702,1787815189846,-3.4694,7.5319,0.5111,-0.01
720.802,1787815189946,-3.4695,7.4807,0.5112,-0.01
720.902,1787815190046,-3.4695,7.4241,0.5112,-0.01
721.002,1787815190146,-3.4696,7.3622,0.5113,-0.01
721.102,1787815190246,-3.4697,7.3005,0.5113,-0.01
721.202,1787815190346,-3.4698,7.2278,0.5113,-0.01
721.303,1787815190446,-3.4699,7.1723,0.5113,-0.01
721.403,1787815190546,-3.4699,7.1116,0.5113,-0.01
721.503,1787815190646,-3.4700,7.0459,0.5113,-0.01
721.603,1787815190746,-3.4700,6.9942,0.5113,-0.00
721.703,1787815190847,-3.4700,6.9426,0.5112,-0.00
721.803,1787815190947,-3.4701,6.9020,0.5112,-0.00
721.903,1787815191047,-3.4701,6.8535,0.5112,-0.00
722.003,1787815191147,-3.4702,6.7865,0.5111,-0.00
722.103,1787815191247,-3.4703,6.7300,0.5110,-0.00
722.203,1787815191347,-3.4704,6.6783,0.5110,-0.00
722.304,1787815191447,-3.4704,6.6209,0.5109,-0.00
722.404,1787815191547,-3.4705,6.5607,0.5109,-0.00
722.504,1787815191647,-3.4706,6.4919,0.5108,-0.01
722.604,1787815191748,-3.4706,6.4282,0.5107,-0.01
722.704,1787815191848,-3.4707,6.3674,0.5107,-0.01
722.804,1787815191948,-3.4707,6.3177,0.5107,-0.01
722.904,1787815192048,-3.4707,6.2459,0.5106,-0.01
723.004,1787815192148,-3.4707,6.1904,0.5105,-0.01
723.104,1787815192248,-3.4706,6.1293,0.5105,-0.01
723.205,1787815192348,-3.4706,6.0712,0.5104,-0.01
723.305,1787815192448,-3.4705,6.0134,0.5103,-0.01
723.405,1787815192548,-3.4704,5.9472,0.5103,-0.01
723.505,1787815192649,-3.4704,5.8894,0.5103,-0.01
723.605,1787815192749,-3.4703,5.8290,0.5102,-0.00
723.705,1787815192849,-3.4701,5.7688,0.5102,-0.00
723.805,1787815192949,-3.4700,5.7167,0.5102,-0.00
723.905,1787815193049,-3.4699,5.6540,0.5102,-0.00
724.005,1787815193149,-3.4698,5.5913,0.5101,-0.00
724.105,1787815193249,-3.4696,5.5259,0.5101,-0.00
724.205,1787815193349,-3.4694,5.4658,0.5102,-0.00
724.306,1787815193450,-3.4693,5.3952,0.5102,-0.00
724.406,1787815193550,-3.4691,5.3357,0.5102,-0.00
724.506,1787815193650,-3.4690,5.2764,0.5102,-0.00
724.606,1787815193750,-3.4689,5.2202,0.5102,-0.00
724.706,1787815193850,-3.4688,5.1615,0.5102,-0.00
724.806,1787815193950,-3.4687,5.0978,0.5101,-0.01
724.906,1787815194050,-3.4686,5.0423,0.5101,-0.01
725.007,1787815194150,-3.4685,4.9846,0.5101,-0.01
725.107,1787815194250,-3.4684,4.9297,0.5100,-0.01
725.207,1787815194351,-3.4683,4.8749,0.5100,-0.01
725.307,1787815194451,-3.4683,4.8226,0.5099,-0.01
725.407,1787815194551,-3.4682,4.7623,0.5099,-0.01
725.507,1787815194651,-3.4682,4.6939,0.5099,-0.00
725.607,1787815194751,-3.4682,4.6333,0.5099,-0.00
725.707,1787815194851,-3.4682,4.5779,0.5099,-0.00
725.808,1787815194951,-3.4682,4.5147,0.5099,0.00
725.908,1787815195051,-3.4682,4.4595,0.5100,0.00
726.008,1787815195151,-3.4682,4.4017,0.5100,0.00
726.108,1787815195252,-3.4682,4.3412,0.5101,0.00
726.208,1787815195352,-3.4681,4.2859,0.5102,0.00
726.308,1787815195452,-3.4682,4.2280,0.5102,0.00
726.408,1787815195552,-3.4682,4.1753,0.5102,0.00
726.508,1787815195652,-3.4682,4.1173,0.5103,-0.00
726.609,1787815195752,-3.4681,4.0565,0.5103,-0.00
726.709,1787815195852,-3.4681,3.9931,0.5103,-0.00
726.809,1787815195952,-3.4681,3.9376,0.5104,-0.00
726.909,1787815196053,-3.4680,3.8794,0.5104,-0.00
727.009,1787815196153,-3.4681,3.8160,0.5104,-0.00
727.109,1787815196253,-3.4681,3.7604,0.5104,-0.01
727.209,1787815196353,-3.4681,3.6967,0.5105,-0.01
727.309,1787815196453,-3.4681,3.6411,0.5105,-0.01
727.409,1787815196553,-3.4681,3.5908,0.5105,-0.01
727.509,1787815196653,-3.4682,3.5378,0.5105,-0.00
727.610,1787815196754,-3.4683,3.4687,0.5105,-0.00
727.711,1787815196854,-3.4684,3.4102,0.5104,-0.00
727.811,1787815196954,-3.4685,3.3516,0.5104,-0.00
727.911,1787815197054,-3.4685,3.2929,0.5104,0.00
728.011,1787815197155,-3.4686,3.2394,0.5103,0.00
728.111,1787815197255,-3.4686,3.1860,0.5103,0.00
728.211,1787815197355,-3.4687,3.1219,0.5103,0.00
728.311,1787815197455,-3.4687,3.0682,0.5102,0.00
728.411,1787815197555,-3.4687,3.0118,0.5102,0.00
728.511,1787815197655,-3.4687,2.9579,0.5102,0.00
728.612,1787815197755,-3.4687,2.9067,0.5102,0.00
728.712,1787815197855,-3.4687,2.8389,0.5102,-0.00
728.812,1787815197955,-3.4687,2.7982,0.5102,-0.00
728.912,1787815198056,-3.4686,2.7438,0.5102,-0.00
729.012,1787815198156,-3.4686,2.6837,0.5103,-0.00
729.112,1787815198256,-3.4686,2.6122,0.5104,-0.01
729.212,1787815198356,-3.4686,2.5625,0.5104,-0.01
729.312,1787815198456,-3.4685,2.4987,0.5105,-0.01
729.412,1787815198556,-3.4684,2.4375,0.5105,-0.01
729.513,1787815198656,-3.4684,2.3759,0.5105,-0.01
729.613,1787815198756,-3.4683,2.3146,0.5105,-0.00
729.713,1787815198856,-3.4683,2.2504,0.5106,-0.00
729.813,1787815198957,-3.4683,2.1889,0.5106,-0.00
729.913,1787815199057,-3.4683,2.1329,0.5106,-0.00
730.013,1787815199157,-3.4683,2.0772,0.5107,0.00
730.113,1787815199257,-3.4683,2.0136,0.5107,0.00
730.213,1787815199357,-3.4683,1.9553,0.5108,0.00
730.314,1787815199457,-3.4683,1.8914,0.5109,0.01
730.414,1787815199557,-3.4683,1.8246,0.5109,0.01
730.514,1787815199658,-3.4683,1.7692,0.5110,0.01
730.614,1787815199758,-3.4683,1.7224,0.5110,0.01
730.714,1787815199858,-3.4683,1.6620,0.5110,0.01
730.814,1787815199958,-3.4684,1.6045,0.5110,0.01
730.914,1787815200058,-3.4685,1.5388,0.5110,0.01
731.014,1787815200158,-3.4685,1.4815,0.5110,0.01
731.115,1787815200258,-3.4686,1.4076,0.5110,0.00
731.215,1787815200358,-3.4687,1.3527,0.5110,0.00
731.315,1787815200458,-3.4687,1.2896,0.5110,0.00
731.415,1787815200559,-3.4688,1.2268,0.5110,0.00
731.515,1787815200659,-3.4688,1.1698,0.5110,-0.00
731.615,1787815200759,-3.4687,1.1182,0.5110,-0.00
731.715,1787815200859,-3.4687,1.0530,0.5110,0.00
731.816,1787815200959,-3.4687,1.0015,0.5110,0.00
731.916,1787815201059,-3.4686,0.9447,0.5110,0.00
732.016,1787815201160,-3.4685,0.8853,0.5110,0.00
732.116,1787815201260,-3.4684,0.8259,0.5110,0.00
732.216,1787815201360,-3.4682,0.7608,0.5109,0.00
732.316,1787815201460,-3.4681,0.7011,0.5109,0.00
732.416,1787815201560,-3.4680,0.6440,0.5108,0.00
732.516,1787815201660,-3.4679,0.5869,0.5108,0.00
732.616,1787815201760,-3.4678,0.5164,0.5107,0.00
732.716,1787815201860,-3.4677,0.4596,0.5106,0.01
732.817,1787815201960,-3.4677,0.4030,0.5105,0.01
732.917,1787815202060,-3.4677,0.3436,0.5105,0.01
733.017,1787815202160,-3.4676,0.2761,0.5104,0.01
733.117,1787815202261,-3.4676,0.2165,0.5104,0.01
733.217,1787815202361,-3.4677,0.1570,0.5104,0.01
733.317,1787815202461,-3.4677,0.1032,0.5103,0.01
733.417,1787815202561,-3.4677,0.0360,0.5103,0.00
733.517,1787815202661,-3.4678,-0.0150,0.5103,0.00
733.618,1787815202761,-3.4679,-0.0793,0.5103,0.00
733.718,1787815202861,-3.4680,-0.1407,0.5103,0.00
733.818,1787815202961,-3.4680,-0.1967,0.5103,0.00
733.918,1787815203061,-3.4682,-0.2658,0.5103,0.00
734.018,1787815203162,-3.4682,-0.3188,0.5103,0.00
734.118,1787815203262,-3.4683,-0.3743,0.5103,0.00
734.218,1787815203362,-3.4684,-0.4377,0.5103,0.00
734.318,1787815203462,-3.4685,-0.4933,0.5103,0.00
734.418,1787815203562,-3.4685,-0.5464,0.5103,0.00
734.518,1787815203662,-3.4686,-0.6048,0.5103,0.00
734.618,1787815203762,-3.4687,-0.6739,0.5103,0.00
734.719,1787815203862,-3.4687,-0.7269,0.5103,0.00
734.819,1787815203962,-3.4688,-0.7773,0.5103,0.00
734.919,1787815204062,-3.4688,-0.8194,0.5103,0.00
735.019,1787815204163,-3.4689,-0.8747,0.5104,0.01
735.119,1787815204263,-3.4689,-0.9355,0.5104,0.01
735.219,1787815204363,-3.4689,-0.9834,0.5104,0.01
735.319,1787815204463,-3.4690,-1.0476,0.5104,0.01
735.419,1787815204563,-3.4690,-1.1014,0.5104,0.01
735.519,1787815204663,-3.4690,-1.1473,0.5104,0.01
735.620,1787815204763,-3.4690,-1.2043,0.5104,0.01
735.720,1787815204863,-3.4690,-1.2589,0.5104,0.01
735.820,1787815204963,-3.4690,-1.3029,0.5104,0.01
735.920,1787815205064,-3.4690,-1.3718,0.5104,0.01
736.020,1787815205164,-3.4690,-1.4304,0.5104,0.01
736.120,1787815205264,-3.4690,-1.4868,0.5104,0.01
736.220,1787815205364,-3.4690,-1.5409,0.5104,0.01
736.320,1787815205464,-3.4690,-1.6123,0.5103,0.01
736.421,1787815205564,-3.4690,-1.6782,0.5103,0.01
736.521,1787815205664,-3.4690,-1.7389,0.5102,0.01
736.621,1787815205765,-3.4690,-1.7908,0.5102,0.01
736.721,1787815205865,-3.4689,-1.8539,0.5101,0.01
736.821,1787815205965,-3.4689,-1.9142,0.5100,0.01
736.921,1787815206065,-3.4689,-1.9833,0.5100,0.01
737.021,1787815206165,-3.4689,-2.0437,0.5099,0.01
737.121,1787815206265,-3.4689,-2.1013,0.5099,0.01
737.221,1787815206365,-3.4688,-2.1672,0.5099,0.01
737.322,1787815206466,-3.4688,-2.2359,0.5099,0.01
737.422,1787815206566,-3.4687,-2.2900,0.5099,0.01
737.523,1787815206666,-3.4687,-2.3581,0.5099,0.01
737.623,1787815206766,-3.4687,-2.4176,0.5099,0.00
737.723,1787815206867,-3.4686,-2.4884,0.5100,0.00
737.823,1787815206967,-3.4686,-2.5446,0.5100,0.00
737.923,1787815207067,-3.4685,-2.6144,0.5100,0.00
738.024,1787815207168,-3.4685,-2.6755,0.5100,0.00
738.124,1787815207268,-3.4684,-2.7198,0.5099,0.00
738.224,1787815207368,-3.4684,-2.7638,0.5099,0.00
738.324,1787815207468,-3.4683,-2.8183,0.5099,0.01
738.425,1787815207568,-3.4683,-2.8835,0.5099,0.01
738.525,1787815207669,-3.4682,-2.9353,0.5098,0.01
738.625,1787815207769,-3.4682,-3.0039,0.5098,0.01
738.725,1787815207869,-3.4682,-3.0562,0.5098,0.01
738.825,1787815207969,-3.4681,-3.1084,0.5098,0.01
738.925,1787815208069,-3.4680,-3.1660,0.5097,0.01
739.025,1787815208169,-3.4680,-3.2209,0.5097,0.01
739.126,1787815208269,-3.4680,-3.2759,0.5097,0.01
739.226,1787815208369,-3.4680,-3.3342,0.5096,0.00
739.326,1787815208469,-3.4680,-3.4042,0.5096,0.00
739.426,1787815208569,-3.4680,-3.4603,0.5095,0.00
739.526,1787815208670,-3.4680,-3.5220,0.5095,0.00
739.626,1787815208770,-3.4681,-3.5920,0.5095,0.00
739.727,1787815208870,-3.4681,-3.6482,0.5095,0.00
739.827,1787815208970,-3.4682,-3.7016,0.5095,0.00
739.927,1787815209071,-3.4683,-3.7804,0.5094,0.00
740.027,1787815209171,-3.4684,-3.8394,0.5094,0.00
740.127,1787815209271,-3.4684,-3.8954,0.5094,0.00
740.227,1787815209371,-3.4685,-3.9569,0.5095,0.00
740.327,1787815209471,-3.4686,-4.0239,0.5095,0.00
740.427,1787815209571,-3.4687,-4.0904,0.5095,0.00
740.528,1787815209671,-3.4688,-4.1485,0.5095,0.00
740.628,1787815209771,-3.4690,-4.2093,0.5095,0.00
740.728,1787815209871,-3.4691,-4.2723,0.5095,0.00
740.828,1787815209971,-3.4692,-4.3404,0.5096,-0.00
740.928,1787815210072,-3.4693,-4.3948,0.5096,-0.00
741.028,1787815210172,-3.4694,-4.4516,0.5097,-0.00
741.128,1787815210272,-3.4695,-4.5082,0.5097,-0.00
741.228,1787815210372,-3.4696,-4.5778,0.5098,0.00
741.328,1787815210472,-3.4696,-4.6231,0.5099,0.00
741.428,1787815210572,-3.4696,-4.6845,0.5099,0.00
741.528,1787815210672,-3.4696,-4.7428,0.5100,0.00
741.629,1787815210772,-3.4696,-4.8010,0.5100,0.01
741.729,1787815210872,-3.4696,-4.8619,0.5100,0.01
741.829,1787815210973,-3.4696,-4.9229,0.5101,0.01
741.929,1787815211073,-3.4696,-4.9761,0.5100,0.01
742.029,1787815211173,-3.4696,-5.0347,0.5100,0.01
742.129,1787815211273,-3.4696,-5.0933,0.5100,0.01
742.229,1787815211373,-3.4696,-5.1494,0.5099,0.01
742.329,1787815211473,-3.4696,-5.2109,0.5099,0.01
742.430,1787815211573,-3.4696,-5.2590,0.5098,0.01
742.530,1787815211673,-3.4696,-5.3097,0.5098,0.01
742.630,1787815211773,-3.4695,-5.3655,0.5098,0.00
742.730,1787815211874,-3.4695,-5.4295,0.5097,0.00
742.830,1787815211974,-3.4695,-5.4805,0.5097,0.00
742.930,1787815212074,-3.4694,-5.5400,0.5097,0.00
743.030,1787815212174,-3.4694,-5.6025,0.5096,0.00
743.130,1787815212274,-3.4693,-5.6595,0.5096,0.00
743.230,1787815212374,-3.4692,-5.7252,0.5096,0.00
743.330,1787815212474,-3.4691,-5.7829,0.5096,0.01
743.431,1787815212574,-3.4690,-5.8406,0.5097,0.01
743.531,1787815212674,-3.4689,-5.9012,0.5097,0.01
743.631,1787815212774,-3.4687,-5.9676,0.5097,0.01
743.731,1787815212875,-3.4686,-6.0282,0.5097,0.01
743.831,1787815212975,-3.4684,-6.0890,0.5097,0.01
743.931,1787815213075,-3.4683,-6.1415,0.5098,0.01
744.031,1787815213175,-3.4682,-6.2104,0.5098,0.01
744.132,1787815213275,-3.4680,-6.2655,0.5098,0.01
744.232,1787815213375,-3.4679,-6.3233,0.5098,0.01
744.332,1787815213475,-3.4678,-6.3865,0.5098,0.01
744.432,1787815213576,-3.4678,-6.4496,0.5098,0.01
744.532,1787815213676,-3.4677,-6.5127,0.5098,0.01
744.632,1787815213776,-3.4677,-6.5756,0.5098,0.01
744.732,1787815213876,-3.4677,-6.6330,0.5098,0.00
744.832,1787815213976,-3.4677,-6.6877,0.5098,0.00
744.932,1787815214076,-3.4677,-6.7586,0.5098,-0.00
745.032,1787815214176,-3.4677,-6.8157,0.5098,-0.00
745.133,1787815214276,-3.4677,-6.8726,0.5098,-0.00
745.233,1787815214376,-3.4676,-6.9426,0.5099,0.00
745.333,1787815214476,-3.4676,-6.9965,0.5099,0.00
745.433,1787815214577,-3.4676,-7.0608,0.5099,0.00
745.533,1787815214677,-3.4676,-7.1170,0.5099,0.01
745.633,1787815214777,-3.4676,-7.1731,0.5098,0.01
745.733,1787815214877,-3.4677,-7.2291,0.5098,0.01
745.833,1787815214977,-3.4677,-7.2929,0.5098,0.01
745.934,1787815215077,-3.4677,-7.3408,0.5098,0.01
746.034,1787815215177,-3.4677,-7.4046,0.5098,0.02
746.134,1787815215277,-3.4677,-7.4604,0.5097,0.02
746.234,1787815215378,-3.4677,-7.5162,0.5097,0.02
746.335,1787815215478,-3.4678,-7.5747,0.5097,0.02
746.435,1787815215578,-3.4679,-7.6254,0.5097,0.02
746.535,1787815215679,-3.4679,-7.6602,0.5097,0.02
746.635,1787815215779,-3.4680,-7.7031,0.5097,0.02
746.735,1787815215879,-3.4680,-7.7484,0.5097,0.01
746.835,1787815215979,-3.4681,-7.7990,0.5097,0.01
746.936,1787815216079,-3.4681,-7.8559,0.5097,0.01
747.036,1787815216179,-3.4682,-7.9140,0.5097,0.01
747.136,1787815216280,-3.4682,-7.9702,0.5098,0.01
747.236,1787815216380,-3.4683,-8.0271,0.5098,0.01
747.336,1787815216480,-3.4683,-8.0875,0.5098,0.01
747.436,1787815216580,-3.4683,-8.1573,0.5098,0.01
747.536,1787815216680,-3.4683,-8.2100,0.5097,0.01
747.636,1787815216780,-3.4683,-8.2718,0.5097,0.01
747.737,1787815216880,-3.4683,-8.3348,0.5096,0.01
747.837,1787815216980,-3.4683,-8.4015,0.5095,0.01
747.937,1787815217080,-3.4683,-8.4795,0.5094,0.01
748.037,1787815217180,-3.4683,-8.5377,0.5094,0.01
748.137,1787815217281,-3.4683,-8.5991,0.5094,0.01
748.237,1787815217381,-3.4683,-8.6546,0.5094,0.01
748.337,1787815217481,-3.4683,-8.7070,0.5094,0.01
748.437,1787815217581,-3.4684,-8.7579,0.5094,0.01
748.537,1787815217681,-3.4684,-8.8067,0.5094,0.01
748.637,1787815217781,-3.4684,-8.8489,0.5095,0.01
748.737,1787815217881,-3.4684,-8.8866,0.5094,0.01
748.838,1787815217981,-3.4685,-8.9170,0.5094,0.01
748.938,1787815218081,-3.4686,-8.9488,0.5094,0.01
749.038,1787815218181,-3.4687,-8.9724,0.5093,0.01
749.138,1787815218282,-3.4688,-8.9924,0.5093,0.01
749.238,1787815218382,-3.4689,-9.0090,0.5092,0.01
749.338,1787815218482,-3.4690,-9.0239,0.5090,0.01
749.438,1787815218582,-3.4690,-9.0330,0.5089,0.01
749.538,1787815218682,-3.4691,-9.0402,0.5088,0.01
749.638,1787815218782,-3.4691,-9.0449,0.5087,0.02
749.739,1787815218882,-3.4691,-9.0482,0.5086,0.02
749.839,1787815218982,-3.4692,-9.0493,0.5085,0.02
749.939,1787815219083,-3.4692,-9.0492,0.5084,0.02
750.039,1787815219183,-3.4693,-9.0473,0.5084,0.02
750.139,1787815219283,-3.4694,-9.0442,0.5084,0.02
750.239,1787815219383,-3.4694,-9.0411,0.5084,0.02
750.339,1787815219483,-3.4695,-9.0366,0.5084,0.02
750.439,1787815219583,-3.4695,-9.0305,0.5085,0.02
750.540,1787815219683,-3.4695,-9.0255,0.5085,0.02
750.640,1787815219783,-3.4696,-9.0201,0.5086,0.01
750.740,1787815219883,-3.4696,-9.0138,0.5087,0.01
750.840,1787815219984,-3.4697,-9.0076,0.5088,0.01
750.940,1787815220084,-3.4697,-9.0020,0.5088,0.01
751.040,1787815220184,-3.4696,-8.9961,0.5089,0.01
751.140,1787815220284,-3.4696,-8.9905,0.5089,0.01
751.240,1787815220384,-3.4696,-8.9852,0.5090,0.01
751.340,1787815220484,-3.4696,-8.9811,0.5090,0.01
751.441,1787815220584,-3.4696,-8.9772,0.5091,0.01
751.541,1787815220684,-3.4695,-8.9727,0.5091,0.01
751.641,1787815220784,-3.4694,-8.9697,0.5091,0.02
751.741,1787815220885,-3.4693,-8.9666,0.5091,0.02
751.841,1787815220985,-3.4692,-8.9647,0.5091,0.02
751.941,1787815221085,-3.4691,-8.9627,0.5092,0.02
752.042,1787815221185,-3.4690,-8.9606,0.5092,0.02
752.142,1787815221285,-3.4689,-8.9594,0.5092,0.02
752.242,1787815221385,-3.4688,-8.9582,0.5093,0.02
752.342,1787815221485,-3.4687,-8.9575,0.5093,0.02
752.442,1787815221586,-3.4686,-8.9570,0.5093,0.02
752.542,1787815221686,-3.4684,-8.9566,0.5093,0.02
752.642,1787815221786,-3.4683,-8.9565,0.5093,0.02
752.742,1787815221886,-3.4682,-8.9565,0.5093,0.02
752.842,1787815221986,-3.4681,-8.9567,0.5093,0.02
752.942,1787815222086,-3.4680,-8.9570,0.5092,0.02
753.043,1787815222186,-3.4678,-8.9574,0.5092,0.02
753.143,1787815222286,-3.4677,-8.9579,0.5092,0.03
753.243,1787815222386,-3.4676,-8.9586,0.5092,0.03
753.343,1787815222487,-3.4675,-8.9593,0.5093,0.03
753.443,1787815222587,-3.4675,-8.9600,0.5093,0.03
753.543,1787815222687,-3.4674,-8.9607,0.5094,0.03
753.643,1787815222787,-3.4674,-8.9614,0.5095,0.03
753.743,1787815222887,-3.4674,-8.9621,0.5095,0.03
753.843,1787815222987,-3.4673,-8.9628,0.5096,0.03
753.944,1787815223087,-3.4673,-8.9635,0.5097,0.03
754.044,1787815223187,-3.4673,-8.9642,0.5098,0.03
754.144,1787815223287,-3.4673,-8.9649,0.5099,0.03
754.244,1787815223388,-3.4673,-8.9655,0.5100,0.03
754.344,1787815223488,-3.4673,-8.9662,0.5100,0.03
754.444,1787815223588,-3.4673,-8.9669,0.5101,0.03
754.544,1787815223688,-3.4673,-8.9675,0.5101,0.03
754.644,1787815223788,-3.4674,-8.9680,0.5101,0.03
754.744,1787815223888,-3.4674,-8.9687,0.5101,0.03
754.844,1787815223988,-3.4674,-8.9693,0.5102,0.03
754.945,1787815224088,-3.4674,-8.9700,0.5102,0.03
755.045,1787815224188,-3.4674,-8.9706,0.5102,0.03
755.145,1787815224289,-3.4674,-8.9712,0.5102,0.03
755.245,1787815224389,-3.4675,-8.9717,0.5102,0.03
755.345,1787815224489,-3.4674,-8.9724,0.5102,0.03
755.445,1787815224589,-3.4674,-8.9730,0.5103,0.03
755.545,1787815224689,-3.4674,-8.9735,0.5103,0.03
755.645,1787815224789,-3.4674,-8.9741,0.5103,0.02
755.745,1787815224889,-3.4674,-8.9747,0.5103,0.02
755.846,1787815224989,-3.4674,-8.9753,0.5102,0.02
755.946,1787815225089,-3.4674,-8.9757,0.5102,0.02
756.046,1787815225190,-3.4674,-8.9763,0.5102,0.02
756.146,1787815225290,-3.4674,-8.9767,0.5102,0.02
756.246,1787815225390,-3.4674,-8.9773,0.5101,0.03
756.346,1787815225490,-3.4674,-8.9778,0.5101,0.03
756.446,1787815225590,-3.4674,-8.9783,0.5101,0.03
756.546,1787815225690,-3.4674,-8.9787,0.5100,0.03
756.647,1787815225790,-3.4674,-8.9792,0.5100,0.03
756.747,1787815225890,-3.4675,-8.9797,0.5100,0.03
756.847,1787815225991,-3.4675,-8.9803,0.5099,0.03
756.947,1787815226091,-3.4675,-8.9808,0.5099,0.02
757.048,1787815226192,-3.4676,-8.9813,0.5099,0.02
757.148,1787815226292,-3.4676,-8.9818,0.5099,0.02
757.248,1787815226392,-3.4677,-8.9823,0.5099,0.02
757.348,1787815226492,-3.4678,-8.9829,0.5099,0.02
757.448,1787815226592,-3.4679,-8.9834,0.5099,0.02
757.549,1787815226692,-3.4679,-8.9839,0.5099,0.02
757.649,1787815226792,-3.4680,-8.9843,0.5099,0.02
757.749,1787815226892,-3.4680,-8.9847,0.5099,0.02
757.849,1787815226993,-3.4681,-8.9851,0.5099,0.02
757.949,1787815227093,-3.4681,-8.9854,0.5098,0.02
758.049,1787815227193,-3.4682,-8.9858,0.5099,-0.02
758.149,1787815227293,-3.4682,-8.9860,0.5101,-0.23
758.249,1787815227393,-3.4682,-8.9860,0.5106,-0.71
758.349,1787815227493,-3.4682,-8.9860,0.5113,-1.84
758.449,1787815227593,-3.4681,-8.9863,0.5121,-3.34
758.550,1787815227693,-3.4681,-8.9870,0.5128,-5.24
758.650,1787815227793,-3.4682,-8.9880,0.5134,-7.59
758.750,1787815227893,-3.4683,-8.9891,0.5139,-10.19
758.850,1787815227994,-3.4685,-8.9902,0.5143,-12.96
758.950,1787815228094,-3.4686,-8.9910,0.5144,-15.48
759.050,1787815228194,-3.4688,-8.9919,0.5145,-18.99
759.150,1787815228294,-3.4690,-8.9925,0.5144,-22.86
759.251,1787815228394,-3.4692,-8.9928,0.5142,-26.47
759.351,1787815228494,-3.4693,-8.9928,0.5138,-30.27
759.451,1787815228594,-3.4693,-8.9923,0.5133,-34.58
759.551,1787815228695,-3.4692,-8.9914,0.5128,-38.26
759.651,1787815228795,-3.4688,-8.9898,0.5121,-42.62
759.751,1787815228895,-3.4685,-8.9884,0.5117,-45.49
759.851,1787815228995,-3.4678,-8.9862,0.5111,-49.12
759.951,1787815229095,-3.4672,-8.9843,0.5107,-51.84
760.051,1787815229195,-3.4663,-8.9819,0.5103,-54.86
760.151,1787815229295,-3.4655,-8.9798,0.5100,-57.51
760.252,1787815229396,-3.4647,-8.9776,0.5097,-60.22
760.352,1787815229496,-3.4639,-8.9757,0.5095,-62.78
760.452,1787815229596,-3.4633,-8.9739,0.5094,-65.47
760.552,1787815229696,-3.4629,-8.9721,0.5092,-68.58
760.652,1787815229796,-3.4627,-8.9710,0.5091,-71.07
760.753,1787815229896,-3.4627,-8.9702,0.5091,-73.05
760.853,1787815229996,-3.4628,-8.9693,0.5091,-75.88
760.953,1787815230096,-3.4630,-8.9687,0.5091,-78.80
761.053,1787815230197,-3.4633,-8.9683,0.5091,-81.38
761.153,1787815230297,-3.4639,-8.9681,0.5091,-84.47
761.253,1787815230397,-3.4646,-8.9680,0.5091,-87.64
761.353,1787815230497,-3.4655,-8.9681,0.5091,-91.19
761.453,1787815230597,-3.4666,-8.9684,0.5091,-95.24
761.553,1787815230697,-3.4675,-8.9688,0.5092,-98.49
761.654,1787815230797,-3.4684,-8.9694,0.5091,-102.00
761.754,1787815230897,-3.4690,-8.9699,0.5091,-104.84
761.854,1787815230997,-3.4695,-8.9707,0.5090,-108.20
761.954,1787815231098,-3.4699,-8.9715,0.5090,-111.32
762.054,1787815231198,-3.4700,-8.9724,0.5089,-114.49
762.154,1787815231298,-3.4701,-8.9734,0.5089,-117.84
762.254,1787815231398,-3.4701,-8.9742,0.5088,-120.46
762.354,1787815231498,-3.4700,-8.9752,0.5088,-123.28
762.454,1787815231598,-3.4698,-8.9762,0.5088,-126.20
762.555,1787815231699,-3.4697,-8.9771,0.5088,-129.34
762.655,1787815231799,-3.4696,-8.9779,0.5089,-131.99
762.755,1787815231899,-3.4694,-8.9786,0.5089,-134.93
762.856,1787815231999,-3.4695,-8.9792,0.5089,-137.79
762.956,1787815232099,-3.4695,-8.9795,0.5090,-140.15
763.056,1787815232199,-3.4696,-8.9798,0.5090,-142.95
763.156,1787815232300,-3.4697,-8.9801,0.5091,-146.62
763.257,1787815232400,-3.4698,-8.9803,0.5091,-149.38
763.357,1787815232500,-3.4700,-8.9804,0.5091,-152.31
763.457,1787815232600,-3.4701,-8.9804,0.5091,-155.68
763.557,1787815232701,-3.4702,-8.9805,0.5091,-158.23
763.657,1787815232801,-3.4703,-8.9805,0.5091,-161.50
763.757,1787815232901,-3.4703,-8.9804,0.5091,-164.36
763.857,1787815233001,-3.4704,-8.9804,0.5090,-166.93
763.957,1787815233101,-3.4704,-8.9804,0.5090,-170.64
764.057,1787815233201,-3.4704,-8.9802,0.5091,-173.70
764.158,1787815233301,-3.4703,-8.9800,0.5093,-176.29
764.258,1787815233401,-3.4703,-8.9798,0.5095,-178.27
764.358,1787815233501,-3.4703,-8.9799,0.5100,179.49
764.458,1787815233601,-3.4702,-8.9804,0.5105,178.08
764.558,1787815233702,-3.4700,-8.9816,0.5111,176.87
764.658,1787815233802,-3.4699,-8.9830,0.5116,176.35
764.758,1787815233902,-3.4698,-8.9839,0.5118,176.22
764.858,1787815234002,-3.4697,-8.9860,0.5121,176.27
764.958,1787815234102,-3.4696,-8.9880,0.5123,176.64
765.058,1787815234202,-3.4695,-8.9902,0.5124,177.39
765.159,1787815234302,-3.4695,-8.9916,0.5122,178.12
765.259,1787815234402,-3.4694,-8.9925,0.5120,178.78
765.359,1787815234502,-3.4693,-8.9931,0.5117,179.49
765.459,1787815234603,-3.4692,-8.9932,0.5113,-179.67
765.559,1787815234703,-3.4692,-8.9927,0.5109,-179.14
765.659,1787815234803,-3.4691,-8.9917,0.5105,-178.76
765.759,1787815234903,-3.4690,-8.9904,0.5101,-178.52
765.859,1787815235003,-3.4689,-8.9886,0.5098,-178.40
765.959,1787815235103,-3.4689,-8.9864,0.5095,-178.42
766.059,1787815235203,-3.4688,-8.9847,0.5093,-178.52
766.160,1787815235303,-3.4688,-8.9828,0.5090,-178.69
766.260,1787815235403,-3.4687,-8.9807,0.5088,-178.94
766.360,1787815235503,-3.4687,-8.9790,0.5086,-179.18
766.460,1787815235604,-3.4686,-8.9774,0.5085,-179.43
766.560,1787815235704,-3.4685,-8.9761,0.5084,-179.65
766.660,1787815235804,-3.4685,-8.9751,0.5082,-179.85
766.760,1787815235904,-3.4684,-8.9745,0.5082,-179.98
766.860,1787815236004,-3.4684,-8.9742,0.5081,179.93
766.960,1787815236104,-3.4684,-8.9741,0.5081,179.89
767.060,1787815236204,-3.4691,-8.9744,0.5081,179.88
767.161,1787815236304,-3.4706,-8.9749,0.5081,179.91
767.261,1787815236404,-3.4713,-8.9753,0.5082,179.96
767.361,1787815236504,-3.4704,-8.9755,0.5083,-179.99
767.461,1787815236605,-3.4675,-8.9756,0.5084,-179.93
767.561,1787815236705,-3.4622,-8.9757,0.5086,-179.88
767.661,1787815236805,-3.4533,-8.9757,0.5088,-179.83
767.761,1787815236905,-3.4394,-8.9757,0.5089,-179.78
767.861,1787815237005,-3.4241,-8.9756,0.5091,-179.76
767.961,1787815237105,-3.4072,-8.9755,0.5091,-179.74
768.062,1787815237205,-3.3850,-8.9753,0.5092,-179.74
768.162,1787815237305,-3.3551,-8.9751,0.5092,-179.74
768.262,1787815237405,-3.3235,-8.9749,0.5092,-179.75
768.362,1787815237506,-3.2879,-8.9748,0.5092,-179.77
768.462,1787815237606,-3.2486,-8.9747,0.5091,-179.79
768.562,1787815237706,-3.2039,-8.9746,0.5090,-179.82
768.662,1787815237806,-3.1575,-8.9746,0.5089,-179.84
768.762,1787815237906,-3.1080,-8.9746,0.5087,-179.86
768.862,1787815238006,-3.0460,-8.9747,0.5086,-179.88
768.963,1787815238106,-2.9987,-8.9747,0.5085,-179.89
769.063,1787815238206,-2.9473,-8.9749,0.5084,-179.90
769.163,1787815238306,-2.8783,-8.9751,0.5083,-179.91
769.263,1787815238407,-2.8183,-8.9753,0.5083,-179.91
769.363,1787815238507,-2.7569,-8.9755,0.5083,-179.92
769.463,1787815238607,-2.6945,-8.9757,0.5083,-179.92
769.563,1787815238707,-2.6228,-8.9761,0.5084,-179.92
769.663,1787815238807,-2.5680,-8.9764,0.5084,-179.91
769.763,1787815238907,-2.5099,-8.9767,0.5085,-179.91
769.863,1787815239007,-2.4370,-8.9770,0.5085,-179.91
769.964,1787815239107,-2.3757,-8.9773,0.5085,-179.91
770.065,1787815239209,-2.3175,-8.9776,0.5086,-179.91
770.165,1787815239309,-2.2448,-8.9780,0.5087,-179.91
770.265,1787815239409,-2.1866,-8.9782,0.5087,-179.91
770.365,1787815239509,-2.1287,-8.9785,0.5087,-179.91
770.466,1787815239609,-2.0597,-8.9788,0.5088,-179.92
770.566,1787815239709,-2.0054,-8.9791,0.5089,-179.92
770.666,1787815239810,-1.9428,-8.9794,0.5090,-179.92
770.766,1787815239910,-1.8974,-8.9796,0.5090,-179.92
770.867,1787815240011,-1.8352,-8.9800,0.5091,-179.93
770.968,1787815240111,-1.7759,-8.9803,0.5091,-179.93
771.068,1787815240211,-1.7167,-8.9806,0.5091,-179.93
771.168,1787815240311,-1.6575,-8.9809,0.5091,-179.93
771.268,1787815240412,-1.5925,-8.9813,0.5091,-179.93
771.368,1787815240512,-1.5304,-8.9817,0.5091,-179.94
771.468,1787815240612,-1.4712,-8.9821,0.5091,-179.94
771.568,1787815240712,-1.4122,-8.9825,0.5091,-179.94
771.669,1787815240812,-1.3560,-8.9829,0.5090,-179.94
771.769,1787815240912,-1.2913,-8.9833,0.5090,-179.94
771.869,1787815241012,-1.2324,-8.9838,0.5090,-179.95
771.969,1787815241112,-1.1679,-8.9843,0.5089,-179.95
772.069,1787815241213,-1.1091,-8.9847,0.5089,-179.95
772.169,1787815241313,-1.0449,-8.9852,0.5089,-179.95
772.269,1787815241413,-0.9723,-8.9858,0.5089,-179.95
772.369,1787815241513,-0.9140,-8.9863,0.5089,-179.95
772.469,1787815241613,-0.8504,-8.9868,0.5089,-179.95
772.569,1787815241713,-0.7816,-8.9874,0.5089,-179.96
772.670,1787815241813,-0.7186,-8.9879,0.5089,-179.96
772.770,1787815241913,-0.6641,-8.9884,0.5089,-179.96
772.870,1787815242013,-0.6072,-8.9889,0.5089,-179.96
772.970,1787815242114,-0.5534,-8.9894,0.5089,-179.96
773.070,1787815242214,-0.5052,-8.9898,0.5089,-179.96
773.170,1787815242314,-0.4518,-8.9903,0.5089,-179.96
773.270,1787815242414,-0.3933,-8.9908,0.5089,-179.96
773.370,1787815242514,-0.3240,-8.9914,0.5089,-179.96
773.470,1787815242614,-0.2590,-8.9920,0.5089,-179.96
773.571,1787815242714,-0.2016,-8.9925,0.5088,-179.96
773.671,1787815242814,-0.1473,-8.9930,0.5087,-179.96
773.771,1787815242914,-0.0941,-8.9935,0.5086,-179.96
773.872,1787815243015,-0.0249,-8.9941,0.5085,-179.96
773.972,1787815243115,0.0238,-8.9945,0.5085,-179.96
774.072,1787815243215,0.0699,-8.9950,0.5085,-179.96
774.172,1787815243316,0.1217,-8.9955,0.5085,-179.97
774.272,1787815243416,0.1652,-8.9959,0.5085,-179.97
774.372,1787815243516,0.1997,-8.9962,0.5085,-179.97
774.472,1787815243616,0.2328,-8.9964,0.5086,-179.97
774.572,1787815243716,0.2709,-8.9968,0.5086,-179.97
774.672,1787815243816,0.2999,-8.9971,0.5085,-179.97
774.773,1787815243916,0.3236,-8.9975,0.5085,-179.97
774.873,1787815244016,0.3427,-8.9978,0.5084,-179.97
774.973,1787815244116,0.3579,-8.9980,0.5083,-179.97
775.073,1787815244217,0.3720,-8.9983,0.5083,-179.97
775.173,1787815244317,0.3821,-8.9985,0.5082,-179.97
775.273,1787815244417,0.3892,-8.9987,0.5081,-179.97
775.373,1787815244517,0.3943,-8.9988,0.5081,-179.97
775.473,1787815244617,0.3968,-8.9989,0.5081,-179.98
775.574,1787815244717,0.3975,-8.9990,0.5081,-179.98
775.674,1787815244818,0.3963,-8.9990,0.5081,-179.98
775.774,1787815244918,0.3940,-8.9991,0.5082,-179.98
775.874,1787815245018,0.3905,-8.9991,0.5082,-179.98
775.974,1787815245118,0.3864,-8.9990,0.5083,-179.98
776.074,1787815245218,0.3811,-8.9989,0.5084,-179.99
776.175,1787815245318,0.3758,-8.9988,0.5084,-179.99
776.275,1787815245418,0.3695,-8.9986,0.5085,-179.99
776.375,1787815245518,0.3638,-8.9985,0.5086,-179.99
776.475,1787815245619,0.3579,-8.9985,0.5086,-179.99
776.575,1787815245719,0.3521,-8.9984,0.5087,-179.99
776.675,1787815245819,0.3452,-8.9984,0.5087,-179.99
776.775,1787815245919,0.3407,-8.9983,0.5088,-179.99
776.875,1787815246019,0.3364,-8.9981,0.5088,-179.99
776.975,1787815246119,0.3314,-8.9979,0.5089,-179.99
777.076,1787815246219,0.3279,-8.9977,0.5089,-179.99
777.176,1787815246319,0.3241,-8.9975,0.5089,-179.99
777.276,1787815246420,0.3202,-8.9973,0.5090,-179.99
777.376,1787815246520,0.3172,-8.9971,0.5090,-179.99
777.476,1787815246620,0.3149,-8.9969,0.5090,-179.99
777.576,1787815246720,0.3125,-8.9967,0.5091,-179.99
777.676,1787815246820,0.3109,-8.9966,0.5091,-179.99
777.776,1787815246920,0.3095,-8.9964,0.5091,-179.99
777.877,1787815247020,0.3082,-8.9963,0.5092,-179.99
777.977,1787815247120,0.3070,-8.9961,0.5092,-179.99
778.077,1787815247220,0.3059,-8.9960,0.5092,-179.99
778.177,1787815247321,0.3052,-8.9960,0.5092,-179.99
778.277,1787815247421,0.3048,-8.9959,0.5093,-179.99
778.377,1787815247521,0.3044,-8.9958,0.5093,-179.99
778.477,1787815247621,0.3043,-8.9958,0.5093,-179.99
778.577,1787815247721,0.3043,-8.9958,0.5093,-179.99
778.677,1787815247821,0.3045,-8.9958,0.5093,-179.99
778.778,1787815247921,0.3047,-8.9959,0.5094,-179.99
778.878,1787815248021,0.3051,-8.9959,0.5094,-179.99
778.978,1787815248121,0.3056,-8.9959,0.5094,-179.99
779.078,1787815248222,0.3060,-8.9959,0.5094,-179.99
779.178,1787815248322,0.3066,-8.9959,0.5094,-179.99
779.278,1787815248422,0.3071,-8.9959,0.5094,-179.99
779.378,1787815248522,0.3077,-8.9959,0.5094,-179.99
779.478,1787815248622,0.3082,-8.9959,0.5094,-179.99
779.578,1787815248722,0.3088,-8.9958,0.5094,-179.99
779.678,1787815248822,0.3093,-8.9958,0.5094,-179.99
779.779,1787815248922,0.3098,-8.9958,0.5094,-179.99
779.879,1787815249022,0.3103,-8.9957,0.5095,-179.99
779.979,1787815249122,0.3108,-8.9957,0.5095,-179.99
780.079,1787815249223,0.3112,-8.9957,0.5095,-179.99
780.179,1787815249323,0.3117,-8.9957,0.5095,-179.99
780.279,1787815249423,0.3121,-8.9957,0.5095,-179.99
780.379,1787815249523,0.3126,-8.9958,0.5096,-180.00
780.479,1787815249623,0.3131,-8.9958,0.5096,-179.99
780.580,1787815249723,0.3134,-8.9958,0.5096,-179.99
780.680,1787815249823,0.3140,-8.9958,0.5096,-179.99
780.780,1787815249923,0.3144,-8.9958,0.5096,-179.99
780.880,1787815250024,0.3147,-8.9959,0.5096,-179.99
780.980,1787815250124,0.3151,-8.9959,0.5096,-179.99
781.080,1787815250224,0.3155,-8.9959,0.5096,-179.99
781.180,1787815250324,0.3159,-8.9960,0.5096,-179.99
781.280,1787815250424,0.3162,-8.9961,0.5096,-179.99
781.380,1787815250524,0.3165,-8.9961,0.5096,-179.99
781.481,1787815250624,0.3169,-8.9963,0.5096,-180.00
781.581,1787815250724,0.3172,-8.9963,0.5096,-180.00
781.681,1787815250824,0.3175,-8.9964,0.5096,-180.00
781.781,1787815250925,0.3178,-8.9964,0.5096,-180.00
781.881,1787815251025,0.3181,-8.9965,0.5096,-179.99
781.981,1787815251125,0.3185,-8.9966,0.5097,-179.99
782.081,1787815251225,0.3189,-8.9966,0.5097,-179.99
782.181,1787815251325,0.3192,-8.9967,0.5098,-179.99
782.281,1787815251425,0.3195,-8.9968,0.5098,-180.00
782.382,1787815251525,0.3198,-8.9969,0.5098,-180.00
782.482,1787815251625,0.3201,-8.9969,0.5098,-180.00
782.582,1787815251725,0.3205,-8.9969,0.5098,-179.99
782.682,1787815251826,0.3207,-8.9969,0.5098,-179.99
782.782,1787815251926,0.3209,-8.9970,0.5097,-179.99
782.882,1787815252026,0.3212,-8.9970,0.5097,-179.99
782.983,1787815252127,0.3215,-8.9970,0.5097,-179.99
783.084,1787815252227,0.3217,-8.9970,0.5097,-179.99
783.184,1787815252327,0.3219,-8.9970,0.5097,-179.99
783.284,1787815252428,0.3221,-8.9970,0.5097,-179.99
783.384,1787815252528,0.3224,-8.9971,0.5096,-180.00
783.484,1787815252628,0.3226,-8.9971,0.5096,-180.00
783.584,1787815252728,0.3228,-8.9971,0.5096,-180.00
783.684,1787815252828,0.3231,-8.9974,0.5095,-179.99
783.785,1787815252928,0.3234,-8.9987,0.5096,-179.99
783.885,1787815253028,0.3236,-9.0004,0.5097,-179.99
783.985,1787815253128,0.3236,-9.0006,0.5098,-179.99
784.085,1787815253228,0.3236,-8.9992,0.5099,-179.99
784.185,1787815253329,0.3234,-8.9944,0.5101,-179.99
784.285,1787815253429,0.3232,-8.9879,0.5103,-179.99
784.385,1787815253529,0.3229,-8.9771,0.5105,-179.99
784.485,1787815253629,0.3226,-8.9640,0.5106,-180.00
784.585,1787815253729,0.3222,-8.9468,0.5108,-180.00
784.685,1787815253829,0.3218,-8.9259,0.5109,-180.00
784.785,1787815253929,0.3214,-8.9024,0.5110,-180.00
784.886,1787815254030,0.3208,-8.8698,0.5110,-180.00
784.986,1787815254130,0.3204,-8.8389,0.5110,-180.00
785.086,1787815254230,0.3200,-8.8065,0.5111,-180.00
785.186,1787815254330,0.3195,-8.7672,0.5110,-180.00
785.286,1787815254430,0.3189,-8.7139,0.5110,-180.00
785.387,1787815254530,0.3185,-8.6672,0.5109,-180.00
785.487,1787815254630,0.3182,-8.6178,0.5108,-180.00
785.587,1787815254730,0.3178,-8.5636,0.5107,-180.00
785.687,1787815254830,0.3175,-8.5043,0.5106,-180.00
785.787,1787815254931,0.3173,-8.4455,0.5105,-180.00
785.887,1787815255031,0.3171,-8.3876,0.5103,-180.00
785.987,1787815255131,0.3170,-8.3340,0.5102,-180.00
786.087,1787815255231,0.3169,-8.2650,0.5101,-180.00
786.187,1787815255331,0.3169,-8.2006,0.5101,-180.00
786.287,1787815255431,0.3169,-8.1383,0.5100,-180.00
786.388,1787815255531,0.3169,-8.0785,0.5100,-180.00
786.488,1787815255631,0.3170,-8.0097,0.5099,-180.00
786.588,1787815255731,0.3171,-7.9648,0.5099,180.00
786.688,1787815255831,0.3173,-7.8929,0.5099,180.00
786.788,1787815255932,0.3175,-7.8389,0.5099,180.00
786.888,1787815256032,0.3176,-7.7816,0.5099,179.99
786.988,1787815256132,0.3179,-7.7002,0.5099,179.99
787.088,1787815256232,0.3182,-7.6307,0.5099,179.99
787.188,1787815256332,0.3184,-7.5825,0.5099,179.99
787.290,1787815256434,0.3186,-7.5345,0.5099,179.99
787.390,1787815256534,0.3187,-7.4958,0.5099,180.00
787.490,1787815256634,0.3190,-7.4429,0.5099,180.00
787.590,1787815256734,0.3192,-7.3901,0.5099,180.00
787.690,1787815256834,0.3195,-7.3313,0.5100,180.00
787.790,1787815256934,0.3198,-7.2688,0.5100,180.00
787.891,1787815257034,0.3201,-7.2058,0.5099,180.00
787.991,1787815257134,0.3203,-7.1458,0.5099,-180.00
788.091,1787815257235,0.3205,-7.0765,0.5099,-180.00
788.191,1787815257335,0.3207,-7.0189,0.5099,-180.00
788.291,1787815257435,0.3209,-6.9431,0.5098,-180.00
788.391,1787815257535,0.3211,-6.8764,0.5098,-180.00
788.491,1787815257635,0.3213,-6.8098,0.5097,-180.00
788.592,1787815257735,0.3214,-6.7344,0.5096,-180.00
788.692,1787815257836,0.3215,-6.6747,0.5096,-180.00
788.792,1787815257936,0.3216,-6.6153,0.5095,-180.00
788.892,1787815258036,0.3217,-6.5534,0.5095,-180.00
788.992,1787815258136,0.3218,-6.4831,0.5094,-179.99
789.092,1787815258236,0.3218,-6.4249,0.5094,-179.99
789.193,1787815258336,0.3218,-6.3645,0.5094,-179.99
789.293,1787815258436,0.3219,-6.2958,0.5094,-179.99
789.393,1787815258536,0.3218,-6.2389,0.5094,-179.99
789.493,1787815258637,0.3217,-6.1683,0.5093,-179.99
789.593,1787815258737,0.3217,-6.1206,0.5093,-179.99
789.693,1787815258837,0.3216,-6.0486,0.5093,-179.99
789.793,1787815258937,0.3215,-5.9963,0.5092,-180.00
789.893,1787815259037,0.3214,-5.9387,0.5092,-180.00
789.993,1787815259137,0.3212,-5.8676,0.5092,180.00
790.094,1787815259237,0.3211,-5.8240,0.5092,180.00
790.194,1787815259337,0.3210,-5.7698,0.5092,180.00
790.294,1787815259438,0.3209,-5.7158,0.5092,179.99
790.394,1787815259538,0.3208,-5.6513,0.5092,179.99
790.494,1787815259638,0.3207,-5.5947,0.5091,179.99
790.594,1787815259738,0.3206,-5.5380,0.5091,179.99
790.694,1787815259838,0.3205,-5.4839,0.5091,179.99
790.794,1787815259938,0.3204,-5.4324,0.5091,180.00
790.895,1787815260038,0.3204,-5.3673,0.5091,180.00
790.995,1787815260138,0.3204,-5.3103,0.5091,180.00
791.095,1787815260239,0.3203,-5.2533,0.5091,180.00
791.195,1787815260339,0.3203,-5.1961,0.5091,180.00
791.295,1787815260439,0.3203,-5.1306,0.5092,180.00
791.395,1787815260539,0.3204,-5.0704,0.5092,180.00
791.495,1787815260639,0.3204,-5.0128,0.5093,180.00
791.596,1787815260739,0.3204,-4.9554,0.5094,180.00
791.696,1787815260839,0.3205,-4.8870,0.5094,180.00
791.796,1787815260939,0.3205,-4.8323,0.5095,180.00
791.896,1787815261040,0.3206,-4.7777,0.5095,180.00
791.996,1787815261140,0.3207,-4.7232,0.5096,180.00
792.096,1787815261240,0.3208,-4.6551,0.5096,180.00
792.196,1787815261340,0.3209,-4.5978,0.5097,180.00
792.296,1787815261440,0.3210,-4.5375,0.5097,-180.00
792.396,1787815261540,0.3212,-4.4799,0.5097,180.00
792.497,1787815261640,0.3213,-4.4252,0.5097,180.00
792.597,1787815261740,0.3215,-4.3622,0.5098,180.00
792.697,1787815261840,0.3217,-4.2967,0.5098,180.00
792.797,1787815261941,0.3218,-4.2423,0.5098,180.00
792.897,1787815262041,0.3219,-4.1879,0.5099,180.00
792.997,1787815262141,0.3221,-4.1198,0.5099,180.00
793.097,1787815262241,0.3222,-4.0682,0.5100,180.00
793.197,1787815262341,0.3224,-4.0003,0.5101,180.00
793.297,1787815262441,0.3225,-3.9405,0.5101,180.00
793.398,1787815262541,0.3227,-3.8806,0.5102,180.00
793.498,1787815262641,0.3228,-3.8207,0.5102,180.00
793.598,1787815262741,0.3229,-3.7528,0.5102,180.00
793.698,1787815262841,0.3231,-3.6960,0.5102,-180.00
793.798,1787815262942,0.3232,-3.6344,0.5101,-180.00
793.898,1787815263042,0.3232,-3.5836,0.5101,-180.00
793.998,1787815263142,0.3233,-3.5276,0.5101,-180.00
794.099,1787815263242,0.3234,-3.4554,0.5100,180.00
794.199,1787815263342,0.3235,-3.3964,0.5100,180.00
794.299,1787815263443,0.3236,-3.3348,0.5099,180.00
794.399,1787815263543,0.3237,-3.2868,0.5099,180.00
794.499,1787815263643,0.3238,-3.2282,0.5099,180.00
794.599,1787815263743,0.3239,-3.1589,0.5099,180.00
794.699,1787815263843,0.3240,-3.0976,0.5098,180.00
794.799,1787815263943,0.3241,-3.0445,0.5098,180.00
794.899,1787815264043,0.3242,-2.9836,0.5098,180.00
795.000,1787815264143,0.3243,-2.9284,0.5098,180.00
795.100,1787815264243,0.3244,-2.8706,0.5098,180.00
795.200,1787815264343,0.3246,-2.8124,0.5098,-180.00
795.300,1787815264444,0.3247,-2.7487,0.5097,-180.00
795.400,1787815264544,0.3248,-2.6904,0.5097,-180.00
795.500,1787815264644,0.3249,-2.6346,0.5097,-180.00
795.600,1787815264744,0.3251,-2.5765,0.5096,-180.00
795.700,1787815264844,0.3252,-2.5209,0.5096,-180.00
795.800,1787815264944,0.3253,-2.4573,0.5096,-180.00
795.901,1787815265045,0.3254,-2.3937,0.5096,-180.00
796.001,1787815265145,0.3254,-2.3486,0.5096,-180.00
796.101,1787815265245,0.3255,-2.2822,0.5096,-180.00
796.201,1787815265345,0.3255,-2.2264,0.5095,-180.00
796.302,1787815265445,0.3256,-2.1680,0.5095,-180.00
796.402,1787815265545,0.3256,-2.1067,0.5095,-180.00
796.502,1787815265646,0.3256,-2.0480,0.5095,-180.00
796.602,1787815265746,0.3257,-1.9814,0.5095,180.00
796.702,1787815265846,0.3258,-1.9255,0.5095,180.00
796.802,1787815265946,0.3259,-1.8724,0.5095,180.00
796.902,1787815266046,0.3260,-1.8140,0.5095,180.00
797.002,1787815266146,0.3261,-1.7527,0.5095,180.00
797.103,1787815266246,0.3262,-1.6991,0.5095,180.00
797.203,1787815266346,0.3263,-1.6293,0.5095,180.00
797.303,1787815266447,0.3264,-1.5703,0.5095,-180.00
797.403,1787815266547,0.3265,-1.5058,0.5096,-180.00
797.503,1787815266647,0.3266,-1.4361,0.5096,-180.00
797.603,1787815266747,0.3267,-1.3800,0.5097,-180.00
797.703,1787815266847,0.3268,-1.3267,0.5097,-180.00
797.803,1787815266947,0.3269,-1.2629,0.5098,-180.00
797.903,1787815267047,0.3269,-1.2126,0.5098,-180.00
798.004,1787815267147,0.3270,-1.1626,0.5099,-180.00
798.104,1787815267247,0.3270,-1.1022,0.5099,-180.00
798.204,1787815267347,0.3271,-1.0443,0.5099,-180.00
798.304,1787815267447,0.3271,-0.9969,0.5100,180.00
798.404,1787815267548,0.3271,-0.9469,0.5100,180.00
798.504,1787815267648,0.3272,-0.8863,0.5100,180.00
798.604,1787815267748,0.3272,-0.8281,0.5100,180.00
798.704,1787815267848,0.3272,-0.7721,0.5100,180.00
798.804,1787815267948,0.3272,-0.7213,0.5100,180.00
798.904,1787815268048,0.3271,-0.6596,0.5100,180.00
799.004,1787815268148,0.3271,-0.6055,0.5100,179.99
799.105,1787815268248,0.3271,-0.5483,0.5100,179.99
799.205,1787815268348,0.3270,-0.4854,0.5100,179.99
799.305,1787815268448,0.3269,-0.4251,0.5100,179.99
799.405,1787815268549,0.3269,-0.3644,0.5100,179.99
799.505,1787815268649,0.3269,-0.3174,0.5099,179.99
799.605,1787815268749,0.3269,-0.3174,0.5099,179.99
799.705,1787815268849,0.3269,-0.3174,0.5099,179.99
799.806,1787815268949,0.3269,-0.3063,0.5099,179.99
799.906,1787815269050,0.3268,-0.2416,0.5100,180.00
800.006,1787815269150,0.3267,-0.2102,0.5101,180.00
800.106,1787815269250,0.3267,-0.1506,0.5103,180.00
800.206,1787815269350,0.3267,-0.0932,0.5104,180.00
800.307,1787815269450,0.3267,-0.0267,0.5103,180.00
800.407,1787815269550,0.3267,0.0424,0.5103,180.00
800.507,1787815269651,0.3268,0.1196,0.5102,180.00
800.607,1787815269751,0.3268,0.1652,0.5102,180.00
800.707,1787815269851,0.3269,0.2141,0.5102,180.00
800.807,1787815269951,0.3270,0.2666,0.5101,180.00
800.908,1787815270051,0.3270,0.3226,0.5102,180.00
801.008,1787815270151,0.3271,0.3993,0.5102,179.99
801.108,1787815270251,0.3272,0.4739,0.5102,179.99
801.209,1787815270352,0.3274,0.5564,0.5102,179.99
801.309,1787815270453,0.3275,0.6048,0.5102,179.99
801.409,1787815270553,0.3276,0.6769,0.5102,179.99
801.509,1787815270653,0.3276,0.7319,0.5102,179.99
801.609,1787815270753,0.3277,0.8038,0.5101,179.99
801.709,1787815270853,0.3278,0.8685,0.5101,179.99
801.809,1787815270953,0.3278,0.9399,0.5101,179.99
801.910,1787815271053,0.3279,1.0078,0.5101,179.99
802.010,1787815271153,0.3279,1.0721,0.5101,179.99
802.110,1787815271253,0.3279,1.1426,0.5100,179.99
802.210,1787815271353,0.3280,1.2293,0.5100,179.99
802.310,1787815271454,0.3280,1.2821,0.5100,179.99
802.410,1787815271554,0.3280,1.3343,0.5099,180.00
802.510,1787815271654,0.3280,1.3860,0.5099,180.00
802.610,1787815271754,0.3279,1.4434,0.5099,180.00
802.710,1787815271854,0.3279,1.4909,0.5098,180.00
802.810,1787815271954,0.3279,1.5350,0.5098,179.99
802.911,1787815272054,0.3279,1.5601,0.5098,179.99
803.011,1787815272154,0.3279,1.5882,0.5098,179.99
803.111,1787815272255,0.3278,1.6223,0.5098,179.99
803.211,1787815272355,0.3278,1.6592,0.5098,179.99
803.311,1787815272455,0.3278,1.7053,0.5098,179.99
803.411,1787815272555,0.3278,1.7458,0.5099,179.99
803.511,1787815272655,0.3278,1.7869,0.5099,179.99
803.611,1787815272755,0.3278,1.8189,0.5099,179.99
803.712,1787815272855,0.3277,1.8611,0.5100,179.99
803.812,1787815272955,0.3277,1.8807,0.5100,179.99
803.912,1787815273055,0.3277,1.9270,0.5101,180.00
804.012,1787815273156,0.3277,1.9638,0.5102,180.00
804.112,1787815273256,0.3277,2.0182,0.5103,180.00
804.212,1787815273356,0.3277,2.0565,0.5104,180.00
804.312,1787815273456,0.3276,2.0992,0.5104,180.00
804.412,1787815273556,0.3276,2.1501,0.5105,180.00
804.513,1787815273656,0.3276,2.2060,0.5105,180.00
804.613,1787815273756,0.3276,2.2670,0.5105,180.00
804.713,1787815273857,0.3276,2.3215,0.5105,180.00
804.813,1787815273957,0.3276,2.3691,0.5105,180.00
804.913,1787815274057,0.3276,2.4213,0.5104,180.00
805.013,1787815274157,0.3276,2.4782,0.5104,180.00
805.113,1787815274257,0.3276,2.5317,0.5104,180.00
805.214,1787815274357,0.3276,2.5943,0.5103,180.00
805.314,1787815274457,0.3276,2.6493,0.5103,180.00
805.414,1787815274557,0.3276,2.7092,0.5102,180.00
805.514,1787815274657,0.3276,2.7567,0.5102,180.00
805.614,1787815274758,0.3276,2.8351,0.5101,180.00
805.714,1787815274858,0.3276,2.8702,0.5101,180.00
805.814,1787815274958,0.3276,2.9410,0.5101,180.00
805.914,1787815275058,0.3276,3.0035,0.5100,180.00
806.014,1787815275158,0.3276,3.0708,0.5100,180.00
806.115,1787815275258,0.3276,3.1386,0.5100,180.00
806.215,1787815275358,0.3277,3.2159,0.5099,180.00
806.315,1787815275458,0.3277,3.2795,0.5099,180.00
806.415,1787815275559,0.3277,3.3388,0.5099,180.00
806.516,1787815275660,0.3277,3.4026,0.5099,180.00
806.616,1787815275760,0.3277,3.4526,0.5099,180.00
806.717,1787815275860,0.3277,3.5070,0.5099,180.00
806.817,1787815275960,0.3277,3.5792,0.5099,180.00
806.917,1787815276061,0.3277,3.6332,0.5099,180.00
807.017,1787815276161,0.3277,3.6917,0.5099,180.00
807.117,1787815276261,0.3277,3.7501,0.5099,180.00
807.218,1787815276361,0.3278,3.8398,0.5100,180.00
807.318,1787815276461,0.3278,3.9026,0.5100,180.00
807.418,1787815276561,0.3278,3.9610,0.5100,180.00
807.518,1787815276662,0.3279,4.0148,0.5100,180.00
807.618,1787815276762,0.3279,4.0773,0.5100,180.00
807.718,1787815276862,0.3279,4.1393,0.5100,180.00
807.818,1787815276962,0.3279,4.2098,0.5100,180.00
807.918,1787815277062,0.3279,4.2799,0.5100,-180.00
808.018,1787815277162,0.3280,4.3369,0.5099,-180.00
808.119,1787815277262,0.3280,4.4155,0.5099,-180.00
808.219,1787815277362,0.3281,4.4721,0.5099,-180.00
808.319,1787815277462,0.3281,4.5370,0.5099,-180.00
808.419,1787815277563,0.3281,4.6058,0.5099,-180.00
808.519,1787815277663,0.3282,4.6572,0.5099,-180.00
808.619,1787815277763,0.3282,4.7211,0.5099,-180.00
808.719,1787815277863,0.3283,4.7846,0.5098,-180.00
808.819,1787815277963,0.3284,4.8604,0.5098,-180.00
808.919,1787815278063,0.3284,4.9190,0.5099,180.00
809.020,1787815278163,0.3285,4.9734,0.5099,180.00
809.120,1787815278263,0.3285,5.0358,0.5099,180.00
809.220,1787815278364,0.3286,5.1020,0.5099,180.00
809.320,1787815278464,0.3286,5.1596,0.5099,179.99
809.420,1787815278564,0.3287,5.2294,0.5099,179.99
809.520,1787815278664,0.3287,5.2783,0.5099,179.99
809.620,1787815278764,0.3288,5.3471,0.5100,179.99
809.721,1787815278864,0.3289,5.3954,0.5100,179.99
809.821,1787815278964,0.3289,5.4436,0.5100,179.99
809.921,1787815279064,0.3290,5.5036,0.5100,179.99
810.021,1787815279165,0.3290,5.5595,0.5101,179.99
810.121,1787815279265,0.3291,5.6315,0.5101,179.99
810.221,1787815279365,0.3291,5.6834,0.5101,179.99
810.321,1787815279465,0.3292,5.7474,0.5101,179.99
810.421,1787815279565,0.3293,5.7992,0.5101,179.99
810.522,1787815279665,0.3293,5.8470,0.5101,179.99
810.622,1787815279765,0.3294,5.9107,0.5101,179.99
810.722,1787815279865,0.3295,5.9583,0.5101,179.99
810.822,1787815279966,0.3296,6.0259,0.5101,179.99
810.922,1787815280066,0.3296,6.0735,0.5101,179.99
811.022,1787815280166,0.3297,6.1411,0.5101,180.00
811.122,1787815280266,0.3298,6.1889,0.5101,180.00
811.222,1787815280366,0.3299,6.2406,0.5101,180.00
811.323,1787815280466,0.3299,6.2925,0.5101,180.00
811.423,1787815280566,0.3300,6.3445,0.5100,180.00
811.523,1787815280666,0.3301,6.3925,0.5100,-180.00
811.623,1787815280767,0.3302,6.4484,0.5100,-180.00
811.723,1787815280867,0.3303,6.5046,0.5099,-180.00
811.823,1787815280967,0.3305,6.5609,0.5099,-180.00
811.923,1787815281067,0.3306,6.6134,0.5098,-180.00
812.024,1787815281167,0.3307,6.6701,0.5098,-180.00
812.124,1787815281267,0.3308,6.7312,0.5098,-180.00
812.224,1787815281367,0.3309,6.7845,0.5097,-179.99
812.324,1787815281468,0.3310,6.8381,0.5097,-179.99
812.424,1787815281568,0.3312,6.8959,0.5096,-179.99
812.524,1787815281668,0.3313,6.9581,0.5096,-179.99
812.624,1787815281768,0.3314,7.0165,0.5095,-179.99
812.724,1787815281868,0.3315,7.0709,0.5095,-179.99
812.824,1787815281968,0.3316,7.1296,0.5095,-180.00
812.924,1787815282068,0.3317,7.1843,0.5094,-180.00
813.025,1787815282168,0.3318,7.2391,0.5094,-180.00
813.125,1787815282268,0.3319,7.3024,0.5094,-180.00
813.225,1787815282368,0.3320,7.3701,0.5094,-180.00
813.325,1787815282469,0.3320,7.4041,0.5094,-180.00
813.425,1787815282569,0.3321,7.4722,0.5094,180.00
813.525,1787815282669,0.3322,7.5062,0.5094,180.00
813.627,1787815282770,0.3323,7.5786,0.5094,180.00
813.727,1787815282871,0.3323,7.6427,0.5094,180.00
813.827,1787815282971,0.3324,7.6986,0.5095,180.00
813.927,1787815283071,0.3325,7.7634,0.5095,180.00
814.029,1787815283172,0.3325,7.8110,0.5095,180.00
814.129,1787815283273,0.3325,7.8586,0.5095,180.00
814.229,1787815283373,0.3326,7.9105,0.5095,180.00
814.329,1787815283473,0.3326,7.9717,0.5095,180.00
814.429,1787815283573,0.3326,8.0425,0.5095,180.00
814.530,1787815283673,0.3327,8.1049,0.5095,180.00
814.630,1787815283773,0.3327,8.1584,0.5095,180.00
814.730,1787815283873,0.3328,8.2202,0.5095,180.00
814.830,1787815283974,0.3328,8.2508,0.5095,180.00
814.930,1787815284074,0.3329,8.3067,0.5096,180.00
815.030,1787815284174,0.3329,8.3612,0.5096,179.99
815.131,1787815284274,0.3330,8.4263,0.5098,180.00
815.231,1787815284374,0.3330,8.4695,0.5098,180.00
815.331,1787815284474,0.3331,8.5265,0.5100,180.00
815.431,1787815284575,0.3332,8.5773,0.5101,180.00
815.531,1787815284675,0.3333,8.6293,0.5102,180.00
815.631,1787815284775,0.3333,8.6559,0.5103,180.00
815.731,1787815284875,0.3334,8.7097,0.5104,-180.00
815.832,1787815284975,0.3334,8.7511,0.5105,-180.00
815.932,1787815285075,0.3335,8.7926,0.5106,-180.00
816.032,1787815285175,0.3336,8.8236,0.5106,-180.00
816.132,1787815285276,0.3337,8.8687,0.5106,-179.99
816.232,1787815285376,0.3338,8.8946,0.5105,-179.99
816.333,1787815285476,0.3339,8.9244,0.5105,-179.99
816.433,1787815285577,0.3340,8.9495,0.5104,-179.99
816.533,1787815285677,0.3341,8.9691,0.5103,-179.99
816.633,1787815285777,0.3342,8.9912,0.5101,-179.99
816.733,1787815285877,0.3343,9.0105,0.5099,-179.99
816.833,1787815285977,0.3344,9.0220,0.5098,-179.99
816.933,1787815286077,0.3345,9.0371,0.5097,-179.98
817.034,1787815286177,0.3346,9.0499,0.5095,-179.98
817.134,1787815286277,0.3347,9.0605,0.5093,-179.98
817.234,1787815286378,0.3347,9.0664,0.5092,-179.98
817.334,1787815286478,0.3348,9.0737,0.5090,-179.98
817.434,1787815286578,0.3348,9.0791,0.5089,-179.98
817.538,1787815286682,0.3349,9.0822,0.5087,-179.98
817.638,1787815286782,0.3349,9.0841,0.5087,-179.98
817.738,1787815286882,0.3349,9.0858,0.5085,-179.99
817.838,1787815286982,0.3349,9.0860,0.5085,-179.99
817.943,1787815287087,0.3350,9.0854,0.5084,-179.99
818.043,1787815287187,0.3350,9.0842,0.5084,-179.99
818.143,1787815287287,0.3350,9.0818,0.5083,-179.99
818.244,1787815287387,0.3350,9.0783,0.5083,-179.99
818.344,1787815287488,0.3351,9.0758,0.5083,-179.99
818.444,1787815287588,0.3351,9.0714,0.5083,-179.99
818.544,1787815287688,0.3351,9.0686,0.5083,-180.00
818.644,1787815287788,0.3351,9.0642,0.5083,-180.00
818.745,1787815287888,0.3351,9.0591,0.5083,-180.00
818.845,1787815287988,0.3350,9.0535,0.5084,-180.00
818.945,1787815288088,0.3350,9.0504,0.5084,-180.00
819.045,1787815288189,0.3350,9.0444,0.5084,-180.00
819.145,1787815288289,0.3349,9.0380,0.5084,-180.00
819.246,1787815288390,0.3348,9.0316,0.5084,-180.00
819.346,1787815288490,0.3347,9.0256,0.5085,-180.00
819.446,1787815288590,0.3346,9.0209,0.5085,-180.00
819.546,1787815288690,0.3345,9.0147,0.5085,-179.99
819.647,1787815288790,0.3345,9.0106,0.5085,-179.99
819.747,1787815288890,0.3344,9.0059,0.5085,-179.99
819.849,1787815288993,0.3344,9.0024,0.5086,-179.99
819.949,1787815289093,0.3343,8.9987,0.5086,-179.99
820.049,1787815289193,0.3343,8.9941,0.5086,-179.99
820.149,1787815289293,0.3342,8.9895,0.5086,-179.98
820.250,1787815289393,0.3341,8.9871,0.5086,-179.98
820.350,1787815289493,0.3340,8.9840,0.5087,-179.98
820.450,1787815289593,0.3339,8.9795,0.5087,-179.98
820.550,1787815289694,0.3338,8.9756,0.5087,-179.98
820.650,1787815289794,0.3337,8.9735,0.5087,-179.98
820.750,1787815289894,0.3336,8.9707,0.5087,-179.98
820.850,1787815289994,0.3335,8.9681,0.5088,-179.98
820.950,1787815290094,0.3334,8.9652,0.5088,-179.98
821.051,1787815290194,0.3333,8.9632,0.5088,-179.98
821.151,1787815290294,0.3332,8.9608,0.5088,-179.98
821.251,1787815290394,0.3331,8.9592,0.5089,-179.98
821.351,1787815290495,0.3330,8.9573,0.5089,-179.98
821.451,1787815290595,0.3329,8.9557,0.5089,-179.98
821.551,1787815290695,0.3328,8.9546,0.5089,-179.98
821.651,1787815290795,0.3327,8.9534,0.5089,-179.99
821.751,1787815290895,0.3326,8.9524,0.5090,-179.99
821.852,1787815290995,0.3325,8.9516,0.5090,-179.99
821.952,1787815291095,0.3324,8.9510,0.5090,-179.99
822.052,1787815291195,0.3323,8.9505,0.5091,-179.99
822.152,1787815291296,0.3322,8.9502,0.5091,-179.99
822.252,1787815291396,0.3322,8.9500,0.5091,-180.00
822.352,1787815291496,0.3321,8.9499,0.5091,-180.00
822.452,1787815291596,0.3321,8.9498,0.5092,-180.00
822.552,1787815291696,0.3321,8.9499,0.5092,-180.00
822.653,1787815291796,0.3320,8.9500,0.5093,-180.00
822.753,1787815291896,0.3320,8.9502,0.5093,-179.99
822.853,1787815291996,0.3320,8.9503,0.5093,-179.99
822.953,1787815292097,0.3320,8.9506,0.5093,-179.99
823.053,1787815292197,0.3320,8.9509,0.5094,-179.99
823.153,1787815292297,0.3320,8.9513,0.5094,-179.99
823.254,1787815292398,0.3320,8.9516,0.5094,-179.99
823.354,1787815292498,0.3319,8.9521,0.5094,-179.99
823.454,1787815292598,0.3319,8.9524,0.5094,-179.99
823.554,1787815292698,0.3319,8.9529,0.5094,-179.99
823.654,1787815292798,0.3319,8.9534,0.5094,-179.99
823.755,1787815292898,0.3319,8.9540,0.5094,-179.99
823.855,1787815292999,0.3319,8.9545,0.5094,-179.99
823.955,1787815293099,0.3319,8.9551,0.5094,-179.99
824.055,1787815293199,0.3319,8.9559,0.5094,-179.99
824.155,1787815293299,0.3318,8.9564,0.5094,-179.99
824.255,1787815293399,0.3319,8.9572,0.5094,-179.99
824.355,1787815293499,0.3319,8.9579,0.5094,-179.99
824.456,1787815293599,0.3318,8.9587,0.5094,-179.99
824.556,1787815293699,0.3318,8.9592,0.5093,-179.99
824.656,1787815293799,0.3318,8.9599,0.5093,-179.99
824.756,1787815293900,0.3318,8.9608,0.5093,-179.99
824.856,1787815294000,0.3318,8.9614,0.5093,-179.99
824.956,1787815294100,0.3318,8.9622,0.5093,-179.99
825.056,1787815294200,0.3318,8.9628,0.5093,-179.99
825.157,1787815294300,0.3318,8.9635,0.5093,-179.99
825.257,1787815294400,0.3317,8.9640,0.5094,-179.99
825.358,1787815294501,0.3317,8.9645,0.5094,-179.99
825.458,1787815294601,0.3317,8.9652,0.5095,-179.99
825.558,1787815294701,0.3317,8.9657,0.5096,-179.99
825.658,1787815294802,0.3317,8.9667,0.5104,-179.99
825.758,1787815294902,0.3317,8.9674,0.5118,-179.99
825.858,1787815295002,0.3317,8.9678,0.5145,-179.99
825.958,1787815295102,0.3317,8.9677,0.5172,-179.99
826.058,1787815295202,0.3318,8.9673,0.5217,-179.99
826.158,1787815295302,0.3318,8.9668,0.5266,-179.99
826.259,1787815295402,0.3318,8.9661,0.5317,-179.99
826.359,1787815295502,0.3318,8.9653,0.5379,-179.99
826.459,1787815295603,0.3318,8.9647,0.5429,-179.99
826.559,1787815295703,0.3318,8.9635,0.5512,-179.99
826.659,1787815295803,0.3318,8.9625,0.5593,-179.99
826.759,1787815295903,0.3318,8.9612,0.5692,-179.99
826.859,1787815296003,0.3318,8.9597,0.5802,-179.99
826.959,1787815296103,0.3318,8.9586,0.5892,-179.99
827.060,1787815296203,0.3318,8.9575,0.5985,-179.99
827.160,1787815296303,0.3318,8.9564,0.6080,-179.99
827.260,1787815296403,0.3319,8.9551,0.6193,-179.99
827.360,1787815296504,0.3319,8.9538,0.6309,-179.99
827.460,1787815296604,0.3319,8.9530,0.6391,-179.99
827.560,1787815296704,0.3319,8.9519,0.6513,-179.99
827.661,1787815296804,0.3319,8.9508,0.6654,-179.99
827.761,1787815296904,0.3318,8.9501,0.6750,-179.99
827.861,1787815297004,0.3318,8.9491,0.6896,-179.99
827.961,1787815297105,0.3318,8.9487,0.6978,-179.99
828.061,1787815297205,0.3318,8.9480,0.7119,-179.99
828.161,1787815297305,0.3317,8.9476,0.7212,-179.99
828.261,1787815297405,0.3317,8.9471,0.7349,-179.99
828.361,1787815297505,0.3316,8.9467,0.7488,-179.99
828.461,1787815297605,0.3316,8.9465,0.7585,-179.99
828.562,1787815297705,0.3316,8.9464,0.7736,-179.99
828.662,1787815297805,0.3315,8.9464,0.7871,-179.99
828.762,1787815297905,0.3315,8.9464,0.8007,-179.99
828.862,1787815298006,0.3314,8.9466,0.8143,-179.99
828.962,1787815298106,0.3314,8.9467,0.8272,-179.99
829.062,1787815298206,0.3313,8.9470,0.8428,-179.99
829.162,1787815298306,0.3313,8.9473,0.8547,-179.99
829.263,1787815298406,0.3312,8.9478,0.8695,-179.99
829.363,1787815298506,0.3312,8.9481,0.8797,-179.99
829.463,1787815298607,0.3312,8.9486,0.8947,-179.99
829.563,1787815298707,0.3312,8.9491,0.9089,-179.98
829.663,1787815298807,0.3312,8.9497,0.9231,-179.98
829.763,1787815298907,0.3312,8.9503,0.9364,-179.98
829.863,1787815299007,0.3311,8.9509,0.9507,-179.98
829.964,1787815299107,0.3312,8.9518,0.9678,-179.98
830.064,1787815299207,0.3312,8.9526,0.9839,-179.98
830.164,1787815299307,0.3312,8.9531,0.9943,-179.98
830.264,1787815299408,0.3312,8.9539,1.0094,-179.98
830.364,1787815299508,0.3312,8.9545,1.0208,-179.99
830.464,1787815299608,0.3312,8.9552,1.0352,-179.99
830.564,1787815299708,0.3312,8.9559,1.0485,-179.99
830.664,1787815299808,0.3312,8.9566,1.0610,-179.99
830.764,1787815299908,0.3312,8.9574,1.0754,-179.99
830.865,1787815300008,0.3312,8.9581,1.0899,-179.99
830.965,1787815300108,0.3312,8.9589,1.1045,-179.99
831.065,1787815300209,0.3312,8.9594,1.1152,-179.99
831.165,1787815300309,0.3313,8.9602,1.1309,-179.99
831.265,1787815300409,0.3313,8.9607,1.1407,-179.99
831.366,1787815300509,0.3313,8.9613,1.1535,-179.99
831.466,1787815300609,0.3313,8.9618,1.1635,-179.99
831.566,1787815300710,0.3313,8.9624,1.1765,-179.99
831.666,1787815300810,0.3313,8.9629,1.1856,-179.99
831.766,1787815300910,0.3313,8.9636,1.2010,-179.99
831.866,1787815301010,0.3313,8.9640,1.2114,-179.99
831.966,1787815301110,0.3314,8.9647,1.2262,-179.99
832.067,1787815301210,0.3314,8.9652,1.2378,-179.99
832.167,1787815301310,0.3314,8.9658,1.2518,-179.99
832.267,1787815301411,0.3314,8.9661,1.2593,-179.99
832.367,1787815301511,0.3315,8.9667,1.2724,-179.99
832.467,1787815301611,0.3315,8.9672,1.2867,-179.99
832.567,1787815301711,0.3315,8.9678,1.3001,-179.99
832.668,1787815301811,0.3315,8.9684,1.3158,-179.99
832.768,1787815301911,0.3316,8.9689,1.3283,-179.99
832.868,1787815302012,0.3316,8.9696,1.3464,-179.99
832.968,1787815302112,0.3317,8.9702,1.3635,-180.00
833.068,1787815302212,0.3317,8.9708,1.3804,-180.00
833.168,1787815302312,0.3318,8.9715,1.3972,-180.00
833.268,1787815302412,0.3318,8.9719,1.4106,-180.00
833.369,1787815302512,0.3319,8.9725,1.4240,-180.00
833.469,1787815302612,0.3319,8.9730,1.4373,-180.00
833.569,1787815302713,0.3320,8.9736,1.4528,-180.00
833.669,1787815302813,0.3320,8.9742,1.4684,-180.00
833.769,1787815302913,0.3321,8.9748,1.4840,-180.00
833.869,1787815303013,0.3321,8.9752,1.4961,-180.00
833.970,1787815303113,0.3322,8.9757,1.5083,-180.00
834.070,1787815303213,0.3323,8.9762,1.5227,-180.00
834.170,1787815303313,0.3323,8.9769,1.5405,-180.00
834.270,1787815303414,0.3324,8.9774,1.5561,-180.00
834.370,1787815303514,0.3325,8.9779,1.5673,-180.00
834.470,1787815303614,0.3326,8.9785,1.5851,-180.00
834.570,1787815303714,0.3327,8.9790,1.5973,-180.00
834.671,1787815303814,0.3328,8.9796,1.6162,-180.00
834.771,1787815303914,0.3328,8.9800,1.6262,-180.00
834.871,1787815304014,0.3329,8.9805,1.6427,-180.00
834.971,1787815304114,0.3329,8.9809,1.6549,-180.00
835.071,1787815304215,0.3330,8.9816,1.6737,-180.00
835.171,1787815304315,0.3331,8.9822,1.6936,-180.00
835.272,1787815304415,0.3331,8.9826,1.7068,-180.00
835.372,1787815304515,0.3332,8.9831,1.7221,-180.00
835.472,1787815304615,0.3332,8.9836,1.7362,-180.00
835.572,1787815304716,0.3332,8.9839,1.7481,-180.00
835.672,1787815304816,0.3332,8.9844,1.7643,-180.00
835.772,1787815304916,0.3333,8.9849,1.7816,-180.00
835.872,1787815305016,0.3333,8.9853,1.7925,-180.00
835.972,1787815305116,0.3334,8.9859,1.8130,-179.99
836.073,1787815305216,0.3334,8.9863,1.8248,-179.99
836.173,1787815305316,0.3334,8.9866,1.8366,-179.99
836.273,1787815305416,0.3334,8.9871,1.8528,-179.99
836.373,1787815305517,0.3334,8.9876,1.8700,-179.99
836.473,1787815305617,0.3334,8.9879,1.8829,-179.99
836.573,1787815305717,0.3334,8.9883,1.8968,-179.99
836.673,1787815305817,0.3334,8.9887,1.9086,-179.99
836.773,1787815305917,0.3333,8.9891,1.9237,-179.99
836.874,1787815306017,0.3333,8.9896,1.9420,-179.99
836.974,1787815306117,0.3332,8.9900,1.9571,-179.99
837.074,1787815306218,0.3332,8.9905,1.9762,-179.99
837.174,1787815306318,0.3331,8.9911,1.9935,-179.99
837.274,1787815306418,0.3331,8.9915,2.0071,-180.00
837.374,1787815306518,0.3331,8.9919,2.0208,-180.00
837.474,1787815306618,0.3330,8.9924,2.0345,-180.00
837.574,1787815306718,0.3330,8.9928,2.0441,-180.00
837.674,1787815306818,0.3330,8.9933,2.0561,-180.00
837.775,1787815306918,0.3330,8.9937,2.0664,-180.00
837.875,1787815307018,0.3329,8.9943,2.0778,-180.00
837.975,1787815307119,0.3329,8.9946,2.0843,-180.00
838.075,1787815307219,0.3328,8.9950,2.0930,-180.00
838.175,1787815307319,0.3327,8.9954,2.1010,-180.00
838.276,1787815307419,0.3326,8.9957,2.1070,-180.00
838.376,1787815307520,0.3326,8.9961,2.1138,-180.00
838.476,1787815307620,0.3325,8.9964,2.1196,-180.00
838.576,1787815307720,0.3324,8.9967,2.1250,-180.00
838.677,1787815307820,0.3323,8.9969,2.1300,180.00
838.777,1787815307920,0.3322,8.9972,2.1343,180.00
838.877,1787815308021,0.3320,8.9974,2.1391,180.00
838.977,1787815308121,0.3320,8.9975,2.1412,180.00
839.077,1787815308221,0.3318,8.9978,2.1453,180.00
839.177,1787815308321,0.3317,8.9979,2.1476,180.00
839.278,1787815308421,0.3316,8.9981,2.1513,179.99
839.378,1787815308522,0.3315,8.9982,2.1538,179.99
839.478,1787815308622,0.3314,8.9983,2.1561,180.00
839.578,1787815308722,0.3313,8.9985,2.1586,180.00
839.678,1787815308822,0.3312,8.9985,2.1609,180.00
839.779,1787815308922,0.3311,8.9986,2.1636,180.00
839.879,1787815309022,0.3309,8.9987,2.1656,180.00
839.979,1787815309122,0.3308,8.9989,2.1675,180.00
840.079,1787815309223,0.3307,8.9989,2.1687,-180.00
840.179,1787815309323,0.3306,8.9990,2.1707,-180.00
840.279,1787815309423,0.3305,8.9991,2.1722,-180.00
840.380,1787815309524,0.3305,8.9992,2.1739,-180.00
840.480,1787815309624,0.3304,8.9993,2.1756,-180.00
840.580,1787815309724,0.3303,8.9993,2.1767,-180.00
840.681,1787815309824,0.3302,8.9994,2.1784,-180.00
840.781,1787815309924,0.3302,8.9995,2.1795,-180.00
840.881,1787815310025,0.3301,8.9995,2.1806,-180.00
840.981,1787815310125,0.3300,8.9996,2.1818,-179.99
841.081,1787815310225,0.3299,8.9996,2.1828,-179.99
841.181,1787815310325,0.3299,8.9997,2.1840,-180.00
841.281,1787815310425,0.3299,8.9997,2.1851,-180.00
841.382,1787815310525,0.3299,8.9998,2.1861,-180.00
841.482,1787815310625,0.3299,8.9998,2.1869,-180.00
841.582,1787815310726,0.3299,8.9998,2.1879,-180.00
841.682,1787815310826,0.3300,8.9999,2.1889,-180.00
841.782,1787815310926,0.3300,8.9999,2.1894,-180.00
841.882,1787815311026,0.3301,9.0000,2.1902,-180.00
841.982,1787815311126,0.3301,9.0000,2.1906,-180.00
842.083,1787815311226,0.3301,9.0001,2.1913,-180.00
842.183,1787815311326,0.3301,9.0001,2.1918,-180.00
842.283,1787815311426,0.3302,9.0002,2.1925,-180.00
842.383,1787815311527,0.3302,9.0002,2.1930,-180.00
842.483,1787815311627,0.3303,9.0003,2.1937,-180.00
842.583,1787815311727,0.3304,9.0003,2.1942,-180.00
842.683,1787815311827,0.3305,9.0004,2.1949,-180.00
842.783,1787815311927,0.3305,9.0005,2.1955,-180.00
842.883,1787815312027,0.3306,9.0005,2.1960,-180.00
842.984,1787815312127,0.3306,9.0006,2.1965,-180.00
843.084,1787815312227,0.3307,9.0006,2.1969,-180.00
843.184,1787815312328,0.3308,9.0006,2.1973,-179.99
843.284,1787815312428,0.3308,9.0007,2.1977,-179.99
843.384,1787815312528,0.3309,9.0007,2.1982,-179.99
843.484,1787815312628,0.3310,9.0008,2.1986,-179.99
843.584,1787815312728,0.3310,9.0009,2.1991,-179.99
843.684,1787815312828,0.3311,9.0010,2.1995,-179.99
843.784,1787815312928,0.3311,9.0010,2.1998,-179.99
843.885,1787815313028,0.3312,9.0011,2.2003,-179.99
843.985,1787815313128,0.3312,9.0012,2.2006,-179.99
844.085,1787815313228,0.3312,9.0013,2.2009,-179.99
844.185,1787815313329,0.3312,9.0013,2.2012,-179.99
844.285,1787815313429,0.3312,9.0014,2.2014,-179.99
844.385,1787815313529,0.3312,9.0014,2.2016,-179.99
844.485,1787815313629,0.3313,9.0015,2.2019,-179.99
844.586,1787815313729,0.3313,9.0016,2.2022,-179.99
844.686,1787815313829,0.3313,9.0017,2.2024,-179.99
844.786,1787815313929,0.3313,9.0018,2.2027,-179.99
844.886,1787815314030,0.3313,9.0018,2.2029,-179.99
844.986,1787815314130,0.3313,9.0019,2.2031,-179.99
845.086,1787815314230,0.3313,9.0020,2.2032,-179.99
845.186,1787815314330,0.3313,9.0021,2.2035,-179.99
845.286,1787815314430,0.3313,9.0021,2.2037,-179.99
845.387,1787815314530,0.3313,9.0022,2.2039,-179.99
845.487,1787815314630,0.3313,9.0023,2.2041,-179.99
845.587,1787815314731,0.3313,9.0024,2.2043,-179.99
845.687,1787815314831,0.3313,9.0025,2.2045,-179.99
845.787,1787815314931,0.3312,9.0026,2.2046,-179.99
845.887,1787815315031,0.3312,9.0027,2.2048,-179.99
845.988,1787815315131,0.3312,9.0027,2.2050,-179.99
846.088,1787815315231,0.3312,9.0028,2.2052,-179.99
846.188,1787815315332,0.3312,9.0029,2.2053,-179.99
846.288,1787815315432,0.3312,9.0030,2.2054,-179.99
846.389,1787815315532,0.3312,9.0031,2.2056,-179.99
846.489,1787815315632,0.3312,9.0032,2.2057,-179.99
846.589,1787815315732,0.3313,9.0032,2.2058,-179.99
846.689,1787815315833,0.3313,9.0033,2.2060,-179.99
846.790,1787815315934,0.3313,9.0039,2.2061,-179.99
846.890,1787815316034,0.3313,9.0051,2.2062,-179.99
846.991,1787815316134,0.3314,9.0069,2.2062,-179.99
847.091,1787815316234,0.3314,9.0080,2.2063,-179.99
847.191,1787815316334,0.3315,9.0082,2.2063,-179.99
847.291,1787815316435,0.3315,9.0072,2.2064,-179.99
847.391,1787815316535,0.3316,9.0039,2.2065,-179.99
847.491,1787815316635,0.3317,8.9992,2.2066,-179.99
847.591,1787815316735,0.3317,8.9945,2.2066,-179.99
847.691,1787815316835,0.3317,8.9870,2.2067,-179.99
847.792,1787815316935,0.3318,8.9784,2.2069,-179.99
847.892,1787815317035,0.3318,8.9653,2.2070,-179.99
847.992,1787815317135,0.3319,8.9535,2.2071,-179.99
848.092,1787815317235,0.3319,8.9377,2.2073,-179.99
848.192,1787815317336,0.3320,8.9208,2.2074,-179.99
848.292,1787815317436,0.3320,8.8954,2.2075,-179.99
848.392,1787815317536,0.3320,8.8716,2.2075,-179.99
848.493,1787815317636,0.3320,8.8472,2.2075,-179.99
848.593,1787815317736,0.3321,8.8250,2.2075,-179.99
848.693,1787815317837,0.3320,8.8057,2.2075,-179.99
848.793,1787815317937,0.3320,8.7809,2.2075,-179.99
848.893,1787815318037,0.3320,8.7523,2.2075,-179.98
848.993,1787815318137,0.3320,8.7375,2.2075,-179.98
849.093,1787815318237,0.3320,8.7011,2.2076,-179.98
849.196,1787815318340,0.3320,8.6737,2.2076,-179.98
849.296,1787815318440,0.3320,8.6420,2.2076,-179.98
849.396,1787815318540,0.3320,8.6086,2.2076,-179.98
849.496,1787815318640,0.3319,8.5769,2.2076,-179.98
849.597,1787815318740,0.3318,8.5164,2.2075,-179.98
849.697,1787815318840,0.3318,8.4590,2.2074,-179.98
849.797,1787815318941,0.3317,8.4214,2.2073,-179.98
849.897,1787815319041,0.3317,8.3747,2.2071,-179.98
849.998,1787815319141,0.3316,8.3347,2.2069,-179.98
850.098,1787815319241,0.3316,8.2855,2.2068,-179.97
850.198,1787815319341,0.3315,8.2266,2.2066,-179.97
850.298,1787815319442,0.3314,8.1834,2.2065,-179.97
850.398,1787815319542,0.3314,8.1126,2.2063,-179.97
850.498,1787815319642,0.3313,8.0765,2.2062,-179.97
850.598,1787815319742,0.3312,8.0074,2.2060,-179.97
850.698,1787815319842,0.3312,7.9605,2.2059,-179.97
850.799,1787815319942,0.3311,7.8937,2.2057,-179.97
850.899,1787815320042,0.3310,7.8208,2.2056,-179.97
850.999,1787815320143,0.3309,7.7467,2.2054,-179.97
851.099,1787815320243,0.3308,7.6816,2.2053,-179.97
851.199,1787815320343,0.3307,7.6107,2.2051,-179.97
851.299,1787815320443,0.3306,7.5187,2.2050,-179.97
851.399,1787815320543,0.3304,7.4467,2.2049,-179.97
851.499,1787815320643,0.3303,7.3642,2.2048,-179.97
851.600,1787815320743,0.3302,7.3073,2.2048,-179.97
851.700,1787815320843,0.3301,7.2352,2.2047,-179.97
851.800,1787815320944,0.3299,7.1428,2.2047,-179.97
851.900,1787815321044,0.3298,7.0815,2.2047,-179.97
852.000,1787815321144,0.3296,6.9950,2.2047,-179.97
852.100,1787815321244,0.3296,6.9445,2.2047,-179.97
852.200,1787815321344,0.3294,6.8642,2.2047,-179.97
852.300,1787815321444,0.3293,6.7993,2.2047,-179.97
852.401,1787815321544,0.3292,6.7252,2.2048,-179.97
852.501,1787815321644,0.3290,6.6664,2.2048,-179.97
852.601,1787815321744,0.3289,6.6033,2.2048,-179.98
852.701,1787815321845,0.3287,6.5120,2.2049,-179.98
852.801,1787815321945,0.3285,6.4453,2.2049,-179.98
852.901,1787815322045,0.3283,6.3697,2.2049,-179.98
853.001,1787815322145,0.3281,6.2994,2.2050,-179.98
853.101,1787815322245,0.3279,6.2344,2.2050,-179.98
853.201,1787815322345,0.3277,6.1611,2.2050,-179.98
853.302,1787815322445,0.3275,6.1022,2.2051,-179.98
853.402,1787815322545,0.3274,6.0350,2.2051,-179.98
853.502,1787815322645,0.3272,5.9686,2.2051,-179.98
853.602,1787815322746,0.3270,5.8984,2.2052,-179.98
853.702,1787815322846,0.3267,5.8204,2.2052,-179.99
853.802,1787815322946,0.3265,5.7559,2.2053,-179.99
853.902,1787815323046,0.3264,5.7006,2.2053,-179.99
854.002,1787815323146,0.3262,5.6331,2.2053,-179.99
854.102,1787815323246,0.3260,5.5747,2.2054,-179.99
854.203,1787815323347,0.3259,5.5127,2.2054,-179.99
854.303,1787815323447,0.3258,5.4841,2.2054,-179.99
854.403,1787815323547,0.3255,5.4151,2.2054,-179.99
854.503,1787815323647,0.3254,5.3709,2.2054,-179.99
854.604,1787815323747,0.3252,5.3070,2.2055,-179.99
854.704,1787815323848,0.3251,5.2513,2.2055,-179.99
854.804,1787815323948,0.3249,5.1997,2.2055,-179.99
854.904,1787815324048,0.3248,5.1640,2.2056,-179.99
855.004,1787815324148,0.3246,5.0966,2.2056,-179.99
855.104,1787815324248,0.3245,5.0331,2.2057,-179.99
855.205,1787815324348,0.3243,4.9654,2.2057,-180.00
855.305,1787815324449,0.3241,4.9015,2.2058,-180.00
855.405,1787815324549,0.3240,4.8615,2.2058,-180.00
855.505,1787815324649,0.3238,4.7936,2.2059,-180.00
855.606,1787815324749,0.3236,4.7298,2.2059,-180.00
855.706,1787815324849,0.3234,4.6659,2.2059,-180.00
855.806,1787815324949,0.3233,4.6100,2.2060,-179.99
855.906,1787815325050,0.3231,4.5540,2.2060,-179.99
856.006,1787815325150,0.3230,4.5020,2.2060,-179.99
856.106,1787815325250,0.3228,4.4381,2.2060,-179.99
856.206,1787815325350,0.3226,4.3784,2.2060,-179.99
856.306,1787815325450,0.3224,4.3067,2.2061,-179.99
856.407,1787815325550,0.3222,4.2549,2.2061,-179.99
856.507,1787815325650,0.3221,4.1991,2.2061,-179.99
856.607,1787815325750,0.3219,4.1235,2.2061,-179.99
856.707,1787815325851,0.3217,4.0718,2.2062,-180.00
856.807,1787815325951,0.3215,4.0161,2.2062,-180.00
856.907,1787815326051,0.3214,3.9644,2.2062,-180.00
857.007,1787815326151,0.3212,3.9010,2.2062,-180.00
857.107,1787815326251,0.3210,3.8456,2.2062,-180.00
857.208,1787815326351,0.3208,3.7862,2.2063,-180.00
857.308,1787815326451,0.3206,3.7189,2.2063,-180.00
857.408,1787815326552,0.3205,3.6794,2.2063,-180.00
857.508,1787815326652,0.3203,3.6282,2.2064,-180.00
857.608,1787815326752,0.3202,3.5810,2.2064,-180.00
857.708,1787815326852,0.3200,3.5143,2.2065,-180.00
857.808,1787815326952,0.3198,3.4709,2.2065,-180.00
857.909,1787815327052,0.3196,3.4040,2.2066,-180.00
858.009,1787815327152,0.3194,3.3407,2.2066,-180.00
858.109,1787815327252,0.3192,3.2851,2.2067,-180.00
858.210,1787815327354,0.3190,3.2172,2.2067,-180.00
858.311,1787815327455,0.3188,3.1492,2.2068,-180.00
858.411,1787815327555,0.3187,3.1012,2.2069,-180.00
858.511,1787815327655,0.3185,3.0413,2.2069,-180.00
858.611,1787815327755,0.3183,2.9855,2.2070,-180.00
858.711,1787815327855,0.3181,2.9138,2.2071,-180.00
858.812,1787815327955,0.3179,2.8619,2.2071,-180.00
858.912,1787815328055,0.3177,2.8021,2.2072,-180.00
859.012,1787815328156,0.3176,2.7301,2.2073,-180.00
859.112,1787815328256,0.3175,2.6941,2.2073,-180.00
859.212,1787815328356,0.3174,2.6302,2.2073,-180.00
859.312,1787815328456,0.3173,2.5823,2.2073,-180.00
859.412,1787815328556,0.3172,2.5186,2.2074,-180.00
859.513,1787815328656,0.3171,2.4628,2.2074,-180.00
859.613,1787815328756,0.3171,2.3991,2.2074,-180.00
859.713,1787815328856,0.3170,2.3432,2.2074,-180.00
859.813,1787815328957,0.3170,2.2872,2.2073,-180.00
859.913,1787815329057,0.3169,2.2192,2.2073,-180.00
860.013,1787815329157,0.3169,2.1752,2.2073,-180.00
860.113,1787815329257,0.3169,2.1073,2.2073,-180.00
860.213,1787815329357,0.3169,2.0394,2.2073,-180.00
860.313,1787815329457,0.3169,1.9833,2.2073,-180.00
860.414,1787815329557,0.3169,1.9192,2.2073,-180.00
860.514,1787815329657,0.3169,1.8631,2.2073,-180.00
860.614,1787815329758,0.3170,1.7991,2.2073,180.00
860.714,1787815329858,0.3170,1.7351,2.2073,180.00
860.814,1787815329958,0.3170,1.6872,2.2073,180.00
860.914,1787815330058,0.3170,1.6155,2.2073,180.00
861.015,1787815330158,0.3170,1.5558,2.2073,180.00
861.115,1787815330258,0.3171,1.5002,2.2073,180.00
861.215,1787815330359,0.3171,1.4326,2.2073,180.00
861.315,1787815330459,0.3171,1.3969,2.2073,179.99
861.415,1787815330559,0.3172,1.3255,2.2073,179.99
861.515,1787815330659,0.3172,1.2820,2.2073,179.99
861.615,1787815330759,0.3172,1.2229,2.2074,179.99
861.716,1787815330859,0.3173,1.1717,2.2074,179.99
861.816,1787815330959,0.3173,1.1048,2.2074,179.99
861.916,1787815331059,0.3173,1.0375,2.2075,180.00
862.016,1787815331160,0.3173,0.9820,2.2075,180.00
862.116,1787815331260,0.3173,0.9104,2.2075,180.00
862.216,1787815331360,0.3173,0.8427,2.2076,180.00
862.317,1787815331460,0.3173,0.7790,2.2076,179.99
862.417,1787815331561,0.3173,0.7193,2.2076,179.99
862.517,1787815331661,0.3172,0.6598,2.2076,179.99
862.617,1787815331761,0.3172,0.6044,2.2077,179.99
862.717,1787815331861,0.3171,0.5452,2.2077,179.99
862.817,1787815331961,0.3170,0.5020,2.2077,179.99
862.918,1787815332062,0.3169,0.4354,2.2077,179.99
863.018,1787815332162,0.3168,0.3728,2.2077,179.99
863.118,1787815332262,0.3167,0.3141,2.2077,179.99
863.218,1787815332362,0.3166,0.2554,2.2077,179.99
863.319,1787815332462,0.3164,0.2046,2.2077,179.99
863.419,1787815332562,0.3163,0.1421,2.2077,179.99
863.519,1787815332662,0.3161,0.0875,2.2077,179.99
863.620,1787815332763,0.3160,0.0329,2.2077,179.99
863.720,1787815332864,0.3158,-0.0256,2.2077,179.99
863.820,1787815332964,0.3156,-0.0879,2.2077,179.99
863.920,1787815333064,0.3154,-0.1503,2.2077,179.99
864.020,1787815333164,0.3152,-0.2051,2.2077,179.99
864.120,1787815333264,0.3150,-0.2599,2.2077,179.99
864.221,1787815333365,0.3147,-0.3304,2.2077,179.99
864.321,1787815333465,0.3146,-0.3696,2.2077,179.99
864.421,1787815333565,0.3143,-0.4440,2.2077,179.99
864.521,1787815333665,0.3142,-0.4754,2.2077,179.99
864.622,1787815333765,0.3140,-0.5379,2.2077,179.99
864.722,1787815333865,0.3138,-0.5847,2.2077,179.99
864.822,1787815333965,0.3136,-0.6628,2.2077,179.99
864.922,1787815334066,0.3134,-0.7217,2.2077,179.99
865.022,1787815334166,0.3132,-0.7771,2.2078,179.99
865.122,1787815334266,0.3130,-0.8445,2.2078,179.99
865.222,1787815334366,0.3129,-0.8882,2.2078,179.99
865.323,1787815334466,0.3128,-0.9437,2.2078,179.99
865.423,1787815334566,0.3126,-0.9911,2.2078,179.99
865.523,1787815334667,0.3125,-1.0663,2.2078,179.99
865.623,1787815334767,0.3123,-1.1337,2.2078,179.99
865.723,1787815334867,0.3122,-1.1935,2.2078,179.99
865.823,1787815334967,0.3120,-1.2495,2.2078,179.99
865.923,1787815335067,0.3120,-1.2895,2.2078,179.99
866.023,1787815335167,0.3119,-1.3533,2.2079,179.99
866.124,1787815335267,0.3117,-1.4290,2.2079,179.99
866.224,1787815335367,0.3116,-1.5007,2.2079,179.98
866.324,1787815335468,0.3115,-1.5688,2.2079,179.99
866.424,1787815335568,0.3114,-1.6410,2.2080,179.99
866.524,1787815335668,0.3113,-1.6770,2.2080,179.99
866.624,1787815335768,0.3112,-1.7406,2.2080,179.99
866.724,1787815335868,0.3111,-1.7919,2.2081,179.99
866.825,1787815335968,0.3111,-1.8430,2.2081,179.99
866.925,1787815336068,0.3110,-1.9059,2.2081,179.99
867.025,1787815336169,0.3110,-1.9529,2.2082,179.99
867.125,1787815336269,0.3109,-2.0159,2.2082,179.99
867.225,1787815336369,0.3109,-2.0787,2.2083,179.99
867.325,1787815336469,0.3108,-2.1415,2.2083,179.99
867.425,1787815336569,0.3108,-2.1926,2.2083,179.99
867.525,1787815336669,0.3108,-2.2436,2.2084,179.99
867.626,1787815336769,0.3107,-2.2907,2.2084,179.99
867.726,1787815336869,0.3107,-2.3456,2.2084,179.99
867.826,1787815336970,0.3107,-2.4045,2.2084,179.99
867.926,1787815337070,0.3108,-2.4556,2.2085,179.99
868.026,1787815337170,0.3108,-2.5186,2.2085,179.99
868.126,1787815337270,0.3108,-2.5621,2.2085,179.99
868.226,1787815337370,0.3108,-2.6331,2.2085,180.00
868.327,1787815337470,0.3108,-2.6928,2.2086,180.00
868.427,1787815337570,0.3108,-2.7488,2.2086,180.00
868.527,1787815337670,0.3108,-2.8129,2.2086,180.00
868.627,1787815337771,0.3109,-2.8812,2.2086,180.00
868.727,1787815337871,0.3109,-2.9376,2.2086,180.00
868.827,1787815337971,0.3109,-3.0103,2.2086,180.00
868.927,1787815338071,0.3110,-3.0548,2.2086,180.00
869.028,1787815338171,0.3110,-3.1193,2.2086,180.00
869.128,1787815338272,0.3110,-3.1677,2.2086,180.00
869.228,1787815338372,0.3110,-3.2321,2.2086,180.00
869.328,1787815338472,0.3111,-3.3005,2.2085,179.99
869.428,1787815338572,0.3111,-3.3408,2.2085,179.99
869.528,1787815338672,0.3112,-3.4052,2.2085,179.99
869.628,1787815338772,0.3112,-3.4455,2.2085,179.99
869.729,1787815338872,0.3112,-3.5259,2.2085,180.00
869.829,1787815338972,0.3113,-3.5621,2.2085,180.00
869.929,1787815339072,0.3113,-3.6305,2.2085,180.00
870.029,1787815339173,0.3113,-3.6828,2.2085,180.00
870.129,1787815339273,0.3113,-3.7352,2.2085,180.00
870.229,1787815339373,0.3113,-3.7957,2.2085,180.00
870.329,1787815339473,0.3113,-3.8642,2.2085,180.00
870.429,1787815339573,0.3113,-3.9330,2.2085,180.00
870.529,1787815339673,0.3112,-3.9938,2.2085,180.00
870.630,1787815339773,0.3112,-4.0507,2.2085,180.00
870.730,1787815339873,0.3111,-4.1237,2.2085,180.00
870.830,1787815339973,0.3111,-4.1723,2.2085,180.00
870.930,1787815340074,0.3110,-4.2128,2.2085,180.00
871.030,1787815340174,0.3110,-4.2691,2.2085,180.00
871.130,1787815340274,0.3109,-4.3292,2.2085,180.00
871.230,1787815340374,0.3108,-4.3813,2.2086,180.00
871.330,1787815340474,0.3108,-4.4376,2.2086,180.00
871.430,1787815340574,0.3107,-4.4901,2.2086,180.00
871.531,1787815340674,0.3106,-4.5466,2.2086,180.00
871.631,1787815340774,0.3105,-4.6075,2.2086,180.00
871.731,1787815340875,0.3103,-4.6563,2.2086,180.00
871.831,1787815340975,0.3102,-4.7134,2.2086,180.00
871.931,1787815341075,0.3101,-4.7541,2.2086,180.00
872.031,1787815341175,0.3100,-4.8113,2.2086,180.00
872.131,1787815341275,0.3099,-4.8603,2.2087,-180.00
872.231,1787815341375,0.3097,-4.9261,2.2087,-180.00
872.332,1787815341475,0.3096,-4.9755,2.2088,-180.00
872.432,1787815341575,0.3094,-5.0417,2.2088,-180.00
872.532,1787815341675,0.3093,-5.0998,2.2088,-180.00
872.632,1787815341776,0.3091,-5.1499,2.2089,-180.00
872.732,1787815341876,0.3090,-5.2003,2.2089,-180.00
872.832,1787815341976,0.3088,-5.2633,2.2089,-180.00
872.932,1787815342076,0.3086,-5.3181,2.2090,-180.00
873.033,1787815342176,0.3084,-5.3816,2.2090,-180.00
873.133,1787815342276,0.3081,-5.4454,2.2090,-180.00
873.233,1787815342377,0.3080,-5.4752,2.2091,-180.00
873.333,1787815342477,0.3078,-5.5393,2.2091,-180.00
873.433,1787815342577,0.3076,-5.5905,2.2091,-180.00
873.533,1787815342677,0.3074,-5.6592,2.2092,-180.00
873.633,1787815342777,0.3073,-5.6937,2.2092,-180.00
873.733,1787815342877,0.3071,-5.7585,2.2092,-180.00
873.834,1787815342977,0.3069,-5.7975,2.2093,-180.00
873.934,1787815343078,0.3067,-5.8669,2.2093,-180.00
874.034,1787815343178,0.3065,-5.9103,2.2093,-180.00
874.134,1787815343278,0.3063,-5.9757,2.2094,-180.00
874.234,1787815343378,0.3061,-6.0636,2.2094,-180.00
874.334,1787815343478,0.3059,-6.1391,2.2095,-180.00
874.435,1787815343578,0.3056,-6.2151,2.2095,-180.00
874.535,1787815343678,0.3055,-6.2644,2.2095,-180.00
874.635,1787815343779,0.3053,-6.3360,2.2095,-180.00
874.735,1787815343879,0.3052,-6.3762,2.2095,-180.00
874.835,1787815343979,0.3050,-6.4384,2.2095,-180.00
874.935,1787815344079,0.3048,-6.5046,2.2095,-180.00
875.036,1787815344179,0.3047,-6.5617,2.2095,-180.00
875.136,1787815344279,0.3046,-6.5879,2.2096,-180.00
875.236,1787815344380,0.3045,-6.6578,2.2096,-180.00
875.336,1787815344480,0.3043,-6.7231,2.2096,-180.00
875.436,1787815344580,0.3042,-6.7799,2.2097,180.00
875.536,1787815344680,0.3041,-6.8148,2.2097,180.00
875.637,1787815344780,0.3039,-6.8892,2.2098,180.00
875.737,1787815344880,0.3038,-6.9286,2.2098,180.00
875.837,1787815344981,0.3036,-7.0030,2.2099,180.00
875.937,1787815345081,0.3034,-7.0688,2.2099,180.00
876.037,1787815345181,0.3033,-7.1128,2.2099,180.00
876.137,1787815345281,0.3032,-7.1746,2.2100,180.00
876.237,1787815345381,0.3030,-7.2363,2.2100,180.00
876.337,1787815345481,0.3028,-7.3157,2.2100,180.00
876.437,1787815345581,0.3027,-7.3510,2.2101,180.00
876.538,1787815345681,0.3025,-7.4172,2.2101,180.00
876.638,1787815345781,0.3024,-7.4656,2.2101,180.00
876.738,1787815345881,0.3023,-7.5008,2.2101,180.00
876.838,1787815345982,0.3021,-7.5666,2.2102,180.00
876.938,1787815346082,0.3019,-7.6279,2.2102,180.00
877.038,1787815346182,0.3018,-7.6762,2.2102,180.00
877.138,1787815346282,0.3016,-7.7467,2.2102,180.00
877.239,1787815346382,0.3014,-7.7821,2.2103,180.00
877.339,1787815346482,0.3012,-7.8485,2.2103,180.00
877.439,1787815346582,0.3011,-7.8974,2.2103,180.00
877.539,1787815346683,0.3009,-7.9468,2.2103,180.00
877.639,1787815346783,0.3008,-7.9875,2.2102,180.00
877.739,1787815346883,0.3008,-8.0148,2.2102,180.00
877.839,1787815346983,0.3006,-8.0788,2.2102,180.00
877.939,1787815347083,0.3004,-8.1381,2.2102,180.00
878.039,1787815347183,0.3002,-8.2102,2.2102,180.00
878.140,1787815347283,0.3001,-8.2501,2.2102,180.00
878.240,1787815347383,0.2999,-8.3197,2.2102,180.00
878.340,1787815347484,0.2998,-8.3745,2.2103,180.00
878.440,1787815347584,0.2996,-8.4358,2.2103,180.00
878.540,1787815347684,0.2995,-8.4909,2.2104,180.00
878.640,1787815347784,0.2994,-8.5363,2.2105,180.00
878.741,1787815347884,0.2993,-8.5836,2.2106,180.00
878.841,1787815347984,0.2992,-8.6390,2.2107,180.00
878.941,1787815348084,0.2991,-8.6879,2.2107,180.00
879.041,1787815348185,0.2990,-8.7189,2.2108,180.00
879.141,1787815348285,0.2990,-8.7628,2.2108,180.00
879.241,1787815348385,0.2989,-8.8009,2.2108,180.00
879.341,1787815348485,0.2988,-8.8388,2.2108,179.99
879.442,1787815348585,0.2987,-8.8669,2.2107,179.99
879.542,1787815348686,0.2986,-8.8971,2.2107,179.99
879.642,1787815348786,0.2986,-8.9171,2.2106,179.99
879.742,1787815348886,0.2985,-8.9463,2.2104,179.99
879.843,1787815348986,0.2985,-8.9723,2.2103,179.99
879.943,1787815349086,0.2984,-8.9882,2.2101,179.99
880.043,1787815349186,0.2983,-9.0100,2.2099,179.99
880.143,1787815349287,0.2982,-9.0222,2.2097,179.99
880.243,1787815349387,0.2981,-9.0368,2.2095,179.99
880.343,1787815349487,0.2981,-9.0476,2.2094,179.99
880.443,1787815349587,0.2980,-9.0581,2.2092,179.99
880.543,1787815349687,0.2980,-9.0644,2.2090,180.00
880.644,1787815349787,0.2979,-9.0713,2.2088,180.00
880.744,1787815349887,0.2979,-9.0749,2.2087,180.00
880.844,1787815349988,0.2979,-9.0787,2.2086,180.00
880.944,1787815350088,0.2978,-9.0814,2.2084,180.00
881.044,1787815350188,0.2978,-9.0824,2.2083,180.00
881.144,1787815350288,0.2978,-9.0823,2.2083,180.00
881.244,1787815350388,0.2978,-9.0811,2.2082,180.00
881.345,1787815350489,0.2978,-9.0787,2.2082,180.00
881.445,1787815350589,0.2977,-9.0765,2.2081,180.00
881.546,1787815350689,0.2977,-9.0725,2.2081,179.99
881.646,1787815350789,0.2978,-9.0678,2.2081,179.99
881.746,1787815350889,0.2978,-9.0628,2.2081,180.00
881.846,1787815350990,0.2978,-9.0571,2.2082,180.00
881.946,1787815351090,0.2978,-9.0525,2.2082,180.00
882.046,1787815351190,0.2978,-9.0462,2.2082,180.00
882.146,1787815351290,0.2978,-9.0405,2.2083,180.00
882.246,1787815351390,0.2978,-9.0352,2.2083,180.00
882.346,1787815351490,0.2979,-9.0289,2.2084,180.00
882.447,1787815351590,0.2979,-9.0252,2.2085,-180.00
882.547,1787815351690,0.2980,-9.0178,2.2085,180.00
882.647,1787815351790,0.2981,-9.0122,2.2086,180.00
882.747,1787815351891,0.2981,-9.0059,2.2087,180.00
882.847,1787815351991,0.2982,-9.0017,2.2087,180.00
882.947,1787815352091,0.2983,-8.9962,2.2088,180.00
883.047,1787815352191,0.2984,-8.9906,2.2088,180.00
883.148,1787815352291,0.2985,-8.9853,2.2089,179.99
883.248,1787815352391,0.2985,-8.9806,2.2089,179.99
883.348,1787815352492,0.2986,-8.9770,2.2090,179.99
883.448,1787815352592,0.2986,-8.9726,2.2090,179.99
883.548,1787815352692,0.2987,-8.9684,2.2090,179.99
883.648,1787815352792,0.2988,-8.9657,2.2091,179.99
883.748,1787815352892,0.2988,-8.9622,2.2091,179.99
883.849,1787815352992,0.2989,-8.9590,2.2092,179.99
883.949,1787815353092,0.2990,-8.9562,2.2092,179.99
884.049,1787815353193,0.2990,-8.9539,2.2092,179.99
884.149,1787815353293,0.2991,-8.9521,2.2093,179.99
884.249,1787815353393,0.2991,-8.9501,2.2093,179.99
884.349,1787815353493,0.2991,-8.9487,2.2093,179.99
884.449,1787815353593,0.2992,-8.9470,2.2094,180.00
884.549,1787815353693,0.2992,-8.9458,2.2094,180.00
884.650,1787815353793,0.2992,-8.9445,2.2094,180.00
884.750,1787815353894,0.2993,-8.9438,2.2094,-180.00
884.850,1787815353994,0.2993,-8.9430,2.2095,-180.00
884.950,1787815354094,0.2994,-8.9424,2.2095,-180.00
885.050,1787815354194,0.2994,-8.9420,2.2095,-180.00
885.150,1787815354294,0.2995,-8.9415,2.2095,-180.00
885.250,1787815354394,0.2996,-8.9414,2.2096,-180.00
885.351,1787815354494,0.2996,-8.9413,2.2096,-180.00
885.451,1787815354594,0.2997,-8.9414,2.2096,-180.00
885.551,1787815354694,0.2998,-8.9416,2.2096,180.00
885.651,1787815354795,0.2999,-8.9419,2.2096,180.00
885.751,1787815354895,0.3000,-8.9421,2.2097,180.00
885.852,1787815354996,0.3001,-8.9426,2.2097,180.00
885.952,1787815355096,0.3001,-8.9430,2.2097,180.00
886.052,1787815355196,0.3003,-8.9436,2.2097,180.00
886.152,1787815355296,0.3004,-8.9440,2.2097,180.00
886.252,1787815355396,0.3004,-8.9445,2.2097,180.00
886.353,1787815355496,0.3006,-8.9453,2.2097,180.00
886.453,1787815355596,0.3007,-8.9459,2.2097,180.00
886.553,1787815355697,0.3008,-8.9466,2.2097,180.00
886.653,1787815355797,0.3009,-8.9472,2.2097,180.00
886.754,1787815355897,0.3011,-8.9480,2.2097,-180.00
886.854,1787815355997,0.3012,-8.9487,2.2097,-180.00
886.954,1787815356097,0.3013,-8.9492,2.2096,-180.00
887.054,1787815356198,0.3014,-8.9498,2.2096,-180.00
887.154,1787815356298,0.3014,-8.9503,2.2096,-180.00
887.255,1787815356398,0.3015,-8.9506,2.2096,-180.00
887.355,1787815356498,0.3015,-8.9513,2.2096,-180.00
887.455,1787815356599,0.3016,-8.9523,2.2096,-180.00
887.555,1787815356699,0.3017,-8.9531,2.2096,-180.00
887.655,1787815356799,0.3017,-8.9540,2.2097,-180.00
887.755,1787815356899,0.3018,-8.9547,2.2097,-180.00
887.857,1787815357001,0.3018,-8.9554,2.2097,-180.00
887.957,1787815357101,0.3019,-8.9560,2.2097,-180.00
888.057,1787815357201,0.3019,-8.9568,2.2097,-180.00
888.158,1787815357301,0.3020,-8.9572,2.2098,-180.00
888.258,1787815357401,0.3021,-8.9580,2.2098,-180.00
888.358,1787815357501,0.3021,-8.9586,2.2098,-180.00
888.458,1787815357602,0.3022,-8.9594,2.2098,-180.00
888.558,1787815357702,0.3022,-8.9600,2.2099,-180.00
888.658,1787815357802,0.3022,-8.9608,2.2099,-180.00
888.758,1787815357902,0.3022,-8.9619,2.2101,180.00
888.858,1787815358002,0.3022,-8.9632,2.2108,180.00
888.959,1787815358102,0.3022,-8.9639,2.2115,180.00
889.059,1787815358202,0.3023,-8.9646,2.2136,180.00
889.159,1787815358303,0.3023,-8.9647,2.2155,180.00
889.260,1787815358404,0.3023,-8.9646,2.2185,180.00
889.360,1787815358504,0.3023,-8.9642,2.2231,180.00
889.460,1787815358604,0.3023,-8.9636,2.2281,180.00
889.562,1787815358705,0.3024,-8.9630,2.2330,180.00
889.662,1787815358806,0.3024,-8.9623,2.2380,180.00
889.763,1787815358906,0.3024,-8.9614,2.2449,180.00
889.863,1787815359006,0.3025,-8.9609,2.2489,180.00
889.963,1787815359106,0.3025,-8.9597,2.2586,180.00
890.063,1787815359207,0.3025,-8.9585,2.2679,180.00
890.163,1787815359307,0.3025,-8.9572,2.2779,180.00
890.263,1787815359407,0.3024,-8.9561,2.2876,180.00
890.363,1787815359507,0.3024,-8.9551,2.2957,-180.00
890.463,1787815359607,0.3024,-8.9539,2.3061,-180.00
890.564,1787815359707,0.3024,-8.9528,2.3163,-180.00
890.664,1787815359807,0.3024,-8.9519,2.3244,-180.00
890.764,1787815359908,0.3024,-8.9508,2.3359,-180.00
890.864,1787815360008,0.3023,-8.9498,2.3469,-180.00
890.964,1787815360108,0.3023,-8.9486,2.3614,-180.00
891.064,1787815360208,0.3022,-8.9479,2.3705,-180.00
891.164,1787815360308,0.3022,-8.9471,2.3830,-180.00
891.265,1787815360408,0.3021,-8.9464,2.3932,-180.00
891.365,1787815360508,0.3020,-8.9456,2.4079,-180.00
891.465,1787815360608,0.3019,-8.9451,2.4211,-180.00
891.565,1787815360709,0.3018,-8.9446,2.4326,-180.00
891.665,1787815360809,0.3017,-8.9441,2.4468,-180.00
891.765,1787815360909,0.3016,-8.9438,2.4594,-180.00
891.865,1787815361009,0.3015,-8.9435,2.4748,-180.00
891.965,1787815361109,0.3013,-8.9433,2.4893,-180.00
892.065,1787815361209,0.3011,-8.9433,2.5038,180.00
892.166,1787815361309,0.3009,-8.9434,2.5193,180.00
892.266,1787815361409,0.3007,-8.9435,2.5330,180.00
892.366,1787815361509,0.3005,-8.9436,2.5449,180.00
892.466,1787815361609,0.3003,-8.9439,2.5586,180.00
892.566,1787815361710,0.3001,-8.9442,2.5705,180.00
892.666,1787815361810,0.2999,-8.9445,2.5853,180.00
892.766,1787815361910,0.2997,-8.9449,2.5964,180.00
892.867,1787815362010,0.2994,-8.9454,2.6122,180.00
892.967,1787815362111,0.2992,-8.9459,2.6253,180.00
893.067,1787815362211,0.2989,-8.9465,2.6404,-180.00
893.167,1787815362311,0.2986,-8.9471,2.6555,-180.00
893.267,1787815362411,0.2983,-8.9478,2.6705,-180.00
893.368,1787815362511,0.2981,-8.9484,2.6837,-180.00
893.468,1787815362611,0.2978,-8.9491,2.6977,-180.00
893.568,1787815362711,0.2976,-8.9497,2.7108,-180.00
893.668,1787815362812,0.2973,-8.9505,2.7259,-180.00
893.768,1787815362912,0.2970,-8.9511,2.7391,-180.00
893.868,1787815363012,0.2968,-8.9518,2.7523,-180.00
893.968,1787815363112,0.2965,-8.9525,2.7655,-180.00
894.068,1787815363212,0.2963,-8.9531,2.7760,-180.00
894.168,1787815363312,0.2960,-8.9538,2.7912,-180.00
894.268,1787815363412,0.2958,-8.9544,2.8018,-180.00
894.369,1787815363512,0.2955,-8.9551,2.8172,-180.00
894.469,1787815363612,0.2952,-8.9558,2.8319,180.00
894.569,1787815363712,0.2949,-8.9565,2.8456,180.00
894.669,1787815363813,0.2946,-8.9571,2.8604,180.00
894.769,1787815363913,0.2943,-8.9579,2.8771,180.00
894.869,1787815364013,0.2940,-8.9587,2.8939,180.00
894.969,1787815364113,0.2938,-8.9592,2.9047,180.00
895.069,1787815364213,0.2935,-8.9599,2.9204,180.00
895.170,1787815364313,0.2933,-8.9603,2.9302,180.00
895.270,1787815364413,0.2930,-8.9610,2.9469,180.00
895.370,1787815364513,0.2926,-8.9617,2.9648,180.00
895.470,1787815364614,0.2924,-8.9622,2.9756,180.00
895.570,1787815364714,0.2921,-8.9629,2.9915,180.00
895.670,1787815364814,0.2918,-8.9635,3.0064,180.00
895.770,1787815364914,0.2916,-8.9640,3.0193,180.00
895.870,1787815365014,0.2913,-8.9644,3.0313,180.00
895.971,1787815365114,0.2910,-8.9651,3.0472,-180.00
896.071,1787815365214,0.2907,-8.9657,3.0632,-180.00
896.171,1787815365314,0.2904,-8.9664,3.0803,-180.00
896.271,1787815365415,0.2901,-8.9669,3.0933,-180.00
896.371,1787815365515,0.2899,-8.9675,3.1092,-179.99
896.472,1787815365615,0.2896,-8.9680,3.1222,-179.99
896.572,1787815365715,0.2894,-8.9685,3.1361,-179.99
896.672,1787815365815,0.2892,-8.9689,3.1471,-179.99
896.772,1787815365916,0.2889,-8.9695,3.1631,-179.99
896.872,1787815366016,0.2886,-8.9700,3.1782,-179.99
896.972,1787815366116,0.2884,-8.9706,3.1943,-179.99
897.072,1787815366216,0.2882,-8.9709,3.2044,-179.99
897.172,1787815366316,0.2880,-8.9715,3.2215,-179.99
897.273,1787815366416,0.2877,-8.9721,3.2377,-179.99
897.373,1787815366516,0.2875,-8.9725,3.2508,-179.99
897.473,1787815366616,0.2873,-8.9732,3.2700,-179.99
897.573,1787815366717,0.2872,-8.9734,3.2771,-179.99
897.673,1787815366817,0.2870,-8.9740,3.2952,-179.99
897.773,1787815366917,0.2868,-8.9744,3.3093,-179.99
897.873,1787815367017,0.2867,-8.9748,3.3215,-179.99
897.973,1787815367117,0.2865,-8.9754,3.3386,-179.99
898.073,1787815367217,0.2864,-8.9759,3.3528,-179.99
898.174,1787815367317,0.2862,-8.9764,3.3680,-179.99
898.274,1787815367417,0.2861,-8.9767,3.3771,-179.99
898.374,1787815367517,0.2860,-8.9772,3.3933,-179.99
898.475,1787815367618,0.2859,-8.9776,3.4045,-179.99
898.575,1787815367718,0.2857,-8.9781,3.4230,-179.99
898.675,1787815367818,0.2856,-8.9784,3.4322,-179.99
898.775,1787815367919,0.2854,-8.9789,3.4497,-179.99
898.875,1787815368019,0.2852,-8.9793,3.4611,-179.99
898.975,1787815368119,0.2851,-8.9798,3.4787,-179.99
899.075,1787815368219,0.2849,-8.9803,3.4963,-179.99
899.175,1787815368319,0.2847,-8.9807,3.5107,-179.99
899.275,1787815368419,0.2845,-8.9811,3.5241,-179.99
899.376,1787815368519,0.2843,-8.9817,3.5436,-179.99
899.476,1787815368619,0.2842,-8.9822,3.5589,-179.99
899.576,1787815368719,0.2840,-8.9827,3.5752,-179.99
899.676,1787815368820,0.2838,-8.9830,3.5873,-179.99
899.776,1787815368920,0.2836,-8.9835,3.6035,-179.99
899.876,1787815369020,0.2835,-8.9838,3.6155,-179.99
899.976,1787815369120,0.2833,-8.9842,3.6286,-179.99
900.077,1787815369220,0.2832,-8.9846,3.6438,-179.99
900.177,1787815369320,0.2830,-8.9851,3.6600,-179.99
900.277,1787815369420,0.2828,-8.9855,3.6761,-179.99
900.377,1787815369521,0.2827,-8.9858,3.6861,-179.99
900.477,1787815369621,0.2824,-8.9863,3.7025,-179.99
900.577,1787815369721,0.2823,-8.9866,3.7154,-179.99
900.678,1787815369821,0.2820,-8.9871,3.7302,-179.99
900.778,1787815369921,0.2819,-8.9875,3.7424,-179.99
900.878,1787815370021,0.2818,-8.9877,3.7508,-179.99
900.978,1787815370122,0.2816,-8.9882,3.7623,-179.99
901.078,1787815370222,0.2815,-8.9885,3.7716,-179.99
901.178,1787815370322,0.2813,-8.9889,3.7803,-179.99
901.278,1787815370422,0.2812,-8.9892,3.7883,-179.99
901.379,1787815370522,0.2812,-8.9897,3.7973,-179.99
901.479,1787815370622,0.2811,-8.9901,3.8050,-179.99
901.579,1787815370723,0.2810,-8.9903,3.8100,-179.99
901.680,1787815370823,0.2810,-8.9907,3.8166,-179.99
901.780,1787815370923,0.2809,-8.9910,3.8212,-179.99
901.880,1787815371023,0.2809,-8.9913,3.8266,-179.99
901.980,1787815371124,0.2808,-8.9916,3.8315,-179.99
902.081,1787815371224,0.2808,-8.9919,3.8349,-179.99
902.181,1787815371324,0.2808,-8.9922,3.8400,-179.99
902.282,1787815371426,0.2807,-8.9925,3.8439,-179.99
902.382,1787815371526,0.2807,-8.9928,3.8474,-179.99
902.482,1787815371626,0.2807,-8.9931,3.8507,-179.99
902.582,1787815371726,0.2807,-8.9933,3.8536,-179.99
902.682,1787815371826,0.2807,-8.9935,3.8564,-179.99
902.782,1787815371926,0.2807,-8.9938,3.8591,-180.00
902.883,1787815372026,0.2807,-8.9940,3.8615,-180.00
902.983,1787815372126,0.2807,-8.9942,3.8637,-180.00
903.084,1787815372227,0.2806,-8.9944,3.8654,-180.00
903.184,1787815372328,0.2806,-8.9945,3.8670,-180.00
903.284,1787815372428,0.2806,-8.9947,3.8687,-180.00
903.384,1787815372528,0.2806,-8.9949,3.8707,-180.00
903.484,1787815372628,0.2806,-8.9950,3.8721,-180.00
903.585,1787815372728,0.2807,-8.9951,3.8740,-180.00
903.685,1787815372828,0.2807,-8.9952,3.8749,-180.00
903.785,1787815372929,0.2807,-8.9953,3.8764,-180.00
903.885,1787815373029,0.2807,-8.9954,3.8775,-180.00
903.985,1787815373129,0.2807,-8.9955,3.8788,-180.00
904.085,1787815373229,0.2807,-8.9956,3.8798,-180.00
904.185,1787815373329,0.2807,-8.9958,3.8813,-180.00
904.285,1787815373429,0.2807,-8.9959,3.8824,-180.00
904.386,1787815373529,0.2807,-8.9960,3.8835,-180.00
904.486,1787815373629,0.2808,-8.9962,3.8847,-180.00
904.586,1787815373730,0.2808,-8.9964,3.8859,-180.00
904.687,1787815373831,0.2809,-8.9964,3.8865,-180.00
904.787,1787815373931,0.2810,-8.9966,3.8876,-180.00
904.887,1787815374031,0.2810,-8.9967,3.8885,-180.00
904.988,1787815374132,0.2811,-8.9968,3.8893,-180.00
905.088,1787815374232,0.2812,-8.9970,3.8901,-180.00
905.188,1787815374332,0.2812,-8.9971,3.8907,-180.00
905.288,1787815374432,0.2813,-8.9972,3.8914,-180.00
905.388,1787815374532,0.2814,-8.9973,3.8921,-180.00
905.489,1787815374632,0.2815,-8.9974,3.8928,-180.00
905.589,1787815374732,0.2815,-8.9975,3.8932,-180.00
905.689,1787815374833,0.2816,-8.9976,3.8940,-180.00
905.789,1787815374933,0.2817,-8.9976,3.8943,-180.00
905.889,1787815375033,0.2818,-8.9977,3.8950,-180.00
905.989,1787815375133,0.2818,-8.9977,3.8955,-179.99
906.089,1787815375233,0.2820,-8.9978,3.8962,-179.99
906.189,1787815375333,0.2821,-8.9977,3.8967,-179.99
906.290,1787815375433,0.2822,-8.9978,3.8972,-179.99
906.390,1787815375533,0.2823,-8.9978,3.8977,-179.99
906.490,1787815375633,0.2824,-8.9978,3.8981,-179.99
906.590,1787815375734,0.2825,-8.9979,3.8986,-179.99
906.690,1787815375834,0.2826,-8.9979,3.8991,-179.99
906.790,1787815375934,0.2827,-8.9979,3.8993,-179.99
906.890,1787815376034,0.2828,-8.9979,3.8997,-179.99
906.990,1787815376134,0.2829,-8.9979,3.9000,-179.99
907.091,1787815376234,0.2830,-8.9979,3.9003,-179.99
907.191,1787815376334,0.2831,-8.9980,3.9007,-179.99
907.291,1787815376435,0.2831,-8.9980,3.9010,-179.99
907.391,1787815376535,0.2833,-8.9980,3.9014,-179.99
907.491,1787815376635,0.2833,-8.9980,3.9016,-179.99
907.591,1787815376735,0.2834,-8.9980,3.9019,-179.99
907.691,1787815376835,0.2834,-8.9980,3.9021,-180.00
907.791,1787815376935,0.2834,-8.9980,3.9024,-180.00
907.891,1787815377035,0.2835,-8.9980,3.9027,-180.00
907.992,1787815377135,0.2835,-8.9980,3.9029,-180.00
908.092,1787815377235,0.2834,-8.9980,3.9031,-180.00
908.192,1787815377336,0.2834,-8.9980,3.9034,180.00
908.292,1787815377436,0.2834,-8.9980,3.9036,180.00
908.392,1787815377536,0.2835,-8.9980,3.9038,180.00
908.492,1787815377636,0.2835,-8.9980,3.9040,180.00
908.592,1787815377736,0.2835,-8.9980,3.9041,180.00
908.692,1787815377836,0.2835,-8.9980,3.9043,180.00
908.793,1787815377936,0.2835,-8.9980,3.9045,179.99
908.893,1787815378036,0.2835,-8.9981,3.9047,180.00
908.993,1787815378136,0.2835,-8.9981,3.9049,180.00
909.093,1787815378237,0.2835,-8.9980,3.9050,180.00
909.193,1787815378337,0.2835,-8.9980,3.9052,180.00
909.293,1787815378437,0.2835,-8.9980,3.9053,180.00
909.393,1787815378537,0.2835,-8.9980,3.9054,180.00
909.494,1787815378637,0.2835,-8.9980,3.9056,180.00
909.594,1787815378737,0.2835,-8.9979,3.9057,-180.00
909.694,1787815378837,0.2834,-8.9979,3.9059,-180.00
909.794,1787815378938,0.2834,-8.9978,3.9060,-180.00
909.894,1787815379038,0.2834,-8.9978,3.9062,-180.00
909.994,1787815379138,0.2834,-8.9977,3.9063,-180.00
910.094,1787815379238,0.2833,-8.9982,3.9064,-180.00
910.194,1787815379338,0.2833,-8.9994,3.9065,-180.00
910.294,1787815379438,0.2833,-9.0004,3.9065,-180.00
910.395,1787815379538,0.2832,-9.0019,3.9066,-180.00
910.495,1787815379638,0.2833,-9.0024,3.9067,-180.00
910.595,1787815379738,0.2833,-9.0015,3.9068,-180.00
910.695,1787815379839,0.2833,-8.9993,3.9070,-180.00
910.795,1787815379939,0.2833,-8.9935,3.9071,-180.00
910.895,1787815380039,0.2833,-8.9865,3.9073,180.00
910.996,1787815380139,0.2834,-8.9778,3.9074,180.00
911.097,1787815380241,0.2834,-8.9681,3.9075,180.00
911.197,1787815380341,0.2835,-8.9568,3.9076,180.00
911.298,1787815380442,0.2835,-8.9415,3.9078,179.99
911.398,1787815380542,0.2835,-8.9249,3.9079,179.99
911.499,1787815380642,0.2836,-8.9087,3.9080,179.99
911.599,1787815380742,0.2836,-8.8809,3.9081,179.99
911.699,1787815380843,0.2836,-8.8564,3.9081,179.99
911.799,1787815380943,0.2837,-8.8274,3.9081,179.99
911.899,1787815381043,0.2837,-8.7910,3.9080,179.99
911.999,1787815381143,0.2837,-8.7679,3.9080,179.99
912.099,1787815381243,0.2837,-8.7361,3.9079,179.98
912.199,1787815381343,0.2837,-8.7026,3.9078,179.98
912.299,1787815381443,0.2837,-8.6531,3.9076,179.98
912.400,1787815381543,0.2837,-8.6211,3.9075,179.98
912.500,1787815381643,0.2837,-8.5722,3.9074,179.99
912.600,1787815381743,0.2837,-8.5272,3.9072,179.99
912.700,1787815381844,0.2837,-8.4768,3.9070,179.99
912.803,1787815381947,0.2836,-8.4173,3.9068,179.99
912.903,1787815382047,0.2836,-8.3663,3.9067,179.99
913.003,1787815382147,0.2835,-8.3176,3.9065,179.99
913.103,1787815382247,0.2835,-8.2832,3.9064,179.99
913.205,1787815382349,0.2835,-8.2248,3.9062,179.99
913.305,1787815382449,0.2834,-8.1531,3.9061,179.99
913.406,1787815382549,0.2834,-8.1085,3.9060,179.99
913.506,1787815382650,0.2833,-8.0424,3.9058,180.00
913.606,1787815382750,0.2833,-7.9962,3.9057,180.00
913.706,1787815382850,0.2832,-7.9194,3.9056,180.00
913.806,1787815382950,0.2832,-7.8503,3.9055,180.00
913.906,1787815383050,0.2832,-7.7846,3.9055,180.00
914.007,1787815383150,0.2832,-7.7183,3.9054,180.00
914.107,1787815383250,0.2832,-7.6559,3.9053,180.00
914.207,1787815383350,0.2832,-7.5844,3.9053,180.00
914.307,1787815383451,0.2832,-7.5397,3.9053,180.00
914.407,1787815383551,0.2833,-7.4592,3.9053,180.00
914.507,1787815383651,0.2833,-7.3921,3.9053,180.00
914.607,1787815383751,0.2833,-7.3295,3.9053,180.00
914.707,1787815383851,0.2834,-7.2532,3.9054,180.00
914.808,1787815383951,0.2834,-7.1949,3.9054,180.00
914.908,1787815384051,0.2835,-7.1234,3.9054,179.99
915.008,1787815384152,0.2835,-7.0790,3.9054,179.99
915.108,1787815384252,0.2836,-7.0083,3.9054,179.99
915.208,1787815384352,0.2837,-6.9246,3.9055,179.99
915.308,1787815384452,0.2837,-6.8764,3.9055,179.99
915.408,1787815384552,0.2838,-6.7976,3.9055,179.99
915.509,1787815384652,0.2838,-6.7496,3.9055,179.99
915.609,1787815384752,0.2839,-6.6846,3.9055,179.99
915.709,1787815384852,0.2840,-6.6198,3.9055,179.99
915.809,1787815384952,0.2840,-6.5469,3.9055,179.99
915.909,1787815385053,0.2841,-6.4786,3.9056,179.99
916.010,1787815385153,0.2842,-6.4233,3.9056,179.99
916.110,1787815385253,0.2842,-6.3683,3.9056,179.99
916.210,1787815385353,0.2843,-6.3052,3.9056,179.99
916.310,1787815385454,0.2843,-6.2509,3.9056,179.99
916.410,1787815385554,0.2844,-6.1803,3.9056,179.99
916.510,1787815385654,0.2844,-6.1182,3.9056,179.99
916.610,1787815385754,0.2844,-6.0481,3.9056,179.99
916.710,1787815385854,0.2844,-5.9782,3.9056,179.99
916.810,1787815385954,0.2845,-5.9332,3.9056,179.99
916.912,1787815386055,0.2845,-5.8600,3.9056,179.99
917.012,1787815386155,0.2845,-5.8277,3.9056,179.99
917.112,1787815386256,0.2845,-5.7553,3.9056,179.99
917.212,1787815386356,0.2845,-5.6992,3.9056,179.99
917.312,1787815386456,0.2845,-5.6433,3.9056,179.99
917.412,1787815386556,0.2845,-5.5716,3.9056,179.99
917.512,1787815386656,0.2845,-5.5197,3.9056,179.99
917.612,1787815386756,0.2844,-5.4559,3.9056,179.99
917.713,1787815386856,0.2844,-5.4120,3.9056,179.99
917.813,1787815386956,0.2843,-5.3525,3.9056,179.99
917.913,1787815387056,0.2842,-5.2930,3.9056,179.99
918.013,1787815387157,0.2841,-5.2256,3.9056,179.99
918.113,1787815387257,0.2840,-5.1581,3.9056,179.99
918.213,1787815387357,0.2839,-5.1024,3.9056,179.99
918.313,1787815387457,0.2838,-5.0507,3.9055,179.99
918.413,1787815387557,0.2837,-4.9913,3.9055,179.99
918.513,1787815387657,0.2836,-4.9360,3.9055,179.99
918.614,1787815387757,0.2834,-4.8651,3.9055,179.99
918.714,1787815387857,0.2833,-4.8178,3.9056,179.99
918.814,1787815387957,0.2832,-4.7665,3.9056,179.99
918.914,1787815388058,0.2830,-4.7074,3.9056,179.99
919.014,1787815388158,0.2829,-4.6485,3.9056,179.99
919.114,1787815388258,0.2827,-4.5779,3.9056,179.99
919.214,1787815388358,0.2826,-4.5306,3.9056,179.99
919.314,1787815388458,0.2824,-4.4754,3.9056,179.99
919.415,1787815388558,0.2822,-4.4084,3.9056,179.99
919.515,1787815388658,0.2821,-4.3532,3.9056,179.99
919.615,1787815388759,0.2819,-4.2941,3.9057,179.99
919.715,1787815388859,0.2818,-4.2391,3.9057,179.99
919.815,1787815388959,0.2816,-4.1685,3.9057,179.99
919.915,1787815389059,0.2815,-4.1254,3.9058,179.99
920.015,1787815389159,0.2814,-4.0782,3.9058,179.99
920.116,1787815389259,0.2813,-4.0115,3.9058,179.99
920.216,1787815389359,0.2812,-3.9644,3.9059,179.99
920.316,1787815389460,0.2812,-3.9015,3.9059,179.99
920.416,1787815389560,0.2811,-3.8464,3.9060,179.99
920.516,1787815389660,0.2810,-3.7871,3.9060,179.99
920.616,1787815389760,0.2810,-3.7436,3.9061,179.99
920.716,1787815389860,0.2809,-3.6762,3.9061,179.99
920.817,1787815389960,0.2809,-3.6325,3.9062,179.99
920.917,1787815390060,0.2808,-3.5610,3.9062,179.99
921.017,1787815390160,0.2807,-3.5013,3.9063,179.99
921.117,1787815390261,0.2807,-3.4414,3.9063,179.99
921.217,1787815390361,0.2806,-3.3813,3.9064,179.99
921.317,1787815390461,0.2806,-3.3451,3.9064,179.99
921.417,1787815390561,0.2806,-3.2769,3.9065,180.00
921.518,1787815390661,0.2806,-3.2208,3.9065,180.00
921.618,1787815390761,0.2805,-3.1565,3.9066,180.00
921.718,1787815390861,0.2805,-3.0839,3.9067,180.00
921.818,1787815390962,0.2805,-3.0271,3.9067,180.00
921.918,1787815391062,0.2804,-2.9704,3.9068,180.00
922.018,1787815391162,0.2804,-2.9056,3.9068,180.00
922.118,1787815391262,0.2804,-2.8612,3.9068,180.00
922.218,1787815391362,0.2804,-2.8047,3.9069,180.00
922.319,1787815391462,0.2804,-2.7564,3.9069,180.00
922.419,1787815391562,0.2804,-2.6800,3.9070,180.00
922.519,1787815391663,0.2804,-2.6358,3.9070,180.00
922.619,1787815391763,0.2804,-2.5795,3.9070,180.00
922.719,1787815391863,0.2804,-2.5149,3.9071,180.00
922.819,1787815391963,0.2804,-2.4583,3.9071,180.00
922.919,1787815392063,0.2804,-2.3936,3.9072,180.00
923.019,1787815392163,0.2804,-2.3531,3.9072,180.00
923.120,1787815392263,0.2804,-2.2925,3.9073,180.00
923.220,1787815392363,0.2805,-2.2319,3.9073,180.00
923.320,1787815392464,0.2805,-2.1752,3.9074,180.00
923.420,1787815392564,0.2805,-2.1063,3.9074,-180.00
923.520,1787815392664,0.2806,-2.0616,3.9075,180.00
923.620,1787815392764,0.2806,-2.0128,3.9075,180.00
923.721,1787815392864,0.2806,-1.9519,3.9076,180.00
923.821,1787815392964,0.2807,-1.8830,3.9076,180.00
923.921,1787815393065,0.2807,-1.8464,3.9077,180.00
924.021,1787815393165,0.2807,-1.7895,3.9077,180.00
924.121,1787815393265,0.2808,-1.7407,3.9078,180.00
924.221,1787815393365,0.2808,-1.6837,3.9079,180.00
924.322,1787815393465,0.2808,-1.6471,3.9079,180.00
924.422,1787815393565,0.2809,-1.5858,3.9080,180.00
924.522,1787815393665,0.2809,-1.5491,3.9080,180.00
924.622,1787815393766,0.2809,-1.4835,3.9081,180.00
924.722,1787815393866,0.2809,-1.4339,3.9081,180.00
924.822,1787815393966,0.2809,-1.3758,3.9082,180.00
924.922,1787815394066,0.2809,-1.3130,3.9082,180.00
925.022,1787815394166,0.2809,-1.2454,3.9083,180.00
925.122,1787815394266,0.2809,-1.2242,3.9083,180.00
925.223,1787815394366,0.2809,-1.1520,3.9083,180.00
925.323,1787815394466,0.2809,-1.1094,3.9083,180.00
925.423,1787815394566,0.2810,-1.0368,3.9083,180.00
925.523,1787815394667,0.2810,-0.9853,3.9083,180.00
925.623,1787815394767,0.2810,-0.9204,3.9083,179.99
925.723,1787815394867,0.2810,-0.8551,3.9083,179.99
925.823,1787815394967,0.2810,-0.8156,3.9083,179.99
925.924,1787815395067,0.2810,-0.7540,3.9083,179.99
926.024,1787815395167,0.2810,-0.6880,3.9082,179.99
926.124,1787815395267,0.2810,-0.6173,3.9082,179.99
926.224,1787815395368,0.2809,-0.5554,3.9082,179.99
926.325,1787815395469,0.2809,-0.4843,3.9082,179.99
926.425,1787815395569,0.2809,-0.4354,3.9081,179.99
926.525,1787815395669,0.2808,-0.3729,3.9081,179.99
926.625,1787815395769,0.2808,-0.3104,3.9081,179.99
926.726,1787815395869,0.2807,-0.2391,3.9081,179.99
926.826,1787815395969,0.2807,-0.1680,3.9081,179.99
926.926,1787815396069,0.2806,-0.1191,3.9081,179.99
927.026,1787815396170,0.2805,-0.0348,3.9081,179.99
927.126,1787815396270,0.2805,0.0272,3.9081,179.99
927.226,1787815396370,0.2804,0.0890,3.9081,179.99
927.326,1787815396470,0.2804,0.1550,3.9081,179.99
927.427,1787815396570,0.2803,0.1945,3.9081,179.99
927.527,1787815396670,0.2802,0.2600,3.9081,179.99
927.627,1787815396770,0.2802,0.3035,3.9081,179.99
927.727,1787815396871,0.2802,0.3725,3.9081,180.00
927.827,1787815396971,0.2801,0.4242,3.9081,180.00
927.927,1787815397071,0.2800,0.4888,3.9081,180.00
928.027,1787815397171,0.2800,0.5103,3.9081,180.00
928.127,1787815397271,0.2799,0.5746,3.9081,180.00
928.227,1787815397371,0.2799,0.6302,3.9082,180.00
928.328,1787815397471,0.2799,0.6858,3.9082,180.00
928.428,1787815397571,0.2798,0.7458,3.9082,180.00
928.528,1787815397672,0.2798,0.8060,3.9083,180.00
928.628,1787815397772,0.2798,0.8448,3.9083,180.00
928.728,1787815397872,0.2798,0.9095,3.9083,180.00
928.829,1787815397973,0.2798,0.9656,3.9084,180.00
928.929,1787815398073,0.2798,1.0349,3.9084,-180.00
929.029,1787815398173,0.2798,1.0739,3.9084,-180.00
929.130,1787815398273,0.2798,1.1566,3.9085,-180.00
929.230,1787815398373,0.2798,1.2134,3.9085,-180.00
929.330,1787815398473,0.2798,1.2790,3.9086,-180.00
929.430,1787815398574,0.2798,1.3405,3.9086,-180.00
929.530,1787815398674,0.2798,1.4110,3.9086,-180.00
929.630,1787815398774,0.2798,1.4683,3.9086,180.00
929.730,1787815398874,0.2798,1.5299,3.9086,180.00
929.830,1787815398974,0.2799,1.5826,3.9086,180.00
929.931,1787815399074,0.2799,1.6439,3.9086,180.00
930.031,1787815399174,0.2799,1.7138,3.9086,180.00
930.131,1787815399274,0.2799,1.7880,3.9086,180.00
930.231,1787815399374,0.2799,1.8273,3.9086,180.00
930.331,1787815399475,0.2799,1.9103,3.9086,180.00
930.431,1787815399575,0.2799,1.9624,3.9086,180.00
930.531,1787815399675,0.2799,2.0274,3.9085,180.00
930.631,1787815399775,0.2799,2.0964,3.9085,-180.00
930.731,1787815399875,0.2799,2.1654,3.9084,-180.00
930.831,1787815399975,0.2798,2.2428,3.9084,-180.00
930.932,1787815400075,0.2798,2.2900,3.9084,-180.00
931.033,1787815400177,0.2798,2.3584,3.9083,-180.00
931.133,1787815400277,0.2798,2.4309,3.9083,-180.00
931.233,1787815400377,0.2798,2.4986,3.9082,-180.00
931.333,1787815400477,0.2798,2.5491,3.9082,-180.00
931.434,1787815400577,0.2798,2.5868,3.9082,-180.00
931.534,1787815400678,0.2797,2.6739,3.9081,-180.00
931.634,1787815400778,0.2797,2.7358,3.9081,-180.00
931.734,1787815400878,0.2797,2.7770,3.9081,-180.00
931.834,1787815400978,0.2797,2.8468,3.9082,180.00
931.934,1787815401078,0.2797,2.8957,3.9082,180.00
932.035,1787815401179,0.2796,2.9609,3.9082,180.00
932.135,1787815401279,0.2796,3.0178,3.9082,180.00
932.235,1787815401379,0.2796,3.0785,3.9082,180.00
932.336,1787815401479,0.2796,3.1391,3.9083,180.00
932.436,1787815401579,0.2795,3.1955,3.9083,180.00
932.536,1787815401680,0.2795,3.2559,3.9084,180.00
932.636,1787815401780,0.2795,3.3161,3.9084,180.00
932.736,1787815401880,0.2794,3.3721,3.9085,180.00
932.836,1787815401980,0.2794,3.4162,3.9085,179.99
932.937,1787815402080,0.2793,3.4800,3.9085,179.99
933.037,1787815402180,0.2793,3.5359,3.9086,179.99
933.137,1787815402280,0.2792,3.5879,3.9086,179.99
933.237,1787815402381,0.2791,3.6598,3.9087,179.99
933.337,1787815402481,0.2791,3.7080,3.9087,180.00
933.437,1787815402581,0.2790,3.7682,3.9087,180.00
933.538,1787815402681,0.2790,3.8285,3.9088,180.00
933.638,1787815402781,0.2789,3.8728,3.9088,180.00
933.738,1787815402882,0.2789,3.9251,3.9088,180.00
933.838,1787815402982,0.2788,4.0016,3.9089,180.00
933.938,1787815403082,0.2788,4.0622,3.9089,180.00
934.038,1787815403182,0.2787,4.1109,3.9089,180.00
934.138,1787815403282,0.2787,4.1798,3.9090,180.00
934.238,1787815403382,0.2787,4.2245,3.9090,180.00
934.339,1787815403482,0.2786,4.2854,3.9091,180.00
934.439,1787815403582,0.2786,4.3462,3.9091,180.00
934.539,1787815403682,0.2786,4.3949,3.9091,180.00
934.639,1787815403783,0.2786,4.4723,3.9092,180.00
934.739,1787815403883,0.2786,4.5212,3.9092,180.00
934.839,1787815403983,0.2786,4.5865,3.9093,180.00
934.939,1787815404083,0.2786,4.6477,3.9093,180.00
935.040,1787815404183,0.2787,4.7172,3.9093,179.99
935.140,1787815404283,0.2788,4.7868,3.9093,179.99
935.240,1787815404384,0.2788,4.8523,3.9093,179.99
935.340,1787815404484,0.2789,4.9056,3.9093,179.99
935.441,1787815404584,0.2790,4.9791,3.9093,179.99
935.541,1787815404684,0.2790,5.0157,3.9093,179.99
935.641,1787815404784,0.2791,5.0763,3.9093,179.99
935.741,1787815404885,0.2792,5.1286,3.9093,179.99
935.842,1787815404986,0.2793,5.1969,3.9093,180.00
935.942,1787815405086,0.2794,5.2613,3.9094,180.00
936.042,1787815405186,0.2795,5.3097,3.9094,180.00
936.142,1787815405286,0.2796,5.3743,3.9094,180.00
936.242,1787815405386,0.2797,5.4186,3.9094,180.00
936.343,1787815405486,0.2798,5.4830,3.9094,180.00
936.443,1787815405586,0.2799,5.5272,3.9093,180.00
936.543,1787815405686,0.2800,5.5953,3.9093,180.00
936.643,1787815405787,0.2800,5.6433,3.9093,180.00
936.743,1787815405887,0.2802,5.7114,3.9093,180.00
936.843,1787815405987,0.2803,5.7678,3.9093,180.00
936.943,1787815406087,0.2803,5.8161,3.9093,180.00
937.043,1787815406187,0.2804,5.8885,3.9093,180.00
937.143,1787815406287,0.2805,5.9449,3.9093,180.00
937.244,1787815406387,0.2806,6.0012,3.9093,180.00
937.344,1787815406488,0.2806,6.0537,3.9093,180.00
937.444,1787815406588,0.2807,6.1141,3.9093,179.99
937.544,1787815406688,0.2808,6.1909,3.9093,179.99
937.644,1787815406788,0.2808,6.2475,3.9093,179.99
937.744,1787815406888,0.2809,6.3002,3.9093,179.99
937.845,1787815406988,0.2809,6.3530,3.9093,179.99
937.945,1787815407088,0.2809,6.4178,3.9093,179.99
938.045,1787815407188,0.2809,6.4908,3.9093,179.99
938.145,1787815407288,0.2809,6.5558,3.9093,179.99
938.245,1787815407389,0.2810,6.6248,3.9093,179.99
938.345,1787815407489,0.2810,6.6817,3.9093,180.00
938.445,1787815407589,0.2810,6.7384,3.9093,180.00
938.545,1787815407689,0.2810,6.8028,3.9093,180.00
938.646,1787815407789,0.2810,6.8590,3.9093,180.00
938.746,1787815407889,0.2810,6.9190,3.9093,180.00
938.846,1787815407989,0.2809,6.9832,3.9093,180.00
938.946,1787815408090,0.2809,7.0393,3.9093,180.00
939.046,1787815408190,0.2809,7.1033,3.9093,180.00
939.146,1787815408290,0.2808,7.1674,3.9093,180.00
939.246,1787815408390,0.2807,7.2273,3.9094,180.00
939.347,1787815408490,0.2807,7.2949,3.9094,180.00
939.447,1787815408590,0.2806,7.3266,3.9094,180.00
939.547,1787815408690,0.2805,7.3976,3.9094,180.00
939.647,1787815408791,0.2804,7.4527,3.9094,179.99
939.747,1787815408891,0.2803,7.5118,3.9094,179.99
939.847,1787815408991,0.2802,7.5708,3.9095,179.99
939.947,1787815409091,0.2801,7.6140,3.9095,179.99
940.048,1787815409191,0.2800,7.6808,3.9095,179.99
940.148,1787815409291,0.2799,7.7278,3.9095,179.99
940.248,1787815409391,0.2798,7.7944,3.9096,179.99
940.348,1787815409492,0.2797,7.8336,3.9096,179.99
940.448,1787815409592,0.2795,7.8966,3.9096,179.99
940.548,1787815409692,0.2794,7.9438,3.9096,179.99
940.648,1787815409792,0.2793,8.0070,3.9096,179.99
940.748,1787815409892,0.2791,8.0791,3.9095,179.99
940.848,1787815409992,0.2790,8.1359,3.9095,179.99
940.948,1787815410092,0.2789,8.1969,3.9094,179.99
941.049,1787815410192,0.2788,8.2575,3.9094,179.99
941.149,1787815410292,0.2787,8.3132,3.9094,179.99
941.249,1787815410393,0.2785,8.3791,3.9095,179.99
941.349,1787815410493,0.2784,8.4206,3.9095,179.99
941.449,1787815410593,0.2783,8.4863,3.9096,179.99
941.549,1787815410693,0.2782,8.5215,3.9096,179.99
941.653,1787815410796,0.2781,8.5725,3.9097,179.99
941.753,1787815410896,0.2780,8.5889,3.9097,179.99
941.853,1787815410997,0.2779,8.6429,3.9098,179.99
941.953,1787815411097,0.2779,8.6879,3.9098,179.99
942.053,1787815411197,0.2778,8.7329,3.9099,179.99
942.153,1787815411297,0.2777,8.7749,3.9099,180.00
942.253,1787815411397,0.2776,8.8019,3.9099,180.00
942.353,1787815411497,0.2775,8.8384,3.9099,180.00
942.453,1787815411597,0.2775,8.8699,3.9099,180.00
942.554,1787815411697,0.2775,8.8949,3.9098,180.00
942.654,1787815411797,0.2775,8.9213,3.9098,180.00
942.754,1787815411897,0.2775,8.9466,3.9097,180.00
942.854,1787815411998,0.2775,8.9676,3.9096,180.00
942.954,1787815412098,0.2775,8.9778,3.9095,180.00
943.054,1787815412198,0.2775,8.9973,3.9094,-180.00
943.154,1787815412298,0.2775,9.0110,3.9092,-180.00
943.255,1787815412398,0.2775,9.0237,3.9091,-180.00
943.355,1787815412498,0.2775,9.0330,3.9090,-179.99
943.455,1787815412599,0.2775,9.0425,3.9089,-179.99
943.555,1787815412699,0.2776,9.0491,3.9088,-179.99
943.655,1787815412799,0.2776,9.0529,3.9087,-179.99
943.755,1787815412899,0.2776,9.0568,3.9087,-179.99
943.855,1787815412999,0.2776,9.0598,3.9086,-179.99
943.956,1787815413099,0.2777,9.0618,3.9085,-179.99
944.056,1787815413199,0.2778,9.0624,3.9085,-179.99
944.156,1787815413299,0.2779,9.0620,3.9084,-179.99
944.256,1787815413400,0.2779,9.0613,3.9084,-179.99
944.356,1787815413500,0.2780,9.0593,3.9083,-180.00
944.456,1787815413600,0.2781,9.0567,3.9083,-180.00
944.556,1787815413700,0.2782,9.0533,3.9083,-180.00
944.656,1787815413800,0.2783,9.0491,3.9083,-180.00
944.757,1787815413900,0.2784,9.0454,3.9083,-180.00
944.857,1787815414000,0.2785,9.0410,3.9083,180.00
944.957,1787815414100,0.2786,9.0384,3.9083,180.00
945.057,1787815414201,0.2787,9.0323,3.9083,180.00
945.157,1787815414301,0.2788,9.0285,3.9084,180.00
945.257,1787815414401,0.2789,9.0224,3.9084,179.99
945.358,1787815414501,0.2789,9.0173,3.9084,179.99
945.458,1787815414601,0.2790,9.0127,3.9085,179.99
945.558,1787815414702,0.2790,9.0080,3.9086,179.99
945.658,1787815414802,0.2791,9.0027,3.9086,179.99
945.758,1787815414902,0.2792,8.9972,3.9087,180.00
945.858,1787815415002,0.2792,8.9929,3.9088,180.00
945.958,1787815415102,0.2792,8.9874,3.9088,180.00
946.058,1787815415202,0.2792,8.9836,3.9089,180.00
946.159,1787815415302,0.2792,8.9795,3.9089,180.00
946.259,1787815415402,0.2792,8.9761,3.9090,-180.00
946.359,1787815415503,0.2792,8.9720,3.9090,-180.00
946.459,1787815415603,0.2792,8.9680,3.9091,-180.00
946.559,1787815415703,0.2792,8.9656,3.9091,-179.99
946.659,1787815415803,0.2791,8.9617,3.9092,-179.99
946.759,1787815415903,0.2791,8.9590,3.9092,-179.99
946.859,1787815416003,0.2791,8.9558,3.9093,-179.99
946.960,1787815416103,0.2790,8.9534,3.9094,-179.99
947.060,1787815416203,0.2790,8.9519,3.9094,-179.99
947.160,1787815416303,0.2789,8.9494,3.9095,-179.99
947.260,1787815416404,0.2789,8.9485,3.9095,-179.99
947.360,1787815416504,0.2788,8.9467,3.9096,-179.99
947.460,1787815416604,0.2787,8.9452,3.9096,-179.99
947.560,1787815416704,0.2786,8.9437,3.9097,-179.99
947.661,1787815416804,0.2785,8.9429,3.9097,-179.99
947.761,1787815416905,0.2784,8.9419,3.9097,-179.99
947.861,1787815417005,0.2783,8.9411,3.9097,-179.99
947.961,1787815417105,0.2782,8.9404,3.9098,-179.99
948.061,1787815417205,0.2782,8.9399,3.9098,-179.99
948.162,1787815417305,0.2781,8.9394,3.9098,-179.99
948.262,1787815417405,0.2780,8.9391,3.9098,-179.99
948.362,1787815417505,0.2779,8.9388,3.9098,-179.99
948.462,1787815417606,0.2778,8.9386,3.9098,-180.00
948.562,1787815417706,0.2777,8.9386,3.9098,-180.00
948.662,1787815417806,0.2776,8.9386,3.9097,-180.00
948.762,1787815417906,0.2776,8.9388,3.9097,-180.00
948.862,1787815418006,0.2775,8.9390,3.9097,-180.00
948.962,1787815418106,0.2774,8.9393,3.9097,-180.00
949.063,1787815418206,0.2774,8.9397,3.9096,-180.00
949.163,1787815418306,0.2773,8.9402,3.9096,-180.00
949.263,1787815418406,0.2772,8.9405,3.9096,-180.00
949.363,1787815418507,0.2772,8.9411,3.9095,-180.00
949.463,1787815418607,0.2771,8.9415,3.9095,-180.00
949.563,1787815418707,0.2770,8.9422,3.9094,-180.00
949.663,1787815418807,0.2769,8.9428,3.9094,-180.00
949.764,1787815418907,0.2769,8.9433,3.9094,-180.00
949.864,1787815419008,0.2768,8.9437,3.9094,-180.00
949.964,1787815419108,0.2768,8.9445,3.9094,-180.00
950.064,1787815419208,0.2767,8.9451,3.9093,-180.00
950.164,1787815419308,0.2766,8.9458,3.9093,-180.00
950.264,1787815419408,0.2766,8.9462,3.9093,-180.00
950.364,1787815419508,0.2765,8.9467,3.9093,-180.00
950.465,1787815419608,0.2765,8.9475,3.9093,-180.00
950.565,1787815419708,0.2764,8.9485,3.9092,-180.00
950.665,1787815419808,0.2763,8.9493,3.9092,-180.00
950.765,1787815419909,0.2763,8.9500,3.9092,-180.00
950.865,1787815420009,0.2763,8.9506,3.9092,-180.00
950.965,1787815420109,0.2762,8.9514,3.9092,-179.99
951.065,1787815420209,0.2762,8.9523,3.9093,-179.99
951.165,1787815420309,0.2762,8.9528,3.9093,-179.99
951.265,1787815420409,0.2762,8.9534,3.9093,-179.99
951.366,1787815420509,0.2762,8.9541,3.9093,-179.99
951.466,1787815420609,0.2762,8.9548,3.9094,-179.99
951.566,1787815420709,0.2762,8.9553,3.9094,-179.99
951.666,1787815420810,0.2762,8.9561,3.9094,-179.98
951.766,1787815420910,0.2761,8.9569,3.9095,-179.96
951.866,1787815421010,0.2761,8.9578,3.9096,-179.91
951.967,1787815421110,0.2761,8.9586,3.9098,-179.80
952.067,1787815421210,0.2761,8.9594,3.9102,-179.57
952.167,1787815421310,0.2761,8.9602,3.9111,-178.91
952.267,1787815421411,0.2761,8.9604,3.9119,-178.24
952.367,1787815421511,0.2760,8.9601,3.9130,-177.28
952.467,1787815421611,0.2760,8.9594,3.9140,-176.17
952.567,1787815421711,0.2760,8.9580,3.9155,-174.42
952.667,1787815421811,0.2760,8.9574,3.9161,-173.71
952.767,1787815421911,0.2761,8.9546,3.9181,-170.74
952.868,1787815422011,0.2762,8.9534,3.9189,-169.42
952.968,1787815422111,0.2764,8.9504,3.9206,-166.29
953.068,1787815422211,0.2767,8.9470,3.9221,-162.78
953.168,1787815422312,0.2771,8.9437,3.9232,-159.20
953.268,1787815422412,0.2774,8.9415,3.9239,-156.77
953.368,1787815422512,0.2779,8.9381,3.9246,-152.82
953.468,1787815422612,0.2781,8.9368,3.9247,-151.37
953.568,1787815422712,0.2786,8.9342,3.9249,-148.11
953.668,1787815422812,0.2791,8.9315,3.9249,-144.48
953.769,1787815422912,0.2794,8.9296,3.9247,-141.70
953.869,1787815423012,0.2800,8.9268,3.9241,-137.00
953.969,1787815423113,0.2802,8.9252,3.9237,-134.15
954.069,1787815423213,0.2806,8.9227,3.9227,-128.73
954.169,1787815423313,0.2809,8.9204,3.9215,-123.03
954.269,1787815423413,0.2811,8.9193,3.9207,-119.61
954.369,1787815423513,0.2811,8.9180,3.9195,-114.44
954.469,1787815423613,0.2809,8.9173,3.9187,-110.92
954.570,1787815423713,0.2804,8.9169,3.9176,-106.69
954.670,1787815423813,0.2799,8.9168,3.9168,-103.71
954.770,1787815423914,0.2789,8.9170,3.9159,-100.07
954.870,1787815424014,0.2777,8.9173,3.9150,-96.61
954.970,1787815424114,0.2763,8.9179,3.9142,-93.31
955.070,1787815424214,0.2750,8.9184,3.9135,-90.82
955.170,1787815424314,0.2734,8.9192,3.9128,-87.98
955.270,1787815424414,0.2718,8.9199,3.9122,-85.44
955.371,1787815424514,0.2699,8.9209,3.9115,-82.36
955.471,1787815424614,0.2681,8.9220,3.9108,-79.35
955.571,1787815424715,0.2667,8.9229,3.9103,-76.99
955.671,1787815424815,0.2650,8.9241,3.9097,-73.88
955.771,1787815424915,0.2642,8.9247,3.9094,-72.15
955.871,1787815425015,0.2630,8.9258,3.9089,-69.45
955.971,1787815425115,0.2620,8.9269,3.9085,-66.56
956.072,1787815425216,0.2611,8.9282,3.9081,-63.24
956.172,1787815425316,0.2607,8.9290,3.9078,-61.06
956.273,1787815425416,0.2604,8.9301,3.9076,-58.26
956.373,1787815425516,0.2603,8.9310,3.9074,-55.83
956.473,1787815425616,0.2604,8.9321,3.9072,-52.73
956.573,1787815425717,0.2607,8.9333,3.9070,-49.37
956.673,1787815425817,0.2612,8.9343,3.9069,-46.58
956.773,1787815425917,0.2619,8.9355,3.9068,-43.11
956.873,1787815426017,0.2628,8.9366,3.9067,-40.03
956.973,1787815426117,0.2637,8.9376,3.9067,-36.94
957.074,1787815426217,0.2644,8.9383,3.9066,-34.72
957.174,1787815426317,0.2656,8.9395,3.9065,-30.95
957.274,1787815426417,0.2665,8.9402,3.9064,-28.28
957.374,1787815426518,0.2677,8.9412,3.9063,-24.50
957.474,1787815426618,0.2689,8.9420,3.9063,-20.96
957.574,1787815426718,0.2696,8.9424,3.9062,-18.75
957.675,1787815426818,0.2707,8.9430,3.9062,-15.24
957.775,1787815426918,0.2716,8.9435,3.9062,-12.64
957.875,1787815427018,0.2727,8.9440,3.9063,-9.27
957.975,1787815427119,0.2737,8.9446,3.9065,-6.29
958.075,1787815427219,0.2744,8.9450,3.9068,-4.07
958.175,1787815427319,0.2755,8.9454,3.9076,-0.80
958.275,1787815427419,0.2760,8.9454,3.9080,0.48
958.375,1787815427519,0.2767,8.9450,3.9088,2.31
958.475,1787815427619,0.2769,8.9447,3.9092,2.93
958.576,1787815427719,0.2776,8.9438,3.9102,4.23
958.676,1787815427819,0.2782,8.9421,3.9113,5.28
958.776,1787815427919,0.2788,8.9402,3.9122,5.79
958.876,1787815428020,0.2792,8.9387,3.9129,5.92
958.976,1787815428120,0.2797,8.9364,3.9136,5.83
959.076,1787815428220,0.2801,8.9341,3.9141,5.45
959.176,1787815428320,0.2805,8.9321,3.9143,4.91
959.276,1787815428420,0.2809,8.9300,3.9144,4.17
959.377,1787815428520,0.2811,8.9283,3.9142,3.33
959.477,1787815428620,0.2813,8.9271,3.9139,2.61
959.577,1787815428721,0.2814,8.9261,3.9136,1.89
959.677,1787815428821,0.2815,8.9253,3.9130,1.02
959.777,1787815428921,0.2816,8.9250,3.9124,0.16
959.877,1787815429021,0.2816,8.9251,3.9119,-0.47
959.979,1787815429123,0.2816,8.9254,3.9114,-0.90
960.080,1787815429224,0.2815,8.9260,3.9110,-1.32
960.181,1787815429324,0.2814,8.9271,3.9103,-1.76
960.281,1787815429424,0.2813,8.9286,3.9098,-2.07
960.381,1787815429524,0.2812,8.9303,3.9092,-2.26
960.481,1787815429625,0.2810,8.9323,3.9087,-2.36
960.581,1787815429725,0.2809,8.9339,3.9084,-2.37
960.681,1787815429825,0.2807,8.9362,3.9079,-2.31
960.781,1787815429925,0.2800,8.9388,3.9075,-2.17
960.881,1787815430025,0.2786,8.9413,3.9072,-1.99
960.981,1787815430125,0.2770,8.9438,3.9070,-1.75
961.082,1787815430225,0.2761,8.9455,3.9068,-1.55
961.182,1787815430325,0.2755,8.9473,3.9067,-1.30
961.282,1787815430426,0.2758,8.9485,3.9067,-1.09
961.382,1787815430526,0.2771,8.9497,3.9067,-0.87
961.482,1787815430626,0.2795,8.9509,3.9067,-0.66
961.582,1787815430726,0.2829,8.9518,3.9068,-0.49
961.682,1787815430826,0.2893,8.9530,3.9070,-0.28
961.782,1787815430926,0.2973,8.9539,3.9071,-0.12
961.883,1787815431026,0.3083,8.9548,3.9074,0.02
961.983,1787815431126,0.3192,8.9555,3.9075,0.11
962.083,1787815431226,0.3390,8.9566,3.9077,0.20
962.183,1787815431327,0.3607,8.9576,3.9078,0.25
962.283,1787815431427,0.3812,8.9586,3.9077,0.26
962.383,1787815431527,0.4095,8.9598,3.9074,0.26
962.483,1787815431627,0.4306,8.9606,3.9072,0.24
962.583,1787815431727,0.4611,8.9619,3.9069,0.21
962.683,1787815431827,0.4824,8.9628,3.9067,0.17
962.784,1787815431927,0.5222,8.9644,3.9063,0.11
962.884,1787815432027,0.5449,8.9653,3.9061,0.07
962.984,1787815432128,0.5820,8.9668,3.9058,-0.00
963.084,1787815432228,0.6173,8.9683,3.9056,-0.07
963.184,1787815432328,0.6480,8.9696,3.9055,-0.12
963.284,1787815432428,0.6834,8.9711,3.9054,-0.17
963.384,1787815432528,0.7091,8.9722,3.9053,-0.21
963.484,1787815432628,0.7414,8.9736,3.9053,-0.25
963.585,1787815432728,0.7618,8.9746,3.9053,-0.27
963.685,1787815432828,0.7973,8.9762,3.9053,-0.31
963.785,1787815432928,0.8338,8.9779,3.9054,-0.33
963.885,1787815433029,0.8626,8.9793,3.9055,-0.34
963.985,1787815433129,0.8940,8.9808,3.9056,-0.34
964.085,1787815433229,0.9256,8.9822,3.9057,-0.34
964.185,1787815433329,0.9535,8.9835,3.9058,-0.33
964.285,1787815433429,0.9747,8.9846,3.9059,-0.31
964.386,1787815433529,0.9962,8.9857,3.9060,-0.30
964.486,1787815433629,1.0161,8.9867,3.9061,-0.28
964.586,1787815433730,1.0358,8.9877,3.9062,-0.25
964.686,1787815433830,1.0537,8.9886,3.9063,-0.23
964.786,1787815433930,1.0679,8.9893,3.9063,-0.21
964.887,1787815434031,1.0846,8.9902,3.9064,-0.18
964.987,1787815434131,1.0959,8.9908,3.9065,-0.16
965.087,1787815434231,1.1090,8.9915,3.9065,-0.14
965.187,1787815434331,1.1189,8.9921,3.9065,-0.12
965.287,1787815434431,1.1252,8.9924,3.9065,-0.11
965.388,1787815434531,1.1344,8.9929,3.9065,-0.10
965.488,1787815434632,1.1399,8.9931,3.9065,-0.09
965.588,1787815434732,1.1447,8.9934,3.9065,-0.08
965.688,1787815434832,1.1483,8.9936,3.9065,-0.07
965.788,1787815434932,1.1508,8.9937,3.9065,-0.07
965.888,1787815435032,1.1526,8.9939,3.9065,-0.07
965.989,1787815435132,1.1532,8.9939,3.9066,-0.07
966.089,1787815435232,1.1534,8.9939,3.9066,-0.07
966.189,1787815435333,1.1532,8.9939,3.9066,-0.07
966.289,1787815435433,1.1524,8.9939,3.9066,-0.07
966.389,1787815435533,1.1511,8.9938,3.9066,-0.07
966.490,1787815435633,1.1494,8.9938,3.9066,-0.08
966.590,1787815435733,1.1472,8.9937,3.9066,-0.08
966.690,1787815435834,1.1449,8.9936,3.9067,-0.08
966.790,1787815435934,1.1419,8.9935,3.9067,-0.08
966.890,1787815436034,1.1381,8.9934,3.9067,-0.09
966.990,1787815436134,1.1352,8.9933,3.9068,-0.09
967.090,1787815436234,1.1312,8.9931,3.9068,-0.09
967.191,1787815436334,1.1277,8.9929,3.9069,-0.09
967.291,1787815436434,1.1241,8.9928,3.9069,-0.09
967.391,1787815436535,1.1212,8.9927,3.9070,-0.08
967.491,1787815436635,1.1172,8.9925,3.9071,-0.08
967.591,1787815436735,1.1137,8.9923,3.9072,-0.08
967.691,1787815436835,1.1111,8.9922,3.9073,-0.08
967.791,1787815436935,1.1080,8.9921,3.9074,-0.08
967.892,1787815437036,1.1048,8.9920,3.9074,-0.07
967.992,1787815437136,1.1017,8.9919,3.9075,-0.07
968.092,1787815437236,1.0993,8.9918,3.9076,-0.07
968.192,1787815437336,1.0963,8.9917,3.9076,-0.07
968.292,1787815437436,1.0938,8.9916,3.9077,-0.07
968.393,1787815437536,1.0916,8.9916,3.9077,-0.07
968.493,1787815437636,1.0891,8.9915,3.9078,-0.07
968.593,1787815437736,1.0868,8.9914,3.9078,-0.07
968.693,1787815437837,1.0844,8.9914,3.9079,-0.07
968.793,1787815437937,1.0826,8.9914,3.9079,-0.06
968.893,1787815438037,1.0810,8.9914,3.9080,-0.06
968.993,1787815438137,1.0792,8.9914,3.9081,-0.06
969.094,1787815438238,1.0783,8.9914,3.9081,-0.06
969.194,1787815438338,1.0771,8.9914,3.9081,-0.06
969.294,1787815438438,1.0766,8.9914,3.9081,-0.06
969.394,1787815438538,1.0753,8.9914,3.9082,-0.06
969.495,1787815438638,1.0746,8.9914,3.9082,-0.06
969.597,1787815438740,1.0737,8.9914,3.9082,-0.06
969.697,1787815438841,1.0731,8.9914,3.9083,-0.06
969.797,1787815438941,1.0725,8.9914,3.9083,-0.06
969.897,1787815439041,1.0720,8.9914,3.9083,-0.06
969.997,1787815439141,1.0715,8.9915,3.9084,-0.05
970.097,1787815439241,1.0711,8.9915,3.9084,-0.05
970.197,1787815439341,1.0709,8.9915,3.9084,-0.05
970.298,1787815439441,1.0706,8.9915,3.9084,-0.05
970.398,1787815439541,1.0704,8.9915,3.9085,-0.05
970.498,1787815439641,1.0703,8.9916,3.9085,-0.05
970.598,1787815439742,1.0702,8.9916,3.9085,-0.05
970.698,1787815439842,1.0702,8.9916,3.9086,-0.05
970.798,1787815439942,1.0702,8.9916,3.9086,-0.05
970.898,1787815440042,1.0702,8.9916,3.9087,-0.05
970.998,1787815440142,1.0702,8.9916,3.9087,-0.05
971.098,1787815440242,1.0702,8.9916,3.9088,-0.05
971.199,1787815440342,1.0703,8.9916,3.9089,-0.05
971.299,1787815440442,1.0704,8.9916,3.9089,-0.05
971.399,1787815440543,1.0704,8.9916,3.9090,-0.04
971.499,1787815440643,1.0705,8.9915,3.9091,-0.04
971.599,1787815440743,1.0706,8.9915,3.9091,-0.04
971.699,1787815440843,1.0707,8.9915,3.9092,-0.04
971.799,1787815440943,1.0708,8.9916,3.9093,-0.04
971.899,1787815441043,1.0709,8.9916,3.9093,-0.04
972.000,1787815441143,1.0710,8.9915,3.9094,-0.04
972.100,1787815441243,1.0711,8.9915,3.9094,-0.04
972.200,1787815441343,1.0712,8.9915,3.9094,-0.04
972.300,1787815441444,1.0713,8.9914,3.9095,-0.04
972.400,1787815441544,1.0714,8.9914,3.9095,-0.04
972.500,1787815441644,1.0715,8.9914,3.9095,-0.04
972.600,1787815441744,1.0716,8.9913,3.9095,-0.04
972.700,1787815441844,1.0717,8.9913,3.9095,-0.04
972.801,1787815441944,1.0717,8.9913,3.9095,-0.04
972.901,1787815442045,1.0718,8.9912,3.9095,-0.04
973.001,1787815442145,1.0719,8.9912,3.9095,-0.04
973.101,1787815442245,1.0720,8.9911,3.9095,-0.04
973.201,1787815442345,1.0720,8.9911,3.9096,-0.04
973.301,1787815442445,1.0721,8.9911,3.9096,-0.04
973.402,1787815442546,1.0722,8.9912,3.9096,-0.03
973.502,1787815442646,1.0723,8.9924,3.9096,-0.03
973.602,1787815442746,1.0724,8.9939,3.9097,-0.03
973.702,1787815442846,1.0724,8.9958,3.9099,-0.03
973.802,1787815442946,1.0724,8.9964,3.9100,-0.03
973.902,1787815443046,1.0724,8.9968,3.9102,-0.03
974.003,1787815443146,1.0723,8.9955,3.9104,-0.03
974.103,1787815443247,1.0722,8.9926,3.9107,-0.03
974.203,1787815443347,1.0720,8.9871,3.9110,-0.03
974.303,1787815443447,1.0719,8.9822,3.9112,-0.03
974.403,1787815443547,1.0717,8.9733,3.9114,-0.03
974.503,1787815443647,1.0715,8.9631,3.9117,-0.03
974.603,1787815443747,1.0713,8.9488,3.9119,-0.03
974.704,1787815443847,1.0711,8.9329,3.9122,-0.03
974.804,1787815443947,1.0709,8.9145,3.9124,-0.03
974.904,1787815444048,1.0707,8.8933,3.9125,-0.03
975.004,1787815444148,1.0706,8.8730,3.9127,-0.03
975.104,1787815444248,1.0704,8.8506,3.9127,-0.04
975.204,1787815444348,1.0702,8.8221,3.9128,-0.04
975.304,1787815444448,1.0701,8.7934,3.9128,-0.04
975.404,1787815444548,1.0700,8.7674,3.9128,-0.04
975.505,1787815444648,1.0698,8.7292,3.9128,-0.04
975.605,1787815444748,1.0697,8.6937,3.9127,-0.04
975.705,1787815444848,1.0696,8.6530,3.9126,-0.04
975.805,1787815444949,1.0695,8.6193,3.9124,-0.03
975.905,1787815445049,1.0695,8.5809,3.9123,-0.03
976.005,1787815445149,1.0694,8.5307,3.9121,-0.03
976.105,1787815445249,1.0694,8.4780,3.9119,-0.03
976.205,1787815445349,1.0694,8.4303,3.9117,-0.03
976.306,1787815445449,1.0695,8.3732,3.9114,-0.03
976.406,1787815445549,1.0695,8.3339,3.9112,-0.03
976.506,1787815445649,1.0695,8.2734,3.9109,-0.03
976.606,1787815445750,1.0696,8.2404,3.9108,-0.03
976.706,1787815445850,1.0697,8.1560,3.9104,-0.03
976.806,1787815445950,1.0698,8.1171,3.9103,-0.03
976.906,1787815446050,1.0699,8.0469,3.9101,-0.03
977.006,1787815446150,1.0700,8.0022,3.9099,-0.02
977.107,1787815446250,1.0702,7.9252,3.9097,-0.02
977.207,1787815446350,1.0703,7.8607,3.9096,-0.03
977.307,1787815446450,1.0705,7.8048,3.9095,-0.03
977.407,1787815446551,1.0707,7.7343,3.9094,-0.03
977.507,1787815446651,1.0709,7.6535,3.9093,-0.03
977.607,1787815446751,1.0711,7.5720,3.9092,-0.03
977.707,1787815446851,1.0714,7.4900,3.9092,-0.03
977.807,1787815446951,1.0715,7.4319,3.9092,-0.03
977.908,1787815447051,1.0718,7.3402,3.9092,-0.03
978.008,1787815447151,1.0720,7.2969,3.9092,-0.03
978.108,1787815447251,1.0722,7.2250,3.9092,-0.03
978.208,1787815447352,1.0725,7.1440,3.9092,-0.03
978.308,1787815447452,1.0728,7.0635,3.9093,-0.03
978.408,1787815447552,1.0731,6.9834,3.9093,-0.03
978.508,1787815447652,1.0732,6.9459,3.9094,-0.03
978.608,1787815447752,1.0735,6.8716,3.9094,-0.03
978.708,1787815447852,1.0737,6.8119,3.9094,-0.03
978.809,1787815447952,1.0739,6.7527,3.9095,-0.03
978.909,1787815448052,1.0741,6.6895,3.9095,-0.03
979.009,1787815448152,1.0743,6.6357,3.9095,-0.03
979.109,1787815448253,1.0745,6.5777,3.9096,-0.03
979.209,1787815448353,1.0747,6.5201,3.9096,-0.03
979.309,1787815448453,1.0749,6.4628,3.9096,-0.03
979.409,1787815448553,1.0751,6.3972,3.9096,-0.03
979.509,1787815448653,1.0753,6.3318,3.9096,-0.03
979.610,1787815448753,1.0754,6.2754,3.9096,-0.03
979.710,1787815448853,1.0756,6.1975,3.9096,-0.02
979.810,1787815448953,1.0758,6.1283,3.9096,-0.02
979.910,1787815449054,1.0760,6.0810,3.9096,-0.02
980.010,1787815449154,1.0762,6.0124,3.9096,-0.02
980.110,1787815449254,1.0763,5.9486,3.9095,-0.02
980.211,1787815449355,1.0765,5.8767,3.9095,-0.02
980.311,1787815449455,1.0766,5.8220,3.9094,-0.02
980.411,1787815449555,1.0768,5.7633,3.9094,-0.02
980.511,1787815449655,1.0769,5.6880,3.9093,-0.02
980.612,1787815449755,1.0770,5.6338,3.9092,-0.02
980.712,1787815449855,1.0771,5.5632,3.9092,-0.01
980.812,1787815449955,1.0772,5.5301,3.9091,-0.01
980.912,1787815450056,1.0774,5.4602,3.9091,-0.01
981.012,1787815450156,1.0775,5.3946,3.9090,-0.01
981.112,1787815450256,1.0776,5.3415,3.9090,-0.01
981.212,1787815450356,1.0777,5.2763,3.9090,-0.01
981.312,1787815450456,1.0778,5.2276,3.9089,-0.01
981.413,1787815450556,1.0780,5.1548,3.9089,-0.01
981.513,1787815450656,1.0781,5.1143,3.9089,-0.01
981.613,1787815450757,1.0783,5.0417,3.9089,-0.01
981.713,1787815450857,1.0784,4.9853,3.9089,-0.01
981.813,1787815450957,1.0786,4.9291,3.9089,-0.01
981.913,1787815451057,1.0788,4.8608,3.9089,-0.01
982.013,1787815451157,1.0790,4.8046,3.9090,-0.02
982.113,1787815451257,1.0791,4.7445,3.9090,-0.02
982.214,1787815451357,1.0793,4.6886,3.9090,-0.02
982.314,1787815451457,1.0795,4.6288,3.9091,-0.02
982.414,1787815451557,1.0797,4.5612,3.9091,-0.02
982.514,1787815451658,1.0798,4.5055,3.9091,-0.01
982.614,1787815451758,1.0800,4.4419,3.9092,-0.01
982.715,1787815451858,1.0802,4.3864,3.9092,-0.01
982.815,1787815451958,1.0804,4.3349,3.9092,-0.01
982.915,1787815452058,1.0805,4.2715,3.9092,-0.01
983.015,1787815452159,1.0807,4.2280,3.9092,-0.01
983.115,1787815452259,1.0809,4.1570,3.9093,-0.01
983.215,1787815452359,1.0810,4.1137,3.9093,-0.01
983.315,1787815452459,1.0812,4.0427,3.9093,-0.01
983.416,1787815452559,1.0814,3.9716,3.9093,-0.01
983.516,1787815452659,1.0816,3.9202,3.9093,-0.01
983.616,1787815452759,1.0817,3.8611,3.9093,-0.01
983.716,1787815452860,1.0819,3.8099,3.9093,-0.01
983.816,1787815452960,1.0821,3.7432,3.9093,-0.00
983.916,1787815453060,1.0823,3.6843,3.9094,-0.00
984.016,1787815453160,1.0824,3.6332,3.9094,-0.00
984.116,1787815453260,1.0826,3.5742,3.9094,-0.00
984.216,1787815453360,1.0827,3.5311,3.9094,-0.00
984.317,1787815453460,1.0829,3.4647,3.9094,-0.00
984.417,1787815453560,1.0831,3.4061,3.9095,-0.00
984.517,1787815453660,1.0832,3.3512,3.9095,-0.00
984.617,1787815453761,1.0834,3.2882,3.9095,-0.00
984.717,1787815453861,1.0836,3.2292,3.9096,-0.00
984.817,1787815453961,1.0837,3.1663,3.9096,-0.00
984.917,1787815454061,1.0839,3.1033,3.9096,-0.00
985.017,1787815454161,1.0840,3.0521,3.9097,-0.00
985.117,1787815454261,1.0841,2.9930,3.9097,-0.00
985.218,1787815454361,1.0842,2.9498,3.9097,-0.00
985.318,1787815454461,1.0844,2.8792,3.9097,-0.00
985.418,1787815454562,1.0845,2.8243,3.9097,-0.00
985.518,1787815454662,1.0846,2.7692,3.9097,-0.00
985.618,1787815454762,1.0848,2.7061,3.9097,-0.00
985.718,1787815454862,1.0849,2.6588,3.9098,-0.00
985.818,1787815454962,1.0850,2.5958,3.9098,-0.01
985.919,1787815455062,1.0850,2.5485,3.9098,-0.01
986.019,1787815455162,1.0852,2.4817,3.9098,-0.01
986.119,1787815455262,1.0853,2.4227,3.9098,-0.01
986.220,1787815455364,1.0854,2.3793,3.9098,-0.01
986.320,1787815455464,1.0855,2.3198,3.9098,-0.01
986.420,1787815455564,1.0857,2.2564,3.9098,-0.01
986.520,1787815455664,1.0858,2.1968,3.9098,-0.01
986.621,1787815455764,1.0859,2.1489,3.9098,-0.01
986.721,1787815455864,1.0860,2.0850,3.9098,-0.01
986.821,1787815455965,1.0861,2.0253,3.9098,-0.01
986.921,1787815456065,1.0863,1.9774,3.9098,-0.01
987.021,1787815456165,1.0864,1.9056,3.9098,-0.01
987.121,1787815456265,1.0865,1.8777,3.9098,-0.01
987.221,1787815456365,1.0867,1.8138,3.9098,-0.01
987.321,1787815456465,1.0868,1.7581,3.9098,-0.01
987.422,1787815456565,1.0870,1.6862,3.9098,-0.01
987.522,1787815456665,1.0872,1.6219,3.9098,-0.01
987.622,1787815456766,1.0873,1.5693,3.9097,-0.01
987.722,1787815456866,1.0875,1.5005,3.9097,-0.00
987.822,1787815456966,1.0877,1.4317,3.9097,-0.00
987.922,1787815457066,1.0879,1.3790,3.9097,-0.00
988.022,1787815457166,1.0880,1.3223,3.9097,-0.00
988.122,1787815457266,1.0882,1.2737,3.9097,-0.00
988.223,1787815457366,1.0883,1.2092,3.9097,-0.00
988.323,1787815457466,1.0885,1.1567,3.9097,-0.00
988.424,1787815457568,1.0886,1.0921,3.9097,-0.01
988.525,1787815457668,1.0887,1.0437,3.9097,-0.01
988.625,1787815457768,1.0889,0.9751,3.9097,-0.01
988.725,1787815457868,1.0891,0.9144,3.9097,-0.01
988.825,1787815457968,1.0892,0.8658,3.9097,-0.01
988.925,1787815458069,1.0894,0.8008,3.9097,-0.01
989.025,1787815458169,1.0896,0.7481,3.9097,-0.01
989.125,1787815458269,1.0898,0.6913,3.9097,-0.01
989.225,1787815458369,1.0898,0.6629,3.9097,-0.01
989.325,1787815458469,1.0901,0.5901,3.9097,-0.01
989.425,1787815458569,1.0903,0.5214,3.9097,-0.01
989.526,1787815458669,1.0904,0.4727,3.9097,-0.01
989.626,1787815458769,1.0906,0.4033,3.9097,-0.01
989.726,1787815458869,1.0908,0.3500,3.9097,-0.01
989.826,1787815458970,1.0910,0.2803,3.9098,-0.00
989.926,1787815459070,1.0911,0.2352,3.9098,-0.00
990.026,1787815459170,1.0913,0.1736,3.9098,-0.00
990.126,1787815459270,1.0915,0.1203,3.9098,-0.00
990.226,1787815459370,1.0917,0.0588,3.9098,-0.00
990.327,1787815459470,1.0919,-0.0153,3.9098,-0.00
990.427,1787815459570,1.0920,-0.0566,3.9098,-0.00
990.527,1787815459670,1.0922,-0.1227,3.9097,-0.00
990.627,1787815459771,1.0924,-0.1929,3.9097,-0.00
990.727,1787815459871,1.0926,-0.2466,3.9097,-0.00
990.827,1787815459971,1.0927,-0.3045,3.9097,-0.00
990.927,1787815460071,1.0928,-0.3540,3.9097,-0.00
991.027,1787815460171,1.0930,-0.4282,3.9097,-0.00
991.128,1787815460271,1.0931,-0.4653,3.9097,-0.00
991.228,1787815460371,1.0932,-0.5229,3.9097,-0.01
991.328,1787815460472,1.0933,-0.5721,3.9097,-0.01
991.428,1787815460572,1.0934,-0.6336,3.9098,-0.01
991.528,1787815460672,1.0935,-0.6912,3.9098,-0.01
991.628,1787815460772,1.0936,-0.7488,3.9098,-0.01
991.729,1787815460872,1.0937,-0.8109,3.9099,-0.01
991.829,1787815460972,1.0938,-0.8688,3.9099,-0.01
991.929,1787815461072,1.0939,-0.9310,3.9099,-0.01
992.029,1787815461173,1.0940,-0.9809,3.9099,-0.01
992.129,1787815461273,1.0941,-1.0515,3.9099,-0.01
992.229,1787815461373,1.0942,-1.1139,3.9099,-0.01
992.329,1787815461473,1.0943,-1.1890,3.9099,-0.01
992.429,1787815461573,1.0945,-1.2643,3.9099,-0.01
992.529,1787815461673,1.0945,-1.3105,3.9099,-0.01
992.630,1787815461773,1.0947,-1.3859,3.9099,-0.01
992.730,1787815461873,1.0948,-1.4484,3.9099,-0.01
992.830,1787815461973,1.0949,-1.4942,3.9099,-0.01
992.930,1787815462074,1.0950,-1.5438,3.9099,-0.00
993.030,1787815462174,1.0951,-1.6056,3.9098,-0.00
993.130,1787815462274,1.0953,-1.6875,3.9098,-0.00
993.230,1787815462374,1.0954,-1.7285,3.9098,-0.00
993.330,1787815462474,1.0955,-1.7941,3.9098,-0.00
993.431,1787815462574,1.0957,-1.8432,3.9097,-0.00
993.533,1787815462676,1.0958,-1.9085,3.9097,-0.00
993.633,1787815462777,1.0960,-1.9775,3.9097,-0.00
993.733,1787815462877,1.0961,-2.0182,3.9097,-0.00
993.833,1787815462977,1.0962,-2.0831,3.9096,-0.00
993.933,1787815463077,1.0964,-2.1478,3.9096,-0.00
994.033,1787815463177,1.0966,-2.2046,3.9096,-0.00
994.133,1787815463277,1.0967,-2.2573,3.9095,-0.00
994.233,1787815463377,1.0968,-2.3221,3.9095,-0.00
994.334,1787815463477,1.0970,-2.3951,3.9095,-0.01
994.434,1787815463577,1.0971,-2.4275,3.9094,-0.01
994.534,1787815463678,1.0973,-2.4962,3.9094,-0.01
994.634,1787815463778,1.0974,-2.5565,3.9094,-0.01
994.734,1787815463878,1.0976,-2.6208,3.9094,-0.01
994.834,1787815463978,1.0978,-2.6893,3.9093,-0.00
994.934,1787815464078,1.0980,-2.7540,3.9093,-0.00
995.034,1787815464178,1.0981,-2.8106,3.9093,-0.00
995.135,1787815464278,1.0983,-2.8753,3.9093,-0.00
995.235,1787815464378,1.0984,-2.9319,3.9092,-0.00
995.335,1787815464478,1.0986,-3.0003,3.9092,-0.00
995.435,1787815464579,1.0988,-3.0525,3.9092,-0.00
995.535,1787815464679,1.0989,-3.1005,3.9091,-0.00
995.635,1787815464779,1.0991,-3.1603,3.9091,-0.00
995.736,1787815464879,1.0992,-3.2200,3.9091,-0.00
995.836,1787815464979,1.0994,-3.2917,3.9091,-0.00
995.936,1787815465079,1.0995,-3.3234,3.9091,-0.00
996.036,1787815465180,1.0996,-3.3828,3.9091,-0.00
996.136,1787815465280,1.0997,-3.4302,3.9092,-0.00
996.236,1787815465380,1.0999,-3.5013,3.9092,0.00
996.336,1787815465480,1.1000,-3.5250,3.9092,0.00
996.437,1787815465580,1.1001,-3.5921,3.9093,0.00
996.537,1787815465680,1.1002,-3.6317,3.9093,0.00
996.637,1787815465780,1.1004,-3.7072,3.9094,0.00
996.737,1787815465881,1.1005,-3.7714,3.9095,0.00
996.837,1787815465981,1.1007,-3.8239,3.9095,0.00
996.937,1787815466081,1.1008,-3.8887,3.9095,-0.00
997.037,1787815466181,1.1010,-3.9455,3.9096,-0.00
997.137,1787815466281,1.1011,-3.9982,3.9096,-0.00
997.237,1787815466381,1.1012,-4.0633,3.9097,-0.00
997.337,1787815466481,1.1014,-4.1286,3.9097,0.00
997.438,1787815466581,1.1015,-4.1900,3.9097,0.00
997.538,1787815466682,1.1017,-4.2556,3.9098,0.00
997.638,1787815466782,1.1018,-4.3090,3.9098,0.00
997.738,1787815466882,1.1020,-4.3624,3.9098,0.00
997.838,1787815466982,1.1021,-4.4239,3.9098,0.00
997.939,1787815467082,1.1023,-4.4934,3.9098,0.00
998.039,1787815467182,1.1024,-4.5384,3.9098,0.01
998.139,1787815467283,1.1027,-4.6161,3.9098,0.01
998.239,1787815467383,1.1028,-4.6489,3.9098,0.01
998.339,1787815467483,1.1030,-4.7224,3.9098,0.01
998.440,1787815467583,1.1031,-4.7550,3.9098,0.01
998.542,1787815467686,1.1033,-4.8242,3.9098,0.01
998.642,1787815467786,1.1034,-4.8568,3.9098,0.01
998.743,1787815467886,1.1036,-4.9259,3.9099,0.01
998.843,1787815467986,1.1038,-4.9748,3.9099,0.01
998.943,1787815468086,1.1040,-5.0403,3.9100,0.01
999.043,1787815468187,1.1042,-5.1228,3.9100,0.01
999.143,1787815468287,1.1043,-5.1602,3.9100,0.01
999.247,1787815468391,1.1045,-5.2349,3.9100,0.01
999.347,1787815468491,1.1047,-5.2889,3.9101,0.01
999.448,1787815468591,1.1049,-5.3595,3.9101,0.01
999.548,1787815468691,1.1050,-5.4135,3.9101,0.01
999.648,1787815468791,1.1052,-5.4677,3.9101,0.01
999.748,1787815468892,1.1053,-5.5344,3.9100,0.01
999.848,1787815468992,1.1055,-5.5884,3.9100,0.01
999.948,1787815469092,1.1056,-5.6549,3.9100,0.01
1000.048,1787815469192,1.1058,-5.7171,3.9100,0.01
1000.148,1787815469292,1.1059,-5.7710,3.9100,0.01
1000.248,1787815469392,1.1061,-5.8415,3.9100,0.01
1000.349,1787815469492,1.1062,-5.9080,3.9100,0.01
1000.449,1787815469592,1.1064,-5.9786,3.9099,0.01
1000.549,1787815469693,1.1065,-6.0409,3.9099,0.01
1000.649,1787815469793,1.1066,-6.0906,3.9099,0.01
1000.749,1787815469893,1.1068,-6.1649,3.9098,0.01
1000.849,1787815469993,1.1068,-6.2101,3.9098,0.01
1000.949,1787815470093,1.1070,-6.2878,3.9098,0.01
1001.049,1787815470193,1.1070,-6.3491,3.9098,0.01
1001.150,1787815470293,1.1071,-6.3982,3.9098,0.01
1001.250,1787815470393,1.1072,-6.4674,3.9097,0.01
1001.350,1787815470494,1.1073,-6.5120,3.9097,0.01
1001.451,1787815470595,1.1073,-6.5807,3.9097,0.01
1001.551,1787815470695,1.1074,-6.6291,3.9097,0.01
1001.651,1787815470795,1.1075,-6.6813,3.9097,0.02
1001.751,1787815470895,1.1075,-6.7494,3.9096,0.02
1001.851,1787815470995,1.1076,-6.8096,3.9096,0.02
1001.951,1787815471095,1.1077,-6.8697,3.9096,0.02
1002.052,1787815471195,1.1077,-6.8978,3.9096,0.02
1002.152,1787815471295,1.1078,-6.9697,3.9096,0.02
1002.252,1787815471395,1.1078,-7.0056,3.9096,0.02
1002.352,1787815471496,1.1079,-7.0734,3.9095,0.02
1002.452,1787815471596,1.1080,-7.1253,3.9095,0.02
1002.552,1787815471696,1.1081,-7.1772,3.9095,0.02
1002.652,1787815471796,1.1081,-7.2253,3.9096,0.02
1002.752,1787815471896,1.1082,-7.2936,3.9096,0.02
1002.853,1787815471996,1.1083,-7.3664,3.9096,0.02
1002.953,1787815472096,1.1084,-7.4234,3.9096,0.02
1003.053,1787815472196,1.1085,-7.4848,3.9096,0.02
1003.153,1787815472297,1.1086,-7.5462,3.9096,0.02
1003.253,1787815472397,1.1088,-7.6117,3.9096,0.01
1003.353,1787815472497,1.1089,-7.6854,3.9096,0.01
1003.453,1787815472597,1.1090,-7.7387,3.9095,0.01
1003.554,1787815472697,1.1091,-7.7919,3.9095,0.01
1003.654,1787815472797,1.1092,-7.8533,3.9095,0.01
1003.754,1787815472898,1.1093,-7.9186,3.9095,0.01
1003.854,1787815472998,1.1094,-7.9918,3.9095,0.01
1003.954,1787815473098,1.1095,-8.0490,3.9095,0.01
1004.054,1787815473198,1.1096,-8.1026,3.9094,0.01
1004.155,1787815473298,1.1097,-8.1317,3.9094,0.01
1004.255,1787815473398,1.1098,-8.2022,3.9093,0.01
1004.355,1787815473498,1.1099,-8.2680,3.9093,0.01
1004.455,1787815473598,1.1100,-8.3125,3.9093,0.01
1004.555,1787815473699,1.1100,-8.3758,3.9093,0.01
1004.655,1787815473799,1.1101,-8.4333,3.9094,0.01
1004.755,1787815473899,1.1102,-8.4960,3.9094,0.01
1004.855,1787815473999,1.1103,-8.5420,3.9095,0.01
1004.956,1787815474100,1.1104,-8.5995,3.9096,0.01
1005.056,1787815474200,1.1104,-8.6538,3.9096,0.01
1005.156,1787815474300,1.1105,-8.6901,3.9097,0.01
1005.256,1787815474400,1.1106,-8.7331,3.9097,0.02
1005.356,1787815474500,1.1106,-8.7707,3.9098,0.02
1005.457,1787815474600,1.1107,-8.8057,3.9098,0.02
1005.557,1787815474700,1.1107,-8.8361,3.9098,0.02
1005.657,1787815474800,1.1107,-8.8580,3.9098,0.02
1005.757,1787815474901,1.1107,-8.8924,3.9097,0.02
1005.857,1787815475001,1.1107,-8.9250,3.9096,0.02
1005.957,1787815475101,1.1107,-8.9462,3.9095,0.03
1006.058,1787815475201,1.1106,-8.9682,3.9094,0.03
1006.158,1787815475301,1.1106,-8.9839,3.9094,0.03
1006.258,1787815475401,1.1106,-9.0035,3.9092,0.03
1006.358,1787815475502,1.1106,-9.0174,3.9091,0.03
1006.458,1787815475602,1.1105,-9.0316,3.9090,0.03
1006.558,1787815475702,1.1105,-9.0401,3.9089,0.03
1006.659,1787815475802,1.1105,-9.0483,3.9088,0.03
1006.759,1787815475902,1.1105,-9.0550,3.9087,0.03
1006.859,1787815476003,1.1105,-9.0608,3.9086,0.03
1006.959,1787815476103,1.1105,-9.0653,3.9085,0.03
1007.059,1787815476203,1.1105,-9.0668,3.9085,0.03
1007.159,1787815476303,1.1105,-9.0680,3.9084,0.03
1007.259,1787815476403,1.1106,-9.0680,3.9084,0.03
1007.360,1787815476503,1.1106,-9.0669,3.9083,0.03
1007.460,1787815476603,1.1106,-9.0647,3.9083,0.03
1007.560,1787815476703,1.1107,-9.0617,3.9083,0.03
1007.660,1787815476804,1.1107,-9.0582,3.9083,0.03
1007.760,1787815476904,1.1107,-9.0553,3.9083,0.02
1007.860,1787815477004,1.1108,-9.0518,3.9083,0.02
1007.960,1787815477104,1.1108,-9.0480,3.9084,0.02
1008.061,1787815477204,1.1109,-9.0434,3.9084,0.02
1008.161,1787815477304,1.1110,-9.0385,3.9085,0.01
1008.261,1787815477404,1.1111,-9.0339,3.9085,0.01
1008.361,1787815477505,1.1112,-9.0277,3.9086,0.01
1008.461,1787815477605,1.1113,-9.0211,3.9087,0.01
1008.562,1787815477706,1.1114,-9.0153,3.9088,0.01
1008.662,1787815477806,1.1115,-9.0098,3.9089,0.01
1008.762,1787815477906,1.1116,-9.0066,3.9089,0.01
1008.863,1787815478006,1.1116,-9.0017,3.9089,0.01
1008.963,1787815478106,1.1117,-8.9977,3.9090,0.01
1009.063,1787815478206,1.1118,-8.9915,3.9091,0.01
1009.163,1787815478307,1.1119,-8.9881,3.9091,0.01
1009.263,1787815478407,1.1119,-8.9830,3.9092,0.01
1009.363,1787815478507,1.1120,-8.9794,3.9092,0.01
1009.463,1787815478607,1.1120,-8.9763,3.9092,0.02
1009.563,1787815478707,1.1121,-8.9725,3.9093,0.02
1009.664,1787815478807,1.1121,-8.9693,3.9093,0.02
1009.764,1787815478907,1.1121,-8.9659,3.9093,0.02
1009.864,1787815479007,1.1121,-8.9633,3.9093,0.02
1009.964,1787815479108,1.1122,-8.9604,3.9093,0.03
1010.064,1787815479208,1.1122,-8.9586,3.9093,0.03
1010.164,1787815479308,1.1123,-8.9563,3.9092,0.03
1010.264,1787815479408,1.1123,-8.9546,3.9092,0.03
1010.365,1787815479508,1.1124,-8.9530,3.9092,0.03
1010.465,1787815479608,1.1124,-8.9513,3.9092,0.03
1010.565,1787815479709,1.1125,-8.9497,3.9092,0.03
1010.667,1787815479811,1.1126,-8.9483,3.9092,0.02
1010.767,1787815479911,1.1126,-8.9472,3.9092,0.02
1010.868,1787815480011,1.1126,-8.9465,3.9092,0.02
1010.968,1787815480111,1.1127,-8.9457,3.9092,0.02
1011.068,1787815480212,1.1127,-8.9452,3.9092,0.02
1011.168,1787815480312,1.1128,-8.9448,3.9092,0.01
1011.268,1787815480412,1.1128,-8.9445,3.9092,0.01
1011.368,1787815480512,1.1129,-8.9443,3.9091,0.01
1011.469,1787815480612,1.1130,-8.9442,3.9091,0.01
1011.569,1787815480712,1.1130,-8.9442,3.9091,0.01
1011.669,1787815480812,1.1130,-8.9443,3.9091,0.01
1011.769,1787815480913,1.1130,-8.9445,3.9091,0.01
1011.869,1787815481013,1.1131,-8.9448,3.9091,0.01
1011.969,1787815481113,1.1131,-8.9450,3.9092,0.01
1012.069,1787815481213,1.1131,-8.9454,3.9092,0.01
1012.169,1787815481313,1.1132,-8.9459,3.9092,0.01
1012.270,1787815481413,1.1132,-8.9464,3.9092,0.01
1012.370,1787815481513,1.1132,-8.9469,3.9092,0.01
1012.470,1787815481614,1.1132,-8.9472,3.9092,0.01
1012.570,1787815481714,1.1132,-8.9479,3.9092,0.01
1012.670,1787815481814,1.1133,-8.9484,3.9092,0.01
1012.771,1787815481915,1.1133,-8.9490,3.9092,0.01
1012.871,1787815482015,1.1133,-8.9495,3.9092,0.01
1012.971,1787815482115,1.1133,-8.9501,3.9092,0.01
1013.071,1787815482215,1.1133,-8.9506,3.9092,0.01
1013.171,1787815482315,1.1134,-8.9513,3.9092,0.01
1013.272,1787815482415,1.1134,-8.9519,3.9092,0.01
1013.372,1787815482515,1.1134,-8.9525,3.9092,0.01
1013.472,1787815482616,1.1134,-8.9534,3.9092,0.01
1013.572,1787815482716,1.1134,-8.9539,3.9092,0.02
1013.672,1787815482816,1.1134,-8.9548,3.9092,0.02
1013.772,1787815482916,1.1134,-8.9557,3.9092,0.02
1013.872,1787815483016,1.1134,-8.9562,3.9092,0.02
1013.972,1787815483116,1.1134,-8.9571,3.9092,0.02
1014.073,1787815483216,1.1134,-8.9578,3.9092,0.02
1014.173,1787815483316,1.1134,-8.9585,3.9092,0.02
1014.273,1787815483417,1.1134,-8.9589,3.9092,0.02
1014.373,1787815483517,1.1134,-8.9595,3.9092,0.02
1014.473,1787815483617,1.1135,-8.9602,3.9092,0.02
1014.574,1787815483718,1.1135,-8.9608,3.9092,0.02
1014.674,1787815483818,1.1135,-8.9615,3.9092,0.02
1014.774,1787815483918,1.1135,-8.9621,3.9092,0.02
1014.874,1787815484018,1.1135,-8.9628,3.9092,0.02
1014.974,1787815484118,1.1136,-8.9630,3.9092,0.02
1015.075,1787815484218,1.1136,-8.9641,3.9089,0.02
1015.175,1787815484318,1.1136,-8.9651,3.9082,0.02
1015.275,1787815484418,1.1136,-8.9659,3.9066,0.02
1015.375,1787815484519,1.1136,-8.9664,3.9045,0.01
1015.475,1787815484619,1.1136,-8.9666,3.9013,0.01
1015.575,1787815484719,1.1136,-8.9665,3.8976,0.01
1015.675,1787815484819,1.1136,-8.9664,3.8944,0.01
1015.775,1787815484919,1.1136,-8.9659,3.8883,0.01
1015.876,1787815485019,1.1136,-8.9655,3.8842,0.01
1015.976,1787815485119,1.1136,-8.9648,3.8759,0.01
1016.076,1787815485219,1.1136,-8.9643,3.8709,0.01
1016.176,1787815485320,1.1136,-8.9633,3.8605,0.01
1016.276,1787815485420,1.1136,-8.9627,3.8540,0.01
1016.376,1787815485520,1.1136,-8.9617,3.8440,0.01
1016.476,1787815485620,1.1136,-8.9609,3.8362,0.01
1016.576,1787815485720,1.1136,-8.9599,3.8260,0.01
1016.676,1787815485820,1.1137,-8.9588,3.8146,0.01
1016.777,1787815485920,1.1137,-8.9581,3.8080,0.01
1016.877,1787815486020,1.1137,-8.9572,3.7974,0.01
1016.977,1787815486120,1.1137,-8.9565,3.7897,0.01
1017.077,1787815486221,1.1137,-8.9556,3.7785,0.01
1017.177,1787815486321,1.1137,-8.9548,3.7695,0.01
1017.277,1787815486421,1.1138,-8.9540,3.7577,0.01
1017.377,1787815486521,1.1138,-8.9532,3.7473,0.01
1017.477,1787815486621,1.1138,-8.9522,3.7322,0.01
1017.578,1787815486721,1.1139,-8.9515,3.7195,0.01
1017.678,1787815486821,1.1139,-8.9508,3.7076,0.01
1017.778,1787815486921,1.1139,-8.9502,3.6955,0.01
1017.878,1787815487022,1.1140,-8.9496,3.6815,0.01
1017.978,1787815487122,1.1140,-8.9490,3.6673,0.01
1018.078,1787815487222,1.1141,-8.9486,3.6559,0.01
1018.178,1787815487322,1.1141,-8.9481,3.6376,0.01
1018.278,1787815487422,1.1142,-8.9478,3.6270,0.01
1018.378,1787815487522,1.1143,-8.9475,3.6105,0.01
1018.479,1787815487622,1.1143,-8.9473,3.5970,0.01
1018.579,1787815487722,1.1144,-8.9472,3.5864,0.01
1018.679,1787815487822,1.1145,-8.9472,3.5719,0.01
1018.779,1787815487923,1.1146,-8.9472,3.5572,0.01
1018.879,1787815488023,1.1147,-8.9473,3.5416,0.01
1018.979,1787815488123,1.1147,-8.9474,3.5300,0.01
1019.079,1787815488223,1.1148,-8.9475,3.5153,0.01
1019.179,1787815488323,1.1149,-8.9477,3.5007,0.01
1019.280,1787815488423,1.1150,-8.9480,3.4851,0.01
1019.380,1787815488523,1.1151,-8.9483,3.4704,0.01
1019.480,1787815488624,1.1151,-8.9486,3.4587,0.01
1019.580,1787815488724,1.1152,-8.9490,3.4441,0.01
1019.680,1787815488824,1.1152,-8.9492,3.4373,0.01
1019.780,1787815488924,1.1153,-8.9498,3.4177,0.01
1019.880,1787815489024,1.1153,-8.9502,3.4078,0.01
1019.980,1787815489124,1.1154,-8.9507,3.3909,0.01
1020.080,1787815489224,1.1155,-8.9512,3.3780,0.01
1020.181,1787815489324,1.1156,-8.9518,3.3621,0.01
1020.281,1787815489424,1.1157,-8.9524,3.3461,0.01
1020.381,1787815489524,1.1158,-8.9529,3.3322,0.01
1020.481,1787815489625,1.1159,-8.9536,3.3163,0.01
1020.581,1787815489725,1.1160,-8.9541,3.3044,0.01
1020.681,1787815489825,1.1161,-8.9548,3.2875,0.01
1020.781,1787815489925,1.1163,-8.9554,3.2716,0.01
1020.881,1787815490025,1.1163,-8.9557,3.2627,0.01
1020.981,1787815490125,1.1165,-8.9564,3.2469,0.01
1021.082,1787815490225,1.1166,-8.9570,3.2320,0.01
1021.182,1787815490325,1.1167,-8.9576,3.2171,0.01
1021.282,1787815490426,1.1168,-8.9581,3.2042,0.01
1021.382,1787815490526,1.1169,-8.9585,3.1933,0.01
1021.482,1787815490626,1.1170,-8.9591,3.1773,0.00
1021.582,1787815490726,1.1171,-8.9596,3.1663,0.00
1021.682,1787815490826,1.1172,-8.9601,3.1522,0.00
1021.783,1787815490926,1.1173,-8.9606,3.1390,0.00
1021.883,1787815491026,1.1174,-8.9612,3.1217,0.00
1021.983,1787815491126,1.1175,-8.9616,3.1115,0.00
1022.083,1787815491227,1.1176,-8.9621,3.0962,0.00
1022.183,1787815491327,1.1177,-8.9626,3.0818,0.00
1022.283,1787815491427,1.1179,-8.9632,3.0653,0.00
1022.383,1787815491527,1.1180,-8.9637,3.0519,0.00
1022.483,1787815491627,1.1181,-8.9640,3.0405,0.00
1022.584,1787815491727,1.1181,-8.9645,3.0281,0.00
1022.684,1787815491827,1.1183,-8.9650,3.0114,0.00
1022.784,1787815491928,1.1183,-8.9655,2.9968,0.00
1022.884,1787815492028,1.1185,-8.9660,2.9800,0.00
1022.984,1787815492128,1.1186,-8.9666,2.9613,0.00
1023.084,1787815492228,1.1187,-8.9670,2.9488,0.00
1023.184,1787815492328,1.1188,-8.9675,2.9333,0.00
1023.284,1787815492428,1.1189,-8.9680,2.9167,0.00
1023.385,1787815492528,1.1189,-8.9684,2.9023,0.00
1023.485,1787815492628,1.1190,-8.9690,2.8839,0.00
1023.585,1787815492728,1.1191,-8.9693,2.8717,0.00
1023.685,1787815492829,1.1191,-8.9698,2.8574,0.00
1023.785,1787815492929,1.1191,-8.9702,2.8462,0.00
1023.885,1787815493029,1.1191,-8.9706,2.8340,0.00
1023.986,1787815493129,1.1191,-8.9710,2.8186,0.00
1024.086,1787815493230,1.1191,-8.9715,2.8041,0.00
1024.186,1787815493330,1.1191,-8.9720,2.7876,0.00
1024.286,1787815493430,1.1190,-8.9725,2.7731,0.00
1024.386,1787815493530,1.1190,-8.9730,2.7565,0.00
1024.486,1787815493630,1.1190,-8.9734,2.7431,0.00
1024.587,1787815493730,1.1190,-8.9737,2.7308,0.00
1024.687,1787815493830,1.1190,-8.9741,2.7184,0.00
1024.787,1787815493931,1.1190,-8.9746,2.7019,0.00
1024.887,1787815494031,1.1190,-8.9751,2.6832,0.00
1024.987,1787815494131,1.1190,-8.9755,2.6677,0.00
1025.087,1787815494231,1.1190,-8.9760,2.6522,0.00
1025.187,1787815494331,1.1190,-8.9764,2.6368,0.00
1025.287,1787815494431,1.1189,-8.9769,2.6194,0.00
1025.388,1787815494532,1.1189,-8.9773,2.6041,0.00
1025.488,1787815494632,1.1189,-8.9775,2.5940,0.00
1025.588,1787815494732,1.1189,-8.9779,2.5798,0.00
1025.688,1787815494832,1.1189,-8.9781,2.5717,0.00
1025.789,1787815494932,1.1188,-8.9786,2.5543,-0.00
1025.889,1787815495032,1.1188,-8.9788,2.5440,-0.00
1025.992,1787815495135,1.1188,-8.9793,2.5253,-0.00
1026.092,1787815495235,1.1188,-8.9795,2.5180,-0.00
1026.192,1787815495335,1.1187,-8.9800,2.4981,-0.00
1026.292,1787815495436,1.1187,-8.9804,2.4823,-0.00
1026.392,1787815495536,1.1187,-8.9808,2.4686,-0.00
1026.492,1787815495636,1.1187,-8.9813,2.4508,-0.00
1026.592,1787815495736,1.1187,-8.9816,2.4394,-0.00
1026.692,1787815495836,1.1187,-8.9821,2.4234,-0.00
1026.792,1787815495936,1.1187,-8.9825,2.4109,-0.00
1026.893,1787815496036,1.1187,-8.9830,2.3963,-0.00
1026.993,1787815496136,1.1188,-8.9834,2.3852,-0.00
1027.093,1787815496237,1.1188,-8.9838,2.3747,-0.00
1027.193,1787815496337,1.1188,-8.9842,2.3634,-0.00
1027.293,1787815496437,1.1188,-8.9846,2.3556,-0.00
1027.393,1787815496537,1.1189,-8.9850,2.3450,-0.00
1027.493,1787815496637,1.1189,-8.9853,2.3388,-0.00
1027.593,1787815496737,1.1189,-8.9857,2.3307,-0.00
1027.694,1787815496837,1.1190,-8.9860,2.3248,-0.00
1027.794,1787815496937,1.1190,-8.9867,2.3148,-0.01
1027.894,1787815497037,1.1191,-8.9869,2.3112,-0.01
1027.994,1787815497138,1.1191,-8.9880,2.3030,-0.01
1028.094,1787815497238,1.1192,-8.9896,2.2999,-0.01
1028.194,1787815497338,1.1192,-8.9909,2.2992,-0.01
1028.294,1787815497438,1.1193,-8.9921,2.2994,-0.01
1028.395,1787815497538,1.1193,-8.9930,2.3002,-0.01
1028.495,1787815497638,1.1194,-8.9933,2.3015,-0.01
1028.595,1787815497739,1.1195,-8.9923,2.3033,-0.01
1028.695,1787815497839,1.1195,-8.9897,2.3050,-0.01
1028.795,1787815497939,1.1195,-8.9848,2.3069,-0.01
1028.895,1787815498039,1.1196,-8.9780,2.3086,-0.01
1028.995,1787815498139,1.1196,-8.9670,2.3106,-0.01
1029.095,1787815498239,1.1196,-8.9556,2.3121,-0.00
1029.195,1787815498339,1.1196,-8.9408,2.3136,-0.00
1029.296,1787815498439,1.1197,-8.9219,2.3150,-0.00
1029.396,1787815498539,1.1197,-8.9000,2.3161,-0.00
1029.496,1787815498639,1.1197,-8.8750,2.3171,0.00
1029.596,1787815498740,1.1197,-8.8452,2.3180,0.00
1029.696,1787815498840,1.1197,-8.8300,2.3183,0.00
1029.797,1787815498940,1.1198,-8.7973,2.3188,0.00
1029.897,1787815499041,1.1198,-8.7709,2.3191,0.01
1029.997,1787815499141,1.1197,-8.7381,2.3193,0.01
1030.097,1787815499241,1.1197,-8.7159,2.3194,0.01
1030.197,1787815499341,1.1197,-8.6768,2.3195,0.01
1030.297,1787815499441,1.1197,-8.6352,2.3195,0.01
1030.397,1787815499541,1.1197,-8.5879,2.3193,0.01
1030.498,1787815499641,1.1197,-8.5472,2.3191,0.01
1030.599,1787815499743,1.1197,-8.5081,2.3188,0.01
1030.699,1787815499843,1.1197,-8.4643,2.3184,0.01
1030.799,1787815499943,1.1197,-8.4119,2.3180,0.01
1030.899,1787815500043,1.1197,-8.3575,2.3175,0.01
1031.000,1787815500143,1.1197,-8.3050,2.3169,0.01
1031.100,1787815500243,1.1197,-8.2509,2.3164,0.01
1031.200,1787815500343,1.1197,-8.1954,2.3158,0.01
1031.300,1787815500443,1.1197,-8.1304,2.3151,0.01
1031.400,1787815500544,1.1197,-8.0765,2.3146,0.01
1031.500,1787815500644,1.1197,-8.0175,2.3140,0.01
1031.600,1787815500744,1.1197,-7.9532,2.3133,0.01
1031.700,1787815500844,1.1197,-7.9010,2.3128,0.01
1031.800,1787815500944,1.1197,-7.8351,2.3122,0.01
1031.900,1787815501044,1.1197,-7.7864,2.3117,0.01
1032.001,1787815501144,1.1197,-7.7239,2.3111,0.01
1032.101,1787815501244,1.1197,-7.6656,2.3106,0.01
1032.201,1787815501344,1.1198,-7.5889,2.3100,0.01
1032.301,1787815501445,1.1198,-7.5435,2.3096,0.01
1032.401,1787815501545,1.1198,-7.4659,2.3089,0.01
1032.501,1787815501645,1.1198,-7.4246,2.3086,0.01
1032.601,1787815501745,1.1199,-7.3510,2.3080,0.01
1032.702,1787815501845,1.1199,-7.2956,2.3076,0.01
1032.802,1787815501946,1.1199,-7.2263,2.3071,0.01
1032.902,1787815502046,1.1200,-7.1479,2.3065,0.01
1033.002,1787815502146,1.1200,-7.0924,2.3061,0.01
1033.102,1787815502246,1.1201,-7.0140,2.3055,0.01
1033.202,1787815502346,1.1201,-6.9355,2.3050,0.01
1033.302,1787815502446,1.1202,-6.8848,2.3046,0.01
1033.402,1787815502546,1.1202,-6.8251,2.3041,0.01
1033.503,1787815502646,1.1202,-6.7702,2.3037,0.01
1033.603,1787815502746,1.1203,-6.7112,2.3033,0.01
1033.703,1787815502847,1.1203,-6.6479,2.3028,0.01
1033.803,1787815502947,1.1204,-6.5804,2.3023,0.01
1033.903,1787815503047,1.1204,-6.5355,2.3020,0.01
1034.003,1787815503147,1.1204,-6.4773,2.3015,0.01
1034.104,1787815503247,1.1204,-6.4060,2.3010,0.01
1034.204,1787815503347,1.1205,-6.3347,2.3005,0.01
1034.304,1787815503448,1.1205,-6.2769,2.3001,0.01
1034.404,1787815503548,1.1206,-6.2060,2.2996,0.01
1034.504,1787815503648,1.1206,-6.1441,2.2991,0.01
1034.604,1787815503748,1.1206,-6.1000,2.2988,0.01
1034.704,1787815503848,1.1206,-6.0473,2.2985,0.01
1034.805,1787815503949,1.1206,-5.9819,2.2980,0.01
1034.905,1787815504049,1.1207,-5.9166,2.2975,0.01
1035.005,1787815504149,1.1207,-5.8429,2.2970,0.01
1035.105,1787815504249,1.1207,-5.7692,2.2965,0.01
1035.205,1787815504349,1.1208,-5.7042,2.2961,0.01
1035.305,1787815504449,1.1208,-5.6654,2.2958,0.01
1035.406,1787815504549,1.1208,-5.6352,2.2956,0.01
1035.506,1787815504649,1.1208,-5.5627,2.2951,0.01
1035.606,1787815504750,1.1208,-5.5033,2.2947,0.01
1035.706,1787815504850,1.1209,-5.4484,2.2943,0.01
1035.806,1787815504950,1.1209,-5.3720,2.2937,0.01
1035.906,1787815505050,1.1210,-5.3041,2.2933,0.01
1036.006,1787815505150,1.1210,-5.2316,2.2928,0.01
1036.107,1787815505250,1.1211,-5.1592,2.2923,0.01
1036.207,1787815505350,1.1212,-5.0956,2.2919,0.01
1036.307,1787815505450,1.1212,-5.0534,2.2916,0.01
1036.407,1787815505550,1.1213,-5.0240,2.2914,0.01
1036.507,1787815505651,1.1213,-4.9531,2.2909,0.01
1036.607,1787815505751,1.1214,-4.9199,2.2907,0.01
1036.707,1787815505851,1.1215,-4.8662,2.2903,0.01
1036.807,1787815505951,1.1215,-4.8251,2.2900,0.01
1036.907,1787815506051,1.1216,-4.7673,2.2896,0.01
1037.008,1787815506151,1.1217,-4.7055,2.2892,0.01
1037.108,1787815506251,1.1217,-4.6390,2.2887,0.01
1037.208,1787815506351,1.1218,-4.5678,2.2882,0.01
1037.308,1787815506452,1.1219,-4.5044,2.2877,0.01
1037.408,1787815506552,1.1219,-4.4407,2.2873,0.01
1037.508,1787815506652,1.1220,-4.4025,2.2870,0.01
1037.609,1787815506752,1.1220,-4.3348,2.2865,0.01
1037.709,1787815506852,1.1221,-4.2842,2.2861,0.01
1037.809,1787815506952,1.1221,-4.2169,2.2857,0.01
1037.909,1787815507053,1.1221,-4.1665,2.2853,0.01
1038.009,1787815507153,1.1222,-4.0907,2.2848,0.01
1038.109,1787815507253,1.1222,-4.0274,2.2844,0.01
1038.209,1787815507353,1.1222,-3.9723,2.2840,0.01
1038.309,1787815507453,1.1223,-3.9173,2.2836,0.01
1038.410,1787815507553,1.1223,-3.8708,2.2833,0.01
1038.510,1787815507653,1.1223,-3.8076,2.2829,0.01
1038.610,1787815507753,1.1223,-3.7614,2.2826,0.01
1038.710,1787815507854,1.1223,-3.6944,2.2822,0.01
1038.810,1787815507954,1.1223,-3.6314,2.2819,0.01
1038.911,1787815508055,1.1223,-3.5640,2.2815,0.01
1039.011,1787815508155,1.1223,-3.5091,2.2812,0.01
1039.111,1787815508255,1.1223,-3.4586,2.2809,0.01
1039.211,1787815508355,1.1223,-3.3912,2.2805,0.01
1039.312,1787815508455,1.1223,-3.3323,2.2802,0.01
1039.412,1787815508555,1.1222,-3.2690,2.2799,0.02
1039.513,1787815508656,1.1222,-3.2101,2.2796,0.02
1039.613,1787815508756,1.1222,-3.1554,2.2793,0.02
1039.713,1787815508856,1.1221,-3.0839,2.2789,0.02
1039.813,1787815508957,1.1221,-3.0250,2.2786,0.02
1039.913,1787815509057,1.1221,-2.9534,2.2782,0.02
1040.014,1787815509158,1.1221,-2.9070,2.2780,0.02
1040.114,1787815509258,1.1221,-2.8355,2.2776,0.01
1040.215,1787815509358,1.1221,-2.7936,2.2774,0.01
1040.315,1787815509459,1.1221,-2.7226,2.2770,0.01
1040.415,1787815509559,1.1220,-2.6810,2.2767,0.01
1040.515,1787815509659,1.1220,-2.6270,2.2764,0.01
1040.615,1787815509759,1.1220,-2.6063,2.2763,0.01
1040.715,1787815509859,1.1220,-2.5443,2.2760,0.01
1040.815,1787815509959,1.1220,-2.4950,2.2757,0.01
1040.916,1787815510059,1.1220,-2.4373,2.2753,0.01
1041.016,1787815510159,1.1220,-2.4125,2.2752,0.00
1041.116,1787815510260,1.1220,-2.3545,2.2749,0.00
1041.216,1787815510360,1.1219,-2.2879,2.2745,0.00
1041.316,1787815510460,1.1219,-2.2249,2.2741,0.00
1041.416,1787815510560,1.1219,-2.1869,2.2739,0.00
1041.516,1787815510660,1.1219,-2.1486,2.2737,0.00
1041.617,1787815510760,1.1220,-2.0931,2.2734,0.00
1041.717,1787815510860,1.1220,-2.0247,2.2730,0.00
1041.817,1787815510961,1.1220,-1.9861,2.2728,0.00
1041.917,1787815511061,1.1220,-1.9430,2.2725,0.00
1042.017,1787815511161,1.1220,-1.8823,2.2722,0.00
1042.117,1787815511261,1.1220,-1.8256,2.2719,0.00
1042.217,1787815511361,1.1220,-1.7553,2.2715,0.00
1042.318,1787815511461,1.1220,-1.6795,2.2710,0.00
1042.418,1787815511561,1.1220,-1.6434,2.2708,0.00
1042.518,1787815511661,1.1220,-1.5757,2.2704,0.00
1042.618,1787815511762,1.1220,-1.5031,2.2700,0.00
1042.718,1787815511862,1.1220,-1.4256,2.2695,0.00
1042.818,1787815511962,1.1220,-1.3521,2.2690,0.00
1042.918,1787815512062,1.1221,-1.2691,2.2685,0.00
1043.020,1787815512163,1.1220,-1.2091,2.2681,0.01
1043.120,1787815512263,1.1220,-1.1675,2.2679,0.01
1043.220,1787815512364,1.1220,-1.1170,2.2676,0.01
1043.320,1787815512464,1.1220,-1.0442,2.2671,0.01
1043.420,1787815512564,1.1220,-0.9718,2.2667,0.01
1043.520,1787815512664,1.1220,-0.8995,2.2663,0.01
1043.621,1787815512764,1.1220,-0.8542,2.2660,0.01
1043.721,1787815512864,1.1221,-0.7999,2.2657,0.01
1043.821,1787815512965,1.1221,-0.7414,2.2654,0.01
1043.921,1787815513065,1.1221,-0.6744,2.2650,0.01
1044.021,1787815513165,1.1221,-0.6120,2.2647,0.01
1044.121,1787815513265,1.1222,-0.5363,2.2642,0.01
1044.221,1787815513365,1.1223,-0.4739,2.2639,0.01
1044.322,1787815513465,1.1223,-0.4118,2.2635,0.01
1044.422,1787815513565,1.1223,-0.3633,2.2633,0.01
1044.522,1787815513665,1.1224,-0.3150,2.2630,0.01
1044.622,1787815513766,1.1224,-0.2845,2.2628,0.01
1044.722,1787815513866,1.1224,-0.2108,2.2624,0.01
1044.822,1787815513966,1.1225,-0.1720,2.2622,0.01
1044.922,1787815514066,1.1225,-0.0987,2.2618,0.01
1045.023,1787815514166,1.1226,-0.0513,2.2615,0.01
1045.123,1787815514267,1.1227,0.0221,2.2611,0.01
1045.223,1787815514367,1.1227,0.0830,2.2608,0.01
1045.323,1787815514467,1.1228,0.1309,2.2605,0.01
1045.423,1787815514567,1.1228,0.1963,2.2602,0.01
1045.524,1787815514667,1.1229,0.2353,2.2599,0.01
1045.624,1787815514767,1.1229,0.2874,2.2596,0.01
1045.724,1787815514868,1.1230,0.3392,2.2594,0.01
1045.824,1787815514968,1.1230,0.3824,2.2591,0.01
1045.924,1787815515068,1.1231,0.4469,2.2588,0.01
1046.024,1787815515168,1.1231,0.5073,2.2585,0.01
1046.125,1787815515268,1.1232,0.5726,2.2581,0.01
1046.225,1787815515368,1.1233,0.6340,2.2578,0.01
1046.326,1787815515469,1.1233,0.6736,2.2575,0.01
1046.426,1787815515570,1.1233,0.7220,2.2573,0.01
1046.526,1787815515670,1.1234,0.7834,2.2569,0.01
1046.626,1787815515770,1.1234,0.8363,2.2566,0.01
1046.726,1787815515870,1.1235,0.8980,2.2563,0.01
1046.826,1787815515970,1.1236,0.9600,2.2559,0.01
1046.927,1787815516070,1.1236,1.0089,2.2556,0.00
1047.027,1787815516170,1.1237,1.0847,2.2552,0.00
1047.127,1787815516270,1.1237,1.1340,2.2549,0.00
1047.227,1787815516371,1.1238,1.2149,2.2544,0.00
1047.327,1787815516471,1.1239,1.2963,2.2539,0.00
1047.427,1787815516571,1.1239,1.3645,2.2535,0.00
1047.527,1787815516671,1.1240,1.4509,2.2530,0.00
1047.627,1787815516771,1.1240,1.5146,2.2526,0.00
1047.727,1787815516871,1.1241,1.5871,2.2522,0.00
1047.827,1787815516971,1.1241,1.6592,2.2518,0.00
1047.928,1787815517071,1.1241,1.7130,2.2515,0.00
1048.028,1787815517171,1.1242,1.7884,2.2511,0.00
1048.128,1787815517271,1.1242,1.8632,2.2507,0.00
1048.228,1787815517372,1.1242,1.9158,2.2504,0.00
1048.328,1787815517472,1.1243,1.9898,2.2500,0.00
1048.428,1787815517572,1.1243,2.0288,2.2498,0.00
1048.528,1787815517672,1.1243,2.1019,2.2494,0.00
1048.628,1787815517772,1.1243,2.1658,2.2490,0.00
1048.729,1787815517872,1.1243,2.2334,2.2487,0.00
1048.829,1787815517972,1.1244,2.2880,2.2484,0.00
1048.929,1787815518072,1.1244,2.3298,2.2482,0.00
1049.029,1787815518173,1.1244,2.4085,2.2477,0.00
1049.129,1787815518273,1.1244,2.4661,2.2474,0.00
1049.229,1787815518373,1.1245,2.5442,2.2470,0.00
1049.330,1787815518473,1.1246,2.6138,2.2466,0.00
1049.430,1787815518573,1.1246,2.6628,2.2463,0.00
1049.530,1787815518674,1.1247,2.7278,2.2459,0.00
1049.630,1787815518774,1.1248,2.7641,2.2457,0.00
1049.730,1787815518874,1.1248,2.8202,2.2454,0.00
1049.830,1787815518974,1.1249,2.8837,2.2450,0.00
1049.930,1787815519074,1.1250,2.9392,2.2447,0.00
1050.031,1787815519174,1.1250,2.9866,2.2445,-0.00
1050.131,1787815519275,1.1251,3.0301,2.2442,-0.00
1050.231,1787815519375,1.1252,3.0696,2.2440,0.00
1050.331,1787815519475,1.1253,3.1325,2.2437,-0.00
1050.431,1787815519575,1.1253,3.1717,2.2435,-0.00
1050.532,1787815519675,1.1254,3.2189,2.2432,-0.00
1050.633,1787815519776,1.1255,3.2900,2.2428,-0.00
1050.733,1787815519876,1.1256,3.3499,2.2424,-0.00
1050.833,1787815519976,1.1257,3.4105,2.2421,-0.00
1050.933,1787815520077,1.1258,3.4591,2.2417,-0.00
1051.034,1787815520178,1.1259,3.5365,2.2413,-0.00
1051.134,1787815520278,1.1260,3.5938,2.2409,-0.00
1051.234,1787815520378,1.1261,3.6595,2.2405,-0.00
1051.334,1787815520478,1.1262,3.7296,2.2400,-0.00
1051.434,1787815520578,1.1262,3.7834,2.2397,-0.00
1051.535,1787815520678,1.1263,3.8414,2.2393,-0.00
1051.635,1787815520778,1.1263,3.8704,2.2392,-0.00
1051.735,1787815520879,1.1264,3.9490,2.2387,-0.00
1051.835,1787815520979,1.1264,4.0233,2.2382,-0.00
1051.935,1787815521079,1.1265,4.0730,2.2379,-0.00
1052.035,1787815521179,1.1265,4.1437,2.2375,-0.00
1052.135,1787815521279,1.1265,4.2021,2.2372,-0.00
1052.235,1787815521379,1.1265,4.2687,2.2368,-0.00
1052.336,1787815521479,1.1265,4.3310,2.2364,-0.00
1052.436,1787815521579,1.1265,4.3724,2.2362,-0.00
1052.536,1787815521679,1.1266,4.4220,2.2359,-0.00
1052.636,1787815521780,1.1266,4.4714,2.2356,-0.00
1052.736,1787815521880,1.1266,4.5165,2.2354,-0.00
1052.836,1787815521980,1.1266,4.5821,2.2350,-0.00
1052.936,1787815522080,1.1265,4.6520,2.2346,-0.00
1053.036,1787815522180,1.1266,4.7058,2.2343,-0.00
1053.137,1787815522280,1.1266,4.7682,2.2339,-0.00
1053.237,1787815522380,1.1266,4.8140,2.2337,-0.00
1053.337,1787815522481,1.1266,4.8931,2.2332,0.00
1053.437,1787815522581,1.1266,4.9640,2.2328,0.00
1053.537,1787815522681,1.1266,5.0268,2.2324,0.00
1053.638,1787815522781,1.1267,5.0981,2.2319,0.00
1053.738,1787815522881,1.1267,5.1691,2.2315,0.00
1053.838,1787815522981,1.1267,5.2483,2.2310,0.00
1053.938,1787815523082,1.1267,5.3189,2.2305,-0.00
1054.038,1787815523182,1.1267,5.3892,2.2301,-0.00
1054.138,1787815523282,1.1267,5.4591,2.2297,-0.00
1054.238,1787815523382,1.1267,5.5285,2.2293,-0.00
1054.338,1787815523482,1.1267,5.5813,2.2289,-0.00
1054.438,1787815523582,1.1267,5.6537,2.2285,-0.00
1054.539,1787815523682,1.1267,5.7214,2.2281,-0.00
1054.639,1787815523782,1.1267,5.7846,2.2277,-0.00
1054.739,1787815523883,1.1267,5.8473,2.2273,-0.00
1054.839,1787815523983,1.1266,5.9017,2.2270,-0.00
1054.939,1787815524083,1.1266,5.9674,2.2266,-0.00
1055.039,1787815524183,1.1266,6.0211,2.2263,-0.00
1055.139,1787815524283,1.1267,6.0822,2.2259,-0.00
1055.239,1787815524383,1.1267,6.1390,2.2256,-0.00
1055.340,1787815524483,1.1267,6.1880,2.2254,-0.00
1055.440,1787815524583,1.1267,6.2441,2.2251,-0.00
1055.540,1787815524684,1.1267,6.2887,2.2249,-0.00
1055.640,1787815524784,1.1267,6.3518,2.2245,-0.00
1055.740,1787815524884,1.1267,6.3963,2.2243,-0.00
1055.840,1787815524984,1.1268,6.4629,2.2240,-0.00
1055.940,1787815525084,1.1268,6.4999,2.2238,-0.00
1056.040,1787815525184,1.1268,6.5594,2.2234,-0.01
1056.141,1787815525284,1.1269,6.6040,2.2232,-0.01
1056.241,1787815525384,1.1269,6.6600,2.2229,-0.01
1056.341,1787815525484,1.1270,6.7350,2.2225,-0.00
1056.441,1787815525585,1.1270,6.7763,2.2222,-0.00
1056.541,1787815525685,1.1270,6.8290,2.2219,-0.00
1056.641,1787815525785,1.1270,6.8593,2.2217,-0.00
1056.741,1787815525885,1.1271,6.9311,2.2213,-0.00
1056.841,1787815525985,1.1271,6.9806,2.2211,-0.00
1056.942,1787815526085,1.1271,7.0382,2.2207,-0.00
1057.042,1787815526185,1.1271,7.1117,2.2203,-0.01
1057.142,1787815526285,1.1271,7.1662,2.2200,-0.01
1057.242,1787815526386,1.1271,7.2366,2.2196,-0.01
1057.342,1787815526486,1.1271,7.2917,2.2192,-0.01
1057.442,1787815526586,1.1272,7.3507,2.2189,-0.01
1057.542,1787815526686,1.1272,7.4099,2.2186,-0.01
1057.642,1787815526786,1.1272,7.4770,2.2182,-0.01
1057.742,1787815526886,1.1273,7.5601,2.2177,-0.01
1057.842,1787815526986,1.1273,7.6157,2.2173,-0.01
1057.943,1787815527086,1.1274,7.6754,2.2170,-0.01
1058.043,1787815527186,1.1275,7.7429,2.2166,-0.01
1058.143,1787815527286,1.1276,7.8181,2.2162,-0.01
1058.243,1787815527387,1.1277,7.8735,2.2158,-0.00
1058.343,1787815527487,1.1278,7.9285,2.2155,-0.00
1058.443,1787815527587,1.1279,7.9911,2.2152,-0.00
1058.543,1787815527687,1.1280,8.0535,2.2149,-0.00
1058.643,1787815527787,1.1281,8.1122,2.2145,-0.00
1058.744,1787815527887,1.1282,8.1673,2.2142,-0.00
1058.844,1787815527987,1.1283,8.2266,2.2139,-0.00
1058.944,1787815528087,1.1285,8.2973,2.2136,-0.00
1059.044,1787815528188,1.1285,8.3399,2.2135,-0.00
1059.144,1787815528288,1.1287,8.4005,2.2133,-0.00
1059.244,1787815528388,1.1287,8.4410,2.2131,-0.00
1059.344,1787815528488,1.1288,8.5052,2.2130,-0.01
1059.444,1787815528588,1.1290,8.5697,2.2129,-0.01
1059.545,1787815528688,1.1291,8.6181,2.2127,-0.01
1059.645,1787815528788,1.1291,8.6611,2.2127,-0.01
1059.745,1787815528889,1.1292,8.7105,2.2126,-0.01
1059.845,1787815528989,1.1293,8.7407,2.2125,-0.01
1059.945,1787815529089,1.1293,8.7745,2.2124,-0.01
1060.046,1787815529189,1.1294,8.8227,2.2123,-0.01
1060.146,1787815529289,1.1295,8.8557,2.2121,-0.01
1060.246,1787815529389,1.1296,8.8879,2.2120,-0.01
1060.346,1787815529490,1.1296,8.9118,2.2118,-0.01
1060.446,1787815529590,1.1297,8.9370,2.2116,-0.01
1060.546,1787815529690,1.1297,8.9596,2.2114,-0.01
1060.646,1787815529790,1.1298,8.9759,2.2113,-0.01
1060.746,1787815529890,1.1298,8.9906,2.2111,-0.01
1060.847,1787815529990,1.1299,9.0080,2.2109,-0.01
1060.947,1787815530090,1.1299,9.0245,2.2106,-0.01
1061.047,1787815530190,1.1300,9.0339,2.2104,-0.01
1061.147,1787815530291,1.1300,9.0445,2.2102,-0.01
1061.247,1787815530391,1.1300,9.0516,2.2100,-0.01
1061.347,1787815530491,1.1300,9.0585,2.2098,-0.01
1061.447,1787815530591,1.1300,9.0636,2.2097,-0.01
1061.547,1787815530691,1.1301,9.0668,2.2096,-0.01
1061.648,1787815530791,1.1301,9.0689,2.2094,-0.01
1061.748,1787815530891,1.1301,9.0694,2.2094,-0.01
1061.848,1787815530991,1.1300,9.0693,2.2093,-0.01
1061.948,1787815531092,1.1300,9.0680,2.2092,-0.01
1062.048,1787815531192,1.1299,9.0661,2.2091,-0.01
1062.148,1787815531292,1.1299,9.0631,2.2091,-0.01
1062.248,1787815531392,1.1298,9.0599,2.2091,-0.01
1062.348,1787815531492,1.1297,9.0539,2.2091,-0.01
1062.448,1787815531592,1.1296,9.0487,2.2091,-0.01
1062.549,1787815531692,1.1295,9.0432,2.2091,-0.01
1062.649,1787815531792,1.1294,9.0388,2.2091,-0.01
1062.749,1787815531893,1.1293,9.0325,2.2092,-0.01
1062.849,1787815531993,1.1292,9.0293,2.2093,-0.00
1062.949,1787815532093,1.1291,9.0228,2.2093,-0.00
1063.049,1787815532193,1.1290,9.0175,2.2094,-0.00
1063.149,1787815532293,1.1289,9.0119,2.2094,-0.00
1063.250,1787815532393,1.1288,9.0060,2.2095,-0.00
1063.350,1787815532493,1.1287,9.0010,2.2095,-0.00
1063.450,1787815532593,1.1286,8.9958,2.2096,-0.00
1063.550,1787815532694,1.1286,8.9906,2.2096,-0.00
1063.650,1787815532794,1.1285,8.9856,2.2096,-0.01
1063.750,1787815532894,1.1285,8.9818,2.2097,-0.01
1063.850,1787815532994,1.1284,8.9777,2.2097,-0.01
1063.951,1787815533094,1.1283,8.9739,2.2097,-0.01
1064.051,1787815533194,1.1283,8.9708,2.2097,-0.01
1064.151,1787815533294,1.1282,8.9677,2.2097,-0.01
1064.251,1787815533395,1.1282,8.9654,2.2098,-0.01
1064.351,1787815533495,1.1282,8.9626,2.2098,-0.01
1064.451,1787815533595,1.1281,8.9602,2.2098,-0.01
1064.551,1787815533695,1.1281,8.9577,2.2098,-0.01
1064.651,1787815533795,1.1281,8.9567,2.2098,-0.01
1064.751,1787815533895,1.1281,8.9546,2.2098,-0.01
1064.852,1787815533995,1.1282,8.9531,2.2098,-0.01
1064.952,1787815534095,1.1282,8.9517,2.2098,-0.01
1065.052,1787815534195,1.1282,8.9509,2.2098,-0.01
1065.152,1787815534296,1.1283,8.9499,2.2098,-0.01
1065.252,1787815534396,1.1283,8.9491,2.2098,-0.01
1065.352,1787815534496,1.1283,8.9486,2.2098,-0.01
1065.452,1787815534596,1.1284,8.9481,2.2097,-0.00
1065.552,1787815534696,1.1284,8.9478,2.2097,-0.00
1065.652,1787815534796,1.1284,8.9477,2.2097,-0.00
1065.753,1787815534896,1.1284,8.9478,2.2097,-0.00
1065.853,1787815534996,1.1284,8.9479,2.2097,-0.00
1065.953,1787815535096,1.1284,8.9482,2.2096,-0.01
1066.053,1787815535196,1.1284,8.9486,2.2096,-0.01
1066.153,1787815535297,1.1284,8.9491,2.2096,-0.01
1066.253,1787815535397,1.1283,8.9497,2.2096,-0.01
1066.353,1787815535497,1.1282,8.9503,2.2096,-0.01
1066.453,1787815535597,1.1282,8.9509,2.2096,-0.01
1066.553,1787815535697,1.1282,8.9515,2.2096,-0.01
1066.653,1787815535797,1.1281,8.9522,2.2096,-0.01
1066.754,1787815535897,1.1280,8.9530,2.2095,-0.01
1066.854,1787815535997,1.1280,8.9537,2.2095,-0.01
1066.954,1787815536097,1.1279,8.9545,2.2095,-0.01
1067.054,1787815536198,1.1279,8.9554,2.2095,-0.01
1067.154,1787815536298,1.1278,8.9563,2.2095,-0.01
1067.255,1787815536399,1.1277,8.9570,2.2095,-0.01
1067.355,1787815536499,1.1276,8.9580,2.2095,-0.01
1067.455,1787815536599,1.1276,8.9588,2.2095,-0.01
1067.555,1787815536699,1.1275,8.9598,2.2095,-0.01
1067.655,1787815536799,1.1274,8.9606,2.2095,-0.01
1067.755,1787815536899,1.1273,8.9617,2.2096,-0.01
1067.856,1787815536999,1.1272,8.9624,2.2096,-0.01
1067.956,1787815537099,1.1271,8.9632,2.2096,-0.01
1068.056,1787815537199,1.1270,8.9639,2.2096,-0.01
1068.156,1787815537300,1.1270,8.9647,2.2097,-0.01
1068.256,1787815537400,1.1269,8.9654,2.2097,-0.01
1068.356,1787815537500,1.1268,8.9662,2.2097,-0.01
1068.456,1787815537600,1.1267,8.9671,2.2097,-0.01
1068.556,1787815537700,1.1267,8.9679,2.2097,-0.01
1068.656,1787815537800,1.1266,8.9687,2.2096,-0.01
1068.757,1787815537900,1.1265,8.9695,2.2096,-0.01
1068.857,1787815538000,1.1264,8.9702,2.2096,-0.01
1068.957,1787815538100,1.1264,8.9709,2.2096,-0.01
1069.057,1787815538201,1.1263,8.9716,2.2095,-0.01
1069.157,1787815538301,1.1263,8.9724,2.2095,-0.01
1069.257,1787815538401,1.1263,8.9730,2.2094,-0.01
1069.357,1787815538501,1.1263,8.9737,2.2094,-0.01
1069.457,1787815538601,1.1263,8.9742,2.2094,-0.01
1069.558,1787815538701,1.1264,8.9751,2.2092,-0.01
1069.658,1787815538801,1.1264,8.9761,2.2086,-0.01
1069.758,1787815538901,1.1265,8.9769,2.2073,-0.01
1069.858,1787815539002,1.1266,8.9772,2.2053,-0.02
1069.958,1787815539102,1.1266,8.9772,2.2034,-0.02
1070.058,1787815539202,1.1266,8.9769,2.1997,-0.02
1070.158,1787815539302,1.1266,8.9764,2.1946,-0.02
1070.258,1787815539402,1.1267,8.9758,2.1896,-0.02
1070.358,1787815539502,1.1267,8.9751,2.1826,-0.02
1070.459,1787815539602,1.1267,8.9742,2.1753,-0.02
1070.559,1787815539702,1.1267,8.9735,2.1698,-0.02
1070.659,1787815539802,1.1267,8.9726,2.1618,-0.02
1070.759,1787815539903,1.1268,8.9717,2.1544,-0.02
1070.859,1787815540003,1.1268,8.9706,2.1453,-0.02
1070.959,1787815540103,1.1268,8.9695,2.1350,-0.02
1071.060,1787815540203,1.1269,8.9685,2.1248,-0.02
1071.160,1787815540303,1.1269,8.9673,2.1136,-0.02
1071.260,1787815540403,1.1269,8.9663,2.1033,-0.02
1071.360,1787815540504,1.1270,8.9653,2.0912,-0.02
1071.460,1787815540604,1.1271,8.9643,2.0796,-0.02
1071.561,1787815540704,1.1271,8.9633,2.0670,-0.02
1071.661,1787815540804,1.1272,8.9624,2.0549,-0.01
1071.761,1787815540904,1.1273,8.9616,2.0426,-0.01
1071.861,1787815541005,1.1273,8.9609,2.0302,-0.01
1071.961,1787815541105,1.1274,8.9603,2.0192,-0.01
1072.061,1787815541205,1.1275,8.9597,2.0048,-0.01
1072.161,1787815541305,1.1276,8.9592,1.9904,-0.01
1072.261,1787815541405,1.1277,8.9587,1.9759,-0.01
1072.361,1787815541505,1.1278,8.9584,1.9629,-0.01
1072.462,1787815541605,1.1279,8.9582,1.9499,-0.01
1072.562,1787815541705,1.1280,8.9580,1.9377,-0.01
1072.662,1787815541805,1.1281,8.9579,1.9238,-0.01
1072.762,1787815541906,1.1281,8.9579,1.9115,-0.01
1072.862,1787815542006,1.1282,8.9579,1.8991,-0.01
1072.962,1787815542106,1.1282,8.9580,1.8858,-0.00
1073.062,1787815542206,1.1283,8.9581,1.8740,-0.00
1073.162,1787815542306,1.1283,8.9583,1.8596,-0.00
1073.263,1787815542407,1.1284,8.9586,1.8459,-0.00
1073.363,1787815542507,1.1284,8.9589,1.8312,-0.00
1073.463,1787815542607,1.1285,8.9592,1.8173,-0.00
1073.563,1787815542707,1.1285,8.9598,1.7999,-0.00
1073.663,1787815542807,1.1286,8.9602,1.7860,-0.00
1073.763,1787815542907,1.1286,8.9606,1.7730,-0.00
1073.864,1787815543007,1.1286,8.9611,1.7600,-0.01
1073.964,1787815543107,1.1287,8.9617,1.7461,-0.01
1074.064,1787815543207,1.1287,8.9624,1.7296,-0.01
1074.164,1787815543308,1.1287,8.9630,1.7148,-0.01
1074.264,1787815543408,1.1287,8.9635,1.7026,-0.01
1074.364,1787815543508,1.1288,8.9643,1.6860,-0.01
1074.464,1787815543608,1.1288,8.9651,1.6704,-0.01
1074.564,1787815543708,1.1289,8.9658,1.6557,-0.01
1074.664,1787815543808,1.1289,8.9664,1.6428,-0.01
1074.765,1787815543908,1.1289,8.9670,1.6308,-0.02
1074.865,1787815544008,1.1289,8.9676,1.6170,-0.01
1074.965,1787815544108,1.1289,8.9682,1.6023,-0.01
1075.065,1787815544209,1.1290,8.9687,1.5910,-0.01
1075.165,1787815544309,1.1290,8.9694,1.5753,-0.01
1075.265,1787815544409,1.1290,8.9701,1.5587,-0.01
1075.365,1787815544509,1.1290,8.9707,1.5438,-0.01
1075.465,1787815544609,1.1291,8.9713,1.5289,-0.01
1075.566,1787815544709,1.1291,8.9719,1.5140,-0.01
1075.666,1787815544809,1.1291,8.9724,1.5018,-0.01
1075.766,1787815544910,1.1291,8.9729,1.4878,-0.01
1075.866,1787815545010,1.1291,8.9735,1.4730,-0.01
1075.966,1787815545110,1.1291,8.9739,1.4642,-0.01
1076.066,1787815545210,1.1291,8.9744,1.4500,-0.01
1076.166,1787815545310,1.1291,8.9749,1.4384,-0.01
1076.266,1787815545410,1.1291,8.9754,1.4240,-0.01
1076.367,1787815545510,1.1291,8.9760,1.4085,-0.01
1076.467,1787815545610,1.1292,8.9766,1.3902,-0.01
1076.567,1787815545710,1.1291,8.9772,1.3747,-0.01
1076.667,1787815545811,1.1292,8.9778,1.3583,-0.01
1076.767,1787815545911,1.1291,8.9783,1.3438,-0.01
1076.867,1787815546011,1.1291,8.9788,1.3294,-0.01
1076.967,1787815546111,1.1291,8.9794,1.3132,-0.01
1077.067,1787815546211,1.1291,8.9799,1.3007,-0.01
1077.167,1787815546311,1.1291,8.9803,1.2882,-0.01
1077.268,1787815546411,1.1291,8.9809,1.2702,-0.01
1077.368,1787815546511,1.1292,8.9813,1.2576,-0.01
1077.468,1787815546611,1.1292,8.9817,1.2422,-0.01
1077.568,1787815546712,1.1293,8.9821,1.2286,-0.02
1077.668,1787815546812,1.1293,8.9825,1.2169,-0.02
1077.768,1787815546912,1.1294,8.9829,1.2032,-0.02
1077.868,1787815547012,1.1295,8.9833,1.1904,-0.02
1077.969,1787815547113,1.1296,8.9837,1.1749,-0.02
1078.069,1787815547213,1.1296,8.9840,1.1638,-0.02
1078.169,1787815547313,1.1298,8.9845,1.1471,-0.02
1078.269,1787815547413,1.1299,8.9848,1.1313,-0.02
1078.369,1787815547513,1.1300,8.9852,1.1173,-0.02
1078.470,1787815547613,1.1301,8.9856,1.1005,-0.02
1078.570,1787815547713,1.1302,8.9860,1.0846,-0.02
1078.670,1787815547814,1.1303,8.9863,1.0697,-0.02
1078.770,1787815547914,1.1304,8.9866,1.0585,-0.02
1078.870,1787815548014,1.1305,8.9870,1.0428,-0.02
1078.970,1787815548114,1.1306,8.9874,1.0270,-0.01
1079.070,1787815548214,1.1307,8.9878,1.0104,-0.01
1079.170,1787815548314,1.1308,8.9882,0.9957,-0.01
1079.271,1787815548414,1.1309,8.9884,0.9865,-0.01
1079.371,1787815548514,1.1309,8.9887,0.9765,-0.01
1079.471,1787815548615,1.1310,8.9891,0.9617,-0.01
1079.571,1787815548715,1.1311,8.9895,0.9439,-0.01
1079.671,1787815548815,1.1312,8.9898,0.9335,-0.01
1079.771,1787815548915,1.1313,8.9902,0.9184,-0.01
1079.871,1787815549015,1.1313,8.9907,0.8985,-0.01
1079.972,1787815549115,1.1314,8.9910,0.8852,-0.01
1080.072,1787815549215,1.1315,8.9913,0.8691,-0.01
1080.172,1787815549315,1.1315,8.9917,0.8530,-0.01
1080.272,1787815549416,1.1316,8.9920,0.8379,-0.01
1080.372,1787815549516,1.1316,8.9924,0.8219,-0.01
1080.472,1787815549616,1.1317,8.9927,0.8078,-0.01
1080.572,1787815549716,1.1317,8.9931,0.7928,-0.01
1080.672,1787815549816,1.1317,8.9934,0.7797,-0.01
1080.773,1787815549916,1.1317,8.9937,0.7667,-0.01
1080.873,1787815550016,1.1318,8.9940,0.7528,-0.01
1080.973,1787815550116,1.1318,8.9944,0.7360,-0.01
1081.073,1787815550217,1.1319,8.9947,0.7230,-0.02
1081.173,1787815550317,1.1320,8.9951,0.7067,-0.02
1081.273,1787815550417,1.1321,8.9954,0.6911,-0.02
1081.373,1787815550517,1.1322,8.9957,0.6758,-0.02
1081.473,1787815550617,1.1322,8.9960,0.6645,-0.02
1081.574,1787815550718,1.1323,8.9963,0.6539,-0.02
1081.674,1787815550818,1.1324,8.9965,0.6466,-0.02
1081.774,1787815550918,1.1326,8.9967,0.6350,-0.02
1081.874,1787815551018,1.1328,8.9970,0.6249,-0.02
1081.974,1787815551118,1.1329,8.9973,0.6167,-0.02
1082.075,1787815551218,1.1331,8.9976,0.6088,-0.02
1082.175,1787815551318,1.1332,8.9978,0.6028,-0.01
1082.275,1787815551418,1.1333,8.9980,0.5976,-0.01
1082.375,1787815551518,1.1335,8.9983,0.5903,-0.01
1082.475,1787815551619,1.1336,8.9984,0.5857,-0.01
1082.575,1787815551719,1.1337,8.9992,0.5817,-0.01
1082.675,1787815551819,1.1338,9.0006,0.5799,-0.01
1082.776,1787815551919,1.1339,9.0022,0.5796,-0.01
1082.876,1787815552019,1.1340,9.0034,0.5803,-0.01
1082.976,1787815552119,1.1341,9.0034,0.5817,-0.01
1083.076,1787815552220,1.1341,9.0025,0.5826,-0.01
1083.176,1787815552320,1.1341,8.9991,0.5845,-0.01
1083.276,1787815552420,1.1341,8.9931,0.5863,-0.01
1083.376,1787815552520,1.1341,8.9871,0.5876,-0.01
1083.476,1787815552620,1.1340,8.9768,0.5891,-0.01
1083.577,1787815552720,1.1340,8.9647,0.5905,-0.01
1083.677,1787815552820,1.1340,8.9508,0.5916,-0.01
1083.777,1787815552920,1.1339,8.9297,0.5929,-0.01
1083.877,1787815553021,1.1339,8.9128,0.5936,-0.01
1083.977,1787815553121,1.1338,8.8892,0.5943,-0.01
1084.077,1787815553221,1.1338,8.8663,0.5948,-0.01
1084.177,1787815553321,1.1337,8.8375,0.5952,-0.01
1084.277,1787815553421,1.1337,8.8016,0.5955,-0.01
1084.378,1787815553521,1.1336,8.7642,0.5957,-0.02
1084.478,1787815553621,1.1336,8.7261,0.5956,-0.02
1084.578,1787815553722,1.1336,8.6800,0.5954,-0.02
1084.678,1787815553822,1.1336,8.6392,0.5952,-0.02
1084.778,1787815553922,1.1336,8.6051,0.5950,-0.02
1084.879,1787815554022,1.1336,8.5518,0.5946,-0.02
1084.979,1787815554122,1.1336,8.5054,0.5942,-0.02
1085.079,1787815554222,1.1337,8.4473,0.5937,-0.02
1085.179,1787815554323,1.1338,8.3902,0.5932,-0.02
1085.279,1787815554423,1.1338,8.3312,0.5926,-0.02
1085.379,1787815554523,1.1339,8.2741,0.5921,-0.02
1085.481,1787815554625,1.1340,8.1973,0.5913,-0.02
1085.581,1787815554725,1.1341,8.1377,0.5908,-0.02
1085.681,1787815554825,1.1342,8.0847,0.5903,-0.02
1085.781,1787815554925,1.1343,8.0158,0.5896,-0.02
1085.882,1787815555025,1.1344,7.9655,0.5892,-0.02
1085.982,1787815555125,1.1346,7.8955,0.5886,-0.02
1086.082,1787815555226,1.1347,7.8249,0.5880,-0.02
1086.182,1787815555326,1.1349,7.7736,0.5876,-0.02
1086.282,1787815555426,1.1351,7.7024,0.5871,-0.02
1086.382,1787815555526,1.1353,7.6311,0.5866,-0.02
1086.482,1787815555626,1.1354,7.5794,0.5862,-0.02
1086.582,1787815555726,1.1356,7.5120,0.5858,-0.02
1086.683,1787815555826,1.1358,7.4605,0.5854,-0.02
1086.783,1787815555926,1.1360,7.3975,0.5850,-0.02
1086.883,1787815556026,1.1362,7.3306,0.5846,-0.01
1086.983,1787815556127,1.1364,7.2755,0.5843,-0.01
1087.083,1787815556227,1.1366,7.2087,0.5838,-0.01
1087.184,1787815556327,1.1369,7.1224,0.5833,-0.01
1087.284,1787815556427,1.1370,7.0794,0.5830,-0.01
1087.384,1787815556527,1.1373,7.0092,0.5825,-0.01
1087.484,1787815556628,1.1375,6.9431,0.5821,-0.01
1087.584,1787815556728,1.1376,6.8927,0.5818,-0.01
1087.684,1787815556828,1.1378,6.8313,0.5814,-0.01
1087.784,1787815556928,1.1380,6.7818,0.5811,-0.01
1087.884,1787815557028,1.1382,6.7136,0.5806,-0.01
1087.985,1787815557128,1.1383,6.6530,0.5802,-0.01
1088.085,1787815557228,1.1385,6.6000,0.5799,-0.01
1088.185,1787815557328,1.1386,6.5357,0.5795,-0.01
1088.285,1787815557429,1.1388,6.4715,0.5791,-0.01
1088.385,1787815557529,1.1389,6.4150,0.5788,-0.01
1088.485,1787815557629,1.1390,6.3511,0.5784,-0.01
1088.585,1787815557729,1.1391,6.2948,0.5781,-0.01
1088.685,1787815557829,1.1392,6.2461,0.5778,-0.01
1088.785,1787815557929,1.1393,6.1787,0.5775,-0.01
1088.886,1787815558029,1.1394,6.1075,0.5771,-0.01
1088.986,1787815558129,1.1395,6.0475,0.5767,-0.01
1089.086,1787815558229,1.1396,5.9839,0.5764,-0.01
1089.186,1787815558330,1.1397,5.9315,0.5761,-0.01
1089.286,1787815558430,1.1398,5.8719,0.5758,-0.01
1089.386,1787815558530,1.1399,5.8051,0.5754,-0.01
1089.486,1787815558630,1.1400,5.7496,0.5751,-0.01
1089.587,1787815558730,1.1401,5.7017,0.5749,-0.01
1089.687,1787815558830,1.1402,5.6538,0.5747,-0.01
1089.787,1787815558930,1.1403,5.5914,0.5744,-0.01
1089.887,1787815559031,1.1404,5.5255,0.5741,-0.01
1089.987,1787815559131,1.1405,5.4630,0.5738,-0.01
1090.087,1787815559231,1.1405,5.4042,0.5735,-0.01
1090.187,1787815559331,1.1406,5.3380,0.5732,-0.01
1090.287,1787815559431,1.1406,5.2976,0.5730,-0.01
1090.387,1787815559531,1.1407,5.2389,0.5727,-0.01
1090.488,1787815559631,1.1407,5.1767,0.5723,-0.01
1090.588,1787815559731,1.1408,5.1327,0.5721,-0.00
1090.688,1787815559832,1.1408,5.0668,0.5717,-0.00
1090.788,1787815559932,1.1409,5.0155,0.5715,-0.00
1090.888,1787815560032,1.1409,4.9567,0.5711,-0.00
1090.988,1787815560132,1.1409,4.8941,0.5708,-0.00
1091.088,1787815560232,1.1410,4.8423,0.5705,-0.00
1091.189,1787815560332,1.1410,4.7793,0.5702,-0.00
1091.289,1787815560432,1.1411,4.7125,0.5698,-0.00
1091.389,1787815560532,1.1411,4.6566,0.5695,-0.00
1091.489,1787815560633,1.1411,4.5969,0.5692,-0.00
1091.589,1787815560733,1.1412,4.5374,0.5689,-0.00
1091.689,1787815560833,1.1412,4.4780,0.5687,-0.00
1091.789,1787815560933,1.1413,4.4112,0.5684,-0.00
1091.889,1787815561033,1.1414,4.3556,0.5681,-0.00
1091.989,1787815561133,1.1414,4.2926,0.5678,-0.00
1092.090,1787815561233,1.1415,4.2260,0.5675,-0.00
1092.190,1787815561333,1.1415,4.1779,0.5673,-0.00
1092.290,1787815561433,1.1416,4.1188,0.5670,-0.00
1092.390,1787815561534,1.1417,4.0523,0.5667,-0.00
1092.490,1787815561634,1.1417,4.0045,0.5665,-0.00
1092.590,1787815561734,1.1418,3.9456,0.5663,-0.00
1092.690,1787815561834,1.1419,3.8830,0.5660,-0.00
1092.790,1787815561934,1.1420,3.8315,0.5658,-0.00
1092.890,1787815562034,1.1421,3.7654,0.5655,-0.00
1092.991,1787815562134,1.1421,3.7028,0.5652,-0.01
1093.091,1787815562234,1.1422,3.6365,0.5649,-0.01
1093.191,1787815562334,1.1423,3.5703,0.5646,-0.01
1093.291,1787815562435,1.1424,3.5078,0.5642,-0.01
1093.391,1787815562535,1.1425,3.4529,0.5640,-0.01
1093.491,1787815562635,1.1426,3.3946,0.5637,-0.01
1093.591,1787815562735,1.1427,3.3365,0.5634,-0.01
1093.691,1787815562835,1.1429,3.2713,0.5631,-0.01
1093.792,1787815562935,1.1430,3.2134,0.5628,-0.01
1093.892,1787815563035,1.1431,3.1626,0.5626,-0.01
1093.992,1787815563135,1.1432,3.0941,0.5623,-0.01
1094.092,1787815563236,1.1434,3.0332,0.5620,-0.00
1094.192,1787815563336,1.1435,2.9758,0.5618,-0.00
1094.292,1787815563436,1.1436,2.9221,0.5616,-0.00
1094.392,1787815563536,1.1437,2.8577,0.5613,-0.00
1094.492,1787815563636,1.1438,2.8006,0.5611,-0.00
1094.592,1787815563736,1.1439,2.7614,0.5609,-0.00
1094.692,1787815563836,1.1441,2.7009,0.5607,0.00
1094.793,1787815563936,1.1442,2.6547,0.5605,0.00
1094.893,1787815564037,1.1443,2.5837,0.5602,0.00
1094.993,1787815564137,1.1445,2.5230,0.5600,0.00
1095.094,1787815564237,1.1446,2.4837,0.5599,0.00
1095.194,1787815564337,1.1447,2.4157,0.5596,0.01
1095.294,1787815564437,1.1449,2.3618,0.5594,0.01
1095.394,1787815564538,1.1450,2.3078,0.5592,0.01
1095.494,1787815564638,1.1452,2.2429,0.5589,0.01
1095.594,1787815564738,1.1454,2.1886,0.5587,0.01
1095.695,1787815564838,1.1455,2.1270,0.5584,0.01
1095.795,1787815564939,1.1457,2.0689,0.5582,0.01
1095.895,1787815565039,1.1459,2.0107,0.5580,0.01
1095.995,1787815565139,1.1461,1.9488,0.5577,0.01
1096.095,1787815565239,1.1463,1.8795,0.5574,0.01
1096.195,1787815565339,1.1464,1.8394,0.5573,0.01
1096.295,1787815565439,1.1466,1.7737,0.5570,0.00
1096.396,1787815565539,1.1467,1.7227,0.5568,0.00
1096.496,1787815565639,1.1469,1.6644,0.5565,0.00
1096.596,1787815565739,1.1471,1.5951,0.5562,0.00
1096.696,1787815565840,1.1472,1.5291,0.5560,0.00
1096.796,1787815565940,1.1473,1.4666,0.5557,0.00
1096.897,1787815566040,1.1474,1.4005,0.5554,0.00
1096.997,1787815566140,1.1475,1.3455,0.5551,0.00
1097.097,1787815566240,1.1476,1.2869,0.5548,0.00
1097.197,1787815566341,1.1476,1.2175,0.5545,0.00
1097.297,1787815566441,1.1476,1.1482,0.5541,0.00
1097.397,1787815566541,1.1476,1.1046,0.5539,0.00
1097.497,1787815566641,1.1476,1.0430,0.5536,0.00
1097.597,1787815566741,1.1476,0.9852,0.5533,0.00
1097.697,1787815566841,1.1476,0.9348,0.5531,0.00
1097.798,1787815566941,1.1476,0.8662,0.5527,0.00
1097.898,1787815567041,1.1476,0.8194,0.5525,0.00
1097.998,1787815567141,1.1475,0.7546,0.5522,-0.00
1098.098,1787815567242,1.1475,0.6897,0.5518,-0.00
1098.198,1787815567342,1.1474,0.6357,0.5516,-0.00
1098.298,1787815567442,1.1474,0.5889,0.5514,-0.00
1098.398,1787815567542,1.1474,0.5276,0.5511,-0.00
1098.498,1787815567642,1.1474,0.4809,0.5508,-0.00
1098.599,1787815567742,1.1473,0.4198,0.5505,-0.00
1098.699,1787815567843,1.1473,0.3731,0.5503,-0.00
1098.799,1787815567943,1.1473,0.3191,0.5501,0.00
1098.899,1787815568043,1.1472,0.2612,0.5498,0.00
1098.999,1787815568143,1.1472,0.2032,0.5495,0.00
1099.099,1787815568243,1.1472,0.1451,0.5493,0.00
1099.200,1787815568343,1.1472,0.1122,0.5491,0.00
1099.300,1787815568443,1.1472,0.0465,0.5488,0.00
1099.400,1787815568544,1.1472,-0.0121,0.5485,0.00
1099.500,1787815568644,1.1473,-0.0562,0.5483,0.00
1099.600,1787815568744,1.1473,-0.1299,0.5480,0.00
1099.700,1787815568844,1.1473,-0.1782,0.5477,0.00
1099.800,1787815568944,1.1474,-0.2305,0.5475,0.00
1099.900,1787815569044,1.1474,-0.2979,0.5471,0.00
1100.001,1787815569144,1.1475,-0.3430,0.5469,0.00
1100.101,1787815569244,1.1475,-0.4070,0.5466,0.00
1100.201,1787815569345,1.1476,-0.4714,0.5463,0.00
1100.301,1787815569445,1.1476,-0.5363,0.5460,0.00
1100.401,1787815569545,1.1477,-0.6016,0.5457,0.00
1100.501,1787815569645,1.1478,-0.6595,0.5454,0.00
1100.601,1787815569745,1.1478,-0.7136,0.5452,0.00
1100.701,1787815569845,1.1479,-0.7791,0.5449,0.00
1100.802,1787815569945,1.1480,-0.8484,0.5446,0.00
1100.902,1787815570045,1.1481,-0.9062,0.5443,0.00
1101.002,1787815570145,1.1482,-0.9677,0.5440,0.01
1101.102,1787815570246,1.1483,-1.0214,0.5438,0.01
1101.202,1787815570346,1.1484,-1.0825,0.5435,0.01
1101.302,1787815570446,1.1485,-1.1399,0.5433,0.01
1101.402,1787815570546,1.1486,-1.2051,0.5430,0.01
1101.503,1787815570647,1.1487,-1.2702,0.5427,0.01
1101.603,1787815570747,1.1489,-1.3314,0.5425,0.01
1101.703,1787815570847,1.1490,-1.3888,0.5423,0.01
1101.803,1787815570947,1.1491,-1.4614,0.5420,0.01
1101.904,1787815571047,1.1492,-1.5187,0.5417,0.01
1102.004,1787815571147,1.1493,-1.5722,0.5415,0.01
1102.104,1787815571247,1.1495,-1.6482,0.5412,0.01
1102.204,1787815571348,1.1496,-1.6975,0.5410,0.01
1102.304,1787815571448,1.1497,-1.7618,0.5407,0.01
1102.404,1787815571548,1.1498,-1.8296,0.5404,0.01
1102.504,1787815571648,1.1499,-1.8634,0.5403,0.01
1102.604,1787815571748,1.1501,-1.9343,0.5400,0.01
1102.705,1787815571848,1.1502,-1.9901,0.5398,0.01
1102.805,1787815571948,1.1503,-2.0460,0.5395,0.01
1102.905,1787815572049,1.1505,-2.1167,0.5392,0.01
1103.005,1787815572149,1.1506,-2.1576,0.5390,0.01
1103.106,1787815572249,1.1508,-2.2208,0.5388,0.01
1103.206,1787815572349,1.1510,-2.2838,0.5385,0.01
1103.306,1787815572449,1.1511,-2.3320,0.5383,0.01
1103.406,1787815572550,1.1513,-2.4026,0.5380,0.01
1103.506,1787815572650,1.1515,-2.4770,0.5377,0.01
1103.606,1787815572750,1.1517,-2.5366,0.5375,0.01
1103.706,1787815572850,1.1519,-2.5886,0.5373,0.01
1103.806,1787815572950,1.1521,-2.6589,0.5370,0.01
1103.907,1787815573050,1.1523,-2.7104,0.5369,0.01
1104.007,1787815573150,1.1525,-2.7765,0.5366,0.01
1104.107,1787815573250,1.1527,-2.8424,0.5364,0.01
1104.207,1787815573351,1.1529,-2.9011,0.5362,0.01
1104.307,1787815573451,1.1531,-2.9560,0.5360,0.01
1104.407,1787815573551,1.1533,-3.0144,0.5358,0.01
1104.507,1787815573651,1.1535,-3.0726,0.5356,0.01
1104.608,1787815573751,1.1537,-3.1271,0.5354,0.01
1104.708,1787815573851,1.1538,-3.1742,0.5352,0.01
1104.808,1787815573952,1.1540,-3.2248,0.5350,0.01
1104.908,1787815574052,1.1542,-3.2754,0.5348,0.01
1105.008,1787815574152,1.1543,-3.3259,0.5346,0.01
1105.108,1787815574252,1.1546,-3.4057,0.5343,0.01
1105.208,1787815574352,1.1548,-3.4568,0.5341,0.01
1105.309,1787815574452,1.1549,-3.5117,0.5339,0.01
1105.409,1787815574552,1.1551,-3.5667,0.5337,0.01
1105.509,1787815574652,1.1553,-3.6180,0.5335,0.01
1105.609,1787815574753,1.1555,-3.6877,0.5332,0.01
1105.709,1787815574853,1.1557,-3.7541,0.5329,0.01
1105.809,1787815574953,1.1558,-3.7984,0.5328,0.01
1105.909,1787815575053,1.1559,-3.8649,0.5325,0.01
1106.010,1787815575153,1.1560,-3.9132,0.5323,0.01
1106.110,1787815575253,1.1561,-3.9726,0.5320,0.01
1106.210,1787815575353,1.1563,-4.0432,0.5317,0.01
1106.310,1787815575454,1.1564,-4.0990,0.5314,0.01
1106.410,1787815575554,1.1565,-4.1811,0.5310,0.01
1106.510,1787815575654,1.1565,-4.2447,0.5307,0.01
1106.610,1787815575754,1.1566,-4.2933,0.5305,0.01
1106.710,1787815575854,1.1566,-4.3528,0.5302,0.00
1106.810,1787815575954,1.1567,-4.4233,0.5298,0.00
1106.911,1787815576054,1.1567,-4.4827,0.5296,0.00
1107.011,1787815576154,1.1567,-4.5384,0.5293,0.00
1107.111,1787815576254,1.1567,-4.6050,0.5290,0.00
1107.211,1787815576355,1.1567,-4.6642,0.5287,0.00
1107.311,1787815576455,1.1567,-4.7268,0.5284,-0.00
1107.411,1787815576555,1.1567,-4.7857,0.5281,-0.00
1107.512,1787815576656,1.1567,-4.8554,0.5277,-0.00
1107.612,1787815576756,1.1567,-4.8993,0.5275,-0.00
1107.712,1787815576856,1.1568,-4.9686,0.5272,-0.00
1107.813,1787815576956,1.1568,-5.0087,0.5270,-0.00
1107.913,1787815577056,1.1568,-5.0739,0.5268,0.00
1108.013,1787815577156,1.1568,-5.1280,0.5265,0.00
1108.113,1787815577257,1.1568,-5.1821,0.5263,0.00
1108.213,1787815577357,1.1568,-5.2471,0.5260,0.00
1108.313,1787815577457,1.1568,-5.2941,0.5258,0.00
1108.413,1787815577557,1.1569,-5.3413,0.5256,0.01
1108.513,1787815577657,1.1569,-5.3957,0.5254,0.01
1108.614,1787815577757,1.1569,-5.4572,0.5251,0.01
1108.714,1787815577857,1.1569,-5.5226,0.5248,0.01
1108.814,1787815577958,1.1570,-5.5845,0.5246,0.01
1108.914,1787815578058,1.1571,-5.6392,0.5243,0.01
1109.014,1787815578158,1.1571,-5.6942,0.5241,0.01
1109.114,1787815578258,1.1573,-5.7639,0.5238,0.01
1109.215,1787815578358,1.1573,-5.8117,0.5236,0.01
1109.315,1787815578458,1.1575,-5.8928,0.5232,0.01
1109.415,1787815578558,1.1576,-5.9408,0.5230,0.01
1109.515,1787815578659,1.1577,-6.0183,0.5227,0.01
1109.615,1787815578759,1.1579,-6.0774,0.5224,0.01
1109.715,1787815578859,1.1580,-6.1363,0.5221,0.01
1109.815,1787815578959,1.1581,-6.1803,0.5219,0.01
1109.915,1787815579059,1.1583,-6.2535,0.5216,0.01
1110.016,1787815579159,1.1584,-6.3010,0.5214,0.00
1110.116,1787815579259,1.1586,-6.3593,0.5211,0.00
1110.216,1787815579359,1.1588,-6.4323,0.5208,0.00
1110.316,1787815579460,1.1588,-6.4687,0.5207,0.00
1110.416,1787815579560,1.1590,-6.5343,0.5204,0.01
1110.516,1787815579660,1.1591,-6.5964,0.5201,0.00
1110.616,1787815579760,1.1592,-6.6475,0.5199,0.00
1110.716,1787815579860,1.1593,-6.6986,0.5196,0.00
1110.816,1787815579960,1.1595,-6.7716,0.5193,0.00
1110.916,1787815580060,1.1596,-6.8299,0.5190,0.00
1111.017,1787815580160,1.1598,-6.8957,0.5187,0.00
1111.117,1787815580260,1.1599,-6.9542,0.5185,0.00
1111.217,1787815580360,1.1600,-7.0164,0.5182,0.00
1111.317,1787815580460,1.1601,-7.0787,0.5179,0.00
1111.417,1787815580561,1.1602,-7.1409,0.5176,-0.00
1111.517,1787815580661,1.1603,-7.2104,0.5173,-0.00
1111.617,1787815580761,1.1604,-7.2615,0.5171,-0.00
1111.717,1787815580861,1.1605,-7.3164,0.5169,-0.00
1111.818,1787815580962,1.1605,-7.3820,0.5166,-0.00
1111.920,1787815581064,1.1606,-7.4365,0.5163,-0.01
1112.020,1787815581164,1.1607,-7.4943,0.5161,-0.01
1112.120,1787815581264,1.1608,-7.5446,0.5159,-0.01
1112.222,1787815581365,1.1609,-7.6237,0.5156,-0.01
1112.322,1787815581465,1.1610,-7.6742,0.5153,-0.00
1112.422,1787815581566,1.1611,-7.7392,0.5151,-0.00
1112.523,1787815581666,1.1612,-7.8042,0.5148,-0.00
1112.623,1787815581766,1.1613,-7.8621,0.5145,-0.00
1112.723,1787815581866,1.1614,-7.9198,0.5143,-0.00
1112.823,1787815581967,1.1616,-7.9847,0.5140,-0.00
1112.923,1787815582067,1.1617,-8.0387,0.5138,0.00
1113.023,1787815582167,1.1618,-8.0889,0.5136,0.00
1113.123,1787815582267,1.1619,-8.1427,0.5133,0.00
1113.223,1787815582367,1.1620,-8.1789,0.5132,0.00
1113.323,1787815582467,1.1621,-8.2409,0.5128,0.00
1113.424,1787815582568,1.1622,-8.3176,0.5125,0.00
1113.524,1787815582668,1.1623,-8.3680,0.5123,0.00
1113.624,1787815582768,1.1624,-8.4279,0.5121,0.00
1113.725,1787815582868,1.1626,-8.4825,0.5119,0.00
1113.825,1787815582968,1.1627,-8.5319,0.5117,0.00
1113.925,1787815583069,1.1628,-8.5856,0.5116,-0.00
1114.025,1787815583169,1.1629,-8.6339,0.5115,-0.00
1114.125,1787815583269,1.1630,-8.6740,0.5115,-0.00
1114.225,1787815583369,1.1631,-8.7280,0.5114,0.00
1114.325,1787815583469,1.1632,-8.7607,0.5113,0.00
1114.426,1787815583569,1.1634,-8.7986,0.5113,0.00
1114.526,1787815583669,1.1634,-8.8294,0.5112,0.00
1114.626,1787815583770,1.1635,-8.8620,0.5111,-0.00
1114.726,1787815583870,1.1636,-8.8970,0.5110,-0.00
1114.826,1787815583970,1.1636,-8.9170,0.5109,-0.00
1114.926,1787815584070,1.1637,-8.9428,0.5107,-0.00
1115.026,1787815584170,1.1637,-8.9681,0.5105,0.00
1115.126,1787815584270,1.1637,-8.9876,0.5103,0.00
1115.227,1787815584370,1.1638,-9.0070,0.5101,0.00
1115.327,1787815584470,1.1638,-9.0206,0.5099,0.01
1115.427,1787815584570,1.1638,-9.0325,0.5097,0.01
1115.527,1787815584671,1.1638,-9.0400,0.5096,0.01
1115.627,1787815584771,1.1638,-9.0479,0.5094,0.01
1115.727,1787815584871,1.1639,-9.0532,0.5092,0.02
1115.827,1787815584971,1.1639,-9.0559,0.5091,0.02
1115.927,1787815585071,1.1639,-9.0578,0.5090,0.02
1116.027,1787815585171,1.1639,-9.0584,0.5089,0.02
1116.128,1787815585271,1.1639,-9.0580,0.5089,0.02
1116.228,1787815585371,1.1639,-9.0564,0.5088,0.02
1116.328,1787815585471,1.1639,-9.0539,0.5087,0.02
1116.428,1787815585572,1.1639,-9.0506,0.5087,0.02
1116.528,1787815585672,1.1638,-9.0461,0.5087,0.02
1116.628,1787815585772,1.1638,-9.0415,0.5086,0.02
1116.728,1787815585872,1.1639,-9.0380,0.5086,0.01
1116.828,1787815585972,1.1639,-9.0334,0.5086,0.01
1116.928,1787815586072,1.1640,-9.0277,0.5086,0.01
1117.028,1787815586172,1.1641,-9.0225,0.5086,0.00
1117.129,1787815586273,1.1641,-9.0163,0.5087,0.00
1117.230,1787815586373,1.1641,-9.0111,0.5087,-0.00
1117.330,1787815586473,1.1641,-9.0059,0.5087,-0.00
1117.430,1787815586574,1.1642,-9.0012,0.5087,-0.00
1117.530,1787815586674,1.1642,-8.9978,0.5088,-0.01
1117.630,1787815586774,1.1642,-8.9928,0.5088,-0.01
1117.731,1787815586874,1.1643,-8.9877,0.5088,-0.01
1117.831,1787815586974,1.1643,-8.9834,0.5089,-0.01
1117.931,1787815587074,1.1643,-8.9794,0.5089,-0.01
1118.031,1787815587175,1.1644,-8.9757,0.5089,-0.01
1118.131,1787815587275,1.1644,-8.9724,0.5090,-0.01
1118.231,1787815587375,1.1644,-8.9688,0.5090,-0.01
1118.331,1787815587475,1.1644,-8.9658,0.5091,-0.00
1118.431,1787815587575,1.1645,-8.9630,0.5091,-0.00
1118.531,1787815587675,1.1645,-8.9602,0.5092,-0.00
1118.631,1787815587775,1.1645,-8.9581,0.5093,-0.00
1118.732,1787815587875,1.1645,-8.9562,0.5093,0.00
1118.832,1787815587975,1.1646,-8.9543,0.5094,0.00
1118.932,1787815588075,1.1646,-8.9528,0.5094,0.00
1119.032,1787815588176,1.1646,-8.9518,0.5095,0.01
1119.132,1787815588276,1.1646,-8.9505,0.5095,0.01
1119.232,1787815588376,1.1647,-8.9498,0.5096,0.01
1119.332,1787815588476,1.1647,-8.9492,0.5096,0.01
1119.432,1787815588576,1.1647,-8.9485,0.5097,0.01
1119.532,1787815588676,1.1647,-8.9482,0.5097,0.01
1119.633,1787815588776,1.1647,-8.9480,0.5097,0.01
1119.733,1787815588876,1.1647,-8.9478,0.5098,0.01
1119.833,1787815588976,1.1648,-8.9477,0.5098,0.01
1119.933,1787815589077,1.1648,-8.9478,0.5099,0.01
1120.033,1787815589177,1.1648,-8.9480,0.5099,0.01
1120.134,1787815589277,1.1647,-8.9483,0.5100,0.01
1120.234,1787815589378,1.1647,-8.9487,0.5100,0.01
1120.334,1787815589478,1.1647,-8.9492,0.5101,0.01
1120.434,1787815589578,1.1647,-8.9497,0.5101,0.01
1120.534,1787815589678,1.1647,-8.9503,0.5101,0.01
1120.635,1787815589778,1.1646,-8.9509,0.5102,0.01
1120.735,1787815589878,1.1646,-8.9515,0.5102,0.01
1120.835,1787815589978,1.1646,-8.9521,0.5102,0.01
1120.935,1787815590079,1.1646,-8.9527,0.5103,0.01
1121.035,1787815590179,1.1645,-8.9534,0.5103,0.01
1121.135,1787815590279,1.1645,-8.9542,0.5103,0.01
1121.235,1787815590379,1.1645,-8.9548,0.5103,0.01
1121.335,1787815590479,1.1644,-8.9556,0.5104,0.00
1121.435,1787815590579,1.1644,-8.9563,0.5104,0.00
1121.536,1787815590679,1.1644,-8.9570,0.5104,0.00
1121.636,1787815590779,1.1643,-8.9579,0.5104,0.00
1121.736,1787815590879,1.1643,-8.9588,0.5104,0.00
1121.836,1787815590980,1.1643,-8.9594,0.5104,0.00
1121.936,1787815591080,1.1642,-8.9600,0.5104,0.00
1122.036,1787815591180,1.1642,-8.9607,0.5104,-0.00
1122.136,1787815591280,1.1641,-8.9614,0.5104,-0.00
1122.236,1787815591380,1.1641,-8.9621,0.5104,-0.00
1122.336,1787815591480,1.1641,-8.9628,0.5103,-0.00
1122.437,1787815591580,1.1640,-8.9633,0.5103,-0.00
1122.537,1787815591680,1.1639,-8.9641,0.5103,-0.00
1122.637,1787815591780,1.1639,-8.9647,0.5103,-0.00
1122.737,1787815591881,1.1638,-8.9653,0.5103,-0.00
1122.837,1787815591981,1.1637,-8.9659,0.5103,0.00
1122.937,1787815592081,1.1636,-8.9664,0.5102,0.00
1123.037,1787815592181,1.1635,-8.9669,0.5102,0.00
1123.137,1787815592281,1.1635,-8.9674,0.5102,0.00
1123.238,1787815592381,1.1634,-8.9679,0.5102,0.00
1123.338,1787815592481,1.1633,-8.9684,0.5101,0.00
1123.438,1787815592581,1.1631,-8.9690,0.5101,0.00
1123.538,1787815592682,1.1630,-8.9694,0.5101,0.00
1123.638,1787815592782,1.1628,-8.9699,0.5100,0.00
1123.738,1787815592882,1.1627,-8.9704,0.5100,0.00
1123.838,1787815592982,1.1625,-8.9709,0.5099,0.00
1123.938,1787815593082,1.1624,-8.9715,0.5099,0.01
1124.038,1787815593182,1.1624,-8.9725,0.5100,0.09
1124.139,1787815593282,1.1623,-8.9733,0.5103,0.27
1124.239,1787815593382,1.1622,-8.9740,0.5108,0.76
1124.339,1787815593482,1.1621,-8.9741,0.5117,1.69
1124.439,1787815593583,1.1620,-8.9736,0.5126,2.85
1124.539,1787815593683,1.1619,-8.9724,0.5136,4.38
1124.639,1787815593783,1.1617,-8.9706,0.5147,6.41
1124.739,1787815593883,1.1616,-8.9684,0.5157,8.67
1124.839,1787815593983,1.1614,-8.9659,0.5165,11.25
1124.940,1787815594083,1.1612,-8.9639,0.5171,13.37
1125.040,1787815594183,1.1609,-8.9609,0.5176,16.62
1125.140,1787815594284,1.1606,-8.9581,0.5180,19.91
1125.240,1787815594384,1.1603,-8.9557,0.5181,22.94
1125.340,1787815594484,1.1600,-8.9529,0.5181,26.77
1125.440,1787815594584,1.1597,-8.9505,0.5180,30.48
1125.540,1787815594684,1.1594,-8.9486,0.5177,33.78
1125.641,1787815594784,1.1591,-8.9465,0.5173,38.04
1125.741,1787815594885,1.1590,-8.9454,0.5169,40.87
1125.841,1787815594985,1.1590,-8.9441,0.5163,44.62
1125.941,1787815595085,1.1591,-8.9433,0.5157,48.31
1126.041,1787815595185,1.1593,-8.9427,0.5149,52.37
1126.141,1787815595285,1.1598,-8.9426,0.5143,56.10
1126.242,1787815595385,1.1604,-8.9428,0.5136,59.71
1126.342,1787815595485,1.1610,-8.9431,0.5131,62.59
1126.442,1787815595585,1.1619,-8.9438,0.5125,66.35
1126.542,1787815595686,1.1630,-8.9448,0.5119,69.77
1126.642,1787815595786,1.1642,-8.9459,0.5114,73.05
1126.743,1787815595886,1.1653,-8.9470,0.5110,75.86
1126.843,1787815595986,1.1666,-8.9483,0.5106,78.93
1126.943,1787815596087,1.1677,-8.9494,0.5103,81.43
1127.043,1787815596187,1.1687,-8.9505,0.5101,83.89
1127.143,1787815596287,1.1698,-8.9516,0.5098,86.49
1127.243,1787815596387,1.1705,-8.9524,0.5097,88.28
1127.343,1787815596487,1.1713,-8.9535,0.5095,90.89
1127.443,1787815596587,1.1721,-8.9547,0.5094,93.87
1127.544,1787815596687,1.1726,-8.9557,0.5094,96.74
1127.644,1787815596787,1.1728,-8.9567,0.5093,99.85
1127.744,1787815596888,1.1727,-8.9574,0.5092,102.49
1127.844,1787815596988,1.1724,-8.9583,0.5092,105.70
1127.944,1787815597088,1.1720,-8.9591,0.5091,108.78
1128.044,1787815597188,1.1714,-8.9599,0.5091,111.88
1128.144,1787815597288,1.1706,-8.9607,0.5090,115.37
1128.244,1787815597388,1.1698,-8.9613,0.5089,119.03
1128.344,1787815597488,1.1691,-8.9618,0.5089,122.14
1128.445,1787815597588,1.1685,-8.9622,0.5088,124.50
1128.545,1787815597688,1.1677,-8.9626,0.5088,127.57
1128.645,1787815597788,1.1670,-8.9628,0.5087,130.81
1128.745,1787815597889,1.1663,-8.9630,0.5087,133.86
1128.845,1787815597989,1.1658,-8.9631,0.5086,136.36
1128.945,1787815598089,1.1653,-8.9632,0.5086,138.67
1129.045,1787815598189,1.1647,-8.9632,0.5085,141.88
1129.146,1787815598289,1.1641,-8.9631,0.5085,145.29
1129.246,1787815598389,1.1636,-8.9631,0.5085,147.99
1129.346,1787815598489,1.1630,-8.9631,0.5085,150.89
1129.446,1787815598589,1.1626,-8.9631,0.5084,153.43
1129.546,1787815598690,1.1621,-8.9631,0.5084,156.16
1129.646,1787815598790,1.1616,-8.9632,0.5084,159.27
1129.746,1787815598890,1.1611,-8.9632,0.5084,162.38
1129.846,1787815598990,1.1607,-8.9632,0.5084,164.96
1129.946,1787815599090,1.1603,-8.9633,0.5084,168.09
1130.046,1787815599190,1.1600,-8.9634,0.5085,170.98
1130.147,1787815599290,1.1596,-8.9637,0.5087,173.58
1130.247,1787815599390,1.1593,-8.9642,0.5091,176.46
1130.347,1787815599491,1.1591,-8.9644,0.5096,178.87
1130.447,1787815599591,1.1589,-8.9644,0.5101,-179.54
1130.547,1787815599691,1.1588,-8.9640,0.5109,-177.82
1130.647,1787815599791,1.1587,-8.9632,0.5116,-176.58
1130.747,1787815599891,1.1586,-8.9617,0.5125,-175.59
1130.847,1787815599991,1.1584,-8.9600,0.5133,-175.10
1130.948,1787815600091,1.1583,-8.9581,0.5139,-175.00
1131.048,1787815600191,1.1582,-8.9560,0.5144,-175.21
1131.148,1787815600291,1.1581,-8.9541,0.5147,-175.63
1131.248,1787815600392,1.1580,-8.9523,0.5148,-176.24
1131.348,1787815600492,1.1580,-8.9513,0.5148,-176.66
1131.448,1787815600592,1.1579,-8.9500,0.5147,-177.39
1131.548,1787815600692,1.1579,-8.9489,0.5144,-178.15
1131.648,1787815600792,1.1579,-8.9481,0.5141,-178.90
1131.749,1787815600892,1.1579,-8.9478,0.5137,-179.61
1131.849,1787815600992,1.1580,-8.9478,0.5132,179.71
1131.949,1787815601092,1.1581,-8.9483,0.5127,179.13
1132.049,1787815601193,1.1582,-8.9492,0.5122,178.63
1132.149,1787815601293,1.1582,-8.9501,0.5118,178.36
1132.250,1787815601393,1.1583,-8.9518,0.5113,178.10
1132.350,1787815601493,1.1584,-8.9530,0.5110,178.00
1132.450,1787815601593,1.1586,-8.9547,0.5106,177.94
1132.550,1787815601694,1.1587,-8.9563,0.5103,177.95
1132.650,1787815601794,1.1588,-8.9585,0.5100,178.04
1132.750,1787815601894,1.1589,-8.9609,0.5096,178.21
1132.850,1787815601994,1.1590,-8.9629,0.5094,178.38
1132.950,1787815602094,1.1591,-8.9645,0.5092,178.56
1133.050,1787815602194,1.1586,-8.9663,0.5090,178.76
1133.151,1787815602294,1.1571,-8.9684,0.5089,179.01
1133.251,1787815602394,1.1557,-8.9703,0.5088,179.25
1133.351,1787815602494,1.1552,-8.9718,0.5088,179.48
1133.451,1787815602595,1.1563,-8.9730,0.5088,179.69
1133.551,1787815602695,1.1591,-8.9738,0.5089,179.85
1133.651,1787815602795,1.1638,-8.9743,0.5089,179.97
1133.751,1787815602895,1.1703,-8.9747,0.5090,-179.93
1133.851,1787815602995,1.1791,-8.9748,0.5092,-179.86
1133.952,1787815603095,1.1903,-8.9748,0.5093,-179.82
1134.052,1787815603195,1.2049,-8.9747,0.5095,-179.81
1134.152,1787815603295,1.2250,-8.9743,0.5096,-179.82
1134.252,1787815603396,1.2464,-8.9739,0.5097,-179.85
1134.352,1787815603496,1.2709,-8.9733,0.5098,-179.90
1134.452,1787815603596,1.3003,-8.9727,0.5098,-179.96
1134.552,1787815603696,1.3334,-8.9720,0.5098,179.98
1134.652,1787815603796,1.3656,-8.9714,0.5098,179.92
1134.753,1787815603896,1.3959,-8.9709,0.5097,179.87
1134.853,1787815603996,1.4327,-8.9704,0.5097,179.82
1134.953,1787815604096,1.4667,-8.9699,0.5096,179.78
1135.054,1787815604198,1.5159,-8.9693,0.5095,179.74
1135.155,1787815604298,1.5598,-8.9688,0.5094,179.71
1135.255,1787815604398,1.6031,-8.9684,0.5094,179.69
1135.355,1787815604498,1.6545,-8.9680,0.5092,179.68
1135.455,1787815604599,1.6984,-8.9677,0.5092,179.68
1135.555,1787815604699,1.7404,-8.9675,0.5091,179.68
1135.655,1787815604799,1.7803,-8.9673,0.5090,179.69
1135.756,1787815604899,1.8344,-8.9671,0.5089,179.70
1135.856,1787815604999,1.9007,-8.9670,0.5089,179.72
1135.956,1787815605099,1.9730,-8.9669,0.5088,179.74
1136.056,1787815605200,2.0211,-8.9669,0.5087,179.76
1136.156,1787815605300,2.0925,-8.9670,0.5087,179.79
1136.256,1787815605400,2.1501,-8.9671,0.5086,179.81
1136.356,1787815605500,2.2122,-8.9673,0.5085,179.83
1136.458,1787815605601,2.2865,-8.9677,0.5085,179.85
1136.558,1787815605702,2.3379,-8.9679,0.5085,179.87
1136.658,1787815605802,2.4092,-8.9683,0.5085,179.88
1136.758,1787815605902,2.4811,-8.9688,0.5085,179.90
1136.858,1787815606002,2.5533,-8.9693,0.5086,179.90
1136.958,1787815606102,2.6176,-8.9698,0.5086,179.91
1137.058,1787815606202,2.6858,-8.9704,0.5087,179.91
1137.159,1787815606302,2.7459,-8.9709,0.5087,179.92
1137.259,1787815606402,2.8016,-8.9715,0.5088,179.92
1137.359,1787815606502,2.8770,-8.9723,0.5088,179.91
1137.459,1787815606603,2.9325,-8.9729,0.5089,179.91
1137.559,1787815606703,2.9916,-8.9736,0.5089,179.91
1137.659,1787815606803,3.0622,-8.9745,0.5090,179.91
1137.760,1787815606903,3.1404,-8.9755,0.5090,179.90
1137.860,1787815607003,3.1951,-8.9762,0.5091,179.90
1137.960,1787815607103,3.2685,-8.9772,0.5091,179.90
1138.060,1787815607204,3.3300,-8.9781,0.5092,179.90
1138.160,1787815607304,3.3912,-8.9789,0.5092,179.90
1138.260,1787815607404,3.4670,-8.9799,0.5092,179.90
1138.360,1787815607504,3.5272,-8.9808,0.5093,179.90
1138.461,1787815607604,3.5908,-8.9816,0.5093,179.90
1138.561,1787815607704,3.6430,-8.9823,0.5093,179.91
1138.661,1787815607804,3.7058,-8.9832,0.5093,179.91
1138.761,1787815607905,3.7755,-8.9841,0.5093,179.91
1138.861,1787815608005,3.8412,-8.9850,0.5093,179.92
1138.961,1787815608105,3.8994,-8.9857,0.5092,179.92
1139.061,1787815608205,3.9392,-8.9862,0.5092,179.93
1139.161,1787815608305,4.0075,-8.9871,0.5092,179.93
1139.261,1787815608405,4.0467,-8.9876,0.5092,179.93
1139.362,1787815608505,4.1108,-8.9884,0.5091,179.94
1139.462,1787815608605,4.1862,-8.9893,0.5090,179.94
1139.562,1787815608705,4.2334,-8.9898,0.5089,179.95
1139.662,1787815608806,4.2914,-8.9905,0.5087,179.95
1139.762,1787815608906,4.3561,-8.9912,0.5086,179.95
1139.862,1787815609006,4.4158,-8.9918,0.5085,179.95
1139.962,1787815609106,4.4672,-8.9923,0.5084,179.96
1140.062,1787815609206,4.5203,-8.9928,0.5083,179.96
1140.162,1787815609306,4.5777,-8.9934,0.5083,179.96
1140.263,1787815609406,4.6264,-8.9939,0.5082,179.96
1140.363,1787815609506,4.6783,-8.9944,0.5082,179.96
1140.463,1787815609606,4.7058,-8.9947,0.5082,179.96
1140.564,1787815609707,4.7526,-8.9952,0.5082,179.96
1140.664,1787815609807,4.7914,-8.9956,0.5081,179.95
1140.764,1787815609907,4.8274,-8.9959,0.5081,179.95
1140.864,1787815610007,4.8665,-8.9963,0.5080,179.95
1140.964,1787815610108,4.8945,-8.9966,0.5079,179.95
1141.064,1787815610208,4.9201,-8.9968,0.5078,179.95
1141.164,1787815610308,4.9461,-8.9971,0.5076,179.96
1141.264,1787815610408,4.9665,-8.9973,0.5075,179.96
1141.364,1787815610508,4.9879,-8.9976,0.5074,179.96
1141.464,1787815610608,5.0053,-8.9978,0.5073,179.96
1141.565,1787815610708,5.0192,-8.9980,0.5071,179.96
1141.665,1787815610808,5.0321,-8.9981,0.5070,179.96
1141.765,1787815610909,5.0408,-8.9982,0.5069,179.96
1141.865,1787815611009,5.0482,-8.9983,0.5068,179.96
1141.965,1787815611109,5.0541,-8.9984,0.5067,179.97
1142.065,1787815611209,5.0569,-8.9985,0.5066,179.97
1142.165,1787815611309,5.0597,-8.9985,0.5066,179.97
1142.265,1787815611409,5.0610,-8.9986,0.5066,179.97
1142.365,1787815611509,5.0613,-8.9986,0.5066,179.97
1142.466,1787815611609,5.0603,-8.9987,0.5066,179.97
1142.566,1787815611709,5.0585,-8.9988,0.5066,179.97
1142.666,1787815611809,5.0562,-8.9988,0.5066,179.97
1142.766,1787815611910,5.0523,-8.9988,0.5066,179.97
1142.866,1787815612010,5.0496,-8.9988,0.5066,179.97
1142.966,1787815612110,5.0445,-8.9988,0.5067,179.97
1143.066,1787815612210,5.0399,-8.9988,0.5068,179.97
1143.166,1787815612310,5.0343,-8.9988,0.5068,179.97
1143.266,1787815612410,5.0285,-8.9988,0.5070,179.97
1143.367,1787815612510,5.0221,-8.9988,0.5071,179.97
1143.467,1787815612610,5.0167,-8.9988,0.5072,179.97
1143.567,1787815612710,5.0109,-8.9987,0.5073,179.97
1143.667,1787815612811,5.0055,-8.9987,0.5074,179.97
1143.767,1787815612911,5.0002,-8.9986,0.5075,179.98
1143.867,1787815613011,4.9936,-8.9985,0.5076,179.98
1143.967,1787815613111,4.9884,-8.9985,0.5077,179.98
1144.067,1787815613211,4.9830,-8.9985,0.5079,179.98
1144.168,1787815613311,4.9770,-8.9984,0.5080,179.98
1144.268,1787815613411,4.9724,-8.9983,0.5081,179.98
1144.368,1787815613511,4.9687,-8.9982,0.5082,179.98
1144.468,1787815613611,4.9640,-8.9981,0.5083,179.98
1144.568,1787815613712,4.9610,-8.9981,0.5084,179.98
1144.668,1787815613812,4.9577,-8.9980,0.5085,179.98
1144.768,1787815613912,4.9537,-8.9979,0.5086,179.98
1144.868,1787815614012,4.9508,-8.9979,0.5086,179.98
1144.968,1787815614112,4.9481,-8.9978,0.5087,179.98
1145.069,1787815614212,4.9454,-8.9977,0.5087,179.97
1145.169,1787815614312,4.9441,-8.9976,0.5088,179.97
1145.269,1787815614413,4.9420,-8.9975,0.5088,179.97
1145.369,1787815614513,4.9401,-8.9975,0.5089,179.97
1145.469,1787815614613,4.9385,-8.9974,0.5089,179.97
1145.569,1787815614713,4.9373,-8.9974,0.5089,179.97
1145.669,1787815614813,4.9361,-8.9973,0.5090,179.98
1145.769,1787815614913,4.9352,-8.9973,0.5090,179.98
1145.870,1787815615013,4.9345,-8.9972,0.5091,179.98
1145.970,1787815615113,4.9339,-8.9972,0.5091,179.98
1146.070,1787815615213,4.9335,-8.9971,0.5092,179.98
1146.170,1787815615313,4.9332,-8.9971,0.5092,179.98
1146.270,1787815615414,4.9331,-8.9970,0.5093,179.98
1146.370,1787815615514,4.9331,-8.9970,0.5094,179.98
1146.470,1787815615614,4.9331,-8.9969,0.5094,179.99
1146.570,1787815615714,4.9333,-8.9969,0.5095,179.99
1146.670,1787815615814,4.9334,-8.9968,0.5095,179.99
1146.771,1787815615914,4.9337,-8.9968,0.5096,179.99
1146.871,1787815616014,4.9340,-8.9968,0.5096,179.99
1146.971,1787815616115,4.9344,-8.9968,0.5097,179.99
1147.071,1787815616215,4.9348,-8.9968,0.5097,179.98
1147.171,1787815616315,4.9352,-8.9968,0.5097,179.98
1147.272,1787815616415,4.9357,-8.9968,0.5097,179.98
1147.372,1787815616515,4.9362,-8.9968,0.5097,179.98
1147.472,1787815616615,4.9366,-8.9968,0.5097,179.98
1147.572,1787815616716,4.9372,-8.9969,0.5097,179.98
1147.672,1787815616816,4.9377,-8.9970,0.5097,179.98
1147.772,1787815616916,4.9382,-8.9970,0.5096,179.98
1147.872,1787815617016,4.9386,-8.9971,0.5096,179.98
1147.972,1787815617116,4.9390,-8.9971,0.5095,179.98
1148.073,1787815617216,4.9394,-8.9972,0.5094,179.98
1148.173,1787815617316,4.9398,-8.9972,0.5094,179.98
1148.273,1787815617416,4.9402,-8.9973,0.5093,179.98
1148.373,1787815617516,4.9405,-8.9973,0.5093,179.98
1148.473,1787815617617,4.9409,-8.9973,0.5092,179.98
1148.573,1787815617717,4.9412,-8.9973,0.5092,179.98
1148.673,1787815617817,4.9415,-8.9974,0.5092,179.98
1148.773,1787815617917,4.9418,-8.9974,0.5091,179.98
1148.873,1787815618017,4.9421,-8.9975,0.5091,179.98
1148.973,1787815618117,4.9423,-8.9975,0.5091,179.98
1149.074,1787815618217,4.9426,-8.9976,0.5090,179.98
1149.174,1787815618317,4.9429,-8.9976,0.5090,179.98
1149.274,1787815618418,4.9432,-8.9977,0.5090,179.98
1149.376,1787815618519,4.9434,-8.9977,0.5090,179.97
1149.476,1787815618620,4.9437,-8.9978,0.5090,179.97
1149.576,1787815618720,4.9438,-8.9978,0.5090,179.97
1149.677,1787815618821,4.9441,-8.9979,0.5090,179.97
1149.777,1787815618921,4.9443,-8.9979,0.5090,179.97
1149.877,1787815619021,4.9445,-8.9980,0.5089,179.97
1149.977,1787815619121,4.9447,-8.9981,0.5089,179.97
1150.078,1787815619221,4.9450,-8.9984,0.5089,179.97
1150.178,1787815619321,4.9454,-8.9996,0.5089,179.97
1150.278,1787815619421,4.9456,-9.0012,0.5090,179.97
1150.378,1787815619522,4.9456,-9.0023,0.5091,179.97
1150.478,1787815619622,4.9454,-9.0025,0.5093,179.97
1150.578,1787815619722,4.9451,-9.0009,0.5095,179.97
1150.678,1787815619822,4.9446,-8.9972,0.5097,179.97
1150.778,1787815619922,4.9442,-8.9912,0.5099,179.97
1150.878,1787815620022,4.9437,-8.9839,0.5100,179.97
1150.979,1787815620122,4.9431,-8.9719,0.5102,179.98
1151.079,1787815620223,4.9426,-8.9608,0.5104,179.98
1151.179,1787815620323,4.9419,-8.9449,0.5106,179.98
1151.279,1787815620423,4.9413,-8.9260,0.5107,179.98
1151.379,1787815620523,4.9407,-8.9094,0.5108,179.98
1151.479,1787815620623,4.9401,-8.8850,0.5109,179.98
1151.579,1787815620723,4.9395,-8.8609,0.5110,179.98
1151.680,1787815620823,4.9389,-8.8345,0.5111,179.99
1151.780,1787815620923,4.9382,-8.8014,0.5111,179.99
1151.880,1787815621024,4.9376,-8.7676,0.5111,179.99
1151.980,1787815621124,4.9371,-8.7310,0.5110,179.99
1152.080,1787815621224,4.9365,-8.6865,0.5110,179.99
1152.181,1787815621324,4.9361,-8.6552,0.5109,179.99
1152.281,1787815621424,4.9357,-8.6113,0.5108,179.99
1152.381,1787815621525,4.9352,-8.5563,0.5107,179.99
1152.481,1787815621625,4.9349,-8.5199,0.5106,179.99
1152.581,1787815621725,4.9345,-8.4599,0.5104,179.99
1152.681,1787815621825,4.9342,-8.4073,0.5103,179.99
1152.781,1787815621925,4.9340,-8.3462,0.5101,179.98
1152.882,1787815622025,4.9338,-8.2795,0.5099,179.98
1152.982,1787815622125,4.9337,-8.2070,0.5098,179.98
1153.082,1787815622225,4.9337,-8.1591,0.5097,179.98
1153.182,1787815622326,4.9337,-8.0919,0.5095,179.98
1153.282,1787815622426,4.9337,-8.0237,0.5094,179.98
1153.382,1787815622526,4.9338,-7.9703,0.5094,179.98
1153.482,1787815622626,4.9340,-7.9127,0.5094,179.98
1153.582,1787815622726,4.9341,-7.8506,0.5093,179.98
1153.682,1787815622826,4.9344,-7.7804,0.5093,179.98
1153.782,1787815622926,4.9346,-7.7178,0.5093,179.98
1153.883,1787815623026,4.9350,-7.6390,0.5093,179.98
1153.983,1787815623126,4.9352,-7.5996,0.5093,179.98
1154.083,1787815623226,4.9355,-7.5326,0.5094,179.98
1154.183,1787815623327,4.9359,-7.4699,0.5094,179.98
1154.283,1787815623427,4.9363,-7.4112,0.5094,179.98
1154.383,1787815623527,4.9367,-7.3408,0.5094,179.98
1154.483,1787815623627,4.9371,-7.2821,0.5095,179.98
1154.584,1787815623727,4.9375,-7.2199,0.5095,179.98
1154.684,1787815623828,4.9380,-7.1539,0.5096,179.98
1154.784,1787815623928,4.9384,-7.0959,0.5096,179.98
1154.884,1787815624028,4.9387,-7.0380,0.5096,179.98
1154.984,1787815624128,4.9391,-6.9803,0.5096,179.98
1155.084,1787815624228,4.9396,-6.9151,0.5096,179.98
1155.184,1787815624328,4.9401,-6.8425,0.5096,179.98
1155.285,1787815624428,4.9405,-6.7776,0.5096,179.98
1155.385,1787815624528,4.9409,-6.7167,0.5095,179.98
1155.485,1787815624628,4.9413,-6.6561,0.5095,179.99
1155.585,1787815624729,4.9417,-6.5920,0.5094,179.99
1155.685,1787815624829,4.9421,-6.5356,0.5094,179.99
1155.785,1787815624929,4.9425,-6.4721,0.5093,179.99
1155.885,1787815625029,4.9428,-6.4125,0.5092,179.99
1155.985,1787815625129,4.9431,-6.3494,0.5092,179.99
1156.086,1787815625229,4.9435,-6.2828,0.5091,179.99
1156.186,1787815625329,4.9437,-6.2422,0.5091,179.98
1156.286,1787815625429,4.9439,-6.1796,0.5091,179.98
1156.386,1787815625530,4.9442,-6.1137,0.5091,179.98
1156.486,1787815625630,4.9445,-6.0553,0.5091,179.98
1156.586,1787815625730,4.9447,-5.9970,0.5090,179.98
1156.686,1787815625830,4.9449,-5.9314,0.5090,179.98
1156.786,1787815625930,4.9451,-5.8732,0.5090,179.98
1156.887,1787815626030,4.9452,-5.8113,0.5090,179.98
1156.987,1787815626130,4.9454,-5.7386,0.5090,179.98
1157.087,1787815626230,4.9454,-5.6986,0.5090,179.98
1157.187,1787815626331,4.9456,-5.6334,0.5090,179.98
1157.287,1787815626431,4.9456,-5.5721,0.5090,179.99
1157.387,1787815626531,4.9457,-5.5037,0.5090,179.99
1157.487,1787815626631,4.9458,-5.4427,0.5090,179.99
1157.587,1787815626731,4.9458,-5.3781,0.5089,179.99
1157.688,1787815626831,4.9459,-5.3387,0.5089,179.99
1157.788,1787815626932,4.9459,-5.2637,0.5089,179.99
1157.888,1787815627032,4.9460,-5.1995,0.5089,179.99
1157.988,1787815627132,4.9460,-5.1532,0.5089,179.99
1158.088,1787815627232,4.9460,-5.0963,0.5089,179.99
1158.188,1787815627332,4.9461,-5.0360,0.5089,180.00
1158.288,1787815627432,4.9461,-5.0006,0.5089,180.00
1158.389,1787815627532,4.9461,-4.9370,0.5089,180.00
1158.489,1787815627632,4.9462,-4.8663,0.5089,180.00
1158.589,1787815627732,4.9463,-4.8062,0.5089,180.00
1158.689,1787815627833,4.9463,-4.7459,0.5089,180.00
1158.789,1787815627933,4.9464,-4.6891,0.5090,180.00
1158.889,1787815628033,4.9465,-4.6359,0.5090,180.00
1158.989,1787815628133,4.9465,-4.5685,0.5090,179.99
1159.089,1787815628233,4.9466,-4.5118,0.5090,179.99
1159.189,1787815628333,4.9467,-4.4480,0.5091,179.99
1159.290,1787815628433,4.9467,-4.3983,0.5091,179.99
1159.390,1787815628533,4.9468,-4.3487,0.5091,179.99
1159.490,1787815628633,4.9468,-4.2994,0.5091,179.99
1159.590,1787815628734,4.9469,-4.2361,0.5091,179.99
1159.690,1787815628834,4.9470,-4.1763,0.5091,179.99
1159.790,1787815628934,4.9471,-4.1196,0.5092,179.99
1159.890,1787815629034,4.9471,-4.0735,0.5092,179.99
1159.991,1787815629135,4.9472,-4.0204,0.5092,179.99
1160.091,1787815629235,4.9472,-3.9709,0.5092,179.99
1160.192,1787815629335,4.9473,-3.9285,0.5092,179.99
1160.292,1787815629435,4.9473,-3.8612,0.5092,179.99
1160.392,1787815629535,4.9474,-3.7930,0.5093,179.99
1160.492,1787815629636,4.9474,-3.7315,0.5093,179.99
1160.592,1787815629736,4.9475,-3.6698,0.5093,179.99
1160.692,1787815629836,4.9475,-3.6076,0.5093,179.99
1160.792,1787815629936,4.9475,-3.5526,0.5093,179.99
1160.893,1787815630036,4.9476,-3.4905,0.5094,179.99
1160.993,1787815630136,4.9476,-3.4245,0.5094,180.00
1161.093,1787815630237,4.9476,-3.3730,0.5094,180.00
1161.193,1787815630337,4.9477,-3.3105,0.5094,180.00
1161.293,1787815630437,4.9478,-3.2515,0.5093,180.00
1161.393,1787815630537,4.9478,-3.1963,0.5093,180.00
1161.493,1787815630637,4.9479,-3.1337,0.5093,180.00
1161.593,1787815630737,4.9480,-3.0712,0.5093,180.00
1161.694,1787815630837,4.9480,-3.0270,0.5093,180.00
1161.794,1787815630937,4.9481,-2.9500,0.5092,180.00
1161.894,1787815631037,4.9482,-2.8841,0.5092,180.00
1161.994,1787815631138,4.9483,-2.8327,0.5092,180.00
1162.094,1787815631238,4.9484,-2.7706,0.5092,180.00
1162.194,1787815631338,4.9485,-2.7086,0.5092,180.00
1162.294,1787815631438,4.9486,-2.6540,0.5092,179.99
1162.394,1787815631538,4.9487,-2.5921,0.5092,179.99
1162.495,1787815631639,4.9488,-2.5231,0.5092,179.99
1162.595,1787815631739,4.9489,-2.4831,0.5092,179.99
1162.695,1787815631839,4.9490,-2.4142,0.5092,179.99
1162.796,1787815631939,4.9491,-2.3527,0.5092,179.99
1162.896,1787815632039,4.9492,-2.2912,0.5093,179.99
1162.996,1787815632139,4.9493,-2.2297,0.5093,179.99
1163.096,1787815632240,4.9494,-2.1719,0.5093,180.00
1163.196,1787815632340,4.9496,-2.1070,0.5094,180.00
1163.296,1787815632440,4.9497,-2.0457,0.5094,180.00
1163.396,1787815632540,4.9498,-1.9883,0.5094,180.00
1163.496,1787815632640,4.9499,-1.9347,0.5094,180.00
1163.597,1787815632740,4.9500,-1.8704,0.5094,180.00
1163.697,1787815632840,4.9501,-1.8061,0.5095,180.00
1163.797,1787815632940,4.9502,-1.7526,0.5095,180.00
1163.897,1787815633041,4.9504,-1.6885,0.5094,180.00
1163.997,1787815633141,4.9505,-1.6352,0.5094,180.00
1164.097,1787815633241,4.9506,-1.5784,0.5094,180.00
1164.197,1787815633341,4.9507,-1.5252,0.5094,180.00
1164.297,1787815633441,4.9508,-1.4685,0.5094,180.00
1164.397,1787815633541,4.9510,-1.4013,0.5093,-180.00
1164.498,1787815633641,4.9511,-1.3411,0.5093,-180.00
1164.598,1787815633741,4.9512,-1.2915,0.5093,-180.00
1164.698,1787815633841,4.9513,-1.2347,0.5092,-180.00
1164.798,1787815633942,4.9515,-1.1708,0.5092,-180.00
1164.898,1787815634042,4.9516,-1.1247,0.5092,-180.00
1164.998,1787815634142,4.9517,-1.0681,0.5092,-180.00
1165.098,1787815634242,4.9518,-1.0078,0.5092,-180.00
1165.198,1787815634342,4.9519,-0.9545,0.5093,-180.00
1165.298,1787815634442,4.9521,-0.8901,0.5093,-180.00
1165.399,1787815634542,4.9522,-0.8327,0.5093,-180.00
1165.499,1787815634642,4.9523,-0.7751,0.5094,-180.00
1165.599,1787815634742,4.9524,-0.7105,0.5094,-180.00
1165.699,1787815634843,4.9526,-0.6456,0.5094,180.00
1165.800,1787815634944,4.9526,-0.5989,0.5095,180.00
1165.902,1787815635045,4.9527,-0.5451,0.5095,180.00
1166.002,1787815635145,4.9528,-0.4841,0.5096,180.00
1166.102,1787815635246,4.9529,-0.4229,0.5097,180.00
1166.202,1787815635346,4.9531,-0.3543,0.5097,180.00
1166.302,1787815635446,4.9532,-0.3002,0.5098,180.00
1166.402,1787815635546,4.9532,-0.2424,0.5098,180.00
1166.502,1787815635646,4.9534,-0.1734,0.5099,180.00
1166.602,1787815635746,4.9535,-0.1190,0.5099,180.00
1166.702,1787815635846,4.9536,-0.0574,0.5099,-180.00
1166.803,1787815635946,4.9536,-0.0031,0.5099,-180.00
1166.903,1787815636046,4.9537,0.0659,0.5099,-180.00
1167.003,1787815636146,4.9538,0.1093,0.5099,-180.00
1167.103,1787815636247,4.9539,0.1850,0.5099,-179.99
1167.203,1787815636347,4.9539,0.2354,0.5099,-179.99
1167.304,1787815636447,4.9540,0.2894,0.5099,-179.99
1167.404,1787815636548,4.9541,0.3579,0.5098,-179.99
1167.504,1787815636648,4.9542,0.4084,0.5098,-179.99
1167.604,1787815636748,4.9543,0.4734,0.5098,-179.99
1167.704,1787815636848,4.9544,0.5383,0.5098,-179.99
1167.805,1787815636949,4.9545,0.5997,0.5098,-179.99
1167.905,1787815637049,4.9546,0.6537,0.5097,-180.00
1168.005,1787815637149,4.9547,0.7220,0.5097,-180.00
1168.106,1787815637249,4.9548,0.7758,0.5097,-180.00
1168.206,1787815637349,4.9550,0.8403,0.5097,-180.00
1168.306,1787815637449,4.9551,0.9011,0.5096,-180.00
1168.406,1787815637550,4.9552,0.9583,0.5096,-180.00
1168.506,1787815637650,4.9554,1.0228,0.5096,-180.00
1168.606,1787815637750,4.9555,1.0835,0.5095,-180.00
1168.706,1787815637850,4.9556,1.1299,0.5095,-180.00
1168.806,1787815637950,4.9557,1.1939,0.5094,-180.00
1168.906,1787815638050,4.9558,1.2506,0.5094,-180.00
1169.007,1787815638150,4.9560,1.3146,0.5094,-180.00
1169.107,1787815638250,4.9561,1.3786,0.5093,-180.00
1169.207,1787815638350,4.9562,1.4426,0.5093,-180.00
1169.307,1787815638451,4.9563,1.4888,0.5093,-180.00
1169.407,1787815638551,4.9565,1.5665,0.5093,180.00
1169.507,1787815638651,4.9565,1.6159,0.5092,180.00
1169.607,1787815638751,4.9566,1.6723,0.5092,180.00
1169.707,1787815638851,4.9567,1.7252,0.5092,180.00
1169.808,1787815638951,4.9567,1.7885,0.5092,179.99
1169.908,1787815639051,4.9568,1.8411,0.5092,179.99
1170.008,1787815639151,4.9569,1.8973,0.5092,179.99
1170.108,1787815639251,4.9569,1.9571,0.5092,179.99
1170.208,1787815639352,4.9570,2.0063,0.5092,179.99
1170.308,1787815639452,4.9570,2.0660,0.5092,179.99
1170.408,1787815639552,4.9571,2.1188,0.5092,179.99
1170.508,1787815639652,4.9571,2.1788,0.5092,179.99
1170.608,1787815639752,4.9572,2.2390,0.5092,179.99
1170.708,1787815639852,4.9573,2.3029,0.5092,179.99
1170.808,1787815639952,4.9573,2.3455,0.5092,179.99
1170.909,1787815640052,4.9574,2.4131,0.5092,179.99
1171.009,1787815640152,4.9574,2.4664,0.5092,179.99
1171.109,1787815640252,4.9574,2.5233,0.5092,179.99
1171.210,1787815640354,4.9575,2.5946,0.5092,179.99
1171.310,1787815640454,4.9575,2.6481,0.5092,179.99
1171.410,1787815640554,4.9576,2.6980,0.5092,179.99
1171.510,1787815640654,4.9577,2.7660,0.5092,179.99
1171.610,1787815640754,4.9577,2.8232,0.5092,179.99
1171.711,1787815640854,4.9578,2.8768,0.5092,179.99
1171.811,1787815640954,4.9578,2.9415,0.5092,179.99
1171.911,1787815641054,4.9578,2.9774,0.5092,179.99
1172.011,1787815641155,4.9578,3.0493,0.5092,179.99
1172.111,1787815641255,4.9579,3.1140,0.5092,179.99
1172.211,1787815641355,4.9579,3.1681,0.5092,179.99
1172.311,1787815641455,4.9579,3.2258,0.5092,179.99
1172.411,1787815641555,4.9580,3.2838,0.5092,179.99
1172.511,1787815641655,4.9580,3.3528,0.5092,179.99
1172.611,1787815641755,4.9581,3.4146,0.5092,180.00
1172.712,1787815641855,4.9581,3.4691,0.5093,180.00
1172.812,1787815641955,4.9582,3.5200,0.5093,180.00
1172.912,1787815642055,4.9582,3.5853,0.5094,180.00
1173.012,1787815642156,4.9583,3.6542,0.5094,180.00
1173.112,1787815642256,4.9583,3.7158,0.5095,180.00
1173.212,1787815642356,4.9583,3.7810,0.5095,180.00
1173.312,1787815642456,4.9584,3.8427,0.5096,180.00
1173.412,1787815642556,4.9584,3.8971,0.5096,180.00
1173.512,1787815642656,4.9584,3.9549,0.5097,180.00
1173.612,1787815642756,4.9585,4.0053,0.5097,180.00
1173.713,1787815642856,4.9585,4.0557,0.5097,180.00
1173.813,1787815642956,4.9586,4.1203,0.5098,179.99
1173.913,1787815643057,4.9586,4.1705,0.5098,179.99
1174.013,1787815643157,4.9587,4.2315,0.5098,179.99
1174.113,1787815643257,4.9587,4.3032,0.5099,179.99
1174.213,1787815643357,4.9588,4.3609,0.5100,179.99
1174.313,1787815643457,4.9589,4.4222,0.5100,179.99
1174.413,1787815643557,4.9590,4.4871,0.5101,179.99
1174.513,1787815643657,4.9591,4.5483,0.5101,179.99
1174.614,1787815643757,4.9592,4.6130,0.5101,179.99
1174.714,1787815643857,4.9593,4.6668,0.5102,179.99
1174.814,1787815643957,4.9594,4.7240,0.5102,179.99
1174.914,1787815644058,4.9595,4.7740,0.5102,179.99
1175.014,1787815644158,4.9596,4.8347,0.5102,179.99
1175.114,1787815644258,4.9597,4.8808,0.5102,179.99
1175.214,1787815644358,4.9598,4.9341,0.5101,179.99
1175.314,1787815644458,4.9599,4.9873,0.5101,179.99
1175.415,1787815644558,4.9600,5.0513,0.5101,179.99
1175.515,1787815644658,4.9601,5.1085,0.5100,179.99
1175.615,1787815644759,4.9602,5.1765,0.5099,179.99
1175.715,1787815644859,4.9602,5.2160,0.5099,179.99
1175.816,1787815644960,4.9603,5.2880,0.5098,179.99
1175.916,1787815645060,4.9603,5.3348,0.5098,179.99
1176.016,1787815645160,4.9604,5.4071,0.5097,179.99
1176.116,1787815645260,4.9604,5.4725,0.5096,179.99
1176.217,1787815645360,4.9605,5.5308,0.5096,179.99
1176.317,1787815645460,4.9605,5.5890,0.5096,179.99
1176.417,1787815645560,4.9605,5.6546,0.5095,179.99
1176.517,1787815645661,4.9605,5.7128,0.5095,179.99
1176.617,1787815645761,4.9605,5.7709,0.5095,179.99
1176.717,1787815645861,4.9605,5.8289,0.5095,179.99
1176.817,1787815645961,4.9605,5.8797,0.5095,180.00
1176.917,1787815646061,4.9605,5.9375,0.5095,180.00
1177.017,1787815646161,4.9604,6.0026,0.5096,180.00
1177.118,1787815646261,4.9604,6.0604,0.5096,180.00
1177.218,1787815646361,4.9604,6.1075,0.5096,180.00
1177.318,1787815646462,4.9604,6.1583,0.5096,-180.00
1177.418,1787815646562,4.9604,6.2270,0.5096,-180.00
1177.518,1787815646662,4.9603,6.2850,0.5095,-180.00
1177.618,1787815646762,4.9603,6.3430,0.5095,-180.00
1177.718,1787815646862,4.9603,6.3975,0.5095,-180.00
1177.819,1787815646963,4.9602,6.4666,0.5095,180.00
1177.919,1787815647063,4.9602,6.5213,0.5094,180.00
1178.020,1787815647163,4.9602,6.5871,0.5094,180.00
1178.120,1787815647264,4.9602,6.6419,0.5094,180.00
1178.220,1787815647364,4.9602,6.6931,0.5094,180.00
1178.320,1787815647464,4.9602,6.7551,0.5094,180.00
1178.420,1787815647564,4.9602,6.8172,0.5094,180.00
1178.520,1787815647664,4.9603,6.8719,0.5094,-180.00
1178.621,1787815647764,4.9603,6.9267,0.5094,-180.00
1178.721,1787815647864,4.9603,6.9816,0.5094,-180.00
1178.821,1787815647964,4.9603,7.0219,0.5094,-180.00
1178.922,1787815648066,4.9604,7.0768,0.5095,-180.00
1179.022,1787815648166,4.9604,7.1314,0.5095,-180.00
1179.122,1787815648266,4.9605,7.1971,0.5096,-180.00
1179.222,1787815648366,4.9605,7.2524,0.5096,180.00
1179.323,1787815648467,4.9606,7.2968,0.5096,180.00
1179.423,1787815648567,4.9607,7.3637,0.5097,180.00
1179.524,1787815648668,4.9607,7.4384,0.5098,180.00
1179.624,1787815648768,4.9608,7.4909,0.5098,180.00
1179.724,1787815648868,4.9608,7.5547,0.5099,179.99
1179.824,1787815648968,4.9609,7.6074,0.5099,179.99
1179.925,1787815649068,4.9610,7.6676,0.5100,179.99
1180.025,1787815649168,4.9611,7.7277,0.5100,179.99
1180.125,1787815649268,4.9611,7.7840,0.5101,179.99
1180.225,1787815649369,4.9612,7.8517,0.5101,179.99
1180.325,1787815649469,4.9613,7.9043,0.5101,179.99
1180.425,1787815649569,4.9614,7.9645,0.5101,180.00
1180.525,1787815649669,4.9615,8.0323,0.5101,180.00
1180.625,1787815649769,4.9615,8.0852,0.5100,180.00
1180.726,1787815649869,4.9616,8.1540,0.5100,-180.00
1180.826,1787815649969,4.9616,8.2273,0.5099,-180.00
1180.926,1787815650070,4.9617,8.2851,0.5098,-180.00
1181.026,1787815650170,4.9618,8.3458,0.5098,-180.00
1181.126,1787815650270,4.9618,8.4087,0.5098,-180.00
1181.226,1787815650370,4.9619,8.4555,0.5098,-180.00
1181.326,1787815650470,4.9620,8.5043,0.5098,-180.00
1181.427,1787815650570,4.9620,8.5382,0.5098,-180.00
1181.527,1787815650671,4.9621,8.5936,0.5099,-180.00
1181.627,1787815650771,4.9621,8.6341,0.5099,-180.00
1181.727,1787815650871,4.9622,8.6872,0.5100,-180.00
1181.827,1787815650971,4.9623,8.7369,0.5101,-179.99
1181.927,1787815651071,4.9623,8.7780,0.5101,-179.99
1182.028,1787815651171,4.9623,8.8092,0.5101,-179.99
1182.128,1787815651271,4.9624,8.8512,0.5101,-179.99
1182.228,1787815651371,4.9625,8.8815,0.5101,-179.99
1182.328,1787815651472,4.9625,8.9143,0.5100,-179.99
1182.428,1787815651572,4.9626,8.9404,0.5099,-180.00
1182.528,1787815651672,4.9627,8.9623,0.5098,-179.99
1182.628,1787815651772,4.9628,8.9853,0.5096,-179.99
1182.728,1787815651872,4.9629,9.0020,0.5095,-179.99
1182.828,1787815651972,4.9629,9.0155,0.5094,-179.99
1182.929,1787815652072,4.9630,9.0303,0.5092,-179.99
1183.029,1787815652172,4.9630,9.0404,0.5091,-179.99
1183.129,1787815652272,4.9631,9.0492,0.5089,-179.99
1183.229,1787815652373,4.9631,9.0557,0.5088,-179.99
1183.329,1787815652473,4.9632,9.0611,0.5087,-179.98
1183.429,1787815652573,4.9632,9.0651,0.5085,-179.98
1183.529,1787815652673,4.9633,9.0667,0.5084,-179.98
1183.630,1787815652773,4.9633,9.0670,0.5083,-179.98
1183.730,1787815652874,4.9634,9.0660,0.5082,-179.98
1183.830,1787815652974,4.9635,9.0638,0.5082,-179.98
1183.930,1787815653074,4.9636,9.0608,0.5081,-179.99
1184.030,1787815653174,4.9637,9.0570,0.5081,-179.99
1184.131,1787815653274,4.9638,9.0531,0.5081,-179.99
1184.231,1787815653374,4.9639,9.0481,0.5081,-179.99
1184.331,1787815653474,4.9640,9.0434,0.5081,-179.99
1184.431,1787815653575,4.9640,9.0378,0.5082,-180.00
1184.531,1787815653675,4.9641,9.0310,0.5083,-180.00
1184.631,1787815653775,4.9641,9.0272,0.5083,-180.00
1184.731,1787815653875,4.9641,9.0213,0.5084,180.00
1184.831,1787815653975,4.9642,9.0158,0.5085,180.00
1184.931,1787815654075,4.9642,9.0101,0.5086,180.00
1185.032,1787815654175,4.9642,9.0038,0.5087,-180.00
1185.132,1787815654275,4.9642,8.9993,0.5088,-180.00
1185.232,1787815654375,4.9641,8.9947,0.5088,-180.00
1185.332,1787815654476,4.9641,8.9895,0.5089,-180.00
1185.432,1787815654576,4.9641,8.9840,0.5091,-179.99
1185.532,1787815654676,4.9640,8.9804,0.5091,-179.99
1185.632,1787815654776,4.9640,8.9762,0.5092,-179.99
1185.732,1787815654876,4.9640,8.9733,0.5093,-179.99
1185.833,1787815654976,4.9639,8.9691,0.5093,-179.99
1185.933,1787815655077,4.9639,8.9661,0.5094,-179.98
1186.033,1787815655177,4.9639,8.9640,0.5094,-179.98
1186.134,1787815655277,4.9638,8.9619,0.5095,-179.98
1186.234,1787815655378,4.9637,8.9596,0.5095,-179.98
1186.334,1787815655478,4.9637,8.9585,0.5095,-179.98
1186.434,1787815655578,4.9636,8.9567,0.5096,-179.98
1186.534,1787815655678,4.9635,8.9553,0.5096,-179.98
1186.636,1787815655780,4.9634,8.9542,0.5096,-179.98
1186.736,1787815655880,4.9634,8.9536,0.5096,-179.98
1186.836,1787815655980,4.9633,8.9525,0.5096,-179.98
1186.937,1787815656080,4.9632,8.9517,0.5096,-179.98
1187.037,1787815656180,4.9631,8.9509,0.5096,-179.99
1187.137,1787815656280,4.9630,8.9504,0.5096,-179.99
1187.237,1787815656381,4.9629,8.9501,0.5096,-179.99
1187.337,1787815656481,4.9628,8.9499,0.5096,-179.99
1187.437,1787815656581,4.9627,8.9498,0.5096,-179.99
1187.537,1787815656681,4.9627,8.9498,0.5096,-179.99
1187.637,1787815656781,4.9626,8.9499,0.5096,-180.00
1187.738,1787815656881,4.9626,8.9500,0.5096,-180.00
1187.838,1787815656981,4.9625,8.9503,0.5095,-179.99
1187.938,1787815657081,4.9624,8.9507,0.5095,-179.99
1188.038,1787815657182,4.9623,8.9511,0.5095,-179.99
1188.138,1787815657282,4.9622,8.9515,0.5095,-179.99
1188.238,1787815657382,4.9621,8.9521,0.5094,-179.99
1188.338,1787815657482,4.9621,8.9529,0.5094,-179.99
1188.439,1787815657582,4.9620,8.9536,0.5094,-179.99
1188.539,1787815657682,4.9621,8.9541,0.5094,-179.99
1188.639,1787815657782,4.9621,8.9550,0.5094,-179.99
1188.739,1787815657883,4.9621,8.9557,0.5093,-179.99
1188.840,1787815657983,4.9621,8.9565,0.5093,-179.99
1188.940,1787815658083,4.9621,8.9570,0.5093,-179.99
1189.040,1787815658184,4.9622,8.9580,0.5093,-179.99
1189.140,1787815658284,4.9622,8.9587,0.5093,-179.99
1189.240,1787815658384,4.9623,8.9594,0.5093,-179.99
1189.340,1787815658484,4.9623,8.9601,0.5093,-179.99
1189.440,1787815658584,4.9623,8.9610,0.5093,-179.99
1189.540,1787815658684,4.9623,8.9617,0.5093,-179.99
1189.641,1787815658784,4.9623,8.9624,0.5093,-180.00
1189.741,1787815658884,4.9623,8.9631,0.5093,-180.00
1189.841,1787815658985,4.9623,8.9638,0.5093,-180.00
1189.941,1787815659085,4.9623,8.9645,0.5094,-180.00
1190.041,1787815659185,4.9622,8.9652,0.5094,-180.00
1190.141,1787815659285,4.9622,8.9658,0.5093,-179.99
1190.241,1787815659385,4.9621,8.9665,0.5093,-179.99
1190.341,1787815659485,4.9621,8.9669,0.5093,-179.99
1190.442,1787815659585,4.9620,8.9676,0.5093,-179.99
1190.542,1787815659685,4.9619,8.9682,0.5093,-179.99
1190.642,1787815659786,4.9619,8.9687,0.5093,-179.99
1190.742,1787815659886,4.9618,8.9693,0.5093,-179.99
1190.842,1787815659986,4.9618,8.9699,0.5092,-179.99
1190.942,1787815660086,4.9618,8.9704,0.5092,-179.99
1191.044,1787815660188,4.9618,8.9711,0.5092,-179.99
1191.144,1787815660288,4.9618,8.9716,0.5092,-179.99
1191.244,1787815660388,4.9618,8.9721,0.5092,-179.99
1191.344,1787815660488,4.9618,8.9728,0.5092,-179.99
1191.445,1787815660588,4.9618,8.9733,0.5092,-179.99
1191.545,1787815660688,4.9618,8.9739,0.5093,-179.99
1191.645,1787815660788,4.9619,8.9748,0.5100,-179.99
1191.745,1787815660889,4.9620,8.9755,0.5114,-179.99
1191.845,1787815660989,4.9621,8.9758,0.5136,-179.99
1191.945,1787815661089,4.9621,8.9758,0.5165,-179.99
1192.045,1787815661189,4.9622,8.9755,0.5200,-179.99
1192.145,1787815661289,4.9622,8.9752,0.5233,-179.99
1192.245,1787815661389,4.9623,8.9749,0.5271,-179.99
1192.346,1787815661489,4.9623,8.9743,0.5329,-179.99
1192.446,1787815661589,4.9624,8.9736,0.5405,-179.99
1192.546,1787815661689,4.9624,8.9732,0.5452,-179.99
1192.646,1787815661790,4.9625,8.9724,0.5532,-179.99
1192.746,1787815661890,4.9625,8.9716,0.5619,-179.99
1192.846,1787815661990,4.9625,8.9706,0.5723,-180.00
1192.946,1787815662090,4.9625,8.9697,0.5834,-180.00
1193.046,1787815662190,4.9625,8.9687,0.5951,-180.00
1193.146,1787815662290,4.9625,8.9678,0.6071,-180.00
1193.247,1787815662390,4.9625,8.9669,0.6188,-180.00
1193.347,1787815662490,4.9626,8.9662,0.6293,-180.00
1193.447,1787815662590,4.9625,8.9654,0.6407,-180.00
1193.547,1787815662691,4.9625,8.9646,0.6537,-179.99
1193.647,1787815662791,4.9625,8.9641,0.6626,-179.99
1193.747,1787815662891,4.9625,8.9635,0.6753,-179.99
1193.847,1787815662991,4.9625,8.9629,0.6890,-179.99
1193.947,1787815663091,4.9625,8.9624,0.7006,-179.99
1194.048,1787815663191,4.9625,8.9621,0.7131,-179.99
1194.148,1787815663291,4.9625,8.9617,0.7280,-179.99
1194.248,1787815663391,4.9625,8.9614,0.7399,-179.99
1194.348,1787815663492,4.9625,8.9611,0.7551,-179.99
1194.448,1787815663592,4.9625,8.9610,0.7680,-179.99
1194.548,1787815663692,4.9625,8.9610,0.7793,-179.99
1194.648,1787815663792,4.9625,8.9610,0.7948,-179.99
1194.748,1787815663892,4.9625,8.9610,0.8071,-179.99
1194.849,1787815663992,4.9624,8.9611,0.8194,-179.99
1194.949,1787815664092,4.9624,8.9613,0.8293,-179.99
1195.049,1787815664192,4.9624,8.9615,0.8426,-179.99
1195.149,1787815664293,4.9624,8.9618,0.8570,-179.99
1195.249,1787815664393,4.9624,8.9622,0.8732,-179.99
1195.349,1787815664493,4.9624,8.9625,0.8869,-179.99
1195.450,1787815664593,4.9623,8.9628,0.8981,-179.99
1195.550,1787815664693,4.9623,8.9632,0.9119,-179.99
1195.650,1787815664793,4.9623,8.9637,0.9267,-179.99
1195.750,1787815664894,4.9623,8.9642,0.9407,-179.99
1195.850,1787815664994,4.9623,8.9647,0.9539,-179.99
1195.950,1787815665094,4.9623,8.9653,0.9688,-179.99
1196.050,1787815665194,4.9623,8.9660,0.9846,-179.99
1196.150,1787815665294,4.9623,8.9665,0.9995,-179.99
1196.251,1787815665394,4.9623,8.9671,1.0144,-179.99
1196.351,1787815665494,4.9623,8.9677,1.0293,-179.99
1196.451,1787815665594,4.9624,8.9683,1.0460,-179.99
1196.551,1787815665695,4.9624,8.9688,1.0591,-179.99
1196.651,1787815665795,4.9624,8.9693,1.0713,-179.99
1196.751,1787815665895,4.9624,8.9697,1.0826,-179.99
1196.851,1787815665995,4.9624,8.9703,1.0983,-179.99
1196.951,1787815666095,4.9624,8.9709,1.1150,-179.99
1197.051,1787815666195,4.9625,8.9714,1.1273,-179.99
1197.152,1787815666295,4.9625,8.9719,1.1423,-179.99
1197.252,1787815666395,4.9625,8.9724,1.1555,-179.99
1197.352,1787815666495,4.9626,8.9727,1.1653,-179.99
1197.452,1787815666596,4.9626,8.9732,1.1804,-179.99
1197.552,1787815666696,4.9627,8.9736,1.1930,-179.99
1197.652,1787815666796,4.9627,8.9741,1.2066,-179.99
1197.752,1787815666896,4.9628,8.9745,1.2212,-179.99
1197.852,1787815666996,4.9629,8.9749,1.2377,-179.99
1197.952,1787815667096,4.9630,8.9753,1.2542,-179.99
1198.053,1787815667196,4.9631,8.9758,1.2725,-179.99
1198.153,1787815667296,4.9631,8.9759,1.2807,-179.99
1198.253,1787815667396,4.9632,8.9763,1.2971,-179.99
1198.353,1787815667497,4.9633,8.9767,1.3127,-179.99
1198.453,1787815667597,4.9634,8.9770,1.3236,-179.99
1198.553,1787815667697,4.9634,8.9773,1.3374,-179.99
1198.654,1787815667797,4.9635,8.9776,1.3522,-179.99
1198.754,1787815667897,4.9636,8.9779,1.3661,-179.99
1198.854,1787815667998,4.9637,8.9782,1.3819,-179.99
1198.954,1787815668098,4.9637,8.9784,1.3940,-179.99
1199.054,1787815668198,4.9638,8.9788,1.4107,-179.99
1199.154,1787815668298,4.9639,8.9790,1.4246,-179.99
1199.254,1787815668398,4.9640,8.9793,1.4413,-179.98
1199.354,1787815668498,4.9641,8.9795,1.4561,-179.98
1199.454,1787815668598,4.9641,8.9797,1.4635,-179.98
1199.555,1787815668698,4.9642,8.9799,1.4793,-179.98
1199.655,1787815668798,4.9643,8.9801,1.4923,-179.98
1199.755,1787815668899,4.9644,8.9803,1.5045,-179.98
1199.855,1787815668999,4.9644,8.9805,1.5205,-179.98
1199.955,1787815669099,4.9645,8.9807,1.5299,-179.98
1200.056,1787815669199,4.9645,8.9809,1.5462,-179.98
1200.156,1787815669299,4.9646,8.9811,1.5607,-179.98
1200.256,1787815669400,4.9646,8.9813,1.5772,-179.98
1200.356,1787815669500,4.9646,8.9815,1.5879,-179.98
1200.456,1787815669600,4.9647,8.9817,1.6015,-179.98
1200.556,1787815669700,4.9647,8.9820,1.6181,-179.99
1200.657,1787815669800,4.9647,8.9823,1.6338,-179.99
1200.757,1787815669901,4.9647,8.9826,1.6494,-179.99
1200.857,1787815670001,4.9648,8.9829,1.6641,-179.99
1200.957,1787815670101,4.9648,8.9833,1.6796,-179.99
1201.058,1787815670202,4.9648,8.9836,1.6971,-179.99
1201.158,1787815670302,4.9648,8.9838,1.7048,-179.99
1201.259,1787815670402,4.9648,8.9842,1.7222,-179.99
1201.359,1787815670502,4.9648,8.9845,1.7348,-179.99
1201.459,1787815670602,4.9648,8.9849,1.7503,-179.99
1201.559,1787815670703,4.9649,8.9853,1.7688,-179.99
1201.659,1787815670803,4.9648,8.9857,1.7862,-179.99
1201.759,1787815670903,4.9648,8.9860,1.7988,-179.99
1201.859,1787815671003,4.9648,8.9865,1.8160,-179.99
1201.959,1787815671103,4.9648,8.9868,1.8294,-179.99
1202.060,1787815671203,4.9648,8.9872,1.8456,-179.99
1202.160,1787815671303,4.9649,8.9876,1.8627,-179.99
1202.260,1787815671403,4.9649,8.9879,1.8749,-179.99
1202.360,1787815671504,4.9649,8.9882,1.8890,-179.99
1202.460,1787815671604,4.9649,8.9885,1.9040,-179.99
1202.560,1787815671704,4.9649,8.9889,1.9199,-179.99
1202.660,1787815671804,4.9650,8.9892,1.9358,-179.99
1202.760,1787815671904,4.9650,8.9895,1.9517,-179.99
1202.861,1787815672004,4.9650,8.9897,1.9629,-179.99
1202.961,1787815672104,4.9650,8.9901,1.9778,-179.99
1203.061,1787815672204,4.9650,8.9904,1.9945,-179.99
1203.161,1787815672305,4.9650,8.9908,2.0073,-179.99
1203.261,1787815672405,4.9650,8.9912,2.0231,-179.99
1203.361,1787815672505,4.9650,8.9914,2.0324,-179.99
1203.461,1787815672605,4.9650,8.9918,2.0466,-179.99
1203.561,1787815672705,4.9650,8.9921,2.0577,-179.99
1203.661,1787815672805,4.9650,8.9924,2.0660,-179.99
1203.762,1787815672905,4.9651,8.9928,2.0782,-179.99
1203.862,1787815673005,4.9651,8.9931,2.0864,-179.99
1203.962,1787815673105,4.9651,8.9935,2.0962,-179.99
1204.062,1787815673206,4.9651,8.9939,2.1046,-179.99
1204.162,1787815673306,4.9652,8.9944,2.1135,-179.99
1204.262,1787815673406,4.9652,8.9947,2.1196,-179.99
1204.362,1787815673506,4.9653,8.9951,2.1263,-179.99
1204.462,1787815673606,4.9653,8.9954,2.1310,-179.99
1204.563,1787815673706,4.9653,8.9958,2.1361,-179.99
1204.663,1787815673807,4.9654,8.9961,2.1407,-179.99
1204.763,1787815673907,4.9654,8.9965,2.1449,-179.99
1204.863,1787815674007,4.9653,8.9968,2.1490,-179.99
1204.963,1787815674107,4.9653,8.9972,2.1534,-179.99
1205.063,1787815674207,4.9653,8.9975,2.1567,-180.00
1205.163,1787815674307,4.9652,8.9977,2.1595,-180.00
1205.264,1787815674407,4.9652,8.9980,2.1618,-180.00
1205.364,1787815674507,4.9652,8.9982,2.1641,-180.00
1205.464,1787815674607,4.9651,8.9984,2.1664,-180.00
1205.564,1787815674708,4.9651,8.9986,2.1679,-180.00
1205.664,1787815674808,4.9650,8.9989,2.1702,180.00
1205.764,1787815674908,4.9649,8.9991,2.1720,180.00
1205.864,1787815675008,4.9648,8.9992,2.1736,180.00
1205.964,1787815675108,4.9648,8.9994,2.1752,180.00
1206.064,1787815675208,4.9648,8.9995,2.1762,180.00
1206.165,1787815675308,4.9647,8.9997,2.1778,180.00
1206.265,1787815675408,4.9646,8.9998,2.1793,-180.00
1206.365,1787815675508,4.9645,9.0000,2.1805,-180.00
1206.465,1787815675609,4.9644,9.0001,2.1820,-180.00
1206.565,1787815675709,4.9643,9.0002,2.1831,-180.00
1206.665,1787815675809,4.9642,9.0003,2.1844,-179.99
1206.765,1787815675909,4.9642,9.0004,2.1854,-179.99
1206.865,1787815676009,4.9642,9.0005,2.1865,-179.99
1206.965,1787815676109,4.9641,9.0006,2.1876,-179.99
1207.066,1787815676209,4.9641,9.0006,2.1885,-179.99
1207.166,1787815676309,4.9641,9.0006,2.1895,-179.99
1207.266,1787815676409,4.9641,9.0006,2.1904,-179.99
1207.366,1787815676510,4.9641,9.0007,2.1912,-179.99
1207.466,1787815676610,4.9640,9.0007,2.1919,-179.99
1207.566,1787815676710,4.9640,9.0007,2.1926,-179.99
1207.666,1787815676810,4.9640,9.0007,2.1933,-179.99
1207.767,1787815676910,4.9640,9.0007,2.1941,-179.99
1207.868,1787815677012,4.9640,9.0008,2.1948,-179.99
1207.968,1787815677112,4.9640,9.0008,2.1954,-179.99
1208.068,1787815677212,4.9640,9.0008,2.1959,-179.99
1208.168,1787815677312,4.9640,9.0009,2.1965,-179.99
1208.269,1787815677412,4.9640,9.0009,2.1971,-179.99
1208.370,1787815677513,4.9639,9.0010,2.1975,-179.99
1208.470,1787815677614,4.9639,9.0010,2.1980,-179.99
1208.570,1787815677714,4.9639,9.0010,2.1985,-179.99
1208.670,1787815677814,4.9639,9.0011,2.1989,-179.99
1208.770,1787815677914,4.9639,9.0011,2.1994,-179.99
1208.870,1787815678014,4.9639,9.0012,2.1999,-179.99
1208.970,1787815678114,4.9639,9.0013,2.2002,-179.99
1209.071,1787815678214,4.9638,9.0014,2.2006,-179.99
1209.171,1787815678314,4.9638,9.0014,2.2010,-179.99
1209.271,1787815678414,4.9638,9.0014,2.2013,-179.99
1209.371,1787815678515,4.9638,9.0014,2.2017,-179.99
1209.471,1787815678615,4.9637,9.0014,2.2020,-179.99
1209.571,1787815678715,4.9637,9.0014,2.2024,-179.99
1209.672,1787815678816,4.9637,9.0014,2.2027,-179.99
1209.772,1787815678916,4.9636,9.0015,2.2029,-179.99
1209.872,1787815679016,4.9636,9.0015,2.2031,-179.99
1209.972,1787815679116,4.9635,9.0015,2.2034,-179.99
1210.072,1787815679216,4.9635,9.0016,2.2036,-179.99
1210.173,1787815679316,4.9634,9.0016,2.2039,-179.99
1210.273,1787815679416,4.9633,9.0016,2.2040,-179.99
1210.373,1787815679516,4.9632,9.0016,2.2042,-180.00
1210.473,1787815679617,4.9632,9.0016,2.2044,-180.00
1210.573,1787815679717,4.9631,9.0015,2.2046,-179.99
1210.673,1787815679817,4.9631,9.0015,2.2048,-179.99
1210.773,1787815679917,4.9630,9.0015,2.2050,-179.99
1210.873,1787815680017,4.9629,9.0015,2.2051,-179.99
1210.974,1787815680117,4.9628,9.0015,2.2053,-179.99
1211.074,1787815680217,4.9627,9.0016,2.2054,-179.99
1211.174,1787815680317,4.9626,9.0016,2.2055,-179.99
1211.274,1787815680418,4.9625,9.0016,2.2056,-179.99
1211.374,1787815680518,4.9624,9.0015,2.2057,-179.99
1211.474,1787815680618,4.9624,9.0015,2.2059,-179.99
1211.574,1787815680718,4.9622,9.0015,2.2060,-179.99
1211.674,1787815680818,4.9622,9.0015,2.2061,-179.99
1211.775,1787815680918,4.9621,9.0015,2.2063,-179.99
1211.875,1787815681018,4.9620,9.0015,2.2064,-179.99
1211.975,1787815681118,4.9620,9.0014,2.2065,-179.99
1212.075,1787815681219,4.9619,9.0014,2.2067,-179.99
1212.175,1787815681319,4.9617,9.0014,2.2068,-179.99
1212.275,1787815681419,4.9617,9.0014,2.2070,-179.99
1212.375,1787815681519,4.9616,9.0014,2.2071,-179.99
1212.476,1787815681619,4.9615,9.0014,2.2072,-179.99
1212.576,1787815681719,4.9615,9.0014,2.2073,-179.99
1212.676,1787815681819,4.9614,9.0014,2.2074,-179.99
1212.776,1787815681920,4.9614,9.0015,2.2075,-179.99
1212.876,1787815682020,4.9614,9.0021,2.2075,-179.99
1212.976,1787815682120,4.9613,9.0039,2.2075,-179.98
1213.076,1787815682220,4.9613,9.0050,2.2076,-179.98
1213.176,1787815682320,4.9613,9.0060,2.2077,-179.98
1213.276,1787815682420,4.9613,9.0053,2.2078,-179.98
1213.377,1787815682520,4.9612,9.0032,2.2079,-179.98
1213.477,1787815682620,4.9612,8.9997,2.2081,-179.98
1213.577,1787815682720,4.9612,8.9931,2.2082,-179.98
1213.677,1787815682821,4.9612,8.9854,2.2084,-179.98
1213.777,1787815682921,4.9612,8.9763,2.2085,-179.98
1213.877,1787815683021,4.9612,8.9652,2.2087,-179.98
1213.977,1787815683121,4.9612,8.9459,2.2089,-179.98
1214.077,1787815683221,4.9612,8.9270,2.2090,-179.98
1214.177,1787815683321,4.9612,8.9020,2.2091,-179.98
1214.278,1787815683421,4.9612,8.8748,2.2091,-179.98
1214.378,1787815683521,4.9612,8.8462,2.2090,-179.98
1214.478,1787815683621,4.9612,8.8109,2.2089,-179.98
1214.578,1787815683721,4.9612,8.7811,2.2089,-179.98
1214.678,1787815683822,4.9612,8.7397,2.2088,-179.98
1214.778,1787815683922,4.9612,8.6925,2.2086,-179.98
1214.878,1787815684022,4.9612,8.6609,2.2085,-179.98
1214.978,1787815684122,4.9612,8.6139,2.2083,-179.98
1215.078,1787815684222,4.9611,8.5704,2.2082,-179.98
1215.178,1787815684322,4.9611,8.5252,2.2081,-179.98
1215.279,1787815684422,4.9610,8.4654,2.2079,-179.98
1215.379,1787815684522,4.9609,8.4130,2.2077,-179.98
1215.479,1787815684622,4.9609,8.3658,2.2076,-179.98
1215.579,1787815684723,4.9608,8.3103,2.2075,-179.98
1215.679,1787815684823,4.9607,8.2427,2.2073,-179.98
1215.779,1787815684923,4.9605,8.1844,2.2072,-179.98
1215.879,1787815685023,4.9604,8.1176,2.2071,-179.98
1215.979,1787815685123,4.9603,8.0648,2.2070,-179.98
1216.079,1787815685223,4.9601,8.0000,2.2069,-179.98
1216.180,1787815685323,4.9600,7.9500,2.2069,-179.98
1216.280,1787815685423,4.9598,7.8881,2.2068,-179.98
1216.380,1787815685523,4.9596,7.8179,2.2068,-179.98
1216.480,1787815685623,4.9594,7.7551,2.2068,-179.98
1216.580,1787815685724,4.9591,7.6920,2.2067,-179.98
1216.680,1787815685824,4.9589,7.6208,2.2067,-179.98
1216.780,1787815685924,4.9586,7.5494,2.2066,-179.99
1216.880,1787815686024,4.9583,7.4819,2.2066,-179.99
1216.980,1787815686124,4.9580,7.4145,2.2065,-179.99
1217.080,1787815686224,4.9577,7.3552,2.2065,-179.99
1217.181,1787815686324,4.9574,7.2921,2.2064,-179.99
1217.281,1787815686424,4.9570,7.2254,2.2064,-179.99
1217.381,1787815686524,4.9567,7.1629,2.2063,-179.99
1217.481,1787815686625,4.9564,7.1008,2.2063,-179.99
1217.581,1787815686725,4.9561,7.0315,2.2063,-179.98
1217.682,1787815686825,4.9556,6.9511,2.2063,-179.98
1217.782,1787815686926,4.9554,6.8939,2.2063,-179.98
1217.882,1787815687026,4.9551,6.8407,2.2063,-179.98
1217.982,1787815687126,4.9547,6.7616,2.2063,-179.98
1218.082,1787815687226,4.9544,6.7094,2.2063,-179.98
1218.182,1787815687326,4.9542,6.6537,2.2063,-179.98
1218.282,1787815687426,4.9539,6.5985,2.2063,-179.98
1218.383,1787815687526,4.9536,6.5362,2.2064,-179.98
1218.483,1787815687626,4.9533,6.4705,2.2064,-179.98
1218.583,1787815687726,4.9531,6.4194,2.2064,-179.98
1218.683,1787815687827,4.9528,6.3613,2.2064,-179.98
1218.783,1787815687927,4.9525,6.2889,2.2065,-179.98
1218.883,1787815688027,4.9522,6.2313,2.2066,-179.98
1218.983,1787815688127,4.9520,6.1774,2.2066,-179.98
1219.083,1787815688227,4.9517,6.1128,2.2067,-179.98
1219.183,1787815688327,4.9515,6.0558,2.2068,-179.99
1219.284,1787815688427,4.9512,6.0061,2.2068,-179.99
1219.384,1787815688527,4.9509,5.9385,2.2069,-179.99
1219.484,1787815688627,4.9507,5.8854,2.2070,-179.99
1219.584,1787815688728,4.9504,5.8288,2.2070,-179.99
1219.684,1787815688828,4.9501,5.7615,2.2071,-179.99
1219.784,1787815688928,4.9499,5.7155,2.2071,-179.99
1219.885,1787815689029,4.9497,5.6553,2.2071,-179.99
1219.985,1787815689129,4.9494,5.5915,2.2072,-179.99
1220.085,1787815689229,4.9491,5.5241,2.2072,-179.99
1220.185,1787815689329,4.9489,5.4708,2.2072,-179.99
1220.285,1787815689429,4.9487,5.4139,2.2072,-179.99
1220.386,1787815689529,4.9486,5.3642,2.2072,-179.99
1220.486,1787815689629,4.9484,5.3112,2.2072,-180.00
1220.586,1787815689730,4.9482,5.2512,2.2072,-180.00
1220.686,1787815689830,4.9480,5.2053,2.2073,-180.00
1220.786,1787815689930,4.9478,5.1417,2.2073,-179.99
1220.887,1787815690031,4.9475,5.0705,2.2073,-179.99
1220.987,1787815690131,4.9473,5.0133,2.2073,-179.99
1221.087,1787815690231,4.9471,4.9561,2.2074,-179.99
1221.187,1787815690331,4.9470,4.9059,2.2074,-179.99
1221.287,1787815690431,4.9467,4.8487,2.2074,-179.99
1221.387,1787815690531,4.9465,4.7915,2.2074,-179.99
1221.488,1787815690631,4.9463,4.7379,2.2075,-179.99
1221.588,1787815690731,4.9461,4.6735,2.2075,-180.00
1221.688,1787815690832,4.9459,4.6125,2.2076,-180.00
1221.788,1787815690932,4.9456,4.5404,2.2077,-180.00
1221.888,1787815691032,4.9454,4.4863,2.2077,-180.00
1221.988,1787815691132,4.9451,4.4179,2.2077,-180.00
1222.088,1787815691232,4.9448,4.3603,2.2078,-180.00
1222.188,1787815691332,4.9446,4.3170,2.2078,-180.00
1222.289,1787815691432,4.9443,4.2523,2.2078,-179.99
1222.389,1787815691532,4.9441,4.2021,2.2078,-179.99
1222.489,1787815691633,4.9438,4.1376,2.2079,-179.99
1222.589,1787815691733,4.9434,4.0656,2.2079,-179.99
1222.689,1787815691833,4.9431,4.0043,2.2079,-179.99
1222.789,1787815691933,4.9428,3.9467,2.2079,-179.99
1222.889,1787815692033,4.9425,3.8856,2.2079,-179.99
1222.990,1787815692133,4.9422,3.8282,2.2079,-179.99
1223.090,1787815692233,4.9419,3.7638,2.2078,-179.99
1223.190,1787815692333,4.9416,3.7031,2.2078,-179.99
1223.290,1787815692434,4.9413,3.6568,2.2078,-179.99
1223.390,1787815692534,4.9410,3.5930,2.2078,-179.99
1223.490,1787815692634,4.9407,3.5257,2.2078,-179.99
1223.590,1787815692734,4.9404,3.4620,2.2078,-179.99
1223.690,1787815692834,4.9401,3.3983,2.2078,-179.99
1223.790,1787815692934,4.9399,3.3453,2.2078,-179.99
1223.891,1787815693034,4.9397,3.3065,2.2078,-179.99
1223.991,1787815693134,4.9394,3.2504,2.2078,-179.99
1224.091,1787815693234,4.9391,3.1772,2.2078,-179.99
1224.191,1787815693335,4.9389,3.1248,2.2079,-179.99
1224.291,1787815693435,4.9387,3.0722,2.2079,-179.99
1224.391,1787815693535,4.9385,3.0230,2.2079,-179.99
1224.491,1787815693635,4.9382,2.9703,2.2079,-179.99
1224.591,1787815693735,4.9380,2.9071,2.2079,-180.00
1224.691,1787815693835,4.9377,2.8406,2.2080,-180.00
1224.792,1787815693935,4.9375,2.7949,2.2080,180.00
1224.892,1787815694035,4.9373,2.7314,2.2080,180.00
1224.992,1787815694135,4.9370,2.6712,2.2080,180.00
1225.092,1787815694235,4.9367,2.6037,2.2081,180.00
1225.192,1787815694336,4.9365,2.5503,2.2081,180.00
1225.292,1787815694436,4.9362,2.4826,2.2081,179.99
1225.392,1787815694536,4.9360,2.4291,2.2082,179.99
1225.492,1787815694636,4.9358,2.3685,2.2082,179.99
1225.592,1787815694736,4.9355,2.3043,2.2083,179.99
1225.692,1787815694836,4.9353,2.2545,2.2083,180.00
1225.793,1787815694936,4.9350,2.1869,2.2084,180.00
1225.893,1787815695036,4.9348,2.1336,2.2085,180.00
1225.993,1787815695136,4.9346,2.0875,2.2085,180.00
1226.093,1787815695237,4.9343,2.0201,2.2086,180.00
1226.193,1787815695337,4.9341,1.9597,2.2086,180.00
1226.293,1787815695437,4.9338,1.8955,2.2087,-180.00
1226.393,1787815695537,4.9336,1.8455,2.2087,-180.00
1226.493,1787815695637,4.9333,1.7849,2.2088,-180.00
1226.593,1787815695737,4.9330,1.7245,2.2088,-180.00
1226.694,1787815695837,4.9329,1.6819,2.2089,-180.00
1226.794,1787815695937,4.9327,1.6288,2.2089,-180.00
1226.894,1787815696037,4.9324,1.5722,2.2089,-180.00
1226.994,1787815696138,4.9322,1.5154,2.2090,-180.00
1227.094,1787815696238,4.9320,1.4762,2.2090,-180.00
1227.194,1787815696338,4.9317,1.4084,2.2090,-179.99
1227.294,1787815696438,4.9315,1.3618,2.2091,-179.99
1227.394,1787815696538,4.9313,1.2970,2.2091,-179.99
1227.494,1787815696638,4.9310,1.2356,2.2091,-179.99
1227.594,1787815696738,4.9308,1.1628,2.2091,-179.99
1227.695,1787815696838,4.9306,1.1117,2.2091,-179.99
1227.795,1787815696938,4.9303,1.0457,2.2090,-179.99
1227.895,1787815697039,4.9301,0.9905,2.2090,-179.99
1227.995,1787815697139,4.9299,0.9319,2.2089,-179.99
1228.095,1787815697239,4.9297,0.8662,2.2089,-179.99
1228.195,1787815697339,4.9295,0.8076,2.2088,-180.00
1228.295,1787815697439,4.9293,0.7563,2.2088,-180.00
1228.396,1787815697539,4.9291,0.6940,2.2087,-180.00
1228.496,1787815697639,4.9289,0.6315,2.2087,-180.00
1228.596,1787815697739,4.9288,0.5764,2.2086,-180.00
1228.696,1787815697840,4.9285,0.5029,2.2086,-180.00
1228.796,1787815697940,4.9283,0.4403,2.2086,-180.00
1228.896,1787815698040,4.9282,0.3888,2.2085,-180.00
1228.996,1787815698140,4.9280,0.3261,2.2085,-180.00
1229.096,1787815698240,4.9279,0.2857,2.2085,-180.00
1229.196,1787815698340,4.9277,0.2162,2.2085,-180.00
1229.297,1787815698440,4.9275,0.1579,2.2085,-180.00
1229.397,1787815698540,4.9273,0.0995,2.2084,-180.00
1229.497,1787815698640,4.9271,0.0338,2.2084,-180.00
1229.597,1787815698741,4.9269,-0.0319,2.2084,-180.00
1229.697,1787815698841,4.9268,-0.0904,2.2084,-180.00
1229.797,1787815698941,4.9266,-0.1562,2.2084,-180.00
1229.897,1787815699041,4.9264,-0.2108,2.2084,-180.00
1229.998,1787815699141,4.9262,-0.2690,2.2084,-180.00
1230.098,1787815699241,4.9260,-0.3343,2.2084,-180.00
1230.198,1787815699342,4.9258,-0.3741,2.2084,-180.00
1230.298,1787815699442,4.9256,-0.4357,2.2084,-180.00
1230.398,1787815699542,4.9254,-0.5007,2.2084,-180.00
1230.498,1787815699642,4.9252,-0.5476,2.2084,-180.00
1230.598,1787815699742,4.9250,-0.6127,2.2084,-180.00
1230.698,1787815699842,4.9247,-0.6778,2.2084,-180.00
1230.799,1787815699942,4.9244,-0.7359,2.2084,-180.00
1230.899,1787815700042,4.9242,-0.7904,2.2084,-180.00
1230.999,1787815700143,4.9239,-0.8450,2.2084,-180.00
1231.099,1787815700243,4.9237,-0.9067,2.2085,-179.99
1231.199,1787815700343,4.9234,-0.9721,2.2085,-179.99
1231.299,1787815700443,4.9231,-1.0448,2.2085,-179.99
1231.399,1787815700543,4.9228,-1.1029,2.2085,-179.99
1231.499,1787815700643,4.9225,-1.1646,2.2085,-179.99
1231.600,1787815700743,4.9222,-1.2191,2.2085,-179.99
1231.700,1787815700843,4.9220,-1.2734,2.2085,-179.99
1231.800,1787815700943,4.9217,-1.3348,2.2085,-179.99
1231.900,1787815701044,4.9214,-1.3959,2.2085,-179.99
1232.000,1787815701144,4.9212,-1.4426,2.2086,-179.99
1232.100,1787815701244,4.9209,-1.5036,2.2086,-180.00
1232.200,1787815701344,4.9206,-1.5611,2.2086,-180.00
1232.300,1787815701444,4.9203,-1.6259,2.2086,-180.00
1232.402,1787815701546,4.9200,-1.6907,2.2086,-180.00
1232.502,1787815701646,4.9199,-1.7230,2.2087,-180.00
1232.602,1787815701746,4.9196,-1.7839,2.2087,-180.00
1232.702,1787815701846,4.9193,-1.8520,2.2088,-180.00
1232.803,1787815701946,4.9191,-1.8985,2.2089,180.00
1232.903,1787815702046,4.9188,-1.9632,2.2090,180.00
1233.003,1787815702146,4.9186,-2.0210,2.2091,180.00
1233.103,1787815702247,4.9184,-2.0715,2.2092,180.00
1233.203,1787815702347,4.9182,-2.1329,2.2093,180.00
1233.303,1787815702447,4.9180,-2.1980,2.2094,180.00
1233.404,1787815702547,4.9177,-2.2596,2.2095,180.00
1233.504,1787815702647,4.9175,-2.3248,2.2095,180.00
1233.604,1787815702747,4.9173,-2.3830,2.2096,180.00
1233.704,1787815702848,4.9172,-2.4339,2.2096,180.00
1233.804,1787815702948,4.9170,-2.4956,2.2096,180.00
1233.904,1787815703048,4.9168,-2.5610,2.2097,180.00
1234.004,1787815703148,4.9166,-2.6155,2.2097,180.00
1234.105,1787815703248,4.9165,-2.6810,2.2097,180.00
1234.205,1787815703348,4.9163,-2.7319,2.2097,180.00
1234.305,1787815703449,4.9161,-2.7972,2.2097,180.00
1234.405,1787815703549,4.9160,-2.8478,2.2097,180.00
1234.505,1787815703649,4.9159,-2.9055,2.2097,180.00
1234.605,1787815703749,4.9158,-2.9596,2.2097,180.00
1234.705,1787815703849,4.9156,-3.0064,2.2097,180.00
1234.806,1787815703949,4.9154,-3.0749,2.2098,180.00
1234.906,1787815704049,4.9153,-3.1365,2.2098,180.00
1235.006,1787815704150,4.9151,-3.1911,2.2097,180.00
1235.106,1787815704250,4.9149,-3.2640,2.2097,180.00
1235.206,1787815704350,4.9147,-3.3261,2.2097,180.00
1235.307,1787815704450,4.9145,-3.3954,2.2096,180.00
1235.407,1787815704550,4.9143,-3.4502,2.2096,180.00
1235.507,1787815704650,4.9141,-3.5159,2.2095,180.00
1235.607,1787815704750,4.9139,-3.5850,2.2094,-180.00
1235.707,1787815704851,4.9137,-3.6323,2.2094,-180.00
1235.807,1787815704951,4.9135,-3.6904,2.2093,180.00
1235.907,1787815705051,4.9132,-3.7520,2.2092,180.00
1236.007,1787815705151,4.9130,-3.8098,2.2092,180.00
1236.107,1787815705251,4.9128,-3.8710,2.2091,-180.00
1236.208,1787815705351,4.9125,-3.9355,2.2090,-180.00
1236.308,1787815705451,4.9123,-3.9890,2.2090,-180.00
1236.408,1787815705551,4.9121,-4.0460,2.2089,-180.00
1236.508,1787815705652,4.9119,-4.0994,2.2089,-180.00
1236.608,1787815705752,4.9117,-4.1598,2.2088,-180.00
1236.708,1787815705852,4.9114,-4.2202,2.2088,-180.00
1236.808,1787815705952,4.9112,-4.2734,2.2087,-180.00
1236.908,1787815706052,4.9110,-4.3301,2.2087,-180.00
1237.008,1787815706152,4.9108,-4.3834,2.2087,-180.00
1237.109,1787815706252,4.9106,-4.4437,2.2087,-180.00
1237.209,1787815706352,4.9104,-4.5006,2.2087,-180.00
1237.309,1787815706453,4.9102,-4.5613,2.2087,-180.00
1237.409,1787815706553,4.9099,-4.6328,2.2087,-180.00
1237.509,1787815706653,4.9097,-4.6792,2.2087,-180.00
1237.609,1787815706753,4.9096,-4.7328,2.2087,-180.00
1237.709,1787815706853,4.9094,-4.7863,2.2087,-180.00
1237.809,1787815706953,4.9092,-4.8468,2.2086,-180.00
1237.909,1787815707053,4.9090,-4.9040,2.2086,-180.00
1238.010,1787815707153,4.9088,-4.9577,2.2086,-180.00
1238.110,1787815707253,4.9086,-5.0222,2.2086,-180.00
1238.210,1787815707354,4.9085,-5.0726,2.2086,-180.00
1238.310,1787815707454,4.9083,-5.1302,2.2086,-180.00
1238.410,1787815707554,4.9081,-5.1914,2.2087,-180.00
1238.510,1787815707654,4.9080,-5.2492,2.2087,180.00
1238.610,1787815707754,4.9078,-5.3071,2.2087,180.00
1238.711,1787815707854,4.9076,-5.3799,2.2088,180.00
1238.811,1787815707954,4.9074,-5.4421,2.2088,180.00
1238.911,1787815708054,4.9073,-5.4971,2.2088,180.00
1239.011,1787815708155,4.9071,-5.5629,2.2089,180.00
1239.111,1787815708255,4.9069,-5.6289,2.2089,180.00
1239.211,1787815708355,4.9067,-5.6874,2.2089,180.00
1239.312,1787815708455,4.9066,-5.7384,2.2089,180.00
1239.412,1787815708556,4.9064,-5.8040,2.2090,180.00
1239.512,1787815708656,4.9062,-5.8514,2.2090,180.00
1239.612,1787815708756,4.9060,-5.9166,2.2091,180.00
1239.712,1787815708856,4.9059,-5.9638,2.2091,180.00
1239.812,1787815708956,4.9057,-6.0290,2.2091,180.00
1239.912,1787815709056,4.9055,-6.0978,2.2092,180.00
1240.013,1787815709156,4.9053,-6.1559,2.2092,180.00
1240.113,1787815709256,4.9050,-6.2213,2.2093,180.00
1240.213,1787815709356,4.9049,-6.2794,2.2093,-180.00
1240.313,1787815709457,4.9047,-6.3301,2.2094,-180.00
1240.413,1787815709557,4.9045,-6.3912,2.2095,-180.00
1240.513,1787815709657,4.9043,-6.4521,2.2095,-180.00
1240.613,1787815709757,4.9041,-6.5095,2.2096,-180.00
1240.713,1787815709857,4.9038,-6.5705,2.2096,-180.00
1240.813,1787815709957,4.9035,-6.6459,2.2097,-180.00
1240.913,1787815710057,4.9034,-6.6889,2.2097,-180.00
1241.014,1787815710157,4.9031,-6.7499,2.2098,-180.00
1241.114,1787815710257,4.9029,-6.8072,2.2098,-180.00
1241.214,1787815710358,4.9027,-6.8571,2.2098,-180.00
1241.314,1787815710458,4.9024,-6.9249,2.2099,-180.00
1241.414,1787815710558,4.9021,-6.9820,2.2099,-180.00
1241.514,1787815710658,4.9019,-7.0426,2.2100,-179.99
1241.614,1787815710758,4.9016,-7.1034,2.2100,-179.99
1241.714,1787815710858,4.9013,-7.1641,2.2100,-179.99
1241.815,1787815710958,4.9012,-7.2070,2.2100,-179.99
1241.915,1787815711058,4.9009,-7.2677,2.2101,-179.99
1242.015,1787815711158,4.9006,-7.3283,2.2101,-179.99
1242.115,1787815711259,4.9004,-7.3819,2.2101,-179.99
1242.215,1787815711359,4.9002,-7.4356,2.2102,-179.99
1242.315,1787815711459,4.9001,-7.4857,2.2102,-179.99
1242.415,1787815711559,4.8998,-7.5466,2.2102,-179.99
1242.515,1787815711659,4.8996,-7.6077,2.2102,-179.99
1242.615,1787815711759,4.8994,-7.6653,2.2102,-179.99
1242.715,1787815711859,4.8992,-7.7268,2.2102,-179.99
1242.816,1787815711959,4.8990,-7.7885,2.2102,-180.00
1242.916,1787815712059,4.8988,-7.8503,2.2102,-179.99
1243.016,1787815712159,4.8986,-7.9121,2.2103,-179.99
1243.116,1787815712260,4.8985,-7.9704,2.2103,-179.99
1243.216,1787815712360,4.8983,-8.0322,2.2103,-179.99
1243.316,1787815712460,4.8981,-8.1012,2.2103,-179.99
1243.416,1787815712560,4.8979,-8.1635,2.2103,-179.99
1243.516,1787815712660,4.8978,-8.2079,2.2102,-179.99
1243.616,1787815712760,4.8976,-8.2747,2.2102,-179.99
1243.716,1787815712860,4.8974,-8.3338,2.2102,-179.99
1243.817,1787815712960,4.8973,-8.3882,2.2102,-179.99
1243.917,1787815713060,4.8971,-8.4552,2.2102,-179.99
1244.017,1787815713161,4.8969,-8.5096,2.2102,-179.99
1244.117,1787815713261,4.8967,-8.5587,2.2103,-179.99
1244.217,1787815713361,4.8965,-8.6180,2.2103,-180.00
1244.317,1787815713461,4.8963,-8.6624,2.2103,-180.00
1244.417,1787815713561,4.8961,-8.7127,2.2104,-180.00
1244.518,1787815713662,4.8960,-8.7570,2.2103,-179.99
1244.618,1787815713762,4.8958,-8.7864,2.2103,-179.99
1244.719,1787815713863,4.8957,-8.8252,2.2103,-179.99
1244.819,1787815713963,4.8955,-8.8668,2.2102,-179.99
1244.919,1787815714063,4.8954,-8.8914,2.2102,-179.99
1245.019,1787815714163,4.8953,-8.9158,2.2101,-179.99
1245.120,1787815714263,4.8951,-8.9425,2.2100,-179.99
1245.220,1787815714363,4.8949,-8.9634,2.2099,-179.99
1245.320,1787815714463,4.8947,-8.9856,2.2099,-179.99
1245.420,1787815714564,4.8945,-9.0045,2.2097,-179.99
1245.520,1787815714664,4.8944,-9.0163,2.2097,-179.99
1245.620,1787815714764,4.8943,-9.0295,2.2095,-179.99
1245.720,1787815714864,4.8942,-9.0408,2.2094,-179.99
1245.820,1787815714964,4.8941,-9.0464,2.2093,-179.99
1245.920,1787815715064,4.8939,-9.0538,2.2092,-179.99
1246.021,1787815715164,4.8937,-9.0593,2.2090,-180.00
1246.121,1787815715264,4.8936,-9.0622,2.2090,-180.00
1246.221,1787815715364,4.8935,-9.0638,2.2089,-180.00
1246.321,1787815715465,4.8935,-9.0641,2.2089,-180.00
1246.421,1787815715565,4.8934,-9.0632,2.2088,180.00
1246.521,1787815715665,4.8933,-9.0611,2.2088,180.00
1246.621,1787815715765,4.8933,-9.0583,2.2088,180.00
1246.721,1787815715865,4.8933,-9.0547,2.2088,-180.00
1246.821,1787815715965,4.8933,-9.0509,2.2088,-180.00
1246.922,1787815716065,4.8932,-9.0462,2.2088,-180.00
1247.022,1787815716165,4.8932,-9.0420,2.2088,-180.00
1247.122,1787815716266,4.8932,-9.0363,2.2089,-179.99
1247.222,1787815716366,4.8932,-9.0318,2.2089,-179.99
1247.322,1787815716466,4.8932,-9.0268,2.2089,-179.99
1247.422,1787815716566,4.8932,-9.0211,2.2089,-179.99
1247.522,1787815716666,4.8932,-9.0158,2.2090,-179.99
1247.622,1787815716766,4.8932,-9.0099,2.2090,-179.99
1247.723,1787815716866,4.8932,-9.0044,2.2090,-179.99
1247.823,1787815716966,4.8932,-9.0001,2.2090,-179.99
1247.923,1787815717066,4.8932,-8.9947,2.2091,-179.99
1248.023,1787815717166,4.8933,-8.9897,2.2091,-179.99
1248.123,1787815717267,4.8933,-8.9860,2.2091,-179.99
1248.223,1787815717367,4.8933,-8.9820,2.2092,-179.99
1248.323,1787815717467,4.8933,-8.9786,2.2092,-179.99
1248.423,1787815717567,4.8934,-8.9749,2.2092,-179.99
1248.523,1787815717667,4.8934,-8.9707,2.2093,-179.99
1248.624,1787815717767,4.8934,-8.9678,2.2093,-179.99
1248.724,1787815717867,4.8934,-8.9648,2.2093,-179.99
1248.824,1787815717967,4.8934,-8.9622,2.2093,-179.99
1248.924,1787815718068,4.8934,-8.9600,2.2093,-179.99
1249.024,1787815718168,4.8934,-8.9582,2.2093,-180.00
1249.124,1787815718268,4.8933,-8.9564,2.2093,-180.00
1249.224,1787815718368,4.8933,-8.9551,2.2093,-180.00
1249.325,1787815718468,4.8932,-8.9542,2.2093,-180.00
1249.425,1787815718568,4.8931,-8.9533,2.2093,-180.00
1249.525,1787815718668,4.8931,-8.9525,2.2092,-179.99
1249.625,1787815718769,4.8930,-8.9520,2.2092,-179.99
1249.725,1787815718869,4.8929,-8.9516,2.2092,-179.99
1249.825,1787815718969,4.8929,-8.9514,2.2092,-179.99
1249.925,1787815719069,4.8928,-8.9513,2.2091,-179.99
1250.025,1787815719169,4.8928,-8.9514,2.2091,-179.99
1250.126,1787815719269,4.8927,-8.9515,2.2091,-179.99
1250.226,1787815719369,4.8927,-8.9518,2.2090,-179.99
1250.326,1787815719469,4.8927,-8.9521,2.2090,-179.99
1250.426,1787815719570,4.8927,-8.9525,2.2090,-179.99
1250.527,1787815719670,4.8926,-8.9530,2.2089,-179.99
1250.627,1787815719770,4.8926,-8.9536,2.2089,-179.99
1250.727,1787815719871,4.8927,-8.9542,2.2089,-179.99
1250.827,1787815719971,4.8926,-8.9548,2.2088,-179.99
1250.927,1787815720071,4.8927,-8.9555,2.2088,-179.99
1251.028,1787815720171,4.8927,-8.9563,2.2088,-179.99
1251.128,1787815720271,4.8927,-8.9570,2.2088,-179.99
1251.228,1787815720371,4.8928,-8.9578,2.2087,-179.99
1251.328,1787815720472,4.8928,-8.9586,2.2087,-179.99
1251.428,1787815720572,4.8928,-8.9595,2.2088,-179.99
1251.528,1787815720672,4.8929,-8.9604,2.2088,-179.99
1251.628,1787815720772,4.8929,-8.9612,2.2088,-179.99
1251.728,1787815720872,4.8929,-8.9619,2.2088,-179.99
1251.829,1787815720972,4.8929,-8.9626,2.2089,-179.99
1251.929,1787815721072,4.8929,-8.9635,2.2089,-179.98
1252.029,1787815721172,4.8929,-8.9642,2.2089,-179.98
1252.129,1787815721273,4.8928,-8.9649,2.2090,-179.98
1252.229,1787815721373,4.8928,-8.9656,2.2090,-179.98
1252.329,1787815721473,4.8928,-8.9664,2.2091,-179.98
1252.429,1787815721573,4.8928,-8.9669,2.2091,-179.98
1252.531,1787815721675,4.8928,-8.9676,2.2092,-179.98
1252.631,1787815721775,4.8927,-8.9683,2.2092,-179.98
1252.731,1787815721875,4.8927,-8.9691,2.2093,-179.98
1252.831,1787815721975,4.8927,-8.9697,2.2093,-179.98
1252.931,1787815722075,4.8926,-8.9705,2.2093,-179.98
1253.032,1787815722176,4.8926,-8.9712,2.2093,-179.98
1253.132,1787815722276,4.8926,-8.9719,2.2094,-179.98
1253.232,1787815722376,4.8926,-8.9724,2.2094,-179.98
1253.332,1787815722476,4.8926,-8.9731,2.2094,-179.98
1253.432,1787815722576,4.8926,-8.9735,2.2094,-179.98
1253.533,1787815722676,4.8926,-8.9740,2.2094,-179.98
1253.633,1787815722776,4.8926,-8.9744,2.2094,-179.98
1253.733,1787815722876,4.8926,-8.9749,2.2094,-179.98
1253.833,1787815722977,4.8927,-8.9753,2.2094,-179.98
1253.933,1787815723077,4.8927,-8.9757,2.2094,-179.98
1254.034,1787815723178,4.8927,-8.9761,2.2094,-179.98
1254.134,1787815723278,4.8927,-8.9766,2.2094,-179.98
1254.234,1787815723378,4.8927,-8.9772,2.2097,-179.98
1254.334,1787815723478,4.8927,-8.9779,2.2105,-179.98
1254.434,1787815723578,4.8927,-8.9784,2.2123,-179.98
1254.534,1787815723678,4.8927,-8.9785,2.2147,-179.98
1254.634,1787815723778,4.8927,-8.9783,2.2177,-179.98
1254.735,1787815723878,4.8926,-8.9780,2.2212,-179.98
1254.835,1787815723978,4.8926,-8.9775,2.2262,-179.98
1254.935,1787815724078,4.8926,-8.9768,2.2325,-179.98
1255.035,1787815724179,4.8926,-8.9762,2.2392,-179.98
1255.135,1787815724279,4.8926,-8.9754,2.2463,-179.98
1255.235,1787815724379,4.8926,-8.9747,2.2540,-179.98
1255.335,1787815724479,4.8926,-8.9738,2.2622,-179.98
1255.435,1787815724579,4.8926,-8.9729,2.2716,-179.98
1255.535,1787815724679,4.8925,-8.9720,2.2816,-179.98
1255.635,1787815724779,4.8925,-8.9714,2.2895,-179.98
1255.736,1787815724879,4.8925,-8.9704,2.3009,-179.98
1255.836,1787815724979,4.8925,-8.9696,2.3108,-179.98
1255.936,1787815725080,4.8925,-8.9689,2.3202,-179.98
1256.036,1787815725180,4.8924,-8.9681,2.3319,-179.98
1256.136,1787815725280,4.8924,-8.9673,2.3447,-179.98
1256.236,1787815725380,4.8923,-8.9667,2.3556,-179.98
1256.336,1787815725480,4.8922,-8.9661,2.3683,-179.98
1256.436,1787815725580,4.8921,-8.9655,2.3827,-179.99
1256.537,1787815725680,4.8920,-8.9651,2.3950,-179.99
1256.637,1787815725780,4.8919,-8.9648,2.4074,-179.99
1256.737,1787815725881,4.8918,-8.9644,2.4224,-179.98
1256.837,1787815725981,4.8917,-8.9643,2.4327,-179.98
1256.937,1787815726081,4.8915,-8.9642,2.4447,-179.98
1257.037,1787815726181,4.8913,-8.9641,2.4608,-179.98
1257.137,1787815726281,4.8912,-8.9642,2.4738,-179.98
1257.237,1787815726381,4.8910,-8.9643,2.4885,-179.98
1257.337,1787815726481,4.8908,-8.9644,2.5025,-179.98
1257.438,1787815726581,4.8907,-8.9646,2.5132,-179.98
1257.538,1787815726681,4.8905,-8.9649,2.5281,-179.98
1257.638,1787815726781,4.8903,-8.9652,2.5430,-179.98
1257.738,1787815726882,4.8902,-8.9655,2.5521,-179.98
1257.839,1787815726982,4.8900,-8.9658,2.5662,-179.98
1257.939,1787815727082,4.8899,-8.9661,2.5779,-179.98
1258.039,1787815727182,4.8897,-8.9666,2.5940,-179.98
1258.139,1787815727283,4.8896,-8.9671,2.6085,-179.98
1258.239,1787815727383,4.8895,-8.9675,2.6205,-179.98
1258.339,1787815727483,4.8894,-8.9680,2.6350,-179.98
1258.439,1787815727583,4.8893,-8.9685,2.6505,-179.98
1258.539,1787815727683,4.8892,-8.9688,2.6608,-179.98
1258.639,1787815727783,4.8892,-8.9692,2.6755,-179.98
1258.740,1787815727883,4.8891,-8.9697,2.6911,-179.98
1258.840,1787815727983,4.8890,-8.9700,2.7016,-179.98
1258.940,1787815728083,4.8889,-8.9704,2.7164,-179.98
1259.040,1787815728184,4.8889,-8.9709,2.7313,-179.98
1259.140,1787815728284,4.8888,-8.9712,2.7437,-179.98
1259.240,1787815728384,4.8888,-8.9716,2.7597,-179.98
1259.340,1787815728484,4.8887,-8.9719,2.7748,-179.98
1259.440,1787815728584,4.8886,-8.9723,2.7899,-179.98
1259.540,1787815728684,4.8886,-8.9727,2.8059,-179.98
1259.641,1787815728784,4.8886,-8.9729,2.8166,-179.98
1259.741,1787815728884,4.8885,-8.9733,2.8326,-179.98
1259.841,1787815728985,4.8885,-8.9736,2.8486,-179.98
1259.941,1787815729085,4.8884,-8.9739,2.8610,-179.98
1260.041,1787815729185,4.8884,-8.9742,2.8770,-179.98
1260.142,1787815729285,4.8884,-8.9745,2.8913,-179.98
1260.242,1787815729385,4.8884,-8.9747,2.9011,-179.98
1260.342,1787815729486,4.8883,-8.9751,2.9198,-179.98
1260.443,1787815729587,4.8883,-8.9754,2.9341,-179.98
1260.543,1787815729687,4.8883,-8.9756,2.9449,-179.98
1260.643,1787815729787,4.8882,-8.9759,2.9601,-179.98
1260.743,1787815729887,4.8882,-8.9762,2.9746,-179.98
1260.843,1787815729987,4.8881,-8.9765,2.9882,-179.98
1260.943,1787815730087,4.8881,-8.9768,3.0045,-179.98
1261.043,1787815730187,4.8880,-8.9770,3.0154,-179.98
1261.144,1787815730287,4.8880,-8.9773,3.0327,-179.98
1261.244,1787815730387,4.8879,-8.9776,3.0473,-179.99
1261.344,1787815730487,4.8878,-8.9780,3.0636,-179.99
1261.444,1787815730587,4.8877,-8.9783,3.0800,-179.99
1261.544,1787815730688,4.8876,-8.9786,3.0945,-179.99
1261.644,1787815730788,4.8875,-8.9789,3.1062,-179.99
1261.744,1787815730888,4.8874,-8.9792,3.1188,-179.99
1261.844,1787815730988,4.8873,-8.9796,3.1360,-179.99
1261.944,1787815731088,4.8872,-8.9800,3.1497,-179.99
1262.044,1787815731188,4.8870,-8.9804,3.1660,-179.99
1262.145,1787815731288,4.8869,-8.9807,3.1806,-179.99
1262.246,1787815731389,4.8867,-8.9811,3.1960,-179.99
1262.346,1787815731490,4.8866,-8.9815,3.2123,-179.99
1262.446,1787815731590,4.8864,-8.9818,3.2258,-179.99
1262.546,1787815731690,4.8863,-8.9821,3.2375,-179.99
1262.646,1787815731790,4.8861,-8.9825,3.2548,-179.99
1262.746,1787815731890,4.8860,-8.9828,3.2693,-179.99
1262.846,1787815731990,4.8858,-8.9832,3.2847,-179.99
1262.946,1787815732090,4.8856,-8.9837,3.3028,-179.99
1263.047,1787815732190,4.8854,-8.9840,3.3173,-179.99
1263.147,1787815732290,4.8852,-8.9843,3.3316,-179.99
1263.247,1787815732390,4.8851,-8.9847,3.3478,-179.99
1263.347,1787815732491,4.8849,-8.9850,3.3594,-179.99
1263.447,1787815732591,4.8848,-8.9853,3.3728,-179.99
1263.547,1787815732691,4.8846,-8.9856,3.3880,-179.99
1263.647,1787815732791,4.8845,-8.9859,3.4014,-179.99
1263.747,1787815732891,4.8843,-8.9862,3.4158,-179.99
1263.848,1787815732991,4.8841,-8.9865,3.4311,-179.99
1263.948,1787815733091,4.8839,-8.9869,3.4482,-179.99
1264.048,1787815733191,4.8837,-8.9872,3.4635,-179.99
1264.148,1787815733292,4.8835,-8.9876,3.4796,-179.99
1264.248,1787815733392,4.8834,-8.9879,3.4921,-179.99
1264.348,1787815733492,4.8832,-8.9882,3.5081,-179.99
1264.448,1787815733592,4.8830,-8.9885,3.5250,-179.99
1264.548,1787815733692,4.8829,-8.9887,3.5321,-179.99
1264.649,1787815733792,4.8827,-8.9890,3.5498,-179.99
1264.749,1787815733892,4.8825,-8.9893,3.5659,-179.99
1264.849,1787815733992,4.8823,-8.9895,3.5811,-179.99
1264.949,1787815734092,4.8821,-8.9898,3.5953,-179.98
1265.049,1787815734193,4.8820,-8.9900,3.6087,-179.98
1265.149,1787815734293,4.8819,-8.9902,3.6203,-179.98
1265.249,1787815734393,4.8817,-8.9904,3.6347,-179.98
1265.349,1787815734493,4.8816,-8.9906,3.6437,-179.98
1265.449,1787815734593,4.8814,-8.9909,3.6620,-179.98
1265.550,1787815734693,4.8812,-8.9911,3.6794,-179.98
1265.650,1787815734793,4.8811,-8.9913,3.6942,-179.98
1265.750,1787815734893,4.8810,-8.9916,3.7104,-179.98
1265.850,1787815734994,4.8808,-8.9917,3.7227,-179.98
1265.950,1787815735094,4.8807,-8.9919,3.7360,-179.99
1266.050,1787815735194,4.8806,-8.9922,3.7500,-179.99
1266.150,1787815735294,4.8805,-8.9925,3.7637,-179.99
1266.250,1787815735394,4.8805,-8.9927,3.7737,-179.99
1266.350,1787815735494,4.8804,-8.9930,3.7847,-179.99
1266.451,1787815735594,4.8803,-8.9932,3.7926,-179.99
1266.551,1787815735694,4.8803,-8.9935,3.8028,-179.99
1266.651,1787815735795,4.8801,-8.9937,3.8112,-179.99
1266.751,1787815735895,4.8801,-8.9940,3.8183,-179.99
1266.851,1787815735995,4.8800,-8.9942,3.8245,-179.99
1266.951,1787815736095,4.8799,-8.9944,3.8301,-179.99
1267.051,1787815736195,4.8798,-8.9947,3.8358,-179.99
1267.151,1787815736295,4.8798,-8.9949,3.8397,-179.99
1267.252,1787815736395,4.8797,-8.9951,3.8440,-179.98
1267.352,1787815736495,4.8796,-8.9954,3.8489,-179.98
1267.452,1787815736595,4.8795,-8.9955,3.8512,-179.98
1267.552,1787815736696,4.8794,-8.9957,3.8552,-179.98
1267.652,1787815736796,4.8793,-8.9959,3.8583,-179.98
1267.752,1787815736896,4.8793,-8.9961,3.8611,-179.98
1267.852,1787815736996,4.8792,-8.9964,3.8639,-179.98
1267.952,1787815737096,4.8791,-8.9966,3.8670,-179.98
1268.053,1787815737196,4.8790,-8.9969,3.8695,-179.98
1268.153,1787815737297,4.8789,-8.9971,3.8716,-179.98
1268.253,1787815737397,4.8789,-8.9974,3.8737,-179.98
1268.354,1787815737497,4.8789,-8.9975,3.8752,-179.98
1268.454,1787815737597,4.8789,-8.9977,3.8767,-179.98
1268.554,1787815737698,4.8790,-8.9978,3.8783,-179.98
1268.654,1787815737798,4.8790,-8.9979,3.8796,-179.98
1268.754,1787815737898,4.8790,-8.9980,3.8809,-179.98
1268.854,1787815737998,4.8791,-8.9980,3.8822,-179.98
1268.954,1787815738098,4.8791,-8.9981,3.8834,-179.98
1269.055,1787815738199,4.8792,-8.9982,3.8845,-179.98
1269.155,1787815738299,4.8792,-8.9983,3.8854,-179.98
1269.255,1787815738399,4.8793,-8.9983,3.8864,-179.99
1269.355,1787815738499,4.8794,-8.9984,3.8875,-179.99
1269.456,1787815738599,4.8794,-8.9984,3.8882,-179.99
1269.556,1787815738699,4.8795,-8.9984,3.8892,-179.99
1269.656,1787815738800,4.8797,-8.9985,3.8901,-179.99
1269.756,1787815738900,4.8797,-8.9985,3.8906,-179.99
1269.856,1787815739000,4.8799,-8.9985,3.8916,-179.99
1269.956,1787815739100,4.8800,-8.9986,3.8923,-179.99
1270.056,1787815739200,4.8801,-8.9987,3.8931,-179.99
1270.156,1787815739300,4.8802,-8.9987,3.8939,-179.99
1270.257,1787815739400,4.8804,-8.9988,3.8947,-179.99
1270.357,1787815739500,4.8805,-8.9988,3.8953,-179.99
1270.457,1787815739601,4.8806,-8.9989,3.8959,-179.99
1270.557,1787815739701,4.8807,-8.9989,3.8965,-179.99
1270.658,1787815739802,4.8809,-8.9989,3.8972,-179.99
1270.758,1787815739902,4.8810,-8.9990,3.8975,-179.99
1270.858,1787815740002,4.8810,-8.9990,3.8981,-179.99
1270.958,1787815740102,4.8811,-8.9990,3.8986,-179.99
1271.059,1787815740202,4.8811,-8.9990,3.8990,-179.99
1271.159,1787815740302,4.8811,-8.9990,3.8995,-179.99
1271.259,1787815740403,4.8811,-8.9990,3.8997,-179.99
1271.359,1787815740503,4.8812,-8.9991,3.9001,-179.99
1271.459,1787815740603,4.8812,-8.9991,3.9006,-179.99
1271.560,1787815740703,4.8812,-8.9991,3.9009,-179.99
1271.660,1787815740803,4.8812,-8.9992,3.9012,-179.99
1271.760,1787815740904,4.8812,-8.9992,3.9015,-179.99
1271.860,1787815741004,4.8812,-8.9993,3.9018,-179.99
1271.960,1787815741104,4.8811,-8.9993,3.9022,-179.99
1272.060,1787815741204,4.8811,-8.9994,3.9024,-179.99
1272.160,1787815741304,4.8810,-8.9994,3.9027,-179.99
1272.260,1787815741404,4.8810,-8.9994,3.9029,-179.99
1272.361,1787815741504,4.8809,-8.9995,3.9032,-179.99
1272.461,1787815741605,4.8809,-8.9995,3.9034,-179.99
1272.562,1787815741705,4.8808,-8.9996,3.9036,-179.99
1272.662,1787815741805,4.8808,-8.9996,3.9039,-179.99
1272.762,1787815741905,4.8807,-8.9997,3.9040,-179.99
1272.862,1787815742006,4.8806,-8.9998,3.9042,-179.99
1272.962,1787815742106,4.8806,-8.9999,3.9044,-179.99
1273.062,1787815742206,4.8805,-8.9999,3.9046,-179.99
1273.162,1787815742306,4.8803,-9.0000,3.9047,-179.99
1273.262,1787815742406,4.8802,-9.0001,3.9049,-179.99
1273.362,1787815742506,4.8801,-9.0002,3.9051,-179.99
1273.463,1787815742606,4.8800,-9.0002,3.9052,-179.99
1273.563,1787815742706,4.8799,-9.0003,3.9054,-179.99
1273.663,1787815742806,4.8798,-9.0004,3.9056,-179.99
1273.763,1787815742907,4.8797,-9.0004,3.9057,-179.98
1273.863,1787815743007,4.8795,-9.0005,3.9059,-179.98
1273.963,1787815743107,4.8794,-9.0005,3.9060,-179.98
1274.063,1787815743207,4.8793,-9.0006,3.9062,-179.98
1274.163,1787815743307,4.8792,-9.0006,3.9063,-179.98
1274.263,1787815743407,4.8791,-9.0006,3.9064,-179.98
1274.364,1787815743507,4.8790,-9.0006,3.9065,-179.98
1274.464,1787815743607,4.8789,-9.0006,3.9066,-179.98
1274.564,1787815743707,4.8788,-9.0006,3.9067,-179.98
1274.664,1787815743808,4.8787,-9.0005,3.9068,-179.98
1274.764,1787815743908,4.8786,-9.0005,3.9069,-179.99
1274.864,1787815744008,4.8785,-9.0004,3.9069,-179.99
1274.964,1787815744108,4.8784,-9.0004,3.9070,-179.99
1275.064,1787815744208,4.8784,-9.0004,3.9071,-179.99
1275.164,1787815744308,4.8783,-9.0003,3.9071,-179.99
1275.265,1787815744408,4.8782,-9.0003,3.9072,-179.99
1275.365,1787815744508,4.8781,-9.0002,3.9073,-179.99
1275.465,1787815744608,4.8781,-9.0006,3.9073,-179.99
1275.565,1787815744709,4.8780,-9.0017,3.9074,-179.99
1275.665,1787815744809,4.8780,-9.0032,3.9074,-179.99
1275.765,1787815744909,4.8779,-9.0041,3.9075,-179.99
1275.865,1787815745009,4.8778,-9.0039,3.9076,-179.99
1275.966,1787815745110,4.8778,-9.0021,3.9077,-179.99
1276.066,1787815745210,4.8777,-8.9983,3.9078,-179.99
1276.167,1787815745311,4.8777,-8.9938,3.9079,-179.99
1276.267,1787815745411,4.8777,-8.9865,3.9081,-179.99
1276.367,1787815745511,4.8777,-8.9777,3.9082,-179.99
1276.467,1787815745611,4.8776,-8.9669,3.9084,-179.99
1276.567,1787815745711,4.8776,-8.9566,3.9085,-179.99
1276.668,1787815745811,4.8775,-8.9405,3.9087,-180.00
1276.768,1787815745911,4.8774,-8.9175,3.9088,-180.00
1276.868,1787815746011,4.8773,-8.8992,3.9089,-180.00
1276.968,1787815746111,4.8773,-8.8721,3.9090,-180.00
1277.068,1787815746212,4.8772,-8.8434,3.9090,-180.00
1277.168,1787815746312,4.8771,-8.8097,3.9090,-180.00
1277.268,1787815746412,4.8770,-8.7728,3.9090,-180.00
1277.368,1787815746512,4.8769,-8.7402,3.9090,-180.00
1277.468,1787815746612,4.8768,-8.6977,3.9089,-180.00
1277.568,1787815746712,4.8767,-8.6495,3.9087,-180.00
1277.669,1787815746812,4.8766,-8.5951,3.9085,-180.00
1277.769,1787815746913,4.8765,-8.5498,3.9083,-180.00
1277.871,1787815747014,4.8764,-8.4962,3.9081,-180.00
1277.971,1787815747114,4.8763,-8.4475,3.9079,180.00
1278.071,1787815747215,4.8762,-8.3906,3.9078,180.00
1278.171,1787815747315,4.8762,-8.3389,3.9076,180.00
1278.271,1787815747415,4.8761,-8.2968,3.9075,180.00
1278.371,1787815747515,4.8760,-8.2357,3.9074,180.00
1278.471,1787815747615,4.8760,-8.1807,3.9073,180.00
1278.572,1787815747715,4.8760,-8.1173,3.9072,180.00
1278.672,1787815747815,4.8759,-8.0448,3.9071,180.00
1278.774,1787815747918,4.8759,-7.9711,3.9071,180.00
1278.874,1787815748018,4.8759,-7.9162,3.9070,180.00
1278.974,1787815748118,4.8759,-7.8532,3.9070,180.00
1279.074,1787815748218,4.8760,-7.7897,3.9069,180.00
1279.174,1787815748318,4.8760,-7.7300,3.9069,180.00
1279.275,1787815748418,4.8761,-7.6581,3.9069,180.00
1279.375,1787815748518,4.8761,-7.5940,3.9069,180.00
1279.475,1787815748618,4.8763,-7.5258,3.9069,180.00
1279.575,1787815748719,4.8764,-7.4577,3.9069,180.00
1279.675,1787815748819,4.8765,-7.3898,3.9069,180.00
1279.775,1787815748919,4.8766,-7.3261,3.9069,179.99
1279.875,1787815749019,4.8768,-7.2628,3.9069,179.99
1279.975,1787815749119,4.8769,-7.2037,3.9069,179.99
1280.075,1787815749219,4.8770,-7.1489,3.9069,179.99
1280.175,1787815749319,4.8772,-7.0669,3.9069,179.99
1280.276,1787815749419,4.8773,-7.0046,3.9069,179.99
1280.376,1787815749519,4.8774,-6.9466,3.9069,179.99
1280.476,1787815749619,4.8775,-6.8735,3.9069,179.99
1280.576,1787815749720,4.8776,-6.8199,3.9069,179.99
1280.676,1787815749820,4.8778,-6.7475,3.9070,179.99
1280.776,1787815749920,4.8779,-6.6795,3.9070,179.99
1280.876,1787815750020,4.8780,-6.6155,3.9070,180.00
1280.976,1787815750120,4.8781,-6.5630,3.9070,180.00
1281.076,1787815750220,4.8782,-6.4998,3.9070,180.00
1281.177,1787815750320,4.8783,-6.4480,3.9071,180.00
1281.277,1787815750420,4.8784,-6.3929,3.9071,180.00
1281.377,1787815750520,4.8786,-6.3309,3.9071,180.00
1281.477,1787815750621,4.8786,-6.2800,3.9071,180.00
1281.577,1787815750721,4.8788,-6.2185,3.9072,-180.00
1281.677,1787815750821,4.8789,-6.1642,3.9072,-180.00
1281.779,1787815750923,4.8790,-6.1063,3.9072,-180.00
1281.879,1787815751023,4.8791,-6.0413,3.9073,-180.00
1281.979,1787815751123,4.8792,-5.9979,3.9073,180.00
1282.079,1787815751223,4.8793,-5.9330,3.9073,180.00
1282.180,1787815751324,4.8794,-5.8610,3.9073,180.00
1282.280,1787815751424,4.8794,-5.8032,3.9074,179.99
1282.380,1787815751524,4.8795,-5.7490,3.9074,179.99
1282.480,1787815751624,4.8795,-5.6913,3.9074,179.99
1282.581,1787815751724,4.8796,-5.6120,3.9074,179.99
1282.681,1787815751824,4.8796,-5.5614,3.9075,179.99
1282.781,1787815751924,4.8796,-5.4928,3.9075,179.99
1282.881,1787815752025,4.8797,-5.4386,3.9075,179.99
1282.981,1787815752125,4.8797,-5.3702,3.9075,179.99
1283.081,1787815752225,4.8797,-5.3055,3.9075,179.99
1283.181,1787815752325,4.8797,-5.2589,3.9074,179.99
1283.282,1787815752425,4.8797,-5.2088,3.9074,179.99
1283.382,1787815752525,4.8797,-5.1340,3.9074,179.99
1283.482,1787815752625,4.8797,-5.0879,3.9074,179.99
1283.582,1787815752726,4.8797,-5.0314,3.9074,179.99
1283.682,1787815752826,4.8797,-4.9785,3.9074,180.00
1283.782,1787815752926,4.8796,-4.9468,3.9074,180.00
1283.883,1787815753026,4.8796,-4.8799,3.9074,180.00
1283.983,1787815753126,4.8795,-4.8201,3.9074,180.00
1284.083,1787815753226,4.8795,-4.7778,3.9075,180.00
1284.183,1787815753327,4.8794,-4.7033,3.9075,180.00
1284.283,1787815753427,4.8794,-4.6428,3.9075,180.00
1284.383,1787815753527,4.8793,-4.5784,3.9076,180.00
1284.483,1787815753627,4.8792,-4.5244,3.9076,180.00
1284.583,1787815753727,4.8792,-4.4740,3.9076,180.00
1284.683,1787815753827,4.8791,-4.4201,3.9076,180.00
1284.784,1787815753927,4.8790,-4.3519,3.9077,179.99
1284.884,1787815754027,4.8789,-4.2837,3.9077,179.99
1284.984,1787815754127,4.8789,-4.2189,3.9077,179.99
1285.084,1787815754228,4.8788,-4.1575,3.9077,179.99
1285.184,1787815754328,4.8788,-4.0998,3.9077,179.99
1285.284,1787815754428,4.8787,-4.0494,3.9078,179.99
1285.385,1787815754529,4.8787,-3.9848,3.9078,179.99
1285.485,1787815754629,4.8786,-3.9276,3.9078,179.99
1285.585,1787815754729,4.8786,-3.8739,3.9078,179.99
1285.686,1787815754829,4.8785,-3.8059,3.9078,179.99
1285.786,1787815754929,4.8785,-3.7416,3.9078,179.99
1285.886,1787815755030,4.8785,-3.6844,3.9078,179.99
1285.986,1787815755130,4.8784,-3.6238,3.9078,179.99
1286.086,1787815755230,4.8784,-3.5703,3.9078,179.99
1286.187,1787815755330,4.8784,-3.5206,3.9078,179.99
1286.287,1787815755430,4.8783,-3.4602,3.9078,179.99
1286.387,1787815755530,4.8783,-3.3997,3.9078,179.99
1286.487,1787815755630,4.8783,-3.3428,3.9078,179.99
1286.587,1787815755731,4.8783,-3.2822,3.9078,179.99
1286.687,1787815755831,4.8782,-3.2430,3.9078,179.99
1286.787,1787815755931,4.8782,-3.1684,3.9078,179.99
1286.887,1787815756031,4.8782,-3.1042,3.9077,179.99
1286.988,1787815756131,4.8782,-3.0471,3.9077,179.99
1287.088,1787815756231,4.8782,-2.9900,3.9077,179.99
1287.188,1787815756331,4.8782,-2.9294,3.9077,179.99
1287.288,1787815756432,4.8782,-2.8689,3.9077,179.99
1287.388,1787815756532,4.8782,-2.8191,3.9077,179.99
1287.488,1787815756632,4.8782,-2.7587,3.9077,179.99
1287.588,1787815756732,4.8782,-2.7161,3.9077,179.99
1287.688,1787815756832,4.8782,-2.6559,3.9077,179.99
1287.788,1787815756932,4.8782,-2.6170,3.9077,179.99
1287.889,1787815757033,4.8782,-2.5427,3.9078,179.99
1287.990,1787815757133,4.8782,-2.4824,3.9078,179.99
1288.090,1787815757233,4.8782,-2.4395,3.9078,179.99
1288.190,1787815757333,4.8783,-2.3751,3.9079,179.99
1288.290,1787815757434,4.8783,-2.3104,3.9079,179.99
1288.390,1787815757534,4.8783,-2.2744,3.9079,179.99
1288.490,1787815757634,4.8783,-2.2203,3.9080,179.99
1288.590,1787815757734,4.8783,-2.1735,3.9080,179.99
1288.690,1787815757834,4.8783,-2.0939,3.9080,179.99
1288.790,1787815757934,4.8784,-2.0248,3.9081,179.99
1288.891,1787815758034,4.8784,-1.9663,3.9081,179.99
1288.991,1787815758134,4.8784,-1.9038,3.9081,179.99
1289.091,1787815758235,4.8784,-1.8412,3.9082,179.99
1289.191,1787815758335,4.8784,-1.7934,3.9082,179.99
1289.291,1787815758435,4.8783,-1.7309,3.9082,179.99
1289.391,1787815758535,4.8783,-1.6647,3.9082,179.99
1289.491,1787815758635,4.8783,-1.6058,3.9083,179.99
1289.591,1787815758735,4.8782,-1.5468,3.9083,179.99
1289.692,1787815758835,4.8782,-1.4769,3.9083,179.99
1289.792,1787815758935,4.8782,-1.4108,3.9084,179.99
1289.892,1787815759036,4.8782,-1.3483,3.9084,180.00
1289.992,1787815759136,4.8782,-1.2897,3.9084,180.00
1290.093,1787815759237,4.8782,-1.2276,3.9084,180.00
1290.193,1787815759337,4.8782,-1.1839,3.9084,180.00
1290.294,1787815759437,4.8782,-1.1076,3.9084,180.00
1290.394,1787815759537,4.8782,-1.0459,3.9084,180.00
1290.494,1787815759637,4.8782,-0.9952,3.9084,180.00
1290.594,1787815759738,4.8782,-0.9226,3.9084,180.00
1290.694,1787815759838,4.8781,-0.8646,3.9084,180.00
1290.794,1787815759938,4.8781,-0.8142,3.9084,180.00
1290.894,1787815760038,4.8782,-0.7460,3.9085,180.00
1290.994,1787815760138,4.8782,-0.7102,3.9085,180.00
1291.094,1787815760238,4.8781,-0.6567,3.9085,180.00
1291.195,1787815760338,4.8781,-0.5819,3.9085,180.00
1291.295,1787815760438,4.8781,-0.5355,3.9085,180.00
1291.395,1787815760538,4.8781,-0.4674,3.9085,180.00
1291.495,1787815760639,4.8781,-0.4063,3.9086,180.00
1291.595,1787815760739,4.8781,-0.3416,3.9086,180.00
1291.695,1787815760839,4.8780,-0.2770,3.9086,180.00
1291.795,1787815760939,4.8780,-0.2196,3.9086,180.00
1291.895,1787815761039,4.8780,-0.1695,3.9086,180.00
1291.996,1787815761139,4.8779,-0.1017,3.9086,180.00
1292.096,1787815761239,4.8779,-0.0339,3.9086,180.00
1292.196,1787815761339,4.8778,0.0054,3.9086,180.00
1292.296,1787815761440,4.8778,0.0695,3.9087,180.00
1292.396,1787815761540,4.8777,0.1264,3.9087,180.00
1292.496,1787815761640,4.8777,0.1797,3.9087,180.00
1292.596,1787815761740,4.8776,0.2543,3.9087,179.99
1292.696,1787815761840,4.8776,0.3183,3.9087,179.99
1292.796,1787815761940,4.8775,0.3647,3.9087,179.99
1292.897,1787815762040,4.8775,0.4252,3.9087,179.99
1292.997,1787815762140,4.8775,0.4820,3.9087,179.99
1293.097,1787815762240,4.8774,0.5351,3.9087,179.99
1293.197,1787815762341,4.8774,0.5951,3.9087,179.99
1293.297,1787815762441,4.8774,0.6410,3.9087,179.99
1293.397,1787815762541,4.8773,0.7046,3.9087,179.99
1293.498,1787815762641,4.8773,0.7684,3.9086,179.99
1293.598,1787815762741,4.8773,0.8182,3.9086,179.99
1293.698,1787815762841,4.8773,0.8859,3.9086,179.99
1293.798,1787815762942,4.8772,0.9535,3.9086,179.99
1293.899,1787815763042,4.8772,1.0071,3.9086,179.99
1293.999,1787815763143,4.8772,1.0679,3.9086,179.99
1294.099,1787815763243,4.8772,1.1215,3.9086,179.99
1294.200,1787815763343,4.8773,1.1786,3.9086,180.00
1294.300,1787815763444,4.8773,1.2500,3.9087,180.00
1294.400,1787815763544,4.8773,1.3142,3.9087,180.00
1294.500,1787815763644,4.8773,1.3535,3.9087,180.00
1294.600,1787815763744,4.8773,1.4142,3.9088,180.00
1294.701,1787815763844,4.8774,1.4820,3.9088,180.00
1294.801,1787815763944,4.8774,1.5392,3.9088,180.00
1294.901,1787815764044,4.8774,1.6073,3.9088,180.00
1295.001,1787815764145,4.8774,1.6609,3.9088,180.00
1295.101,1787815764245,4.8774,1.7288,3.9088,180.00
1295.201,1787815764345,4.8774,1.7751,3.9088,180.00
1295.301,1787815764445,4.8775,1.8464,3.9088,180.00
1295.401,1787815764545,4.8775,1.8961,3.9088,180.00
1295.502,1787815764645,4.8775,1.9530,3.9088,180.00
1295.602,1787815764745,4.8776,2.0205,3.9088,180.00
1295.702,1787815764846,4.8776,2.0631,3.9088,180.00
1295.802,1787815764946,4.8777,2.1376,3.9089,180.00
1295.902,1787815765046,4.8777,2.2015,3.9089,180.00
1296.003,1787815765146,4.8777,2.2405,3.9089,180.00
1296.103,1787815765246,4.8778,2.2972,3.9089,180.00
1296.203,1787815765346,4.8778,2.3503,3.9089,180.00
1296.303,1787815765447,4.8778,2.3927,3.9089,180.00
1296.403,1787815765547,4.8779,2.4705,3.9089,180.00
1296.503,1787815765647,4.8779,2.5308,3.9090,180.00
1296.603,1787815765747,4.8779,2.5842,3.9090,180.00
1296.703,1787815765847,4.8780,2.6378,3.9090,180.00
1296.804,1787815765947,4.8780,2.7058,3.9091,179.99
1296.904,1787815766047,4.8780,2.7558,3.9091,179.99
1297.004,1787815766147,4.8780,2.8202,3.9091,179.99
1297.104,1787815766248,4.8781,2.8812,3.9091,179.99
1297.204,1787815766348,4.8781,2.9278,3.9092,179.99
1297.304,1787815766448,4.8781,2.9962,3.9092,179.99
1297.404,1787815766548,4.8781,3.0501,3.9092,179.99
1297.504,1787815766648,4.8781,3.1076,3.9092,179.99
1297.605,1787815766749,4.8781,3.1761,3.9092,179.99
1297.705,1787815766849,4.8781,3.2339,3.9093,179.99
1297.805,1787815766949,4.8781,3.2917,3.9093,179.99
1297.905,1787815767049,4.8781,3.3640,3.9093,180.00
1298.005,1787815767149,4.8781,3.4218,3.9094,180.00
1298.106,1787815767249,4.8781,3.4651,3.9094,180.00
1298.206,1787815767349,4.8781,3.5299,3.9094,180.00
1298.306,1787815767449,4.8781,3.5838,3.9094,180.00
1298.406,1787815767550,4.8781,3.6592,3.9095,180.00
1298.506,1787815767650,4.8780,3.7240,3.9095,180.00
1298.606,1787815767750,4.8780,3.7709,3.9095,180.00
1298.706,1787815767850,4.8780,3.8356,3.9095,180.00
1298.806,1787815767950,4.8781,3.9038,3.9095,180.00
1298.907,1787815768050,4.8781,3.9541,3.9095,179.99
1299.007,1787815768150,4.8781,4.0221,3.9095,179.99
1299.107,1787815768250,4.8781,4.0864,3.9095,179.99
1299.207,1787815768351,4.8781,4.1507,3.9094,179.99
1299.307,1787815768451,4.8781,4.1936,3.9094,179.99
1299.409,1787815768553,4.8781,4.2647,3.9094,180.00
1299.509,1787815768653,4.8782,4.3177,3.9094,180.00
1299.609,1787815768753,4.8782,4.3741,3.9094,180.00
1299.709,1787815768853,4.8782,4.4375,3.9094,180.00
1299.809,1787815768953,4.8783,4.4938,3.9093,-180.00
1299.910,1787815769053,4.8783,4.5361,3.9093,-180.00
1300.010,1787815769153,4.8784,4.6065,3.9093,-180.00
1300.110,1787815769254,4.8784,4.6593,3.9093,-180.00
1300.210,1787815769354,4.8785,4.7191,3.9093,-179.99
1300.310,1787815769454,4.8786,4.7861,3.9094,-179.99
1300.410,1787815769554,4.8787,4.8461,3.9094,-179.99
1300.510,1787815769654,4.8788,4.8992,3.9094,-179.99
1300.610,1787815769754,4.8789,4.9663,3.9094,-179.99
1300.711,1787815769854,4.8789,5.0227,3.9094,-179.99
1300.811,1787815769954,4.8790,5.0790,3.9094,-179.99
1300.911,1787815770054,4.8791,5.1425,3.9094,-179.99
1301.011,1787815770155,4.8792,5.1987,3.9094,-179.99
1301.111,1787815770255,4.8793,5.2655,3.9094,-179.99
1301.211,1787815770355,4.8793,5.3217,3.9094,-179.99
1301.311,1787815770455,4.8793,5.3813,3.9094,-179.99
1301.411,1787815770555,4.8794,5.4340,3.9094,-179.99
1301.511,1787815770655,4.8794,5.4938,3.9095,-179.99
1301.612,1787815770755,4.8795,5.5605,3.9095,-179.99
1301.712,1787815770855,4.8795,5.6168,3.9095,-179.99
1301.812,1787815770955,4.8795,5.6731,3.9095,-179.99
1301.912,1787815771056,4.8796,5.7364,3.9095,-179.99
1302.012,1787815771156,4.8796,5.7960,3.9095,-179.99
1302.112,1787815771256,4.8797,5.8627,3.9095,-179.99
1302.212,1787815771356,4.8797,5.9225,3.9095,-179.99
1302.312,1787815771456,4.8797,5.9752,3.9095,-179.99
1302.413,1787815771556,4.8797,6.0242,3.9095,-179.99
1302.513,1787815771656,4.8797,6.0905,3.9095,-179.99
1302.613,1787815771756,4.8797,6.1357,3.9095,-179.99
1302.713,1787815771857,4.8797,6.1950,3.9095,-179.99
1302.813,1787815771957,4.8796,6.2611,3.9095,-179.99
1302.913,1787815772057,4.8796,6.2994,3.9096,-179.99
1303.013,1787815772157,4.8796,6.3621,3.9096,-179.99
1303.113,1787815772257,4.8796,6.4145,3.9096,-179.99
1303.214,1787815772357,4.8795,6.4740,3.9096,-179.99
1303.314,1787815772457,4.8795,6.5409,3.9096,-179.99
1303.414,1787815772557,4.8795,6.5974,3.9097,-179.99
1303.514,1787815772657,4.8794,6.6575,3.9097,-179.99
1303.614,1787815772758,4.8794,6.7249,3.9097,-179.99
1303.714,1787815772858,4.8794,6.7854,3.9097,-179.99
1303.814,1787815772958,4.8793,6.8461,3.9098,-179.99
1303.915,1787815773058,4.8793,6.9067,3.9098,-179.99
1304.015,1787815773158,4.8792,6.9389,3.9098,-179.99
1304.115,1787815773259,4.8792,7.0030,3.9099,-179.99
1304.215,1787815773359,4.8791,7.0777,3.9100,-179.99
1304.315,1787815773459,4.8791,7.1204,3.9100,-179.99
1304.415,1787815773559,4.8790,7.1702,3.9101,-179.99
1304.515,1787815773659,4.8789,7.2344,3.9101,-179.99
1304.615,1787815773759,4.8789,7.2810,3.9102,-179.99
1304.716,1787815773859,4.8788,7.3491,3.9102,-179.99
1304.816,1787815773959,4.8787,7.3993,3.9102,-179.99
1304.916,1787815774059,4.8786,7.4641,3.9103,-179.99
1305.016,1787815774160,4.8785,7.5327,3.9102,-179.99
1305.116,1787815774260,4.8784,7.5980,3.9102,-179.99
1305.216,1787815774360,4.8784,7.6452,3.9102,-179.99
1305.317,1787815774460,4.8783,7.7103,3.9102,-179.99
1305.417,1787815774560,4.8782,7.7682,3.9102,-179.99
1305.517,1787815774661,4.8782,7.8297,3.9101,-179.99
1305.617,1787815774761,4.8781,7.8914,3.9101,-179.99
1305.717,1787815774861,4.8781,7.9603,3.9101,-179.99
1305.817,1787815774961,4.8781,8.0075,3.9101,-179.99
1305.918,1787815775062,4.8780,8.0655,3.9101,-179.99
1306.018,1787815775162,4.8780,8.1161,3.9101,-179.99
1306.118,1787815775262,4.8780,8.1745,3.9100,-179.99
1306.218,1787815775362,4.8779,8.2446,3.9100,-179.99
1306.318,1787815775462,4.8779,8.2999,3.9099,-179.99
1306.419,1787815775563,4.8779,8.3655,3.9099,-179.99
1306.519,1787815775663,4.8779,8.4224,3.9098,-179.99
1306.620,1787815775763,4.8779,8.4741,3.9099,-179.99
1306.720,1787815775863,4.8779,8.5404,3.9099,-179.99
1306.820,1787815775963,4.8779,8.5971,3.9099,-179.99
1306.920,1787815776064,4.8779,8.6362,3.9099,-179.99
1307.020,1787815776164,4.8779,8.6849,3.9100,-179.99
1307.120,1787815776264,4.8779,8.7306,3.9100,-179.99
1307.220,1787815776364,4.8779,8.7610,3.9100,-179.99
1307.320,1787815776464,4.8779,8.8080,3.9100,-179.99
1307.420,1787815776564,4.8779,8.8466,3.9100,-179.99
1307.521,1787815776664,4.8779,8.8779,3.9100,-179.99
1307.621,1787815776764,4.8779,8.9063,3.9099,-179.99
1307.721,1787815776864,4.8780,8.9364,3.9098,-179.99
1307.821,1787815776965,4.8780,8.9574,3.9097,-179.99
1307.921,1787815777065,4.8780,8.9773,3.9096,-179.99
1308.021,1787815777165,4.8781,8.9957,3.9095,-179.99
1308.122,1787815777265,4.8781,9.0070,3.9094,-179.99
1308.222,1787815777365,4.8782,9.0216,3.9092,-179.99
1308.322,1787815777465,4.8782,9.0317,3.9091,-179.99
1308.422,1787815777566,4.8782,9.0390,3.9089,-179.99
1308.522,1787815777666,4.8782,9.0466,3.9088,-179.99
1308.622,1787815777766,4.8782,9.0499,3.9087,-179.99
1308.722,1787815777866,4.8782,9.0552,3.9085,-179.99
1308.822,1787815777966,4.8782,9.0580,3.9084,-179.98
1308.923,1787815778066,4.8782,9.0591,3.9083,-179.98
1309.023,1787815778166,4.8782,9.0591,3.9082,-179.98
1309.123,1787815778266,4.8783,9.0581,3.9081,-179.98
1309.223,1787815778367,4.8783,9.0560,3.9080,-179.98
1309.323,1787815778467,4.8783,9.0525,3.9079,-179.98
1309.424,1787815778567,4.8783,9.0484,3.9079,-179.98
1309.524,1787815778668,4.8783,9.0444,3.9079,-179.98
1309.624,1787815778768,4.8783,9.0398,3.9079,-179.98
1309.724,1787815778868,4.8783,9.0342,3.9079,-179.98
1309.824,1787815778968,4.8783,9.0310,3.9079,-179.99
1309.924,1787815779068,4.8783,9.0248,3.9080,-179.99
1310.024,1787815779168,4.8784,9.0184,3.9080,-179.99
1310.125,1787815779268,4.8783,9.0131,3.9081,-179.99
1310.225,1787815779368,4.8783,9.0085,3.9081,-179.99
1310.325,1787815779469,4.8783,9.0036,3.9082,-180.00
1310.425,1787815779569,4.8783,8.9982,3.9082,-180.00
1310.525,1787815779669,4.8782,8.9930,3.9083,-180.00
1310.625,1787815779769,4.8782,8.9880,3.9083,-180.00
1310.725,1787815779869,4.8782,8.9836,3.9084,-180.00
1310.825,1787815779969,4.8782,8.9791,3.9084,-180.00
1310.925,1787815780069,4.8782,8.9755,3.9085,-180.00
1311.026,1787815780169,4.8781,8.9718,3.9085,-180.00
1311.126,1787815780269,4.8781,8.9686,3.9085,-180.00
1311.226,1787815780370,4.8781,8.9653,3.9086,-180.00
1311.326,1787815780470,4.8780,8.9623,3.9086,-180.00
1311.426,1787815780570,4.8780,8.9596,3.9087,-180.00
1311.526,1787815780670,4.8780,8.9578,3.9087,-180.00
1311.626,1787815780770,4.8779,8.9554,3.9088,-180.00
1311.726,1787815780870,4.8779,8.9540,3.9088,-180.00
1311.827,1787815780970,4.8778,8.9521,3.9088,-179.99
1311.927,1787815781070,4.8777,8.9507,3.9088,-179.99
1312.027,1787815781170,4.8777,8.9495,3.9089,-179.99
1312.127,1787815781271,4.8776,8.9486,3.9089,-179.99
1312.227,1787815781371,4.8776,8.9477,3.9089,-179.99
1312.327,1787815781471,4.8775,8.9470,3.9089,-179.99
1312.427,1787815781571,4.8774,8.9466,3.9089,-179.99
1312.527,1787815781671,4.8774,8.9463,3.9089,-179.99
1312.627,1787815781771,4.8773,8.9461,3.9089,-179.99
1312.728,1787815781871,4.8773,8.9461,3.9089,-179.98
1312.828,1787815781971,4.8773,8.9462,3.9090,-179.98
1312.928,1787815782071,4.8772,8.9464,3.9090,-179.98
1313.028,1787815782172,4.8772,8.9467,3.9090,-179.98
1313.128,1787815782272,4.8772,8.9471,3.9090,-179.98
1313.228,1787815782372,4.8772,8.9473,3.9090,-179.98
1313.328,1787815782472,4.8771,8.9477,3.9090,-179.98
1313.428,1787815782572,4.8771,8.9481,3.9091,-179.98
1313.528,1787815782672,4.8771,8.9487,3.9091,-179.98
1313.629,1787815782772,4.8771,8.9494,3.9091,-179.98
1313.729,1787815782872,4.8771,8.9500,3.9091,-179.98
1313.829,1787815782972,4.8770,8.9506,3.9091,-179.98
1313.929,1787815783073,4.8770,8.9513,3.9091,-179.98
1314.029,1787815783173,4.8770,8.9519,3.9091,-179.98
1314.129,1787815783273,4.8770,8.9527,3.9092,-179.98
1314.229,1787815783373,4.8771,8.9535,3.9092,-179.98
1314.329,1787815783473,4.8771,8.9542,3.9093,-179.99
1314.429,1787815783573,4.8771,8.9550,3.9093,-179.99
1314.530,1787815783673,4.8772,8.9557,3.9093,-179.99
1314.630,1787815783773,4.8772,8.9564,3.9094,-179.99
1314.730,1787815783873,4.8773,8.9572,3.9094,-179.99
1314.830,1787815783974,4.8773,8.9578,3.9094,-179.99
1314.930,1787815784074,4.8773,8.9584,3.9094,-179.99
1315.030,1787815784174,4.8774,8.9589,3.9094,-179.99
1315.130,1787815784274,4.8774,8.9595,3.9094,-179.99
1315.231,1787815784374,4.8774,8.9600,3.9094,-179.99
1315.331,1787815784474,4.8775,8.9606,3.9095,-179.99
1315.431,1787815784574,4.8775,8.9613,3.9095,-179.99
1315.531,1787815784675,4.8776,8.9617,3.9095,-179.99
1315.631,1787815784775,4.8776,8.9622,3.9095,-179.99
1315.731,1787815784875,4.8777,8.9628,3.9095,-179.99
1315.831,1787815784975,4.8777,8.9631,3.9094,-179.99
1315.931,1787815785075,4.8778,8.9636,3.9094,-179.99
1316.031,1787815785175,4.8778,8.9640,3.9094,-179.99
1316.131,1787815785275,4.8778,8.9644,3.9094,-179.99
1316.232,1787815785375,4.8778,8.9648,3.9094,-179.99
1316.332,1787815785475,4.8778,8.9653,3.9094,-179.99
1316.432,1787815785575,4.8779,8.9658,3.9094,-179.99
1316.532,1787815785676,4.8779,8.9662,3.9094,-179.99
1316.632,1787815785776,4.8779,8.9667,3.9094,-179.99
1316.732,1787815785876,4.8779,8.9670,3.9094,-179.99
1316.832,1787815785976,4.8779,8.9677,3.9094,-179.97
1316.932,1787815786076,4.8779,8.9687,3.9096,-179.88
1317.032,1787815786176,4.8779,8.9696,3.9100,-179.62
1317.133,1787815786276,4.8779,8.9700,3.9104,-179.19
1317.233,1787815786376,4.8779,8.9700,3.9112,-178.34
1317.333,1787815786476,4.8778,8.9693,3.9121,-177.17
1317.433,1787815786577,4.8778,8.9682,3.9130,-175.80
1317.533,1787815786677,4.8778,8.9667,3.9139,-174.13
1317.633,1787815786777,4.8779,8.9648,3.9149,-172.00
1317.734,1787815786877,4.8780,8.9620,3.9159,-169.03
1317.834,1787815786977,4.8781,8.9588,3.9169,-165.65
1317.934,1787815787077,4.8783,8.9560,3.9175,-162.54
1318.034,1787815787178,4.8785,8.9536,3.9178,-159.65
1318.134,1787815787278,4.8788,8.9509,3.9180,-156.21
1318.234,1787815787378,4.8791,8.9485,3.9180,-152.89
1318.334,1787815787478,4.8794,8.9460,3.9177,-148.83
1318.434,1787815787578,4.8796,8.9439,3.9173,-144.97
1318.536,1787815787679,4.8798,8.9420,3.9166,-140.23
1318.636,1787815787779,4.8798,8.9410,3.9161,-137.13
1318.736,1787815787879,4.8797,8.9403,3.9155,-134.09
1318.836,1787815787980,4.8794,8.9398,3.9149,-130.70
1318.936,1787815788080,4.8788,8.9398,3.9140,-126.62
1319.036,1787815788180,4.8781,8.9401,3.9133,-123.46
1319.136,1787815788280,4.8774,8.9406,3.9127,-120.60
1319.237,1787815788380,4.8764,8.9414,3.9121,-117.45
1319.337,1787815788480,4.8753,8.9424,3.9115,-114.22
1319.437,1787815788580,4.8743,8.9434,3.9110,-111.42
1319.537,1787815788681,4.8732,8.9447,3.9105,-108.34
1319.637,1787815788781,4.8720,8.9460,3.9100,-105.32
1319.737,1787815788881,4.8711,8.9472,3.9097,-102.66
1319.837,1787815788981,4.8702,8.9484,3.9093,-99.85
1319.937,1787815789081,4.8693,8.9497,3.9090,-96.89
1320.037,1787815789181,4.8689,8.9504,3.9089,-95.07
1320.138,1787815789281,4.8683,8.9515,3.9086,-92.25
1320.238,1787815789381,4.8680,8.9523,3.9085,-90.24
1320.338,1787815789481,4.8676,8.9532,3.9084,-87.52
1320.438,1787815789582,4.8675,8.9541,3.9083,-84.91
1320.538,1787815789682,4.8674,8.9549,3.9083,-82.05
1320.638,1787815789782,4.8676,8.9556,3.9083,-79.11
1320.738,1787815789882,4.8680,8.9564,3.9083,-75.92
1320.838,1787815789982,4.8686,8.9571,3.9083,-72.65
1320.939,1787815790082,4.8694,8.9578,3.9083,-68.94
1321.039,1787815790182,4.8702,8.9584,3.9083,-65.60
1321.139,1787815790282,4.8707,8.9587,3.9083,-63.24
1321.239,1787815790383,4.8716,8.9592,3.9082,-59.71
1321.339,1787815790483,4.8723,8.9596,3.9081,-56.39
1321.439,1787815790583,4.8729,8.9599,3.9081,-53.68
1321.539,1787815790683,4.8735,8.9601,3.9080,-50.02
1321.639,1787815790783,4.8739,8.9602,3.9079,-48.11
1321.739,1787815790883,4.8745,8.9602,3.9078,-44.49
1321.840,1787815790983,4.8749,8.9602,3.9077,-41.08
1321.940,1787815791083,4.8753,8.9601,3.9077,-38.43
1322.040,1787815791183,4.8757,8.9600,3.9076,-35.05
1322.140,1787815791284,4.8760,8.9600,3.9076,-32.06
1322.240,1787815791384,4.8764,8.9599,3.9076,-28.91
1322.340,1787815791484,4.8767,8.9598,3.9075,-25.58
1322.440,1787815791584,4.8771,8.9596,3.9075,-21.92
1322.540,1787815791684,4.8774,8.9595,3.9075,-18.84
1322.640,1787815791784,4.8776,8.9594,3.9075,-15.80
1322.741,1787815791884,4.8778,8.9592,3.9075,-12.63
1322.841,1787815791984,4.8780,8.9591,3.9076,-10.02
1322.941,1787815792085,4.8781,8.9591,3.9077,-7.02
1323.041,1787815792185,4.8783,8.9591,3.9080,-4.37
1323.141,1787815792285,4.8784,8.9592,3.9083,-2.12
1323.241,1787815792385,4.8784,8.9591,3.9089,-0.05
1323.342,1787815792486,4.8784,8.9586,3.9096,1.74
1323.442,1787815792586,4.8784,8.9578,3.9104,3.09
1323.543,1787815792686,4.8784,8.9566,3.9111,3.97
1323.643,1787815792786,4.8785,8.9552,3.9117,4.45
1323.743,1787815792886,4.8785,8.9535,3.9122,4.63
1323.843,1787815792987,4.8786,8.9519,3.9127,4.54
1323.943,1787815793087,4.8787,8.9503,3.9130,4.26
1324.043,1787815793187,4.8787,8.9492,3.9131,3.95
1324.143,1787815793287,4.8788,8.9475,3.9131,3.31
1324.243,1787815793387,4.8789,8.9460,3.9130,2.57
1324.344,1787815793487,4.8789,8.9450,3.9127,1.82
1324.444,1787815793587,4.8790,8.9443,3.9124,1.11
1324.544,1787815793688,4.8790,8.9440,3.9120,0.32
1324.644,1787815793788,4.8790,8.9441,3.9117,-0.17
1324.744,1787815793888,4.8790,8.9445,3.9113,-0.64
1324.844,1787815793988,4.8790,8.9454,3.9108,-1.19
1324.944,1787815794088,4.8790,8.9460,3.9106,-1.39
1325.044,1787815794188,4.8790,8.9474,3.9102,-1.68
1325.145,1787815794288,4.8790,8.9485,3.9100,-1.82
1325.245,1787815794388,4.8790,8.9500,3.9097,-1.92
1325.345,1787815794488,4.8790,8.9520,3.9094,-1.94
1325.445,1787815794589,4.8789,8.9541,3.9091,-1.88
1325.545,1787815794689,4.8789,8.9561,3.9089,-1.76
1325.645,1787815794789,4.8789,8.9580,3.9087,-1.60
1325.745,1787815794889,4.8789,8.9594,3.9086,-1.46
1325.845,1787815794989,4.8788,8.9613,3.9085,-1.25
1325.946,1787815795089,4.8780,8.9630,3.9084,-1.05
1326.046,1787815795189,4.8765,8.9649,3.9083,-0.80
1326.146,1787815795289,4.8750,8.9666,3.9083,-0.56
1326.246,1787815795390,4.8746,8.9677,3.9084,-0.37
1326.346,1787815795490,4.8756,8.9687,3.9085,-0.19
1326.446,1787815795590,4.8794,8.9696,3.9086,-0.02
1326.546,1787815795690,4.8829,8.9700,3.9087,0.05
1326.646,1787815795790,4.8895,8.9704,3.9089,0.12
1326.746,1787815795890,4.8986,8.9707,3.9092,0.17
1326.846,1787815795990,4.9097,8.9710,3.9094,0.18
1326.947,1787815796090,4.9254,8.9712,3.9097,0.17
1327.047,1787815796190,4.9458,8.9714,3.9099,0.14
1327.147,1787815796290,4.9632,8.9716,3.9100,0.11
1327.248,1787815796391,4.9829,8.9718,3.9101,0.06
1327.348,1787815796492,5.0086,8.9721,3.9101,0.01
1327.449,1787815796592,5.0393,8.9725,3.9099,-0.05
1327.549,1787815796692,5.0687,8.9730,3.9097,-0.10
1327.649,1787815796793,5.0956,8.9735,3.9094,-0.14
1327.749,1787815796893,5.1278,8.9742,3.9092,-0.18
1327.849,1787815796993,5.1700,8.9751,3.9089,-0.22
1327.949,1787815797093,5.2040,8.9759,3.9087,-0.25
1328.049,1787815797193,5.2405,8.9767,3.9085,-0.27
1328.150,1787815797293,5.2794,8.9777,3.9083,-0.29
1328.250,1787815797393,5.3156,8.9787,3.9082,-0.29
1328.350,1787815797494,5.3600,8.9799,3.9082,-0.29
1328.450,1787815797594,5.3967,8.9809,3.9081,-0.28
1328.550,1787815797694,5.4341,8.9820,3.9082,-0.27
1328.650,1787815797794,5.4659,8.9830,3.9082,-0.25
1328.750,1787815797894,5.5034,8.9842,3.9083,-0.23
1328.851,1787815797994,5.5316,8.9851,3.9084,-0.20
1328.951,1787815798094,5.5565,8.9860,3.9084,-0.18
1329.051,1787815798194,5.5841,8.9868,3.9084,-0.16
1329.151,1787815798294,5.6107,8.9877,3.9085,-0.14
1329.251,1787815798395,5.6311,8.9884,3.9085,-0.12
1329.351,1787815798495,5.6495,8.9890,3.9085,-0.11
1329.451,1787815798595,5.6670,8.9897,3.9084,-0.09
1329.551,1787815798695,5.6791,8.9901,3.9084,-0.09
1329.652,1787815798796,5.6946,8.9906,3.9083,-0.08
1329.752,1787815798896,5.7064,8.9911,3.9082,-0.07
1329.852,1787815798996,5.7160,8.9915,3.9081,-0.07
1329.952,1787815799096,5.7257,8.9918,3.9080,-0.07
1330.052,1787815799196,5.7326,8.9920,3.9080,-0.07
1330.153,1787815799296,5.7365,8.9921,3.9079,-0.07
1330.253,1787815799396,5.7405,8.9923,3.9078,-0.07
1330.353,1787815799496,5.7432,8.9924,3.9077,-0.07
1330.453,1787815799597,5.7448,8.9925,3.9077,-0.08
1330.553,1787815799697,5.7454,8.9926,3.9076,-0.08
1330.653,1787815799797,5.7451,8.9926,3.9076,-0.08
1330.753,1787815799897,5.7442,8.9926,3.9076,-0.08
1330.853,1787815799997,5.7424,8.9926,3.9076,-0.08
1330.953,1787815800097,5.7401,8.9925,3.9076,-0.08
1331.054,1787815800197,5.7373,8.9924,3.9076,-0.08
1331.154,1787815800297,5.7350,8.9924,3.9076,-0.08
1331.254,1787815800397,5.7316,8.9923,3.9076,-0.08
1331.354,1787815800498,5.7289,8.9922,3.9076,-0.08
1331.454,1787815800598,5.7248,8.9921,3.9076,-0.08
1331.554,1787815800698,5.7210,8.9921,3.9076,-0.07
1331.654,1787815800798,5.7187,8.9920,3.9077,-0.07
1331.754,1787815800898,5.7134,8.9920,3.9077,-0.07
1331.854,1787815800998,5.7096,8.9919,3.9078,-0.07
1331.955,1787815801098,5.7060,8.9919,3.9079,-0.07
1332.055,1787815801199,5.7021,8.9918,3.9080,-0.06
1332.155,1787815801299,5.6984,8.9918,3.9081,-0.06
1332.255,1787815801399,5.6953,8.9918,3.9082,-0.06
1332.356,1787815801499,5.6921,8.9918,3.9082,-0.05
1332.456,1787815801599,5.6887,8.9917,3.9083,-0.05
1332.556,1787815801699,5.6859,8.9917,3.9084,-0.05
1332.656,1787815801800,5.6834,8.9917,3.9084,-0.05
1332.756,1787815801900,5.6807,8.9917,3.9084,-0.05
1332.856,1787815802000,5.6788,8.9917,3.9085,-0.04
1332.956,1787815802100,5.6769,8.9917,3.9085,-0.04
1333.056,1787815802200,5.6750,8.9917,3.9086,-0.04
1333.156,1787815802300,5.6735,8.9917,3.9086,-0.04
1333.256,1787815802400,5.6720,8.9916,3.9086,-0.04
1333.357,1787815802500,5.6707,8.9916,3.9086,-0.04
1333.457,1787815802600,5.6696,8.9916,3.9087,-0.04
1333.557,1787815802701,5.6688,8.9915,3.9087,-0.04
1333.657,1787815802801,5.6679,8.9915,3.9087,-0.04
1333.757,1787815802901,5.6674,8.9915,3.9088,-0.04
1333.857,1787815803001,5.6668,8.9915,3.9088,-0.04
1333.958,1787815803101,5.6663,8.9914,3.9088,-0.04
1334.058,1787815803201,5.6659,8.9914,3.9088,-0.04
1334.158,1787815803301,5.6657,8.9914,3.9088,-0.04
1334.258,1787815803402,5.6656,8.9915,3.9088,-0.04
1334.358,1787815803502,5.6654,8.9915,3.9088,-0.04
1334.458,1787815803602,5.6654,8.9914,3.9088,-0.04
1334.558,1787815803702,5.6654,8.9914,3.9088,-0.04
1334.658,1787815803802,5.6654,8.9914,3.9088,-0.04
1334.758,1787815803902,5.6654,8.9914,3.9088,-0.04
1334.859,1787815804002,5.6655,8.9913,3.9088,-0.04
1334.959,1787815804102,5.6655,8.9913,3.9088,-0.04
1335.059,1787815804202,5.6657,8.9913,3.9088,-0.04
1335.159,1787815804303,5.6658,8.9913,3.9088,-0.04
1335.259,1787815804403,5.6659,8.9913,3.9088,-0.04
1335.359,1787815804503,5.6660,8.9912,3.9088,-0.04
1335.459,1787815804603,5.6662,8.9911,3.9088,-0.04
1335.560,1787815804704,5.6663,8.9910,3.9087,-0.04
1335.660,1787815804804,5.6664,8.9910,3.9087,-0.04
1335.760,1787815804904,5.6665,8.9909,3.9087,-0.04
1335.860,1787815805004,5.6666,8.9908,3.9087,-0.04
1335.961,1787815805104,5.6666,8.9908,3.9087,-0.04
1336.061,1787815805204,5.6667,8.9907,3.9086,-0.04
1336.161,1787815805304,5.6668,8.9906,3.9086,-0.04
1336.261,1787815805405,5.6668,8.9906,3.9087,-0.04
1336.361,1787815805505,5.6669,8.9905,3.9087,-0.04
1336.461,1787815805605,5.6669,8.9903,3.9087,-0.04
1336.561,1787815805705,5.6670,8.9903,3.9087,-0.04
1336.661,1787815805805,5.6670,8.9902,3.9087,-0.04
1336.761,1787815805905,5.6670,8.9902,3.9088,-0.04
1336.862,1787815806005,5.6671,8.9901,3.9088,-0.04
1336.962,1787815806105,5.6671,8.9901,3.9088,-0.04
1337.062,1787815806205,5.6671,8.9901,3.9088,-0.03
1337.162,1787815806306,5.6672,8.9901,3.9089,-0.03
1337.262,1787815806406,5.6674,8.9901,3.9089,-0.03
1337.362,1787815806506,5.6674,8.9901,3.9089,-0.03
1337.462,1787815806606,5.6675,8.9901,3.9089,-0.03
1337.562,1787815806706,5.6677,8.9902,3.9090,-0.03
1337.662,1787815806806,5.6678,8.9903,3.9090,-0.03
1337.762,1787815806906,5.6681,8.9904,3.9091,-0.02
1337.863,1787815807006,5.6682,8.9905,3.9092,-0.02
1337.963,1787815807106,5.6684,8.9906,3.9092,-0.02
1338.063,1787815807207,5.6686,8.9908,3.9093,-0.02
1338.163,1787815807307,5.6689,8.9920,3.9094,-0.02
1338.263,1787815807407,5.6691,8.9934,3.9095,-0.02
1338.363,1787815807507,5.6692,8.9945,3.9096,-0.02
1338.463,1787815807607,5.6693,8.9955,3.9098,-0.02
1338.563,1787815807707,5.6693,8.9950,3.9100,-0.02
1338.663,1787815807807,5.6693,8.9926,3.9102,-0.02
1338.764,1787815807907,5.6692,8.9885,3.9104,-0.02
1338.864,1787815808007,5.6692,8.9824,3.9106,-0.02
1338.964,1787815808108,5.6691,8.9743,3.9108,-0.03
1339.064,1787815808208,5.6690,8.9616,3.9111,-0.03
1339.164,1787815808308,5.6688,8.9415,3.9113,-0.03
1339.264,1787815808408,5.6686,8.9236,3.9115,-0.03
1339.364,1787815808508,5.6684,8.8999,3.9115,-0.03
1339.464,1787815808608,5.6683,8.8725,3.9116,-0.03
1339.565,1787815808708,5.6681,8.8453,3.9115,-0.03
1339.665,1787815808808,5.6680,8.8194,3.9115,-0.03
1339.765,1787815808908,5.6679,8.7810,3.9114,-0.03
1339.865,1787815809009,5.6678,8.7460,3.9113,-0.03
1339.965,1787815809109,5.6677,8.7084,3.9112,-0.03
1340.065,1787815809209,5.6676,8.6658,3.9111,-0.03
1340.165,1787815809309,5.6676,8.6179,3.9110,-0.03
1340.265,1787815809409,5.6675,8.5930,3.9109,-0.03
1340.366,1787815809509,5.6675,8.5413,3.9107,-0.03
1340.466,1787815809609,5.6676,8.4996,3.9107,-0.03
1340.566,1787815809709,5.6676,8.4405,3.9105,-0.03
1340.666,1787815809810,5.6677,8.3819,3.9104,-0.03
1340.766,1787815809910,5.6678,8.3281,3.9103,-0.03
1340.866,1787815810010,5.6680,8.2657,3.9101,-0.03
1340.966,1787815810110,5.6681,8.2017,3.9100,-0.02
1341.066,1787815810210,5.6682,8.1473,3.9099,-0.02
1341.166,1787815810310,5.6684,8.0961,3.9098,-0.02
1341.266,1787815810410,5.6686,8.0293,3.9097,-0.02
1341.367,1787815810510,5.6687,7.9732,3.9097,-0.02
1341.467,1787815810610,5.6689,7.9089,3.9096,-0.02
1341.567,1787815810710,5.6691,7.8516,3.9095,-0.02
1341.667,1787815810811,5.6694,7.7900,3.9095,-0.02
1341.767,1787815810911,5.6696,7.7243,3.9095,-0.02
1341.867,1787815811011,5.6698,7.6815,3.9095,-0.02
1341.967,1787815811111,5.6700,7.6194,3.9095,-0.02
1342.067,1787815811211,5.6703,7.5455,3.9095,-0.02
1342.168,1787815811311,5.6705,7.4988,3.9095,-0.02
1342.268,1787815811411,5.6708,7.4245,3.9095,-0.02
1342.368,1787815811512,5.6710,7.3616,3.9095,-0.02
1342.468,1787815811612,5.6713,7.2946,3.9095,-0.02
1342.568,1787815811712,5.6716,7.2235,3.9095,-0.02
1342.668,1787815811812,5.6719,7.1369,3.9095,-0.02
1342.768,1787815811912,5.6721,7.0936,3.9095,-0.02
1342.868,1787815812012,5.6723,7.0272,3.9095,-0.02
1342.968,1787815812112,5.6726,6.9418,3.9094,-0.02
1343.069,1787815812212,5.6727,6.8916,3.9094,-0.02
1343.169,1787815812312,5.6729,6.8224,3.9094,-0.02
1343.269,1787815812412,5.6731,6.7498,3.9094,-0.02
1343.369,1787815812513,5.6733,6.6889,3.9093,-0.02
1343.469,1787815812613,5.6735,6.6321,3.9093,-0.02
1343.569,1787815812713,5.6736,6.5683,3.9093,-0.02
1343.669,1787815812813,5.6737,6.5163,3.9093,-0.02
1343.769,1787815812913,5.6739,6.4499,3.9093,-0.02
1343.869,1787815813013,5.6741,6.3803,3.9093,-0.02
1343.970,1787815813113,5.6742,6.3182,3.9093,-0.01
1344.070,1787815813213,5.6743,6.2600,3.9093,-0.01
1344.170,1787815813314,5.6745,6.2058,3.9093,-0.01
1344.270,1787815813414,5.6746,6.1519,3.9094,-0.01
1344.370,1787815813514,5.6747,6.0909,3.9094,-0.01
1344.470,1787815813614,5.6749,6.0303,3.9094,-0.01
1344.570,1787815813714,5.6750,5.9735,3.9095,-0.01
1344.671,1787815813814,5.6752,5.9133,3.9095,-0.01
1344.771,1787815813914,5.6753,5.8568,3.9096,-0.01
1344.871,1787815814015,5.6755,5.7791,3.9096,-0.00
1344.971,1787815814115,5.6756,5.7331,3.9096,-0.00
1345.071,1787815814215,5.6759,5.6624,3.9097,-0.00
1345.171,1787815814315,5.6760,5.6131,3.9097,-0.00
1345.271,1787815814415,5.6762,5.5465,3.9097,-0.00
1345.371,1787815814515,5.6764,5.4836,3.9097,-0.00
1345.472,1787815814615,5.6766,5.4312,3.9097,-0.00
1345.572,1787815814715,5.6767,5.3649,3.9097,-0.00
1345.672,1787815814816,5.6769,5.3091,3.9096,-0.00
1345.772,1787815814916,5.6771,5.2569,3.9096,-0.00
1345.872,1787815815016,5.6772,5.2155,3.9096,-0.00
1345.972,1787815815116,5.6774,5.1568,3.9096,-0.00
1346.073,1787815815217,5.6776,5.0914,3.9096,-0.01
1346.173,1787815815317,5.6778,5.0362,3.9096,-0.01
1346.274,1787815815417,5.6780,4.9739,3.9096,-0.01
1346.374,1787815815517,5.6781,4.9255,3.9096,-0.01
1346.474,1787815815617,5.6783,4.8630,3.9096,-0.01
1346.574,1787815815718,5.6785,4.7969,3.9096,-0.01
1346.674,1787815815818,5.6786,4.7445,3.9096,-0.01
1346.774,1787815815918,5.6788,4.6851,3.9096,-0.01
1346.874,1787815816018,5.6789,4.6254,3.9096,-0.01
1346.974,1787815816118,5.6791,4.5694,3.9096,-0.01
1347.074,1787815816218,5.6793,4.5065,3.9096,-0.01
1347.174,1787815816318,5.6795,4.4468,3.9095,-0.01
1347.275,1787815816418,5.6797,4.3906,3.9095,-0.01
1347.375,1787815816518,5.6798,4.3379,3.9095,-0.01
1347.475,1787815816619,5.6800,4.2817,3.9094,-0.01
1347.575,1787815816719,5.6801,4.2291,3.9094,-0.01
1347.675,1787815816819,5.6803,4.1626,3.9093,-0.01
1347.775,1787815816919,5.6805,4.1028,3.9093,-0.01
1347.875,1787815817019,5.6807,4.0392,3.9092,-0.01
1347.975,1787815817119,5.6808,3.9791,3.9092,-0.01
1348.076,1787815817219,5.6809,3.9260,3.9091,-0.01
1348.176,1787815817319,5.6811,3.8660,3.9091,-0.01
1348.276,1787815817419,5.6812,3.8168,3.9091,-0.01
1348.376,1787815817520,5.6813,3.7573,3.9091,-0.01
1348.476,1787815817620,5.6814,3.7082,3.9090,-0.01
1348.576,1787815817720,5.6815,3.6487,3.9091,-0.01
1348.676,1787815817820,5.6816,3.5962,3.9091,-0.01
1348.776,1787815817920,5.6817,3.5365,3.9091,-0.01
1348.877,1787815818020,5.6818,3.4802,3.9091,-0.01
1348.977,1787815818120,5.6819,3.4096,3.9091,-0.01
1349.077,1787815818220,5.6820,3.3706,3.9091,-0.01
1349.177,1787815818321,5.6821,3.3069,3.9091,-0.01
1349.277,1787815818421,5.6822,3.2502,3.9091,-0.01
1349.377,1787815818521,5.6823,3.1861,3.9091,-0.01
1349.477,1787815818621,5.6824,3.1290,3.9091,-0.01
1349.577,1787815818721,5.6824,3.0789,3.9092,-0.01
1349.677,1787815818821,5.6826,3.0146,3.9092,-0.00
1349.778,1787815818921,5.6827,2.9466,3.9092,-0.00
1349.878,1787815819021,5.6828,2.8822,3.9092,-0.00
1349.978,1787815819122,5.6829,2.8248,3.9092,-0.00
1350.078,1787815819222,5.6831,2.7602,3.9092,-0.00
1350.178,1787815819322,5.6832,2.7065,3.9092,-0.01
1350.278,1787815819422,5.6833,2.6564,3.9092,-0.01
1350.378,1787815819522,5.6835,2.5816,3.9092,-0.01
1350.479,1787815819622,5.6837,2.5211,3.9092,-0.01
1350.579,1787815819722,5.6838,2.4712,3.9092,-0.01
1350.679,1787815819822,5.6839,2.4106,3.9092,-0.01
1350.779,1787815819923,5.6841,2.3535,3.9091,-0.01
1350.879,1787815820023,5.6843,2.2896,3.9091,-0.01
1350.981,1787815820125,5.6845,2.2328,3.9091,-0.01
1351.081,1787815820225,5.6847,2.1795,3.9091,-0.01
1351.181,1787815820325,5.6849,2.1192,3.9092,-0.01
1351.281,1787815820425,5.6851,2.0553,3.9092,-0.01
1351.381,1787815820525,5.6853,2.0056,3.9092,-0.01
1351.482,1787815820625,5.6855,1.9454,3.9093,-0.00
1351.582,1787815820725,5.6857,1.8815,3.9093,-0.00
1351.682,1787815820825,5.6859,1.8282,3.9093,-0.00
1351.782,1787815820926,5.6861,1.7642,3.9093,0.00
1351.882,1787815821026,5.6864,1.6964,3.9094,0.00
1351.982,1787815821126,5.6865,1.6501,3.9094,0.00
1352.082,1787815821226,5.6867,1.5897,3.9094,0.01
1352.182,1787815821326,5.6869,1.5293,3.9095,0.01
1352.283,1787815821426,5.6871,1.4759,3.9095,0.01
1352.383,1787815821526,5.6873,1.4119,3.9095,0.01
1352.483,1787815821626,5.6874,1.3620,3.9095,0.01
1352.583,1787815821727,5.6876,1.3087,3.9096,0.01
1352.683,1787815821827,5.6877,1.2483,3.9096,0.01
1352.783,1787815821927,5.6879,1.1807,3.9096,0.01
1352.883,1787815822027,5.6880,1.1308,3.9096,0.01
1352.983,1787815822127,5.6881,1.0668,3.9097,0.01
1353.083,1787815822227,5.6883,1.0027,3.9097,0.01
1353.183,1787815822327,5.6884,0.9456,3.9097,0.01
1353.284,1787815822427,5.6885,0.8814,3.9096,0.01
1353.384,1787815822527,5.6886,0.8242,3.9096,0.01
1353.484,1787815822628,5.6887,0.7706,3.9096,0.01
1353.584,1787815822728,5.6888,0.7101,3.9096,0.01
1353.684,1787815822828,5.6889,0.6497,3.9096,0.01
1353.784,1787815822928,5.6890,0.5893,3.9096,0.01
1353.884,1787815823028,5.6891,0.5288,3.9096,0.01
1353.985,1787815823128,5.6892,0.4682,3.9096,0.01
1354.085,1787815823228,5.6893,0.4219,3.9096,0.01
1354.185,1787815823329,5.6894,0.3545,3.9096,0.01
1354.285,1787815823429,5.6895,0.2907,3.9096,0.00
1354.385,1787815823529,5.6897,0.2339,3.9096,0.00
1354.485,1787815823629,5.6898,0.1768,3.9097,0.00
1354.585,1787815823729,5.6899,0.1058,3.9097,0.00
1354.686,1787815823829,5.6900,0.0668,3.9097,0.00
1354.786,1787815823929,5.6902,0.0032,3.9097,0.00
1354.886,1787815824030,5.6904,-0.0568,3.9097,0.00
1354.986,1787815824130,5.6905,-0.1171,3.9097,0.00
1355.086,1787815824230,5.6907,-0.1777,3.9096,0.00
1355.186,1787815824330,5.6909,-0.2382,3.9096,0.00
1355.286,1787815824430,5.6911,-0.2987,3.9096,0.00
1355.386,1787815824530,5.6914,-0.3591,3.9095,0.01
1355.487,1787815824630,5.6916,-0.4231,3.9094,0.01
1355.587,1787815824731,5.6918,-0.4870,3.9094,0.01
1355.687,1787815824831,5.6920,-0.5472,3.9093,0.01
1355.787,1787815824931,5.6922,-0.5966,3.9092,0.01
1355.888,1787815825031,5.6923,-0.6424,3.9092,0.01
1355.988,1787815825131,5.6925,-0.6987,3.9091,0.00
1356.088,1787815825232,5.6927,-0.7512,3.9091,0.00
1356.188,1787815825332,5.6929,-0.8107,3.9091,0.00
1356.288,1787815825432,5.6931,-0.8774,3.9091,0.00
1356.388,1787815825532,5.6933,-0.9267,3.9091,0.00
1356.488,1787815825632,5.6935,-0.9870,3.9091,0.00
1356.588,1787815825732,5.6937,-1.0511,3.9091,0.00
1356.689,1787815825832,5.6939,-1.1116,3.9091,0.00
1356.789,1787815825932,5.6942,-1.1757,3.9092,0.00
1356.889,1787815826033,5.6943,-1.2326,3.9092,0.00
1356.989,1787815826133,5.6944,-1.2646,3.9092,0.00
1357.089,1787815826233,5.6947,-1.3392,3.9092,0.01
1357.189,1787815826333,5.6949,-1.4032,3.9093,0.01
1357.289,1787815826433,5.6951,-1.4640,3.9093,0.01
1357.390,1787815826534,5.6953,-1.5179,3.9094,0.01
1357.490,1787815826634,5.6955,-1.5790,3.9094,0.01
1357.590,1787815826734,5.6957,-1.6402,3.9094,0.01
1357.690,1787815826834,5.6958,-1.7013,3.9094,0.01
1357.792,1787815826936,5.6960,-1.7626,3.9095,0.01
1357.893,1787815827036,5.6961,-1.8200,3.9095,0.01
1357.993,1787815827136,5.6963,-1.8774,3.9095,0.01
1358.093,1787815827237,5.6965,-1.9384,3.9095,0.01
1358.193,1787815827337,5.6966,-1.9992,3.9096,0.01
1358.293,1787815827437,5.6968,-2.0671,3.9096,0.01
1358.393,1787815827537,5.6969,-2.1280,3.9096,0.01
1358.493,1787815827637,5.6970,-2.1602,3.9096,0.01
1358.593,1787815827737,5.6971,-2.2243,3.9096,0.00
1358.694,1787815827837,5.6973,-2.2777,3.9097,0.00
1358.794,1787815827937,5.6974,-2.3347,3.9097,0.00
1358.894,1787815828038,5.6976,-2.4026,3.9097,0.00
1358.994,1787815828138,5.6977,-2.4601,3.9098,0.01
1359.094,1787815828238,5.6979,-2.5320,3.9098,0.01
1359.194,1787815828338,5.6980,-2.5788,3.9098,0.01
1359.294,1787815828438,5.6981,-2.6473,3.9098,0.01
1359.395,1787815828539,5.6983,-2.7012,3.9098,0.01
1359.495,1787815828639,5.6984,-2.7480,3.9098,0.01
1359.595,1787815828739,5.6985,-2.8199,3.9099,0.01
1359.695,1787815828839,5.6986,-2.8665,3.9099,0.01
1359.795,1787815828939,5.6987,-2.9311,3.9099,0.01
1359.895,1787815829039,5.6989,-2.9924,3.9099,0.01
1359.995,1787815829139,5.6990,-3.0538,3.9100,0.01
1360.096,1787815829239,5.6991,-3.1152,3.9100,0.01
1360.196,1787815829339,5.6992,-3.1731,3.9100,0.01
1360.296,1787815829439,5.6993,-3.2345,3.9101,0.01
1360.396,1787815829540,5.6995,-3.2994,3.9101,0.01
1360.496,1787815829640,5.6996,-3.3680,3.9102,0.01
1360.597,1787815829740,5.6997,-3.4329,3.9102,0.01
1360.697,1787815829840,5.6999,-3.4870,3.9102,0.01
1360.797,1787815829940,5.7000,-3.5410,3.9102,0.01
1360.897,1787815830040,5.7001,-3.6092,3.9103,0.01
1360.997,1787815830141,5.7002,-3.6629,3.9103,0.01
1361.097,1787815830241,5.7003,-3.7307,3.9103,0.01
1361.197,1787815830341,5.7004,-3.7912,3.9103,0.01
1361.297,1787815830441,5.7005,-3.8517,3.9103,0.01
1361.397,1787815830541,5.7006,-3.9085,3.9103,0.01
1361.497,1787815830641,5.7007,-3.9616,3.9103,0.01
1361.598,1787815830741,5.7007,-4.0182,3.9103,0.01
1361.698,1787815830841,5.7008,-4.0815,3.9103,0.01
1361.798,1787815830941,5.7008,-4.1308,3.9103,0.01
1361.898,1787815831042,5.7009,-4.1978,3.9103,0.01
1361.998,1787815831142,5.7009,-4.2576,3.9103,0.01
1362.098,1787815831242,5.7009,-4.3140,3.9103,0.01
1362.198,1787815831342,5.7010,-4.3669,3.9102,0.01
1362.299,1787815831442,5.7011,-4.4232,3.9102,0.01
1362.399,1787815831542,5.7011,-4.4794,3.9102,0.01
1362.499,1787815831642,5.7012,-4.5428,3.9102,0.01
1362.599,1787815831743,5.7012,-4.6133,3.9102,0.01
1362.699,1787815831843,5.7013,-4.6627,3.9101,0.01
1362.800,1787815831943,5.7013,-4.7263,3.9101,0.01
1362.900,1787815832043,5.7014,-4.7863,3.9101,0.00
1363.000,1787815832144,5.7014,-4.8356,3.9101,0.00
1363.100,1787815832244,5.7015,-4.8992,3.9101,0.00
1363.200,1787815832344,5.7016,-4.9592,3.9101,0.00
1363.300,1787815832444,5.7017,-5.0086,3.9100,0.00
1363.400,1787815832544,5.7018,-5.0721,3.9100,0.00
1363.500,1787815832644,5.7019,-5.1286,3.9100,0.00
1363.601,1787815832744,5.7020,-5.1818,3.9100,0.00
1363.701,1787815832844,5.7021,-5.2455,3.9100,0.00
1363.801,1787815832945,5.7023,-5.2986,3.9099,0.00
1363.901,1787815833045,5.7025,-5.3621,3.9099,0.00
1364.001,1787815833145,5.7026,-5.4296,3.9099,0.01
1364.101,1787815833245,5.7027,-5.4866,3.9099,0.01
1364.201,1787815833345,5.7029,-5.5435,3.9098,0.01
1364.301,1787815833445,5.7030,-5.6074,3.9098,0.01
1364.402,1787815833545,5.7031,-5.6536,3.9098,0.01
1364.502,1787815833645,5.7033,-5.7066,3.9097,0.01
1364.602,1787815833745,5.7035,-5.7631,3.9097,0.01
1364.702,1787815833846,5.7036,-5.8161,3.9097,0.01
1364.802,1787815833946,5.7038,-5.8867,3.9097,0.01
1364.902,1787815834046,5.7040,-5.9507,3.9096,0.01
1365.002,1787815834146,5.7042,-6.0113,3.9096,0.01
1365.102,1787815834246,5.7043,-6.0651,3.9096,0.01
1365.202,1787815834346,5.7045,-6.1295,3.9096,0.01
1365.303,1787815834446,5.7048,-6.2009,3.9095,0.01
1365.403,1787815834546,5.7049,-6.2543,3.9095,0.01
1365.503,1787815834646,5.7051,-6.3186,3.9095,0.01
1365.603,1787815834747,5.7054,-6.3827,3.9095,0.01
1365.703,1787815834847,5.7056,-6.4431,3.9095,0.01
1365.803,1787815834947,5.7058,-6.5069,3.9095,0.01
1365.903,1787815835047,5.7060,-6.5672,3.9096,0.01
1366.003,1787815835147,5.7062,-6.6203,3.9096,0.01
1366.104,1787815835247,5.7064,-6.6802,3.9096,0.01
1366.204,1787815835347,5.7066,-6.7400,3.9096,0.01
1366.304,1787815835448,5.7068,-6.7927,3.9096,0.01
1366.404,1787815835548,5.7070,-6.8486,3.9096,0.00
1366.504,1787815835648,5.7072,-6.9045,3.9096,0.00
1366.604,1787815835748,5.7074,-6.9569,3.9096,0.00
1366.704,1787815835848,5.7076,-7.0094,3.9097,0.00
1366.804,1787815835948,5.7079,-7.0828,3.9097,0.00
1366.904,1787815836048,5.7081,-7.1214,3.9097,0.00
1367.005,1787815836148,5.7083,-7.1810,3.9098,0.00
1367.105,1787815836248,5.7086,-7.2512,3.9098,0.00
1367.205,1787815836348,5.7088,-7.3075,3.9099,0.00
1367.305,1787815836449,5.7091,-7.3710,3.9099,-0.00
1367.405,1787815836549,5.7093,-7.4241,3.9100,-0.00
1367.505,1787815836649,5.7095,-7.4809,3.9100,-0.00
1367.605,1787815836749,5.7097,-7.5449,3.9100,-0.00
1367.705,1787815836849,5.7099,-7.6123,3.9101,-0.00
1367.806,1787815836949,5.7101,-7.6549,3.9101,-0.00
1367.906,1787815837049,5.7103,-7.7189,3.9102,-0.00
1368.006,1787815837150,5.7105,-7.7756,3.9102,-0.00
1368.106,1787815837250,5.7106,-7.8287,3.9102,-0.00
1368.207,1787815837350,5.7109,-7.9031,3.9103,-0.00
1368.307,1787815837451,5.7111,-7.9600,3.9103,-0.00
1368.407,1787815837551,5.7113,-8.0207,3.9103,-0.00
1368.507,1787815837651,5.7115,-8.0851,3.9104,-0.00
1368.607,1787815837751,5.7116,-8.1388,3.9104,-0.00
1368.707,1787815837851,5.7118,-8.1966,3.9104,-0.00
1368.808,1787815837951,5.7120,-8.2621,3.9103,-0.00
1368.908,1787815838052,5.7121,-8.3058,3.9103,-0.00
1369.008,1787815838152,5.7123,-8.3563,3.9103,-0.00
1369.108,1787815838252,5.7124,-8.4163,3.9103,-0.00
1369.208,1787815838352,5.7126,-8.4611,3.9103,-0.00
1369.308,1787815838452,5.7127,-8.5276,3.9103,-0.00
1369.408,1787815838552,5.7129,-8.5785,3.9103,-0.00
1369.509,1787815838652,5.7130,-8.6121,3.9104,-0.00
1369.609,1787815838752,5.7131,-8.6620,3.9104,-0.00
1369.709,1787815838852,5.7133,-8.7169,3.9105,-0.00
1369.809,1787815838953,5.7134,-8.7579,3.9105,0.00
1369.909,1787815839053,5.7136,-8.7984,3.9105,0.00
1370.009,1787815839153,5.7137,-8.8358,3.9105,0.00
1370.109,1787815839253,5.7138,-8.8641,3.9104,0.00
1370.209,1787815839353,5.7140,-8.9026,3.9103,0.00
1370.310,1787815839453,5.7141,-8.9272,3.9102,0.00
1370.410,1787815839553,5.7142,-8.9522,3.9100,0.00
1370.510,1787815839653,5.7142,-8.9754,3.9098,0.00
1370.610,1787815839754,5.7143,-8.9943,3.9096,0.00
1370.710,1787815839854,5.7143,-9.0106,3.9094,0.00
1370.810,1787815839954,5.7143,-9.0221,3.9093,0.00
1370.910,1787815840054,5.7143,-9.0338,3.9091,0.01
1371.010,1787815840154,5.7143,-9.0412,3.9090,0.01
1371.110,1787815840254,5.7143,-9.0494,3.9087,0.01
1371.210,1787815840354,5.7143,-9.0540,3.9086,0.01
1371.311,1787815840454,5.7143,-9.0581,3.9084,0.01
1371.411,1787815840554,5.7142,-9.0613,3.9082,0.01
1371.511,1787815840654,5.7142,-9.0622,3.9081,0.01
1371.611,1787815840755,5.7141,-9.0623,3.9080,0.01
1371.711,1787815840855,5.7141,-9.0615,3.9079,0.01
1371.811,1787815840955,5.7140,-9.0597,3.9079,0.01
1371.911,1787815841055,5.7139,-9.0570,3.9078,0.01
1372.011,1787815841155,5.7138,-9.0537,3.9078,0.01
1372.111,1787815841255,5.7137,-9.0499,3.9078,0.01
1372.212,1787815841355,5.7136,-9.0456,3.9078,0.00
1372.312,1787815841455,5.7135,-9.0415,3.9079,0.00
1372.412,1787815841556,5.7134,-9.0360,3.9079,-0.00
1372.512,1787815841656,5.7134,-9.0313,3.9080,-0.00
1372.612,1787815841756,5.7133,-9.0255,3.9081,-0.00
1372.712,1787815841856,5.7132,-9.0209,3.9082,-0.01
1372.813,1787815841957,5.7132,-9.0145,3.9082,-0.01
1372.913,1787815842057,5.7131,-9.0100,3.9083,-0.01
1373.013,1787815842157,5.7131,-9.0041,3.9084,-0.01
1373.113,1787815842257,5.7130,-8.9993,3.9085,-0.01
1373.213,1787815842357,5.7130,-8.9944,3.9086,-0.01
1373.313,1787815842457,5.7129,-8.9898,3.9086,-0.01
1373.414,1787815842557,5.7128,-8.9851,3.9087,-0.01
1373.514,1787815842657,5.7128,-8.9815,3.9088,-0.00
1373.614,1787815842757,5.7128,-8.9774,3.9088,-0.00
1373.714,1787815842858,5.7127,-8.9739,3.9089,-0.00
1373.814,1787815842958,5.7127,-8.9710,3.9089,0.00
1373.914,1787815843058,5.7127,-8.9682,3.9089,0.00
1374.014,1787815843158,5.7127,-8.9662,3.9090,0.00
1374.115,1787815843258,5.7127,-8.9641,3.9090,0.01
1374.215,1787815843358,5.7128,-8.9618,3.9090,0.01
1374.315,1787815843459,5.7128,-8.9599,3.9091,0.01
1374.415,1787815843559,5.7128,-8.9580,3.9091,0.01
1374.515,1787815843659,5.7128,-8.9565,3.9092,0.01
1374.615,1787815843759,5.7128,-8.9555,3.9092,0.01
1374.715,1787815843859,5.7129,-8.9546,3.9092,0.01
1374.816,1787815843959,5.7129,-8.9538,3.9093,0.01
1374.916,1787815844059,5.7130,-8.9533,3.9093,0.01
1375.016,1787815844160,5.7130,-8.9529,3.9093,0.01
1375.116,1787815844260,5.7130,-8.9526,3.9093,0.01
1375.216,1787815844360,5.7131,-8.9525,3.9093,0.00
1375.316,1787815844460,5.7131,-8.9524,3.9093,0.00
1375.416,1787815844560,5.7131,-8.9525,3.9092,0.00
1375.516,1787815844660,5.7132,-8.9527,3.9092,0.00
1375.616,1787815844760,5.7132,-8.9530,3.9091,-0.00
1375.717,1787815844860,5.7132,-8.9533,3.9091,-0.00
1375.817,1787815844960,5.7133,-8.9536,3.9091,-0.00
1375.917,1787815845060,5.7133,-8.9541,3.9091,-0.00
1376.017,1787815845161,5.7133,-8.9546,3.9090,-0.00
1376.117,1787815845261,5.7133,-8.9551,3.9090,0.00
1376.217,1787815845361,5.7134,-8.9557,3.9090,0.00
1376.317,1787815845461,5.7134,-8.9563,3.9090,0.00
1376.417,1787815845561,5.7134,-8.9570,3.9091,0.00
1376.518,1787815845661,5.7134,-8.9577,3.9091,0.01
1376.618,1787815845761,5.7134,-8.9584,3.9091,0.01
1376.718,1787815845861,5.7134,-8.9591,3.9091,0.01
1376.818,1787815845962,5.7135,-8.9599,3.9091,0.01
1376.918,1787815846062,5.7135,-8.9606,3.9091,0.01
1377.018,1787815846162,5.7135,-8.9612,3.9091,0.01
1377.118,1787815846262,5.7135,-8.9620,3.9091,0.01
1377.218,1787815846362,5.7134,-8.9626,3.9091,0.00
1377.318,1787815846462,5.7135,-8.9632,3.9091,0.00
1377.419,1787815846562,5.7135,-8.9638,3.9091,0.00
1377.519,1787815846662,5.7135,-8.9643,3.9092,0.00
1377.619,1787815846763,5.7134,-8.9649,3.9092,0.00
1377.719,1787815846863,5.7134,-8.9656,3.9092,0.00
1377.819,1787815846963,5.7134,-8.9663,3.9092,0.00
1377.919,1787815847063,5.7134,-8.9667,3.9092,-0.00
1378.019,1787815847163,5.7134,-8.9674,3.9092,-0.00
1378.120,1787815847263,5.7134,-8.9680,3.9093,-0.00
1378.220,1787815847363,5.7134,-8.9686,3.9093,0.00
1378.320,1787815847464,5.7134,-8.9692,3.9094,0.00
1378.420,1787815847564,5.7134,-8.9698,3.9094,0.00
1378.520,1787815847664,5.7133,-8.9704,3.9095,0.00
1378.620,1787815847764,5.7133,-8.9709,3.9095,0.00
1378.720,1787815847864,5.7134,-8.9714,3.9096,0.00
1378.820,1787815847964,5.7133,-8.9719,3.9097,0.00
1378.920,1787815848064,5.7133,-8.9726,3.9097,0.00
1379.021,1787815848164,5.7133,-8.9731,3.9098,0.00
1379.121,1787815848264,5.7133,-8.9737,3.9098,0.00
1379.221,1787815848364,5.7133,-8.9742,3.9098,0.00
1379.321,1787815848465,5.7132,-8.9746,3.9098,0.00
1379.421,1787815848565,5.7132,-8.9751,3.9098,0.00
1379.521,1787815848665,5.7132,-8.9760,3.9093,-0.00
1379.621,1787815848765,5.7132,-8.9767,3.9083,-0.00
1379.721,1787815848865,5.7132,-8.9770,3.9072,-0.00
1379.822,1787815848965,5.7132,-8.9772,3.9045,-0.00
1379.922,1787815849065,5.7132,-8.9771,3.9012,-0.00
1380.022,1787815849165,5.7132,-8.9767,3.8968,-0.01
1380.122,1787815849266,5.7131,-8.9762,3.8912,-0.01
1380.222,1787815849366,5.7131,-8.9756,3.8858,-0.01
1380.322,1787815849466,5.7131,-8.9749,3.8786,-0.01
1380.422,1787815849566,5.7131,-8.9741,3.8700,-0.01
1380.522,1787815849666,5.7130,-8.9734,3.8631,-0.01
1380.622,1787815849766,5.7130,-8.9725,3.8537,-0.01
1380.723,1787815849866,5.7130,-8.9717,3.8454,-0.01
1380.823,1787815849966,5.7130,-8.9708,3.8361,-0.01
1380.923,1787815850067,5.7130,-8.9698,3.8258,-0.01
1381.023,1787815850167,5.7130,-8.9687,3.8137,-0.01
1381.123,1787815850267,5.7130,-8.9680,3.8052,-0.01
1381.223,1787815850367,5.7130,-8.9673,3.7958,-0.01
1381.323,1787815850467,5.7130,-8.9666,3.7861,-0.01
1381.424,1787815850567,5.7130,-8.9658,3.7747,-0.01
1381.524,1787815850668,5.7130,-8.9648,3.7586,-0.01
1381.624,1787815850768,5.7131,-8.9642,3.7466,-0.01
1381.724,1787815850868,5.7131,-8.9636,3.7344,-0.01
1381.824,1787815850968,5.7131,-8.9631,3.7212,-0.01
1381.925,1787815851068,5.7132,-8.9626,3.7079,-0.01
1382.025,1787815851168,5.7132,-8.9624,3.6984,-0.01
1382.125,1787815851268,5.7133,-8.9620,3.6825,-0.01
1382.225,1787815851369,5.7133,-8.9618,3.6696,-0.01
1382.325,1787815851469,5.7134,-8.9616,3.6559,-0.01
1382.425,1787815851569,5.7134,-8.9615,3.6413,-0.01
1382.525,1787815851669,5.7135,-8.9615,3.6259,-0.01
1382.625,1787815851769,5.7136,-8.9615,3.6122,-0.01
1382.726,1787815851869,5.7136,-8.9616,3.5984,-0.01
1382.826,1787815851969,5.7137,-8.9618,3.5837,-0.01
1382.926,1787815852069,5.7137,-8.9620,3.5731,-0.01
1383.026,1787815852170,5.7138,-8.9622,3.5600,-0.01
1383.126,1787815852270,5.7138,-8.9624,3.5477,-0.01
1383.226,1787815852370,5.7139,-8.9627,3.5335,-0.01
1383.326,1787815852470,5.7140,-8.9630,3.5200,-0.01
1383.426,1787815852570,5.7140,-8.9634,3.5032,-0.01
1383.526,1787815852670,5.7141,-8.9637,3.4922,-0.01
1383.627,1787815852770,5.7141,-8.9641,3.4762,-0.01
1383.727,1787815852870,5.7142,-8.9645,3.4626,-0.01
1383.827,1787815852971,5.7142,-8.9649,3.4499,-0.01
1383.927,1787815853071,5.7142,-8.9653,3.4353,-0.01
1384.027,1787815853171,5.7142,-8.9656,3.4250,-0.01
1384.127,1787815853271,5.7143,-8.9660,3.4104,-0.01
1384.227,1787815853371,5.7143,-8.9665,3.3948,-0.01
1384.327,1787815853471,5.7143,-8.9669,3.3818,-0.01
1384.428,1787815853571,5.7143,-8.9674,3.3652,-0.01
1384.528,1787815853671,5.7143,-8.9679,3.3495,-0.01
1384.628,1787815853771,5.7144,-8.9683,3.3347,-0.01
1384.728,1787815853872,5.7143,-8.9686,3.3199,-0.01
1384.828,1787815853972,5.7143,-8.9690,3.3035,-0.01
1384.928,1787815854072,5.7143,-8.9694,3.2914,-0.01
1385.028,1787815854172,5.7144,-8.9697,3.2776,-0.01
1385.128,1787815854272,5.7144,-8.9701,3.2646,-0.01
1385.228,1787815854372,5.7144,-8.9704,3.2551,-0.01
1385.328,1787815854472,5.7144,-8.9708,3.2368,-0.01
1385.429,1787815854572,5.7144,-8.9712,3.2210,-0.01
1385.529,1787815854672,5.7144,-8.9716,3.2052,-0.01
1385.629,1787815854772,5.7144,-8.9719,3.1903,-0.01
1385.729,1787815854873,5.7144,-8.9723,3.1746,-0.01
1385.829,1787815854973,5.7145,-8.9726,3.1615,-0.01
1385.929,1787815855073,5.7146,-8.9730,3.1467,-0.01
1386.029,1787815855173,5.7146,-8.9733,3.1319,-0.01
1386.129,1787815855273,5.7147,-8.9737,3.1189,-0.01
1386.229,1787815855373,5.7148,-8.9740,3.1049,-0.01
1386.330,1787815855473,5.7149,-8.9743,3.0892,-0.01
1386.430,1787815855573,5.7149,-8.9746,3.0770,-0.01
1386.530,1787815855674,5.7150,-8.9749,3.0613,-0.01
1386.632,1787815855776,5.7152,-8.9753,3.0428,-0.01
1386.732,1787815855876,5.7153,-8.9755,3.0287,-0.01
1386.832,1787815855976,5.7154,-8.9758,3.0146,-0.01
1386.933,1787815856076,5.7155,-8.9761,2.9988,-0.01
1387.033,1787815856176,5.7156,-8.9764,2.9856,-0.01
1387.133,1787815856276,5.7157,-8.9766,2.9742,-0.01
1387.233,1787815856377,5.7158,-8.9769,2.9575,-0.01
1387.334,1787815856477,5.7159,-8.9772,2.9425,-0.01
1387.434,1787815856578,5.7160,-8.9774,2.9284,-0.01
1387.534,1787815856678,5.7160,-8.9776,2.9133,-0.01
1387.634,1787815856778,5.7161,-8.9778,2.9000,-0.00
1387.734,1787815856878,5.7162,-8.9780,2.8867,-0.00
1387.834,1787815856978,5.7163,-8.9781,2.8742,-0.00
1387.935,1787815857078,5.7164,-8.9783,2.8616,-0.00
1388.035,1787815857178,5.7165,-8.9785,2.8464,-0.00
1388.135,1787815857278,5.7165,-8.9787,2.8338,-0.00
1388.235,1787815857379,5.7166,-8.9789,2.8166,-0.00
1388.335,1787815857479,5.7167,-8.9791,2.7984,-0.00
1388.435,1787815857579,5.7168,-8.9793,2.7849,-0.00
1388.535,1787815857679,5.7169,-8.9795,2.7705,-0.00
1388.636,1787815857779,5.7170,-8.9797,2.7552,-0.00
1388.736,1787815857879,5.7170,-8.9799,2.7390,-0.00
1388.836,1787815857979,5.7171,-8.9801,2.7238,-0.00
1388.936,1787815858080,5.7172,-8.9803,2.7086,-0.00
1389.036,1787815858180,5.7172,-8.9805,2.6997,-0.00
1389.136,1787815858280,5.7174,-8.9808,2.6801,-0.00
1389.237,1787815858380,5.7175,-8.9811,2.6648,-0.00
1389.337,1787815858481,5.7175,-8.9814,2.6496,-0.00
1389.437,1787815858581,5.7176,-8.9817,2.6345,-0.00
1389.537,1787815858681,5.7177,-8.9820,2.6185,-0.00
1389.637,1787815858781,5.7178,-8.9823,2.6043,-0.00
1389.737,1787815858881,5.7179,-8.9825,2.5946,-0.00
1389.837,1787815858981,5.7179,-8.9828,2.5804,-0.00
1389.938,1787815859081,5.7180,-8.9831,2.5662,-0.00
1390.038,1787815859181,5.7181,-8.9835,2.5510,-0.00
1390.138,1787815859281,5.7182,-8.9839,2.5348,-0.00
1390.238,1787815859382,5.7183,-8.9841,2.5223,-0.00
1390.338,1787815859482,5.7184,-8.9844,2.5079,-0.00
1390.438,1787815859582,5.7184,-8.9847,2.4935,-0.00
1390.538,1787815859682,5.7185,-8.9851,2.4745,-0.00
1390.638,1787815859782,5.7186,-8.9855,2.4584,-0.00
1390.738,1787815859882,5.7186,-8.9857,2.4458,-0.00
1390.839,1787815859982,5.7187,-8.9861,2.4306,-0.00
1390.939,1787815860082,5.7187,-8.9864,2.4156,-0.00
1391.039,1787815860182,5.7188,-8.9868,2.3965,-0.00
1391.139,1787815860283,5.7188,-8.9871,2.3826,-0.00
1391.240,1787815860383,5.7189,-8.9874,2.3709,-0.00
1391.340,1787815860483,5.7189,-8.9877,2.3593,-0.00
1391.440,1787815860584,5.7189,-8.9879,2.3511,-0.00
1391.540,1787815860684,5.7190,-8.9883,2.3384,-0.00
1391.640,1787815860784,5.7191,-8.9886,2.3281,-0.00
1391.740,1787815860884,5.7191,-8.9888,2.3227,-0.00
1391.840,1787815860984,5.7192,-8.9891,2.3133,-0.00
1391.940,1787815861084,5.7192,-8.9894,2.3056,-0.00
1392.041,1787815861185,5.7193,-8.9898,2.2975,-0.00
1392.142,1787815861285,5.7193,-8.9901,2.2912,-0.00
1392.242,1787815861385,5.7194,-8.9903,2.2868,-0.00
1392.342,1787815861485,5.7194,-8.9905,2.2821,-0.00
1392.443,1787815861587,5.7195,-8.9910,2.2774,-0.00
1392.543,1787815861687,5.7195,-8.9922,2.2748,-0.00
1392.643,1787815861787,5.7196,-8.9943,2.2739,-0.00
1392.743,1787815861887,5.7197,-8.9955,2.2741,-0.00
1392.844,1787815861987,5.7197,-8.9963,2.2750,-0.00
1392.944,1787815862087,5.7198,-8.9956,2.2762,-0.00
1393.044,1787815862188,5.7199,-8.9921,2.2779,-0.00
1393.144,1787815862288,5.7200,-8.9878,2.2791,-0.00
1393.244,1787815862388,5.7201,-8.9786,2.2809,-0.00
1393.344,1787815862488,5.7201,-8.9692,2.2821,-0.00
1393.445,1787815862588,5.7202,-8.9586,2.2831,-0.00
1393.545,1787815862688,5.7202,-8.9433,2.2843,-0.00
1393.645,1787815862788,5.7202,-8.9214,2.2855,-0.00
1393.745,1787815862889,5.7202,-8.9049,2.2861,-0.00
1393.845,1787815862989,5.7202,-8.8820,2.2868,-0.00
1393.945,1787815863089,5.7202,-8.8511,2.2874,-0.00
1394.045,1787815863189,5.7202,-8.8221,2.2877,-0.00
1394.145,1787815863289,5.7202,-8.7903,2.2879,-0.00
1394.246,1787815863389,5.7202,-8.7489,2.2880,-0.00
1394.346,1787815863489,5.7202,-8.7114,2.2879,0.00
1394.446,1787815863589,5.7202,-8.6765,2.2878,0.00
1394.546,1787815863690,5.7201,-8.6318,2.2876,0.00
1394.646,1787815863790,5.7201,-8.5904,2.2873,0.00
1394.746,1787815863890,5.7200,-8.5412,2.2869,0.01
1394.846,1787815863990,5.7200,-8.4834,2.2865,0.01
1394.946,1787815864090,5.7199,-8.4359,2.2861,0.01
1395.047,1787815864191,5.7199,-8.3702,2.2855,0.01
1395.147,1787815864291,5.7198,-8.3194,2.2851,0.01
1395.247,1787815864391,5.7198,-8.2709,2.2847,0.01
1395.347,1787815864491,5.7198,-8.2217,2.2843,0.01
1395.448,1787815864591,5.7198,-8.1536,2.2837,0.01
1395.548,1787815864691,5.7197,-8.0953,2.2833,0.01
1395.648,1787815864791,5.7197,-8.0171,2.2826,0.01
1395.748,1787815864892,5.7197,-7.9528,2.2822,0.01
1395.849,1787815864992,5.7197,-7.8994,2.2818,0.01
1395.949,1787815865092,5.7197,-7.8304,2.2813,0.01
1396.049,1787815865193,5.7197,-7.7649,2.2808,0.01
1396.149,1787815865293,5.7197,-7.7185,2.2805,0.01
1396.249,1787815865393,5.7196,-7.6450,2.2800,0.01
1396.349,1787815865493,5.7196,-7.5791,2.2796,0.01
1396.449,1787815865593,5.7196,-7.5246,2.2792,0.01
1396.549,1787815865693,5.7197,-7.4469,2.2787,0.01
1396.650,1787815865793,5.7197,-7.3771,2.2783,0.01
1396.750,1787815865893,5.7197,-7.3072,2.2779,0.01
1396.850,1787815865994,5.7197,-7.2646,2.2776,0.01
1396.950,1787815866094,5.7197,-7.1876,2.2772,0.01
1397.050,1787815866194,5.7197,-7.1227,2.2768,0.01
1397.150,1787815866294,5.7197,-7.0618,2.2765,0.01
1397.250,1787815866394,5.7197,-6.9973,2.2761,0.01
1397.350,1787815866494,5.7197,-6.9331,2.2757,0.01
1397.451,1787815866594,5.7197,-6.8728,2.2754,0.01
1397.551,1787815866694,5.7197,-6.8016,2.2750,0.01
1397.651,1787815866795,5.7197,-6.7420,2.2746,0.01
1397.751,1787815866895,5.7197,-6.6828,2.2743,0.01
1397.851,1787815866995,5.7198,-6.6128,2.2739,0.01
1397.951,1787815867095,5.7198,-6.5615,2.2736,0.01
1398.052,1787815867196,5.7199,-6.5067,2.2733,0.01
1398.152,1787815867296,5.7199,-6.4414,2.2729,0.01
1398.252,1787815867396,5.7199,-6.3765,2.2725,0.01
1398.353,1787815867496,5.7200,-6.3298,2.2723,0.01
1398.453,1787815867596,5.7200,-6.2616,2.2719,0.01
1398.553,1787815867697,5.7201,-6.2079,2.2716,0.01
1398.653,1787815867797,5.7201,-6.1615,2.2713,0.01
1398.753,1787815867897,5.7202,-6.1011,2.2710,0.01
1398.853,1787815867997,5.7202,-6.0479,2.2707,0.01
1398.953,1787815868097,5.7203,-5.9841,2.2704,0.01
1399.054,1787815868197,5.7203,-5.9309,2.2701,0.01
1399.154,1787815868297,5.7204,-5.8703,2.2698,0.01
1399.254,1787815868398,5.7204,-5.8168,2.2696,0.01
1399.354,1787815868498,5.7205,-5.7668,2.2693,0.01
1399.454,1787815868598,5.7205,-5.7098,2.2690,0.01
1399.554,1787815868698,5.7206,-5.6456,2.2687,0.01
1399.654,1787815868798,5.7206,-5.5993,2.2685,0.01
1399.754,1787815868898,5.7206,-5.5387,2.2682,0.00
1399.855,1787815868998,5.7206,-5.4780,2.2680,0.00
1399.955,1787815869098,5.7206,-5.4244,2.2677,0.00
1400.055,1787815869198,5.7207,-5.3489,2.2674,0.00
1400.155,1787815869299,5.7207,-5.2875,2.2671,0.00
1400.255,1787815869399,5.7208,-5.2333,2.2669,0.00
1400.355,1787815869499,5.7208,-5.1753,2.2666,0.00
1400.455,1787815869599,5.7209,-5.1103,2.2663,0.00
1400.555,1787815869699,5.7210,-5.0525,2.2661,0.00
1400.656,1787815869799,5.7210,-4.9873,2.2658,0.00
1400.756,1787815869899,5.7211,-4.9222,2.2655,0.00
1400.856,1787815869999,5.7212,-4.8571,2.2653,0.00
1400.956,1787815870099,5.7213,-4.7995,2.2650,0.00
1401.056,1787815870200,5.7215,-4.7455,2.2648,0.00
1401.157,1787815870300,5.7216,-4.6846,2.2645,0.00
1401.257,1787815870400,5.7216,-4.6348,2.2643,0.00
1401.357,1787815870500,5.7217,-4.5885,2.2641,0.00
1401.457,1787815870601,5.7218,-4.5247,2.2638,0.00
1401.557,1787815870701,5.7220,-4.4609,2.2635,0.00
1401.657,1787815870801,5.7221,-4.3895,2.2632,0.00
1401.757,1787815870901,5.7222,-4.3361,2.2629,0.00
1401.857,1787815871001,5.7223,-4.2792,2.2626,0.00
1401.957,1787815871101,5.7224,-4.2223,2.2623,-0.00
1402.057,1787815871201,5.7224,-4.1762,2.2621,-0.00
1402.159,1787815871302,5.7225,-4.1090,2.2618,-0.00
1402.259,1787815871402,5.7226,-4.0452,2.2615,-0.00
1402.359,1787815871503,5.7226,-4.0097,2.2613,-0.00
1402.459,1787815871603,5.7227,-3.9422,2.2610,-0.00
1402.560,1787815871703,5.7228,-3.8889,2.2608,-0.00
1402.660,1787815871803,5.7228,-3.8392,2.2606,-0.00
1402.760,1787815871904,5.7229,-3.7607,2.2602,0.00
1402.860,1787815872004,5.7229,-3.6996,2.2600,0.00
1402.960,1787815872104,5.7230,-3.6349,2.2597,0.00
1403.060,1787815872204,5.7230,-3.5736,2.2594,0.00
1403.160,1787815872304,5.7231,-3.5231,2.2592,0.00
1403.260,1787815872404,5.7231,-3.4549,2.2589,0.00
1403.361,1787815872505,5.7232,-3.3941,2.2587,0.00
1403.461,1787815872605,5.7232,-3.3406,2.2584,-0.00
1403.561,1787815872705,5.7232,-3.2943,2.2582,-0.00
1403.662,1787815872805,5.7233,-3.2304,2.2580,-0.00
1403.762,1787815872905,5.7233,-3.1666,2.2577,-0.00
1403.862,1787815873005,5.7234,-3.1095,2.2574,-0.00
1403.962,1787815873106,5.7234,-3.0486,2.2572,-0.00
1404.062,1787815873206,5.7234,-2.9950,2.2569,-0.00
1404.162,1787815873306,5.7235,-2.9379,2.2567,-0.00
1404.262,1787815873406,5.7235,-2.8668,2.2564,-0.00
1404.362,1787815873506,5.7235,-2.8242,2.2562,-0.00
1404.462,1787815873606,5.7236,-2.7674,2.2559,-0.00
1404.563,1787815873706,5.7236,-2.7035,2.2557,-0.00
1404.663,1787815873806,5.7237,-2.6394,2.2554,-0.00
1404.763,1787815873906,5.7237,-2.5752,2.2551,-0.01
1404.863,1787815874007,5.7238,-2.5145,2.2549,-0.01
1404.963,1787815874107,5.7238,-2.4538,2.2547,-0.01
1405.063,1787815874207,5.7238,-2.4075,2.2545,-0.01
1405.163,1787815874307,5.7238,-2.3507,2.2543,-0.01
1405.264,1787815874407,5.7239,-2.2940,2.2541,-0.01
1405.364,1787815874507,5.7239,-2.2337,2.2539,-0.01
1405.464,1787815874608,5.7239,-2.1698,2.2537,-0.01
1405.564,1787815874708,5.7240,-2.1166,2.2535,-0.01
1405.664,1787815874808,5.7240,-2.0562,2.2533,-0.00
1405.764,1787815874908,5.7240,-1.9888,2.2530,-0.00
1405.864,1787815875008,5.7241,-1.9283,2.2528,-0.00
1405.964,1787815875108,5.7241,-1.8750,2.2526,-0.01
1406.064,1787815875208,5.7241,-1.8144,2.2524,-0.01
1406.165,1787815875308,5.7242,-1.7504,2.2521,-0.01
1406.265,1787815875408,5.7242,-1.6829,2.2518,-0.01
1406.365,1787815875508,5.7243,-1.6223,2.2516,-0.01
1406.465,1787815875609,5.7244,-1.5619,2.2513,-0.01
1406.565,1787815875709,5.7244,-1.5122,2.2511,-0.01
1406.665,1787815875809,5.7245,-1.4591,2.2509,-0.01
1406.766,1787815875910,5.7246,-1.4063,2.2507,-0.01
1406.867,1787815876010,5.7246,-1.3501,2.2504,-0.01
1406.967,1787815876110,5.7247,-1.2904,2.2502,-0.00
1407.067,1787815876210,5.7248,-1.2269,2.2500,-0.00
1407.167,1787815876311,5.7249,-1.1669,2.2497,-0.00
1407.267,1787815876411,5.7250,-1.1066,2.2495,-0.00
1407.367,1787815876511,5.7251,-1.0676,2.2494,-0.00
1407.467,1787815876611,5.7253,-0.9897,2.2491,-0.00
1407.567,1787815876711,5.7254,-0.9260,2.2489,-0.00
1407.667,1787815876811,5.7254,-0.8871,2.2488,-0.00
1407.768,1787815876911,5.7255,-0.8234,2.2485,-0.00
1407.868,1787815877011,5.7256,-0.7525,2.2483,-0.00
1407.968,1787815877112,5.7257,-0.7100,2.2481,-0.00
1408.068,1787815877212,5.7258,-0.6498,2.2479,-0.00
1408.168,1787815877312,5.7259,-0.5967,2.2477,-0.00
1408.268,1787815877412,5.7260,-0.5400,2.2474,-0.00
1408.368,1787815877512,5.7260,-0.4689,2.2471,-0.00
1408.469,1787815877612,5.7261,-0.4261,2.2470,-0.00
1408.569,1787815877712,5.7261,-0.3656,2.2467,-0.00
1408.669,1787815877812,5.7262,-0.3120,2.2465,-0.00
1408.769,1787815877913,5.7262,-0.2619,2.2463,-0.00
1408.869,1787815878013,5.7263,-0.1833,2.2459,-0.00
1408.969,1787815878113,5.7263,-0.1149,2.2456,-0.01
1409.069,1787815878213,5.7264,-0.0680,2.2454,-0.01
1409.169,1787815878313,5.7264,-0.0032,2.2452,-0.01
1409.270,1787815878413,5.7264,0.0615,2.2449,-0.01
1409.370,1787815878513,5.7264,0.1156,2.2447,-0.01
1409.470,1787815878614,5.7264,0.1769,2.2445,-0.01
1409.570,1787815878714,5.7264,0.2453,2.2442,-0.01
1409.670,1787815878814,5.7264,0.2994,2.2440,-0.01
1409.770,1787815878914,5.7264,0.3533,2.2437,-0.01
1409.870,1787815879014,5.7263,0.4286,2.2434,-0.01
1409.970,1787815879114,5.7263,0.4787,2.2432,-0.01
1410.071,1787815879214,5.7263,0.5431,2.2430,-0.01
1410.171,1787815879314,5.7263,0.6002,2.2427,-0.01
1410.271,1787815879414,5.7263,0.6645,2.2424,-0.01
1410.371,1787815879515,5.7263,0.7110,2.2423,-0.01
1410.471,1787815879615,5.7262,0.7750,2.2420,-0.01
1410.571,1787815879715,5.7262,0.8175,2.2418,-0.01
1410.671,1787815879815,5.7263,0.8778,2.2416,-0.01
1410.771,1787815879915,5.7263,0.9274,2.2414,-0.01
1410.871,1787815880015,5.7263,0.9841,2.2412,-0.01
1410.973,1787815880116,5.7263,1.0479,2.2410,-0.01
1411.073,1787815880216,5.7263,1.1047,2.2408,-0.01
1411.173,1787815880316,5.7263,1.1511,2.2406,-0.01
1411.273,1787815880417,5.7263,1.2191,2.2403,-0.01
1411.373,1787815880517,5.7263,1.2692,2.2402,-0.01
1411.473,1787815880617,5.7263,1.3267,2.2399,-0.01
1411.573,1787815880717,5.7263,1.3988,2.2397,-0.01
1411.673,1787815880817,5.7263,1.4531,2.2395,-0.01
1411.773,1787815880917,5.7263,1.5184,2.2392,-0.01
1411.874,1787815881017,5.7263,1.5839,2.2390,-0.01
1411.974,1787815881117,5.7263,1.6312,2.2388,-0.01
1412.074,1787815881217,5.7263,1.7003,2.2386,-0.01
1412.174,1787815881318,5.7263,1.7656,2.2384,-0.01
1412.274,1787815881418,5.7263,1.8165,2.2382,-0.01
1412.374,1787815881518,5.7262,1.8817,2.2380,-0.01
1412.474,1787815881618,5.7262,1.9469,2.2378,-0.01
1412.574,1787815881718,5.7262,2.0084,2.2376,-0.01
1412.674,1787815881818,5.7262,2.0554,2.2374,-0.01
1412.775,1787815881918,5.7261,2.1170,2.2372,-0.01
1412.875,1787815882018,5.7261,2.1711,2.2370,-0.01
1412.975,1787815882118,5.7261,2.2322,2.2368,-0.01
1413.075,1787815882219,5.7261,2.2897,2.2365,-0.01
1413.175,1787815882319,5.7260,2.3508,2.2363,-0.01
1413.275,1787815882419,5.7260,2.4123,2.2361,-0.01
1413.375,1787815882519,5.7260,2.4737,2.2358,-0.01
1413.475,1787815882619,5.7260,2.5314,2.2356,-0.01
1413.576,1787815882719,5.7260,2.5854,2.2354,-0.01
1413.676,1787815882819,5.7260,2.6429,2.2352,-0.01
1413.776,1787815882920,5.7260,2.7073,2.2349,-0.01
1413.877,1787815883020,5.7260,2.7646,2.2347,-0.01
1413.977,1787815883120,5.7260,2.8256,2.2345,-0.01
1414.077,1787815883220,5.7259,2.8865,2.2343,-0.01
1414.177,1787815883321,5.7259,2.9546,2.2341,-0.01
1414.277,1787815883421,5.7259,3.0014,2.2339,-0.01
1414.377,1787815883521,5.7258,3.0624,2.2337,-0.01
1414.478,1787815883622,5.7258,3.1341,2.2334,-0.01
1414.578,1787815883722,5.7258,3.1986,2.2331,-0.01
1414.678,1787815883822,5.7257,3.2452,2.2330,-0.01
1414.778,1787815883922,5.7257,3.3131,2.2327,-0.01
1414.879,1787815884022,5.7256,3.3739,2.2325,-0.01
1414.979,1787815884122,5.7256,3.4167,2.2323,-0.01
1415.079,1787815884222,5.7255,3.4844,2.2320,-0.01
1415.179,1787815884323,5.7255,3.5413,2.2317,-0.01
1415.279,1787815884423,5.7254,3.6053,2.2314,-0.00
1415.379,1787815884523,5.7253,3.6694,2.2311,-0.00
1415.480,1787815884623,5.7253,3.7228,2.2309,-0.00
1415.580,1787815884723,5.7252,3.7763,2.2307,-0.00
1415.680,1787815884823,5.7252,3.8365,2.2304,-0.00
1415.780,1787815884924,5.7251,3.8896,2.2302,-0.00
1415.880,1787815885024,5.7251,3.9464,2.2299,-0.00
1415.980,1787815885124,5.7251,4.0103,2.2296,-0.00
1416.080,1787815885224,5.7250,4.0601,2.2294,-0.00
1416.180,1787815885324,5.7250,4.1244,2.2292,-0.00
1416.281,1787815885424,5.7249,4.1886,2.2289,-0.01
1416.381,1787815885524,5.7249,4.2422,2.2286,-0.01
1416.481,1787815885624,5.7249,4.2994,2.2284,-0.01
1416.581,1787815885725,5.7249,4.3601,2.2281,-0.01
1416.681,1787815885825,5.7249,4.4314,2.2278,-0.01
1416.781,1787815885925,5.7248,4.4994,2.2276,-0.01
1416.881,1787815886025,5.7248,4.5639,2.2273,-0.01
1416.981,1787815886125,5.7248,4.6211,2.2271,-0.01
1417.081,1787815886225,5.7248,4.6853,2.2268,-0.01
1417.182,1787815886325,5.7248,4.7494,2.2265,-0.01
1417.282,1787815886426,5.7248,4.8239,2.2262,-0.01
1417.382,1787815886526,5.7248,4.8805,2.2260,-0.01
1417.482,1787815886626,5.7248,4.9333,2.2258,-0.01
1417.583,1787815886726,5.7248,4.9963,2.2255,-0.01
1417.683,1787815886826,5.7247,5.0521,2.2253,-0.00
1417.783,1787815886926,5.7247,5.1113,2.2251,-0.00
1417.883,1787815887027,5.7248,5.1806,2.2248,-0.00
1417.983,1787815887127,5.7248,5.2394,2.2246,-0.00
1418.083,1787815887227,5.7247,5.2945,2.2244,-0.00
1418.183,1787815887327,5.7247,5.3633,2.2241,-0.00
1418.283,1787815887427,5.7247,5.4215,2.2239,-0.00
1418.384,1787815887527,5.7247,5.4658,2.2237,-0.00
1418.484,1787815887627,5.7246,5.5270,2.2234,-0.00
1418.584,1787815887728,5.7246,5.5814,2.2232,-0.00
1418.684,1787815887828,5.7246,5.6322,2.2230,-0.00
1418.784,1787815887928,5.7246,5.6864,2.2228,-0.00
1418.884,1787815888028,5.7246,5.7406,2.2226,-0.00
1418.984,1787815888128,5.7246,5.8015,2.2223,-0.00
1419.084,1787815888228,5.7246,5.8524,2.2221,-0.00
1419.184,1787815888328,5.7246,5.9070,2.2219,-0.00
1419.285,1787815888428,5.7247,5.9546,2.2217,-0.00
1419.385,1787815888528,5.7247,6.0229,2.2214,-0.00
1419.485,1787815888628,5.7247,6.0709,2.2212,-0.00
1419.585,1787815888729,5.7247,6.1191,2.2210,-0.00
1419.685,1787815888829,5.7248,6.1814,2.2208,-0.00
1419.785,1787815888929,5.7248,6.2195,2.2206,-0.00
1419.886,1787815889029,5.7249,6.2857,2.2203,-0.00
1419.986,1787815889129,5.7250,6.3419,2.2201,-0.00
1420.086,1787815889230,5.7250,6.4017,2.2198,-0.00
1420.186,1787815889330,5.7251,6.4655,2.2196,-0.00
1420.286,1787815889430,5.7252,6.5227,2.2194,-0.00
1420.386,1787815889530,5.7253,6.5836,2.2191,-0.00
1420.486,1787815889630,5.7254,6.6448,2.2189,-0.00
1420.586,1787815889730,5.7255,6.7172,2.2186,-0.00
1420.687,1787815889830,5.7256,6.7571,2.2184,-0.00
1420.787,1787815889930,5.7257,6.8223,2.2182,-0.00
1420.887,1787815890030,5.7258,6.8767,2.2179,-0.00
1420.987,1787815890130,5.7258,6.9382,2.2177,0.00
1421.087,1787815890231,5.7259,7.0035,2.2174,0.00
1421.187,1787815890331,5.7260,7.0507,2.2173,0.00
1421.287,1787815890431,5.7261,7.1053,2.2171,0.00
1421.388,1787815890531,5.7262,7.1817,2.2168,0.00
1421.488,1787815890631,5.7263,7.2290,2.2166,0.00
1421.588,1787815890732,5.7264,7.2908,2.2164,0.00
1421.688,1787815890832,5.7264,7.3565,2.2161,0.00
1421.788,1787815890932,5.7265,7.4187,2.2159,0.00
1421.888,1787815891032,5.7266,7.4811,2.2157,0.00
1421.988,1787815891132,5.7266,7.5507,2.2154,0.00
1422.089,1787815891232,5.7267,7.6056,2.2152,0.00
1422.189,1787815891332,5.7267,7.6605,2.2150,-0.00
1422.289,1787815891433,5.7268,7.7261,2.2147,-0.00
1422.389,1787815891533,5.7268,7.7770,2.2145,-0.00
1422.489,1787815891633,5.7268,7.8497,2.2142,-0.00
1422.589,1787815891733,5.7268,7.9077,2.2140,-0.00
1422.689,1787815891833,5.7268,7.9728,2.2137,-0.00
1422.789,1787815891933,5.7269,8.0236,2.2135,-0.00
1422.890,1787815892033,5.7269,8.0887,2.2133,-0.00
1422.990,1787815892133,5.7269,8.1575,2.2130,-0.00
1423.090,1787815892233,5.7269,8.2124,2.2127,-0.00
1423.190,1787815892334,5.7268,8.2786,2.2124,-0.00
1423.290,1787815892434,5.7269,8.3335,2.2122,-0.00
1423.390,1787815892534,5.7268,8.3912,2.2120,-0.00
1423.490,1787815892634,5.7268,8.4578,2.2118,-0.00
1423.590,1787815892734,5.7268,8.5086,2.2117,-0.00
1423.690,1787815892834,5.7268,8.5576,2.2116,-0.00
1423.791,1787815892934,5.7268,8.6167,2.2115,-0.00
1423.891,1787815893034,5.7267,8.6581,2.2115,-0.00
1423.991,1787815893134,5.7267,8.7085,2.2114,-0.00
1424.091,1787815893235,5.7266,8.7555,2.2114,-0.00
1424.191,1787815893335,5.7266,8.7991,2.2113,-0.00
1424.291,1787815893435,5.7265,8.8369,2.2112,-0.00
1424.391,1787815893535,5.7265,8.8637,2.2111,-0.00
1424.491,1787815893635,5.7265,8.8940,2.2110,-0.00
1424.592,1787815893735,5.7265,8.9231,2.2108,-0.00
1424.692,1787815893835,5.7265,8.9477,2.2107,-0.00
1424.792,1787815893935,5.7265,8.9708,2.2105,-0.00
1424.892,1787815894036,5.7266,8.9931,2.2104,-0.01
1424.992,1787815894136,5.7266,9.0083,2.2102,-0.01
1425.092,1787815894236,5.7266,9.0230,2.2100,-0.01
1425.192,1787815894336,5.7266,9.0359,2.2098,-0.01
1425.292,1787815894436,5.7267,9.0462,2.2096,-0.01
1425.393,1787815894536,5.7268,9.0529,2.2095,-0.01
1425.493,1787815894636,5.7268,9.0587,2.2093,-0.01
1425.593,1787815894736,5.7268,9.0624,2.2092,-0.01
1425.693,1787815894837,5.7269,9.0651,2.2091,-0.01
1425.793,1787815894937,5.7269,9.0661,2.2090,-0.01
1425.893,1787815895037,5.7269,9.0658,2.2089,-0.01
1425.993,1787815895137,5.7269,9.0641,2.2088,-0.01
1426.093,1787815895237,5.7270,9.0624,2.2088,-0.01
1426.193,1787815895337,5.7270,9.0588,2.2088,-0.01
1426.294,1787815895437,5.7270,9.0547,2.2088,-0.01
1426.394,1787815895537,5.7270,9.0513,2.2089,-0.01
1426.494,1787815895637,5.7270,9.0465,2.2089,-0.01
1426.594,1787815895738,5.7271,9.0411,2.2090,-0.01
1426.694,1787815895838,5.7271,9.0364,2.2091,-0.00
1426.794,1787815895938,5.7272,9.0309,2.2092,-0.00
1426.894,1787815896038,5.7272,9.0249,2.2092,-0.00
1426.994,1787815896138,5.7272,9.0194,2.2093,0.00
1427.095,1787815896239,5.7272,9.0145,2.2093,0.00
1427.195,1787815896339,5.7272,9.0101,2.2094,0.00
1427.296,1787815896440,5.7272,9.0061,2.2094,-0.00
1427.396,1787815896540,5.7272,9.0010,2.2095,-0.00
1427.496,1787815896640,5.7272,8.9965,2.2095,-0.00
1427.596,1787815896740,5.7272,8.9916,2.2096,-0.00
1427.696,1787815896840,5.7272,8.9875,2.2096,-0.00
1427.796,1787815896940,5.7271,8.9832,2.2097,-0.00
1427.897,1787815897040,5.7271,8.9801,2.2097,-0.00
1427.997,1787815897140,5.7271,8.9760,2.2098,-0.00
1428.097,1787815897240,5.7270,8.9730,2.2098,-0.00
1428.197,1787815897341,5.7270,8.9702,2.2098,-0.01
1428.297,1787815897441,5.7269,8.9678,2.2098,-0.01
1428.397,1787815897541,5.7269,8.9656,2.2098,-0.01
1428.497,1787815897641,5.7269,8.9633,2.2098,-0.01
1428.597,1787815897741,5.7268,8.9613,2.2098,-0.01
1428.697,1787815897841,5.7268,8.9600,2.2097,-0.01
1428.798,1787815897941,5.7268,8.9583,2.2097,-0.01
1428.898,1787815898041,5.7267,8.9575,2.2097,-0.01
1428.998,1787815898142,5.7267,8.9566,2.2097,-0.01
1429.098,1787815898242,5.7266,8.9559,2.2097,-0.01
1429.198,1787815898342,5.7266,8.9553,2.2097,-0.01
1429.298,1787815898442,5.7265,8.9550,2.2097,-0.01
1429.398,1787815898542,5.7265,8.9547,2.2097,-0.01
1429.498,1787815898642,5.7265,8.9545,2.2097,-0.01
1429.599,1787815898742,5.7264,8.9544,2.2097,-0.01
1429.699,1787815898842,5.7264,8.9544,2.2097,-0.01
1429.799,1787815898942,5.7264,8.9544,2.2097,-0.01
1429.899,1787815899043,5.7264,8.9545,2.2097,-0.01
1429.999,1787815899143,5.7264,8.9548,2.2097,-0.01
1430.099,1787815899243,5.7264,8.9551,2.2097,-0.01
1430.199,1787815899343,5.7264,8.9555,2.2096,-0.01
1430.299,1787815899443,5.7264,8.9559,2.2096,-0.01
1430.399,1787815899543,5.7264,8.9562,2.2095,-0.01
1430.500,1787815899643,5.7264,8.9567,2.2095,-0.01
1430.600,1787815899743,5.7265,8.9572,2.2094,-0.00
1430.700,1787815899843,5.7265,8.9577,2.2094,-0.00
1430.800,1787815899944,5.7265,8.9582,2.2093,-0.00
1430.900,1787815900044,5.7266,8.9588,2.2093,-0.00
1431.000,1787815900144,5.7267,8.9595,2.2092,-0.01
1431.101,1787815900244,5.7267,8.9601,2.2092,-0.01
1431.201,1787815900344,5.7268,8.9607,2.2092,-0.01
1431.301,1787815900444,5.7269,8.9611,2.2092,-0.01
1431.401,1787815900545,5.7269,8.9618,2.2091,-0.01
1431.501,1787815900645,5.7270,8.9624,2.2091,-0.01
1431.601,1787815900745,5.7271,8.9631,2.2091,-0.01
1431.701,1787815900845,5.7271,8.9638,2.2091,-0.01
1431.801,1787815900945,5.7272,8.9645,2.2091,-0.01
1431.901,1787815901045,5.7273,8.9653,2.2091,-0.01
1432.001,1787815901145,5.7273,8.9660,2.2091,-0.01
1432.102,1787815901245,5.7274,8.9666,2.2092,-0.01
1432.202,1787815901346,5.7274,8.9673,2.2092,-0.01
1432.303,1787815901447,5.7275,8.9679,2.2092,-0.01
1432.403,1787815901547,5.7275,8.9684,2.2092,-0.01
1432.503,1787815901647,5.7276,8.9690,2.2092,-0.01
1432.604,1787815901748,5.7277,8.9697,2.2092,-0.00
1432.704,1787815901848,5.7277,8.9702,2.2092,-0.00
1432.804,1787815901948,5.7278,8.9708,2.2092,-0.00
1432.904,1787815902048,5.7279,8.9714,2.2092,-0.00
1433.005,1787815902148,5.7279,8.9719,2.2092,-0.00
1433.105,1787815902248,5.7280,8.9725,2.2092,-0.00
1433.207,1787815902350,5.7281,8.9731,2.2092,-0.00
1433.307,1787815902450,5.7281,8.9734,2.2092,-0.00
1433.407,1787815902551,5.7282,8.9740,2.2092,-0.00
1433.507,1787815902651,5.7282,8.9746,2.2092,-0.00
1433.607,1787815902751,5.7282,8.9750,2.2092,-0.00
1433.707,1787815902851,5.7283,8.9756,2.2091,-0.00
1433.807,1787815902951,5.7284,8.9763,2.2086,-0.00
1433.907,1787815903051,5.7284,8.9770,2.2075,-0.00
1434.008,1787815903151,5.7285,8.9773,2.2055,-0.00
1434.108,1787815903251,5.7285,8.9773,2.2024,-0.00
1434.208,1787815903351,5.7285,8.9770,2.1985,-0.00
1434.308,1787815903452,5.7286,8.9766,2.1937,-0.00
1434.408,1787815903552,5.7286,8.9759,2.1876,-0.00
1434.508,1787815903652,5.7286,8.9753,2.1816,-0.00
1434.608,1787815903752,5.7286,8.9745,2.1744,-0.00
1434.708,1787815903852,5.7286,8.9736,2.1662,-0.00
1434.808,1787815903952,5.7286,8.9728,2.1583,-0.00
1434.909,1787815904052,5.7286,8.9718,2.1488,-0.00
1435.009,1787815904152,5.7287,8.9709,2.1393,-0.00
1435.109,1787815904252,5.7287,8.9702,2.1318,-0.00
1435.209,1787815904353,5.7287,8.9693,2.1209,-0.00
1435.309,1787815904453,5.7287,8.9685,2.1114,-0.00
1435.409,1787815904553,5.7287,8.9678,2.1029,0.00
1435.509,1787815904653,5.7287,8.9670,2.0914,0.00
1435.609,1787815904753,5.7287,8.9662,2.0788,0.00
1435.711,1787815904855,5.7288,8.9656,2.0680,0.00
1435.812,1787815904955,5.7288,8.9649,2.0541,0.00
1435.912,1787815905055,5.7288,8.9644,2.0413,0.00
1436.012,1787815905155,5.7289,8.9638,2.0269,0.00
1436.112,1787815905256,5.7289,8.9635,2.0155,0.00
1436.212,1787815905356,5.7289,8.9633,2.0015,0.00
1436.312,1787815905456,5.7289,8.9631,1.9922,0.00
1436.412,1787815905556,5.7289,8.9630,1.9773,0.00
1436.512,1787815905656,5.7289,8.9630,1.9622,0.00
1436.612,1787815905756,5.7289,8.9630,1.9519,0.00
1436.712,1787815905856,5.7290,8.9631,1.9407,0.00
1436.813,1787815905956,5.7290,8.9632,1.9285,-0.00
1436.913,1787815906056,5.7290,8.9635,1.9138,-0.00
1437.013,1787815906156,5.7290,8.9638,1.8989,-0.00
1437.113,1787815906257,5.7290,8.9642,1.8839,-0.00
1437.213,1787815906357,5.7291,8.9646,1.8696,-0.00
1437.313,1787815906457,5.7291,8.9650,1.8545,-0.00
1437.413,1787815906557,5.7290,8.9654,1.8410,-0.00
1437.513,1787815906657,5.7290,8.9658,1.8292,-0.00
1437.613,1787815906757,5.7290,8.9664,1.8132,-0.00
1437.714,1787815906858,5.7290,8.9670,1.7980,-0.00
1437.814,1787815906958,5.7290,8.9675,1.7870,-0.00
1437.914,1787815907058,5.7289,8.9681,1.7717,-0.00
1438.015,1787815907158,5.7289,8.9687,1.7582,-0.00
1438.115,1787815907258,5.7289,8.9693,1.7454,-0.00
1438.215,1787815907359,5.7289,8.9700,1.7291,-0.00
1438.315,1787815907459,5.7289,8.9705,1.7162,-0.00
1438.415,1787815907559,5.7288,8.9710,1.7015,-0.01
1438.515,1787815907659,5.7288,8.9716,1.6877,-0.01
1438.615,1787815907759,5.7287,8.9721,1.6739,-0.01
1438.715,1787815907859,5.7286,8.9727,1.6592,-0.01
1438.815,1787815907959,5.7286,8.9732,1.6454,-0.01
1438.916,1787815908059,5.7286,8.9736,1.6359,-0.01
1439.016,1787815908159,5.7285,8.9742,1.6184,-0.01
1439.116,1787815908259,5.7285,8.9748,1.6018,-0.01
1439.216,1787815908360,5.7285,8.9752,1.5895,-0.01
1439.316,1787815908460,5.7285,8.9757,1.5746,-0.01
1439.416,1787815908560,5.7286,8.9761,1.5587,-0.01
1439.516,1787815908660,5.7286,8.9764,1.5482,-0.01
1439.616,1787815908760,5.7286,8.9768,1.5314,-0.01
1439.716,1787815908860,5.7287,8.9772,1.5155,-0.01
1439.816,1787815908960,5.7287,8.9775,1.5039,-0.01
1439.917,1787815909061,5.7287,8.9779,1.4862,-0.01
1440.017,1787815909161,5.7287,8.9782,1.4739,-0.01
1440.117,1787815909261,5.7287,8.9785,1.4624,-0.01
1440.218,1787815909361,5.7287,8.9789,1.4473,-0.01
1440.318,1787815909461,5.7287,8.9792,1.4349,-0.01
1440.418,1787815909562,5.7287,8.9796,1.4205,-0.01
1440.518,1787815909662,5.7287,8.9799,1.4079,-0.01
1440.618,1787815909762,5.7288,8.9803,1.3908,-0.01
1440.718,1787815909862,5.7288,8.9807,1.3745,-0.01
1440.819,1787815909962,5.7288,8.9811,1.3610,-0.01
1440.919,1787815910062,5.7288,8.9815,1.3438,-0.01
1441.019,1787815910162,5.7289,8.9818,1.3312,-0.01
1441.119,1787815910263,5.7289,8.9821,1.3177,-0.01
1441.219,1787815910363,5.7289,8.9826,1.3006,-0.01
1441.319,1787815910463,5.7289,8.9830,1.2836,-0.01
1441.419,1787815910563,5.7289,8.9833,1.2684,-0.01
1441.519,1787815910663,5.7289,8.9837,1.2524,-0.01
1441.619,1787815910763,5.7289,8.9840,1.2391,-0.01
1441.720,1787815910863,5.7290,8.9843,1.2250,-0.01
1441.820,1787815910963,5.7290,8.9846,1.2100,-0.01
1441.920,1787815911064,5.7290,8.9849,1.1959,-0.01
1442.020,1787815911164,5.7290,8.9851,1.1836,-0.01
1442.120,1787815911264,5.7290,8.9854,1.1711,-0.01
1442.220,1787815911364,5.7290,8.9857,1.1534,-0.01
1442.321,1787815911464,5.7291,8.9860,1.1391,-0.01
1442.421,1787815911564,5.7291,8.9863,1.1240,-0.01
1442.521,1787815911665,5.7291,8.9866,1.1071,-0.01
1442.621,1787815911765,5.7291,8.9869,1.0947,-0.01
1442.721,1787815911865,5.7291,8.9871,1.0831,-0.01
1442.821,1787815911965,5.7291,8.9873,1.0680,-0.01
1442.922,1787815912065,5.7292,8.9876,1.0537,-0.01
1443.022,1787815912165,5.7292,8.9879,1.0376,-0.01
1443.122,1787815912266,5.7292,8.9883,1.0180,-0.01
1443.222,1787815912366,5.7292,8.9886,1.0037,-0.01
1443.322,1787815912466,5.7292,8.9888,0.9904,-0.01
1443.422,1787815912566,5.7292,8.9891,0.9771,-0.01
1443.522,1787815912666,5.7292,8.9894,0.9576,-0.01
1443.622,1787815912766,5.7292,8.9897,0.9426,-0.01
1443.723,1787815912866,5.7292,8.9900,0.9293,-0.01
1443.823,1787815912966,5.7292,8.9902,0.9153,-0.01
1443.923,1787815913066,5.7291,8.9905,0.9013,-0.01
1444.023,1787815913166,5.7291,8.9907,0.8855,-0.01
1444.123,1787815913267,5.7291,8.9910,0.8714,-0.01
1444.223,1787815913367,5.7292,8.9912,0.8573,-0.01
1444.323,1787815913467,5.7292,8.9915,0.8414,-0.01
1444.423,1787815913567,5.7292,8.9918,0.8273,-0.01
1444.523,1787815913667,5.7293,8.9921,0.8131,-0.01
1444.624,1787815913767,5.7293,8.9923,0.7990,-0.01
1444.724,1787815913867,5.7294,8.9926,0.7858,-0.01
1444.824,1787815913967,5.7295,8.9930,0.7690,-0.01
1444.924,1787815914068,5.7296,8.9932,0.7558,-0.01
1445.024,1787815914168,5.7297,8.9935,0.7443,-0.01
1445.124,1787815914268,5.7298,8.9939,0.7284,-0.01
1445.224,1787815914368,5.7300,8.9942,0.7116,-0.01
1445.324,1787815914468,5.7300,8.9944,0.7037,-0.01
1445.424,1787815914568,5.7302,8.9947,0.6902,-0.01
1445.525,1787815914668,5.7303,8.9950,0.6774,-0.01
1445.625,1787815914769,5.7304,8.9953,0.6668,-0.02
1445.725,1787815914869,5.7306,8.9956,0.6541,-0.02
1445.826,1787815914969,5.7307,8.9960,0.6430,-0.02
1445.926,1787815915069,5.7308,8.9964,0.6299,-0.02
1446.026,1787815915170,5.7309,8.9968,0.6203,-0.02
1446.126,1787815915270,5.7311,8.9972,0.6110,-0.02
1446.226,1787815915370,5.7311,8.9975,0.6040,-0.02
1446.326,1787815915470,5.7312,8.9978,0.5982,-0.02
1446.426,1787815915570,5.7313,8.9980,0.5929,-0.02
1446.526,1787815915670,5.7314,8.9984,0.5873,-0.02
1446.626,1787815915770,5.7315,8.9987,0.5819,-0.02
1446.727,1787815915870,5.7315,8.9993,0.5783,-0.02
1446.827,1787815915970,5.7316,9.0007,0.5764,-0.02
1446.927,1787815916070,5.7317,9.0029,0.5756,-0.01
1447.027,1787815916171,5.7318,9.0039,0.5759,-0.01
1447.127,1787815916271,5.7318,9.0043,0.5768,-0.02
1447.227,1787815916371,5.7318,9.0039,0.5774,-0.02
1447.327,1787815916471,5.7318,9.0023,0.5786,-0.02
1447.427,1787815916571,5.7318,8.9975,0.5805,-0.02
1447.527,1787815916671,5.7318,8.9914,0.5819,-0.02
1447.628,1787815916771,5.7318,8.9823,0.5832,-0.02
1447.728,1787815916871,5.7317,8.9690,0.5847,-0.02
1447.828,1787815916971,5.7317,8.9590,0.5855,-0.02
1447.928,1787815917072,5.7316,8.9366,0.5869,-0.02
1448.028,1787815917172,5.7316,8.9161,0.5878,-0.02
1448.128,1787815917272,5.7315,8.8956,0.5884,-0.02
1448.228,1787815917372,5.7315,8.8677,0.5891,-0.02
1448.328,1787815917472,5.7314,8.8385,0.5895,-0.02
1448.428,1787815917572,5.7314,8.8021,0.5899,-0.02
1448.529,1787815917672,5.7313,8.7621,0.5900,-0.02
1448.629,1787815917772,5.7313,8.7237,0.5900,-0.03
1448.729,1787815917872,5.7313,8.6828,0.5899,-0.03
1448.829,1787815917973,5.7312,8.6341,0.5897,-0.03
1448.929,1787815918073,5.7312,8.5971,0.5895,-0.03
1449.029,1787815918173,5.7312,8.5437,0.5892,-0.03
1449.129,1787815918273,5.7312,8.4909,0.5888,-0.03
1449.229,1787815918373,5.7312,8.4460,0.5884,-0.03
1449.329,1787815918473,5.7312,8.3898,0.5879,-0.03
1449.430,1787815918573,5.7312,8.3351,0.5874,-0.03
1449.530,1787815918673,5.7312,8.3003,0.5871,-0.03
1449.630,1787815918773,5.7312,8.2399,0.5866,-0.03
1449.730,1787815918874,5.7312,8.2076,0.5863,-0.03
1449.830,1787815918974,5.7311,8.1381,0.5858,-0.03
1449.930,1787815919074,5.7311,8.0708,0.5852,-0.03
1450.030,1787815919174,5.7311,8.0057,0.5847,-0.03
1450.131,1787815919274,5.7311,7.9512,0.5843,-0.03
1450.231,1787815919375,5.7311,7.9040,0.5840,-0.03
1450.331,1787815919475,5.7312,7.8568,0.5836,-0.03
1450.431,1787815919575,5.7312,7.7814,0.5831,-0.03
1450.531,1787815919675,5.7312,7.7295,0.5828,-0.03
1450.631,1787815919775,5.7312,7.6528,0.5823,-0.03
1450.732,1787815919875,5.7311,7.5957,0.5820,-0.03
1450.832,1787815919975,5.7311,7.5343,0.5816,-0.03
1450.932,1787815920075,5.7311,7.4605,0.5812,-0.03
1451.032,1787815920176,5.7311,7.3906,0.5808,-0.02
1451.132,1787815920276,5.7312,7.3289,0.5804,-0.02
1451.232,1787815920376,5.7312,7.2508,0.5800,-0.02
1451.332,1787815920476,5.7312,7.2057,0.5797,-0.02
1451.432,1787815920576,5.7312,7.1323,0.5793,-0.02
1451.533,1787815920676,5.7312,7.0631,0.5789,-0.02
1451.633,1787815920776,5.7311,7.0062,0.5786,-0.02
1451.733,1787815920876,5.7311,6.9455,0.5782,-0.02
1451.833,1787815920977,5.7311,6.8890,0.5779,-0.02
1451.933,1787815921077,5.7311,6.8208,0.5775,-0.02
1452.033,1787815921177,5.7311,6.7487,0.5771,-0.02
1452.133,1787815921277,5.7311,6.6887,0.5767,-0.02
1452.233,1787815921377,5.7311,6.6171,0.5763,-0.03
1452.334,1787815921477,5.7311,6.5418,0.5759,-0.03
1452.434,1787815921577,5.7311,6.4866,0.5755,-0.03
1452.534,1787815921677,5.7311,6.4122,0.5751,-0.03
1452.634,1787815921778,5.7312,6.3422,0.5746,-0.03
1452.734,1787815921878,5.7312,6.2920,0.5743,-0.03
1452.834,1787815921978,5.7312,6.2192,0.5738,-0.03
1452.934,1787815922078,5.7312,6.1583,0.5735,-0.03
1453.034,1787815922178,5.7313,6.0978,0.5731,-0.03
1453.134,1787815922278,5.7313,6.0489,0.5728,-0.03
1453.234,1787815922378,5.7313,5.9855,0.5724,-0.02
1453.335,1787815922478,5.7314,5.9298,0.5721,-0.02
1453.435,1787815922579,5.7314,5.8669,0.5717,-0.02
1453.535,1787815922679,5.7314,5.8116,0.5714,-0.02
1453.636,1787815922779,5.7315,5.7601,0.5711,-0.02
1453.737,1787815922880,5.7316,5.6904,0.5707,-0.02
1453.837,1787815922980,5.7316,5.6356,0.5703,-0.02
1453.937,1787815923081,5.7316,5.5810,0.5700,-0.02
1454.037,1787815923181,5.7317,5.5157,0.5697,-0.01
1454.137,1787815923281,5.7317,5.4613,0.5694,-0.01
1454.237,1787815923381,5.7317,5.3996,0.5691,-0.01
1454.337,1787815923481,5.7318,5.3417,0.5688,-0.01
1454.437,1787815923581,5.7318,5.2873,0.5685,-0.01
1454.538,1787815923681,5.7319,5.2294,0.5683,-0.01
1454.638,1787815923781,5.7319,5.1717,0.5680,-0.01
1454.738,1787815923881,5.7319,5.1139,0.5677,-0.01
1454.838,1787815923982,5.7319,5.0525,0.5675,-0.01
1454.938,1787815924082,5.7319,4.9947,0.5672,-0.01
1455.038,1787815924182,5.7320,4.9332,0.5669,-0.01
1455.138,1787815924282,5.7320,4.8716,0.5667,-0.01
1455.238,1787815924382,5.7320,4.8065,0.5664,-0.01
1455.338,1787815924482,5.7320,4.7525,0.5662,-0.01
1455.439,1787815924582,5.7319,4.6913,0.5659,-0.01
1455.539,1787815924682,5.7319,4.6302,0.5657,-0.01
1455.639,1787815924782,5.7319,4.5726,0.5655,-0.01
1455.739,1787815924883,5.7319,4.5115,0.5652,-0.01
1455.839,1787815924983,5.7319,4.4577,0.5650,-0.01
1455.939,1787815925083,5.7319,4.3968,0.5647,-0.01
1456.039,1787815925183,5.7318,4.3323,0.5644,-0.01
1456.140,1787815925283,5.7318,4.2929,0.5642,-0.01
1456.240,1787815925383,5.7318,4.2359,0.5639,-0.01
1456.340,1787815925484,5.7318,4.1787,0.5637,-0.01
1456.440,1787815925584,5.7318,4.1324,0.5634,-0.00
1456.540,1787815925684,5.7318,4.0611,0.5631,-0.00
1456.640,1787815925784,5.7318,4.0038,0.5628,-0.00
1456.740,1787815925884,5.7318,3.9498,0.5625,-0.00
1456.840,1787815925984,5.7318,3.8777,0.5621,-0.00
1456.941,1787815926084,5.7319,3.8234,0.5619,0.00
1457.041,1787815926184,5.7319,3.7584,0.5616,0.00
1457.141,1787815926285,5.7319,3.7043,0.5613,0.00
1457.241,1787815926385,5.7320,3.6467,0.5610,0.00
1457.341,1787815926485,5.7320,3.5853,0.5607,0.00
1457.441,1787815926585,5.7320,3.5240,0.5604,0.00
1457.541,1787815926685,5.7321,3.4734,0.5602,0.00
1457.641,1787815926785,5.7321,3.4193,0.5600,0.00
1457.741,1787815926885,5.7321,3.3617,0.5597,-0.00
1457.842,1787815926985,5.7321,3.3041,0.5595,-0.00
1457.942,1787815927085,5.7322,3.2502,0.5592,-0.00
1458.042,1787815927185,5.7322,3.1962,0.5590,-0.00
1458.142,1787815927286,5.7322,3.1313,0.5587,-0.00
1458.242,1787815927386,5.7323,3.0624,0.5584,-0.00
1458.342,1787815927486,5.7323,2.9969,0.5581,-0.00
1458.442,1787815927586,5.7323,2.9423,0.5579,-0.00
1458.542,1787815927686,5.7324,2.8770,0.5576,-0.00
1458.642,1787815927786,5.7324,2.8154,0.5573,-0.00
1458.743,1787815927886,5.7325,2.7611,0.5571,-0.00
1458.843,1787815927986,5.7325,2.6925,0.5568,-0.00
1458.943,1787815928086,5.7326,2.6348,0.5565,0.00
1459.043,1787815928187,5.7326,2.5915,0.5563,0.00
1459.143,1787815928287,5.7326,2.5304,0.5560,0.00
1459.243,1787815928387,5.7326,2.4766,0.5557,0.00
1459.343,1787815928487,5.7326,2.4158,0.5554,0.00
1459.445,1787815928589,5.7326,2.3549,0.5551,0.01
1459.545,1787815928689,5.7326,2.3012,0.5548,0.01
1459.645,1787815928789,5.7326,2.2402,0.5545,0.01
1459.746,1787815928889,5.7326,2.1683,0.5542,0.01
1459.846,1787815928990,5.7325,2.1071,0.5539,0.01
1459.946,1787815929090,5.7325,2.0531,0.5537,0.01
1460.046,1787815929190,5.7325,1.9885,0.5534,0.01
1460.146,1787815929290,5.7325,1.9275,0.5532,0.01
1460.247,1787815929390,5.7325,1.8701,0.5529,0.01
1460.347,1787815929490,5.7325,1.8093,0.5527,0.01
1460.447,1787815929590,5.7325,1.7521,0.5525,0.01
1460.547,1787815929691,5.7325,1.6913,0.5522,0.01
1460.647,1787815929791,5.7325,1.6305,0.5520,0.01
1460.747,1787815929891,5.7325,1.5627,0.5517,0.01
1460.847,1787815929991,5.7325,1.5200,0.5516,0.01
1460.947,1787815930091,5.7325,1.4492,0.5513,0.01
1461.047,1787815930191,5.7325,1.3891,0.5510,0.01
1461.148,1787815930291,5.7325,1.3290,0.5507,0.01
1461.248,1787815930392,5.7324,1.2864,0.5506,0.01
1461.348,1787815930492,5.7325,1.2334,0.5503,0.01
1461.448,1787815930592,5.7325,1.1771,0.5501,0.01
1461.548,1787815930692,5.7325,1.1065,0.5498,0.01
1461.648,1787815930792,5.7325,1.0571,0.5496,0.01
1461.749,1787815930892,5.7325,1.0077,0.5494,0.01
1461.849,1787815930992,5.7325,0.9405,0.5492,0.01
1461.949,1787815931092,5.7325,0.8768,0.5489,0.01
1462.049,1787815931193,5.7325,0.8164,0.5487,0.01
1462.149,1787815931293,5.7325,0.7487,0.5484,0.01
1462.249,1787815931393,5.7325,0.7023,0.5482,0.01
1462.349,1787815931493,5.7325,0.6489,0.5480,0.01
1462.449,1787815931593,5.7325,0.5919,0.5477,0.01
1462.549,1787815931693,5.7326,0.5386,0.5475,0.01
1462.649,1787815931793,5.7326,0.4747,0.5472,0.01
1462.750,1787815931893,5.7326,0.4069,0.5470,0.01
1462.850,1787815931993,5.7326,0.3675,0.5468,0.01
1462.950,1787815932093,5.7326,0.3031,0.5466,0.01
1463.050,1787815932194,5.7326,0.2638,0.5465,0.02
1463.150,1787815932294,5.7325,0.2065,0.5462,0.02
1463.250,1787815932394,5.7325,0.1490,0.5460,0.02
1463.350,1787815932494,5.7325,0.0805,0.5458,0.02
1463.450,1787815932594,5.7324,0.0264,0.5456,0.02
1463.551,1787815932694,5.7324,-0.0426,0.5453,0.02
1463.651,1787815932794,5.7323,-0.1082,0.5451,0.02
1463.751,1787815932895,5.7323,-0.1593,0.5449,0.02
1463.851,1787815932995,5.7323,-0.2140,0.5447,0.02
1463.951,1787815933095,5.7322,-0.2650,0.5445,0.02
1464.051,1787815933195,5.7322,-0.3341,0.5443,0.02
1464.151,1787815933295,5.7321,-0.3852,0.5441,0.02
1464.254,1787815933397,5.7320,-0.4473,0.5438,0.02
1464.354,1787815933497,5.7320,-0.5169,0.5436,0.02
1464.454,1787815933598,5.7319,-0.5719,0.5434,0.02
1464.554,1787815933698,5.7319,-0.6270,0.5432,0.02
1464.654,1787815933798,5.7318,-0.6857,0.5430,0.02
1464.754,1787815933898,5.7318,-0.7479,0.5427,0.02
1464.854,1787815933998,5.7317,-0.7991,0.5425,0.02
1464.954,1787815934098,5.7317,-0.8647,0.5423,0.01
1465.055,1787815934198,5.7316,-0.9159,0.5421,0.01
1465.155,1787815934298,5.7316,-0.9928,0.5418,0.01
1465.255,1787815934398,5.7315,-1.0624,0.5415,0.01
1465.355,1787815934499,5.7315,-1.0918,0.5414,0.01
1465.455,1787815934599,5.7315,-1.1724,0.5411,0.01
1465.555,1787815934699,5.7316,-1.2381,0.5408,0.01
1465.655,1787815934799,5.7316,-1.2930,0.5406,0.01
1465.755,1787815934899,5.7316,-1.3589,0.5403,0.01
1465.855,1787815934999,5.7316,-1.4283,0.5400,0.01
1465.956,1787815935099,5.7317,-1.4866,0.5398,0.01
1466.056,1787815935199,5.7317,-1.5521,0.5395,0.01
1466.156,1787815935299,5.7318,-1.6138,0.5392,0.01
1466.256,1787815935400,5.7318,-1.6753,0.5389,0.01
1466.356,1787815935500,5.7319,-1.7402,0.5387,0.01
1466.456,1787815935600,5.7319,-1.8047,0.5384,0.01
1466.556,1787815935700,5.7319,-1.8547,0.5382,0.01
1466.656,1787815935800,5.7320,-1.9116,0.5379,0.01
1466.756,1787815935900,5.7320,-1.9684,0.5377,0.01
1466.857,1787815936000,5.7320,-2.0214,0.5375,0.01
1466.957,1787815936100,5.7320,-2.0813,0.5372,0.01
1467.057,1787815936201,5.7320,-2.1445,0.5369,0.01
1467.157,1787815936301,5.7320,-2.1971,0.5367,0.01
1467.258,1787815936401,5.7319,-2.2601,0.5365,0.01
1467.358,1787815936501,5.7319,-2.3231,0.5362,0.01
1467.458,1787815936601,5.7319,-2.3651,0.5360,0.01
1467.558,1787815936702,5.7318,-2.4211,0.5358,0.01
1467.658,1787815936802,5.7318,-2.4805,0.5356,0.01
1467.758,1787815936902,5.7318,-2.5258,0.5354,0.01
1467.858,1787815937002,5.7317,-2.5851,0.5351,0.01
1467.958,1787815937102,5.7317,-2.6411,0.5349,0.01
1468.058,1787815937202,5.7316,-2.6903,0.5347,0.01
1468.159,1787815937302,5.7316,-2.7501,0.5344,0.01
1468.259,1787815937402,5.7316,-2.7994,0.5342,0.01
1468.359,1787815937503,5.7316,-2.8631,0.5339,0.01
1468.459,1787815937603,5.7315,-2.9202,0.5337,0.01
1468.559,1787815937703,5.7315,-2.9738,0.5335,0.02
1468.659,1787815937803,5.7315,-3.0313,0.5332,0.02
1468.759,1787815937903,5.7315,-3.0927,0.5330,0.02
1468.860,1787815938003,5.7316,-3.1578,0.5327,0.02
1468.960,1787815938103,5.7316,-3.2085,0.5325,0.02
1469.060,1787815938203,5.7316,-3.2665,0.5322,0.02
1469.160,1787815938304,5.7317,-3.3283,0.5320,0.02
1469.260,1787815938404,5.7317,-3.3937,0.5317,0.02
1469.360,1787815938504,5.7317,-3.4521,0.5314,0.02
1469.460,1787815938604,5.7318,-3.5068,0.5312,0.02
1469.560,1787815938704,5.7319,-3.5725,0.5309,0.02
1469.660,1787815938804,5.7319,-3.6383,0.5306,0.02
1469.761,1787815938904,5.7319,-3.6859,0.5304,0.02
1469.861,1787815939004,5.7320,-3.7517,0.5301,0.02
1469.961,1787815939105,5.7321,-3.7992,0.5299,0.02
1470.061,1787815939205,5.7321,-3.8612,0.5297,0.02
1470.161,1787815939305,5.7322,-3.9195,0.5295,0.02
1470.261,1787815939405,5.7323,-3.9778,0.5292,0.02
1470.361,1787815939505,5.7323,-4.0437,0.5290,0.02
1470.462,1787815939605,5.7324,-4.1096,0.5287,0.02
1470.562,1787815939705,5.7324,-4.1646,0.5285,0.02
1470.662,1787815939805,5.7324,-4.2269,0.5283,0.02
1470.762,1787815939906,5.7325,-4.2925,0.5281,0.02
1470.862,1787815940006,5.7325,-4.3545,0.5279,0.02
1470.963,1787815940106,5.7325,-4.4165,0.5277,0.02
1471.063,1787815940207,5.7325,-4.4748,0.5275,0.02
1471.163,1787815940307,5.7325,-4.5257,0.5273,0.02
1471.263,1787815940407,5.7325,-4.5837,0.5271,0.02
1471.364,1787815940507,5.7325,-4.6487,0.5269,0.02
1471.464,1787815940607,5.7324,-4.6920,0.5268,0.02
1471.564,1787815940707,5.7324,-4.7604,0.5266,0.02
1471.664,1787815940808,5.7324,-4.8216,0.5264,0.02
1471.764,1787815940908,5.7323,-4.8792,0.5261,0.02
1471.864,1787815941008,5.7323,-4.9368,0.5259,0.02
1471.964,1787815941108,5.7322,-4.9945,0.5257,0.02
1472.064,1787815941208,5.7322,-5.0555,0.5255,0.02
1472.165,1787815941308,5.7321,-5.1165,0.5253,0.02
1472.265,1787815941408,5.7321,-5.1667,0.5251,0.02
1472.365,1787815941508,5.7321,-5.2239,0.5249,0.02
1472.465,1787815941609,5.7320,-5.2883,0.5246,0.02
1472.566,1787815941709,5.7320,-5.3277,0.5245,0.02
1472.666,1787815941809,5.7320,-5.3885,0.5242,0.02
1472.766,1787815941910,5.7320,-5.4459,0.5240,0.01
1472.866,1787815942010,5.7320,-5.4855,0.5238,0.01
1472.968,1787815942112,5.7320,-5.5611,0.5235,0.01
1473.068,1787815942212,5.7320,-5.6298,0.5232,0.01
1473.168,1787815942312,5.7321,-5.6771,0.5230,0.01
1473.269,1787815942412,5.7321,-5.7427,0.5227,0.01
1473.369,1787815942512,5.7321,-5.7938,0.5225,0.01
1473.469,1787815942613,5.7322,-5.8484,0.5222,0.01
1473.569,1787815942713,5.7323,-5.9251,0.5219,0.01
1473.669,1787815942813,5.7323,-5.9836,0.5217,0.01
1473.769,1787815942913,5.7324,-6.0350,0.5215,0.01
1473.869,1787815943013,5.7325,-6.1049,0.5212,0.01
1473.970,1787815943113,5.7326,-6.1637,0.5209,0.01
1474.070,1787815943213,5.7326,-6.2189,0.5207,0.01
1474.170,1787815943314,5.7327,-6.2813,0.5204,0.01
1474.270,1787815943414,5.7328,-6.3326,0.5201,0.01
1474.370,1787815943514,5.7329,-6.3985,0.5198,0.01
1474.470,1787815943614,5.7330,-6.4646,0.5195,0.01
1474.571,1787815943714,5.7331,-6.5271,0.5192,0.01
1474.671,1787815943814,5.7331,-6.5933,0.5189,0.01
1474.771,1787815943914,5.7332,-6.6555,0.5186,0.01
1474.871,1787815944015,5.7333,-6.6884,0.5185,0.01
1474.971,1787815944115,5.7334,-6.7502,0.5182,0.01
1475.071,1787815944215,5.7334,-6.8007,0.5180,0.01
1475.171,1787815944315,5.7335,-6.8583,0.5177,0.01
1475.271,1787815944415,5.7336,-6.9233,0.5175,0.01
1475.371,1787815944515,5.7336,-6.9705,0.5173,0.01
1475.472,1787815944615,5.7337,-7.0360,0.5170,0.01
1475.572,1787815944715,5.7337,-7.0981,0.5168,0.01
1475.672,1787815944815,5.7338,-7.1530,0.5166,0.01
1475.772,1787815944916,5.7338,-7.2043,0.5164,0.01
1475.872,1787815945016,5.7338,-7.2590,0.5162,0.01
1475.972,1787815945116,5.7338,-7.3172,0.5160,0.00
1476.072,1787815945216,5.7338,-7.3864,0.5157,0.00
1476.173,1787815945316,5.7338,-7.4414,0.5155,0.00
1476.273,1787815945416,5.7338,-7.5005,0.5153,0.00
1476.373,1787815945517,5.7338,-7.5706,0.5150,0.00
1476.473,1787815945617,5.7337,-7.6335,0.5148,0.01
1476.573,1787815945717,5.7337,-7.6890,0.5146,0.01
1476.673,1787815945817,5.7337,-7.7520,0.5144,0.01
1476.773,1787815945917,5.7336,-7.8222,0.5141,0.01
1476.874,1787815946018,5.7336,-7.8812,0.5138,0.01
1476.974,1787815946118,5.7335,-7.9365,0.5136,0.01
1477.074,1787815946218,5.7334,-7.9990,0.5134,0.01
1477.174,1787815946318,5.7333,-8.0687,0.5131,0.01
1477.275,1787815946418,5.7332,-8.1348,0.5128,0.01
1477.375,1787815946518,5.7331,-8.2016,0.5126,0.01
1477.475,1787815946618,5.7330,-8.2501,0.5124,0.01
1477.575,1787815946719,5.7329,-8.3095,0.5121,0.01
1477.675,1787815946819,5.7328,-8.3645,0.5120,0.01
1477.775,1787815946919,5.7327,-8.4253,0.5118,0.01
1477.875,1787815947019,5.7326,-8.4875,0.5117,0.01
1477.975,1787815947119,5.7325,-8.5504,0.5116,0.01
1478.076,1787815947219,5.7324,-8.6130,0.5116,0.01
1478.176,1787815947319,5.7322,-8.6661,0.5115,0.01
1478.276,1787815947420,5.7321,-8.7105,0.5115,0.01
1478.376,1787815947520,5.7320,-8.7522,0.5115,0.01
1478.476,1787815947620,5.7319,-8.7839,0.5115,0.01
1478.576,1787815947720,5.7318,-8.8269,0.5114,0.01
1478.676,1787815947820,5.7317,-8.8580,0.5114,0.01
1478.777,1787815947920,5.7315,-8.8919,0.5112,0.00
1478.877,1787815948020,5.7314,-8.9191,0.5111,0.00
1478.977,1787815948120,5.7312,-8.9406,0.5110,0.00
1479.077,1787815948221,5.7311,-8.9612,0.5108,0.00
1479.177,1787815948321,5.7309,-8.9796,0.5106,-0.00
1479.277,1787815948421,5.7307,-8.9997,0.5104,-0.00
1479.377,1787815948521,5.7305,-9.0147,0.5102,0.00
1479.477,1787815948621,5.7304,-9.0252,0.5101,0.00
1479.578,1787815948721,5.7303,-9.0347,0.5100,0.00
1479.678,1787815948821,5.7301,-9.0442,0.5098,0.00
1479.778,1787815948922,5.7300,-9.0506,0.5097,0.01
1479.878,1787815949022,5.7298,-9.0551,0.5095,0.01
1479.978,1787815949122,5.7297,-9.0578,0.5094,0.01
1480.078,1787815949222,5.7295,-9.0593,0.5093,0.01
1480.178,1787815949322,5.7294,-9.0594,0.5092,0.01
1480.278,1787815949422,5.7293,-9.0584,0.5091,0.01
1480.379,1787815949522,5.7291,-9.0563,0.5090,0.02
1480.479,1787815949622,5.7290,-9.0534,0.5089,0.02
1480.579,1787815949723,5.7289,-9.0497,0.5089,0.02
1480.679,1787815949823,5.7288,-9.0462,0.5089,0.02
1480.779,1787815949923,5.7287,-9.0418,0.5089,0.01
1480.879,1787815950023,5.7286,-9.0368,0.5089,0.01
1480.979,1787815950123,5.7286,-9.0324,0.5089,0.01
1481.079,1787815950223,5.7286,-9.0273,0.5090,0.01
1481.180,1787815950324,5.7286,-9.0214,0.5090,0.01
1481.280,1787815950424,5.7287,-9.0174,0.5091,0.01
1481.380,1787815950524,5.7287,-9.0108,0.5091,0.01
1481.481,1787815950624,5.7287,-9.0067,0.5092,0.01
1481.581,1787815950724,5.7288,-9.0010,0.5092,0.01
1481.681,1787815950825,5.7288,-8.9956,0.5093,0.01
1481.781,1787815950925,5.7289,-8.9910,0.5093,0.01
1481.881,1787815951025,5.7289,-8.9866,0.5094,0.01
1481.981,1787815951125,5.7290,-8.9820,0.5094,0.01
1482.081,1787815951225,5.7291,-8.9790,0.5094,0.01
1482.181,1787815951325,5.7292,-8.9755,0.5095,0.01
1482.282,1787815951425,5.7293,-8.9717,0.5095,0.01
1482.382,1787815951525,5.7294,-8.9685,0.5095,0.01
1482.482,1787815951626,5.7295,-8.9656,0.5095,0.01
1482.582,1787815951726,5.7296,-8.9627,0.5096,0.02
1482.682,1787815951826,5.7297,-8.9606,0.5096,0.02
1482.783,1787815951926,5.7298,-8.9587,0.5096,0.02
1482.883,1787815952026,5.7299,-8.9572,0.5097,0.02
1482.983,1787815952127,5.7300,-8.9554,0.5097,0.02
1483.083,1787815952227,5.7301,-8.9541,0.5097,0.02
1483.183,1787815952327,5.7302,-8.9527,0.5097,0.02
1483.284,1787815952428,5.7304,-8.9513,0.5097,0.02
1483.384,1787815952528,5.7305,-8.9503,0.5098,0.02
1483.485,1787815952628,5.7305,-8.9496,0.5098,0.02
1483.585,1787815952728,5.7306,-8.9489,0.5098,0.01
1483.685,1787815952829,5.7307,-8.9484,0.5098,0.01
1483.785,1787815952929,5.7307,-8.9481,0.5098,0.01
1483.885,1787815953029,5.7308,-8.9478,0.5098,0.01
1483.985,1787815953129,5.7309,-8.9477,0.5098,0.01
1484.085,1787815953229,5.7309,-8.9477,0.5098,0.01
1484.185,1787815953329,5.7310,-8.9478,0.5098,0.01
1484.286,1787815953429,5.7311,-8.9479,0.5098,0.01
1484.386,1787815953529,5.7311,-8.9482,0.5098,0.01
1484.487,1787815953630,5.7311,-8.9485,0.5098,0.01
1484.587,1787815953730,5.7312,-8.9489,0.5098,0.01
1484.687,1787815953830,5.7312,-8.9493,0.5098,0.01
1484.787,1787815953931,5.7312,-8.9497,0.5098,0.01
1484.887,1787815954031,5.7312,-8.9502,0.5098,0.01
1484.987,1787815954131,5.7312,-8.9508,0.5099,0.01
1485.087,1787815954231,5.7312,-8.9513,0.5099,0.02
1485.187,1787815954331,5.7312,-8.9519,0.5099,0.02
1485.288,1787815954431,5.7313,-8.9524,0.5099,0.01
1485.388,1787815954531,5.7313,-8.9530,0.5099,0.01
1485.488,1787815954631,5.7313,-8.9535,0.5099,0.01
1485.588,1787815954731,5.7314,-8.9539,0.5099,0.01
1485.688,1787815954832,5.7314,-8.9547,0.5099,0.01
1485.788,1787815954932,5.7315,-8.9552,0.5099,0.01
1485.888,1787815955032,5.7316,-8.9558,0.5099,0.01
1485.989,1787815955132,5.7317,-8.9566,0.5099,0.01
1486.089,1787815955233,5.7318,-8.9570,0.5099,0.01
1486.189,1787815955333,5.7319,-8.9577,0.5099,0.01
1486.289,1787815955433,5.7320,-8.9583,0.5099,0.01
1486.389,1787815955533,5.7321,-8.9589,0.5099,0.01
1486.490,1787815955633,5.7322,-8.9595,0.5098,0.01
1486.590,1787815955733,5.7323,-8.9600,0.5098,0.01
1486.690,1787815955833,5.7324,-8.9606,0.5098,0.01
1486.790,1787815955933,5.7325,-8.9612,0.5097,0.01
1486.890,1787815956034,5.7326,-8.9619,0.5097,0.01
1486.990,1787815956134,5.7327,-8.9625,0.5097,0.01
1487.090,1787815956234,5.7328,-8.9631,0.5097,0.01
1487.190,1787815956334,5.7329,-8.9637,0.5097,0.01
1487.290,1787815956434,5.7329,-8.9642,0.5097,0.01
1487.390,1787815956534,5.7330,-8.9647,0.5097,0.01
1487.491,1787815956634,5.7330,-8.9652,0.5097,0.01
1487.591,1787815956734,5.7331,-8.9658,0.5097,0.01
1487.691,1787815956835,5.7331,-8.9664,0.5097,0.01
1487.791,1787815956935,5.7331,-8.9668,0.5097,0.01
1487.891,1787815957035,5.7332,-8.9674,0.5098,0.01
1487.992,1787815957136,5.7332,-8.9679,0.5098,0.01
1488.092,1787815957236,5.7332,-8.9685,0.5097,0.01
1488.192,1787815957336,5.7333,-8.9695,0.5078,0.01
1488.292,1787815957436,5.7333,-8.9701,0.5020,0.01
1488.392,1787815957536,5.7334,-8.9704,0.4894,0.01
1488.493,1787815957636,5.7334,-8.9703,0.4623,0.01
1488.593,1787815957736,5.7334,-8.9699,0.4282,0.01
1488.693,1787815957836,5.7334,-8.9696,0.3987,0.01
1488.793,1787815957937,5.7334,-8.9690,0.3406,0.01
1488.893,1787815958037,5.7333,-8.9681,0.2767,0.01
1488.993,1787815958137,5.7333,-8.9672,0.2198,0.01
1489.093,1787815958237,5.7333,-8.9660,0.1580,0.01
1489.193,1787815958337,5.7332,-8.9646,0.1019,0.01
1489.293,1787815958437,5.7332,-8.9631,0.0480,0.01
1489.394,1787815958537,5.7332,-8.9620,0.0083,0.01
1489.494,1787815958637,5.7332,-8.9613,-0.0153,0.01
1489.594,1787815958737,5.7332,-8.9613,-0.0152,0.01
1489.694,1787815958838,5.7332,-8.9613,-0.0151,0.01
1489.794,1787815958938,5.7332,-8.9613,-0.0150,0.01
1489.894,1787815959038,5.7332,-8.9613,-0.0149,0.01
1489.994,1787815959138,5.7332,-8.9613,-0.0149,0.01
1490.094,1787815959238,5.7332,-8.9613,-0.0148,0.01
1490.194,1787815959338,5.7332,-8.9613,-0.0147,0.01
1490.295,1787815959438,5.7332,-8.9613,-0.0146,0.01
1490.395,1787815959539,5.7332,-8.9613,-0.0145,0.01
1490.495,1787815959639,5.7332,-8.9613,-0.0145,0.01
1490.595,1787815959739,5.7332,-8.9613,-0.0144,0.01
1490.695,1787815959839,5.7332,-8.9613,-0.0143,0.01
1490.795,1787815959939,5.7332,-8.9613,-0.0142,0.01
1490.896,1787815960040,5.7332,-8.9613,-0.0141,0.01
1490.996,1787815960140,5.7332,-8.9613,-0.0140,0.01
1491.096,1787815960240,5.7332,-8.9613,-0.0139,0.01
1491.196,1787815960340,5.7332,-8.9613,-0.0139,0.01
1491.296,1787815960440,5.7332,-8.9613,-0.0138,0.01
1491.397,1787815960540,5.7332,-8.9613,-0.0137,0.01
1491.497,1787815960640,5.7332,-8.9613,-0.0136,0.01
1491.597,1787815960740,5.7332,-8.9613,-0.0135,0.01
1491.697,1787815960841,5.7332,-8.9613,-0.0134,0.01
1491.797,1787815960941,5.7332,-8.9613,-0.0134,0.01
1491.897,1787815961041,5.7332,-8.9613,-0.0133,0.01
1491.997,1787815961141,5.7332,-8.9613,-0.0132,0.01
1492.097,1787815961241,5.7332,-8.9613,-0.0132,0.01
1492.198,1787815961341,5.7332,-8.9613,-0.0132,0.01
1492.298,1787815961441,5.7332,-8.9613,-0.0131,0.01
1492.398,1787815961542,5.7332,-8.9613,-0.0131,0.01
1492.498,1787815961642,5.7332,-8.9613,-0.0131,0.01
1492.598,1787815961742,5.7332,-8.9613,-0.0131,0.01
1492.698,1787815961842,5.7332,-8.9613,-0.0131,0.01
1492.798,1787815961942,5.7332,-8.9613,-0.0130,0.01
1492.898,1787815962042,5.7332,-8.9613,-0.0130,0.01
1492.999,1787815962142,5.7332,-8.9613,-0.0130,0.01
1493.099,1787815962242,5.7332,-8.9613,-0.0130,0.01
1493.199,1787815962343,5.7332,-8.9613,-0.0130,0.01
1493.299,1787815962443,5.7332,-8.9613,-0.0130,0.01
1493.400,1787815962543,5.7332,-8.9613,-0.0130,0.01
1493.500,1787815962643,5.7332,-8.9613,-0.0130,0.01
1493.600,1787815962744,5.7332,-8.9613,-0.0130,0.01
1493.700,1787815962844,5.7332,-8.9613,-0.0130,0.01
1493.800,1787815962944,5.7332,-8.9613,-0.0130,0.01
1493.900,1787815963044,5.7332,-8.9613,-0.0130,0.01
1494.000,1787815963144,5.7332,-8.9613,-0.0130,0.01
1494.100,1787815963244,5.7332,-8.9613,-0.0130,0.01
1494.201,1787815963344,5.7332,-8.9613,-0.0130,0.01
1494.301,1787815963444,5.7332,-8.9613,-0.0130,0.01
1494.401,1787815963545,5.7332,-8.9613,-0.0130,0.01
1494.501,1787815963645,5.7332,-8.9613,-0.0130,0.01
1494.601,1787815963745,5.7332,-8.9613,-0.0130,0.01
1494.701,1787815963845,5.7332,-8.9613,-0.0130,0.01
1494.801,1787815963945,5.7332,-8.9613,-0.0130,0.01
1494.901,1787815964045,5.7332,-8.9613,-0.0130,0.01
1495.002,1787815964145,5.7332,-8.9613,-0.0130,0.01
1495.102,1787815964245,5.7332,-8.9613,-0.0130,0.01
1495.202,1787815964345,5.7332,-8.9613,-0.0130,0.01
1495.302,1787815964446,5.7332,-8.9613,-0.0130,0.01
1495.402,1787815964546,5.7332,-8.9613,-0.0130,0.01
1495.502,1787815964646,5.7332,-8.9613,-0.0130,0.01
1495.602,1787815964746,5.7332,-8.9613,-0.0130,0.01
1495.702,1787815964846,5.7332,-8.9613,-0.0130,0.01
1495.803,1787815964946,5.7332,-8.9613,-0.0130,0.01
1495.903,1787815965046,5.7332,-8.9613,-0.0130,0.01
1496.003,1787815965146,5.7332,-8.9613,-0.0130,0.01
1496.103,1787815965247,5.7332,-8.9613,-0.0130,0.01
1496.203,1787815965347,5.7332,-8.9613,-0.0130,0.01
1496.303,1787815965447,5.7332,-8.9613,-0.0130,0.01
1496.403,1787815965547,5.7332,-8.9613,-0.0130,0.01
1496.503,1787815965647,5.7332,-8.9613,-0.0130,0.01
1496.603,1787815965747,5.7332,-8.9613,-0.0130,0.01
1496.704,1787815965847,5.7332,-8.9613,-0.0130,0.01
1496.804,1787815965947,5.7332,-8.9613,-0.0130,0.01
1496.904,1787815966048,5.7332,-8.9613,-0.0130,0.01
1497.004,1787815966148,5.7332,-8.9613,-0.0130,0.01
1497.104,1787815966248,5.7332,-8.9613,-0.0130,0.01
1497.204,1787815966348,5.7332,-8.9613,-0.0130,0.01
1497.304,1787815966448,5.7332,-8.9613,-0.0130,0.01
1497.404,1787815966548,5.7332,-8.9613,-0.0130,0.01
1497.505,1787815966648,5.7332,-8.9613,-0.0130,0.01
1497.605,1787815966748,5.7332,-8.9613,-0.0130,0.01
1497.705,1787815966848,5.7332,-8.9613,-0.0130,0.01
1497.805,1787815966949,5.7332,-8.9613,-0.0130,0.01
1497.905,1787815967049,5.7332,-8.9613,-0.0130,0.01
1498.005,1787815967149,5.7332,-8.9613,-0.0130,0.01
1498.105,1787815967249,5.7332,-8.9613,-0.0130,0.01
1498.206,1787815967350,5.7332,-8.9613,-0.0130,0.01
1498.306,1787815967450,5.7332,-8.9613,-0.0130,0.01
1498.406,1787815967550,5.7332,-8.9613,-0.0130,0.01
1498.506,1787815967650,5.7332,-8.9613,-0.0130,0.01
1498.606,1787815967750,5.7332,-8.9613,-0.0130,0.01
1498.706,1787815967850,5.7332,-8.9613,-0.0130,0.01
1498.807,1787815967950,5.7332,-8.9613,-0.0130,0.01
1498.907,1787815968050,5.7332,-8.9613,-0.0130,0.01
1499.007,1787815968150,5.7332,-8.9613,-0.0130,0.01
1499.107,1787815968251,5.7332,-8.9613,-0.0130,0.01
1499.207,1787815968351,5.7332,-8.9613,-0.0130,0.01
1499.307,1787815968451,5.7332,-8.9613,-0.0130,0.01
1499.407,1787815968551,5.7332,-8.9613,-0.0130,0.01
1499.507,1787815968651,5.7332,-8.9613,-0.0130,0.01
1499.607,1787815968751,5.7332,-8.9613,-0.0130,0.01
1499.707,1787815968851,5.7332,-8.9613,-0.0130,0.01
1499.808,1787815968951,5.7332,-8.9613,-0.0130,0.01
1499.908,1787815969051,5.7332,-8.9613,-0.0130,0.01
1500.008,1787815969151,5.7332,-8.9613,-0.0130,0.01
1500.108,1787815969252,5.7332,-8.9613,-0.0130,0.01
1500.208,1787815969352,5.7332,-8.9613,-0.0130,0.01
1500.308,1787815969452,5.7332,-8.9613,-0.0130,0.01
1500.408,1787815969552,5.7332,-8.9613,-0.0130,0.01
1500.508,1787815969652,5.7332,-8.9613,-0.0130,0.01
1500.609,1787815969752,5.7332,-8.9613,-0.0130,0.01
1500.709,1787815969852,5.7332,-8.9613,-0.0130,0.01
1500.809,1787815969952,5.7332,-8.9613,-0.0130,0.01
1500.909,1787815970053,5.7332,-8.9613,-0.0130,0.01
1501.009,1787815970153,5.7332,-8.9613,-0.0130,0.01
1501.109,1787815970253,5.7332,-8.9613,-0.0130,0.01
1501.209,1787815970353,5.7332,-8.9613,-0.0130,0.01
1501.309,1787815970453,5.7332,-8.9613,-0.0130,0.01
1501.409,1787815970553,5.7332,-8.9613,-0.0130,0.01
1501.510,1787815970653,5.7332,-8.9613,-0.0130,0.01
1501.610,1787815970753,5.7332,-8.9613,-0.0130,0.01
1501.710,1787815970853,5.7332,-8.9613,-0.0130,0.01
1501.810,1787815970954,5.7332,-8.9613,-0.0130,0.01
1501.910,1787815971054,5.7332,-8.9613,-0.0130,0.01
1502.010,1787815971154,5.7332,-8.9613,-0.0130,0.01
1502.110,1787815971254,5.7332,-8.9613,-0.0130,0.01
1502.210,1787815971354,5.7332,-8.9613,-0.0130,0.01
1502.310,1787815971454,5.7332,-8.9613,-0.0130,0.01
1502.411,1787815971554,5.7332,-8.9613,-0.0130,0.01
1502.511,1787815971654,5.7332,-8.9613,-0.0130,0.01
1502.611,1787815971754,5.7332,-8.9613,-0.0130,0.01
1502.711,1787815971854,5.7332,-8.9613,-0.0130,0.01
1502.811,1787815971955,5.7332,-8.9613,-0.0130,0.01
1502.911,1787815972055,5.7332,-8.9613,-0.0130,0.01
1503.011,1787815972155,5.7332,-8.9613,-0.0130,0.01
1503.111,1787815972255,5.7332,-8.9613,-0.0130,0.01
1503.211,1787815972355,5.7332,-8.9613,-0.0130,0.01
1503.311,1787815972455,5.7332,-8.9613,-0.0130,0.01
1503.412,1787815972555,5.7332,-8.9613,-0.0130,0.01
1503.512,1787815972655,5.7332,-8.9613,-0.0130,0.01
1503.612,1787815972755,5.7332,-8.9613,-0.0130,0.01
1503.712,1787815972856,5.7332,-8.9613,-0.0130,0.01
1503.812,1787815972956,5.7332,-8.9613,-0.0130,0.01
1503.912,1787815973056,5.7332,-8.9613,-0.0130,0.01
1504.012,1787815973156,5.7332,-8.9613,-0.0130,0.01
1504.112,1787815973256,5.7332,-8.9613,-0.0130,0.01
1504.213,1787815973356,5.7332,-8.9613,-0.0130,0.01
1504.313,1787815973456,5.7332,-8.9613,-0.0130,0.01
1504.413,1787815973556,5.7332,-8.9613,-0.0130,0.01
1504.513,1787815973657,5.7332,-8.9613,-0.0130,0.01
1504.613,1787815973757,5.7332,-8.9613,-0.0130,0.01
1504.713,1787815973857,5.7332,-8.9613,-0.0130,0.01
1504.813,1787815973957,5.7332,-8.9613,-0.0130,0.01
1504.913,1787815974057,5.7332,-8.9613,-0.0130,0.01
1505.014,1787815974157,5.7332,-8.9613,-0.0130,0.01
1505.114,1787815974257,5.7332,-8.9613,-0.0130,0.01
1505.214,1787815974357,5.7332,-8.9613,-0.0130,0.01
1505.314,1787815974458,5.7332,-8.9613,-0.0130,0.01
1505.414,1787815974558,5.7332,-8.9613,-0.0130,0.01
1505.514,1787815974658,5.7332,-8.9613,-0.0130,0.01
1505.614,1787815974758,5.7332,-8.9613,-0.0130,0.01
1505.714,1787815974858,5.7332,-8.9613,-0.0130,0.01
1505.814,1787815974958,5.7332,-8.9613,-0.0130,0.01
1505.915,1787815975058,5.7332,-8.9613,-0.0130,0.01
1506.015,1787815975158,5.7332,-8.9613,-0.0130,0.01
1506.115,1787815975258,5.7332,-8.9613,-0.0130,0.01
1506.215,1787815975359,5.7332,-8.9613,-0.0130,0.01
1506.315,1787815975459,5.7332,-8.9613,-0.0130,0.01
1506.415,1787815975559,5.7332,-8.9613,-0.0130,0.01
1506.515,1787815975659,5.7332,-8.9613,-0.0130,0.01
1506.615,1787815975759,5.7332,-8.9613,-0.0130,0.01
1506.715,1787815975859,5.7332,-8.9613,-0.0130,0.01
1506.816,1787815975959,5.7332,-8.9613,-0.0130,0.01
1506.916,1787815976059,5.7332,-8.9613,-0.0130,0.01
1507.016,1787815976159,5.7332,-8.9613,-0.0130,0.01
1507.116,1787815976260,5.7332,-8.9613,-0.0130,0.01
1507.216,1787815976360,5.7332,-8.9613,-0.0130,0.01
1507.316,1787815976460,5.7332,-8.9613,-0.0130,0.01
1507.416,1787815976560,5.7332,-8.9613,-0.0130,0.01
1507.516,1787815976660,5.7332,-8.9613,-0.0130,0.01
1507.616,1787815976760,5.7332,-8.9613,-0.0130,0.01
1507.716,1787815976860,5.7332,-8.9613,-0.0130,0.01
1507.817,1787815976960,5.7332,-8.9613,-0.0130,0.01
1507.917,1787815977060,5.7332,-8.9613,-0.0130,0.01
1508.017,1787815977160,5.7332,-8.9613,-0.0130,0.01
1508.117,1787815977261,5.7332,-8.9613,-0.0130,0.01
1508.217,1787815977361,5.7332,-8.9613,-0.0130,0.01
1508.317,1787815977461,5.7332,-8.9613,-0.0130,0.01
1508.417,1787815977561,5.7332,-8.9613,-0.0130,0.01
1508.517,1787815977661,5.7332,-8.9613,-0.0130,0.01
1508.617,1787815977761,5.7332,-8.9613,-0.0130,0.01
1508.718,1787815977861,5.7332,-8.9613,-0.0130,0.01
1508.818,1787815977961,5.7332,-8.9613,-0.0130,0.01
1508.918,1787815978061,5.7332,-8.9613,-0.0130,0.01
1509.018,1787815978161,5.7332,-8.9613,-0.0130,0.01
1509.118,1787815978262,5.7332,-8.9613,-0.0130,0.01
1509.218,1787815978362,5.7332,-8.9613,-0.0130,0.01
1509.318,1787815978462,5.7332,-8.9613,-0.0130,0.01
1509.418,1787815978562,5.7332,-8.9613,-0.0130,0.01
1509.519,1787815978662,5.7332,-8.9613,-0.0130,0.01
1509.619,1787815978762,5.7332,-8.9613,-0.0130,0.01
1509.719,1787815978862,5.7332,-8.9613,-0.0130,0.01
1509.819,1787815978962,5.7332,-8.9613,-0.0130,0.01
1509.919,1787815979063,5.7332,-8.9613,-0.0130,0.01
1510.019,1787815979163,5.7332,-8.9613,-0.0130,0.01
1510.119,1787815979263,5.7332,-8.9613,-0.0130,0.01
1510.219,1787815979363,5.7332,-8.9613,-0.0130,0.01
1510.319,1787815979463,5.7332,-8.9613,-0.0130,0.01
1510.419,1787815979563,5.7332,-8.9613,-0.0130,0.01
1510.520,1787815979663,5.7332,-8.9613,-0.0130,0.01
1510.620,1787815979763,5.7332,-8.9613,-0.0130,0.01
1510.720,1787815979863,5.7332,-8.9613,-0.0130,0.01
1510.820,1787815979964,5.7332,-8.9613,-0.0130,0.01
1510.920,1787815980064,5.7332,-8.9613,-0.0130,0.01
1511.020,1787815980164,5.7332,-8.9613,-0.0130,0.01
1511.120,1787815980264,5.7332,-8.9613,-0.0130,0.01
1511.220,1787815980364,5.7332,-8.9613,-0.0130,0.01
1511.320,1787815980464,5.7332,-8.9613,-0.0130,0.01
1511.420,1787815980564,5.7332,-8.9613,-0.0130,0.01
1511.521,1787815980664,5.7332,-8.9613,-0.0130,0.01
1511.621,1787815980764,5.7332,-8.9613,-0.0130,0.01
1511.721,1787815980865,5.7332,-8.9613,-0.0130,0.01
1511.822,1787815980965,5.7332,-8.9613,-0.0130,0.01
1511.922,1787815981065,5.7332,-8.9613,-0.0130,0.01
1512.022,1787815981165,5.7332,-8.9613,-0.0130,0.01
1512.122,1787815981266,5.7332,-8.9613,-0.0130,0.01
1512.222,1787815981366,5.7332,-8.9613,-0.0130,0.01
1512.322,1787815981466,5.7332,-8.9613,-0.0130,0.01
1512.422,1787815981566,5.7332,-8.9613,-0.0130,0.01
1512.522,1787815981666,5.7332,-8.9613,-0.0130,0.01
1512.622,1787815981766,5.7332,-8.9613,-0.0130,0.01
1512.723,1787815981866,5.7332,-8.9613,-0.0130,0.01
1512.823,1787815981966,5.7332,-8.9613,-0.0130,0.01
1512.923,1787815982066,5.7332,-8.9613,-0.0130,0.01
1513.023,1787815982166,5.7332,-8.9613,-0.0130,0.01
1513.123,1787815982267,5.7332,-8.9613,-0.0130,0.01
1513.223,1787815982367,5.7332,-8.9613,-0.0130,0.01
1513.323,1787815982467,5.7332,-8.9613,-0.0130,0.01
1513.423,1787815982567,5.7332,-8.9613,-0.0130,0.01
1513.523,1787815982667,5.7332,-8.9613,-0.0130,0.01
1513.623,1787815982767,5.7332,-8.9613,-0.0130,0.01
1513.724,1787815982867,5.7332,-8.9613,-0.0130,0.01
1513.824,1787815982967,5.7332,-8.9613,-0.0130,0.01
1513.924,1787815983067,5.7332,-8.9613,-0.0130,0.01
1514.024,1787815983168,5.7332,-8.9613,-0.0130,0.01
1514.124,1787815983268,5.7332,-8.9613,-0.0130,0.01
1514.224,1787815983368,5.7332,-8.9613,-0.0130,0.01
1514.325,1787815983468,5.7332,-8.9613,-0.0130,0.01
1514.425,1787815983569,5.7332,-8.9613,-0.0130,0.01
1514.525,1787815983669,5.7332,-8.9613,-0.0130,0.01
1514.625,1787815983769,5.7332,-8.9613,-0.0130,0.01
1514.725,1787815983869,5.7332,-8.9613,-0.0130,0.01
1514.825,1787815983969,5.7332,-8.9613,-0.0130,0.01
1514.925,1787815984069,5.7332,-8.9613,-0.0130,0.01
1515.026,1787815984169,5.7332,-8.9613,-0.0130,0.01
1515.126,1787815984269,5.7332,-8.9613,-0.0130,0.01
1515.226,1787815984369,5.7332,-8.9613,-0.0130,0.01
1515.326,1787815984469,5.7332,-8.9613,-0.0130,0.01
1515.426,1787815984570,5.7332,-8.9613,-0.0130,0.01
1515.526,1787815984670,5.7332,-8.9613,-0.0130,0.01
1515.626,1787815984770,5.7332,-8.9613,-0.0130,0.01
1515.726,1787815984870,5.7332,-8.9613,-0.0130,0.01
1515.826,1787815984970,5.7332,-8.9613,-0.0130,0.01
1515.926,1787815985070,5.7332,-8.9613,-0.0130,0.01
1516.026,1787815985170,5.7332,-8.9613,-0.0130,0.01
1516.127,1787815985270,5.7332,-8.9613,-0.0130,0.01
1516.227,1787815985370,5.7332,-8.9613,-0.0130,0.01
1516.327,1787815985471,5.7332,-8.9613,-0.0130,0.01
1516.427,1787815985571,5.7332,-8.9613,-0.0130,0.01
1516.527,1787815985671,5.7332,-8.9613,-0.0130,0.01
1516.627,1787815985771,5.7332,-8.9613,-0.0130,0.01
1516.727,1787815985871,5.7332,-8.9613,-0.0130,0.01
1516.828,1787815985971,5.7332,-8.9613,-0.0130,0.01
1516.928,1787815986071,5.7332,-8.9613,-0.0130,0.01
1517.028,1787815986171,5.7332,-8.9613,-0.0130,0.01
1517.128,1787815986271,5.7332,-8.9613,-0.0130,0.01
1517.228,1787815986372,5.7332,-8.9613,-0.0130,0.01
1517.328,1787815986472,5.7332,-8.9613,-0.0130,0.01
1517.428,1787815986572,5.7332,-8.9613,-0.0130,0.01
1517.528,1787815986672,5.7332,-8.9613,-0.0130,0.01
1517.628,1787815986772,5.7332,-8.9613,-0.0130,0.01
1517.728,1787815986872,5.7332,-8.9613,-0.0130,0.01
1517.829,1787815986972,5.7332,-8.9613,-0.0130,0.01
1517.929,1787815987072,5.7332,-8.9613,-0.0130,0.01
1518.029,1787815987173,5.7332,-8.9613,-0.0130,0.01
1518.129,1787815987273,5.7332,-8.9613,-0.0130,0.01
1518.229,1787815987373,5.7332,-8.9613,-0.0130,0.01
1518.329,1787815987473,5.7332,-8.9613,-0.0130,0.01
1518.429,1787815987573,5.7332,-8.9613,-0.0130,0.01
1518.530,1787815987673,5.7332,-8.9613,-0.0130,0.01
1518.630,1787815987773,5.7332,-8.9613,-0.0130,0.01
1518.730,1787815987874,5.7332,-8.9613,-0.0130,0.01
1518.830,1787815987974,5.7332,-8.9613,-0.0130,0.01
1518.930,1787815988074,5.7332,-8.9613,-0.0130,0.01
1519.030,1787815988174,5.7332,-8.9613,-0.0130,0.01
1519.130,1787815988274,5.7332,-8.9613,-0.0130,0.01
1519.231,1787815988374,5.7332,-8.9613,-0.0130,0.01
1519.331,1787815988474,5.7332,-8.9613,-0.0130,0.01
1519.431,1787815988575,5.7332,-8.9613,-0.0130,0.01
1519.532,1787815988675,5.7332,-8.9613,-0.0130,0.01
1519.632,1787815988775,5.7332,-8.9613,-0.0130,0.01
1519.732,1787815988876,5.7332,-8.9613,-0.0130,0.01
1519.832,1787815988976,5.7332,-8.9613,-0.0130,0.01
1519.932,1787815989076,5.7332,-8.9613,-0.0130,0.01
1520.032,1787815989176,5.7332,-8.9613,-0.0130,0.01
1520.132,1787815989276,5.7332,-8.9613,-0.0130,0.01
1520.232,1787815989376,5.7332,-8.9613,-0.0130,0.01
1520.333,1787815989476,5.7332,-8.9613,-0.0130,0.01
1520.433,1787815989576,5.7332,-8.9613,-0.0130,0.01
1520.533,1787815989676,5.7332,-8.9613,-0.0130,0.01
1520.633,1787815989777,5.7332,-8.9613,-0.0130,0.01
1520.733,1787815989877,5.7332,-8.9613,-0.0130,0.01
1520.833,1787815989977,5.7332,-8.9613,-0.0130,0.01
1520.933,1787815990077,5.7332,-8.9613,-0.0130,0.01
1521.034,1787815990178,5.7332,-8.9613,-0.0130,0.01
1521.134,1787815990278,5.7332,-8.9613,-0.0130,0.01
1521.234,1787815990378,5.7332,-8.9613,-0.0130,0.01
1521.334,1787815990478,5.7332,-8.9613,-0.0130,0.01
1521.434,1787815990578,5.7332,-8.9613,-0.0130,0.01
1521.534,1787815990678,5.7332,-8.9613,-0.0130,0.01
1521.635,1787815990778,5.7332,-8.9613,-0.0130,0.01
1521.735,1787815990878,5.7332,-8.9613,-0.0130,0.01
1521.835,1787815990978,5.7332,-8.9613,-0.0130,0.01
1521.935,1787815991079,5.7332,-8.9613,-0.0130,0.01
1522.035,1787815991179,5.7332,-8.9613,-0.0130,0.01
1522.135,1787815991279,5.7332,-8.9613,-0.0130,0.01
1522.235,1787815991379,5.7332,-8.9613,-0.0130,0.01
1522.335,1787815991479,5.7332,-8.9613,-0.0130,0.01
1522.435,1787815991579,5.7332,-8.9613,-0.0130,0.01
1522.536,1787815991679,5.7332,-8.9613,-0.0130,0.01
1522.636,1787815991779,5.7332,-8.9613,-0.0130,0.01
1522.736,1787815991880,5.7332,-8.9613,-0.0130,0.01
1522.836,1787815991980,5.7332,-8.9613,-0.0130,0.01
1522.936,1787815992080,5.7332,-8.9613,-0.0130,0.01
1523.036,1787815992180,5.7332,-8.9613,-0.0130,0.01
1523.136,1787815992280,5.7332,-8.9613,-0.0130,0.01
1523.236,1787815992380,5.7332,-8.9613,-0.0130,0.01
1523.337,1787815992480,5.7332,-8.9613,-0.0130,0.01
1523.437,1787815992580,5.7332,-8.9613,-0.0130,0.01
1523.537,1787815992680,5.7332,-8.9613,-0.0130,0.01
1523.637,1787815992781,5.7332,-8.9613,-0.0130,0.01
1523.737,1787815992881,5.7332,-8.9613,-0.0130,0.01
1523.837,1787815992981,5.7332,-8.9613,-0.0130,0.01
1523.937,1787815993081,5.7332,-8.9613,-0.0130,0.01
1524.038,1787815993181,5.7332,-8.9613,-0.0130,0.01
1524.138,1787815993281,5.7332,-8.9613,-0.0130,0.01
1524.238,1787815993382,5.7332,-8.9613,-0.0130,0.01
1524.338,1787815993482,5.7332,-8.9613,-0.0130,0.01
1524.438,1787815993582,5.7332,-8.9613,-0.0130,0.01
1524.538,1787815993682,5.7332,-8.9613,-0.0130,0.01
1524.639,1787815993782,5.7332,-8.9613,-0.0130,0.01
1524.739,1787815993882,5.7332,-8.9613,-0.0130,0.01
1524.839,1787815993983,5.7332,-8.9613,-0.0130,0.01
1524.940,1787815994083,5.7332,-8.9613,-0.0130,0.01
1525.040,1787815994183,5.7332,-8.9613,-0.0130,0.01
1525.140,1787815994283,5.7332,-8.9613,-0.0130,0.01
1525.240,1787815994384,5.7332,-8.9613,-0.0130,0.01
1525.340,1787815994484,5.7332,-8.9613,-0.0130,0.01
1525.440,1787815994584,5.7332,-8.9613,-0.0130,0.01
1525.540,1787815994684,5.7332,-8.9613,-0.0130,0.01
1525.640,1787815994784,5.7332,-8.9613,-0.0130,0.01
1525.740,1787815994884,5.7332,-8.9613,-0.0130,0.01
1525.840,1787815994984,5.7332,-8.9613,-0.0130,0.01
1525.941,1787815995084,5.7332,-8.9613,-0.0130,0.01
1526.041,1787815995184,5.7332,-8.9613,-0.0130,0.01
1526.141,1787815995285,5.7332,-8.9613,-0.0130,0.01
1526.241,1787815995385,5.7332,-8.9613,-0.0130,0.01
1526.341,1787815995485,5.7332,-8.9613,-0.0130,0.01
1526.441,1787815995585,5.7332,-8.9613,-0.0130,0.01
1526.541,1787815995685,5.7332,-8.9613,-0.0130,0.01
1526.642,1787815995785,5.7332,-8.9613,-0.0130,0.01
1526.742,1787815995885,5.7332,-8.9613,-0.0130,0.01
1526.842,1787815995985,5.7332,-8.9613,-0.0130,0.01
1526.942,1787815996086,5.7332,-8.9613,-0.0130,0.01
1527.042,1787815996186,5.7332,-8.9613,-0.0130,0.01
1527.142,1787815996286,5.7332,-8.9613,-0.0130,0.01
1527.242,1787815996386,5.7332,-8.9613,-0.0130,0.01
1527.342,1787815996486,5.7332,-8.9613,-0.0130,0.01
1527.442,1787815996586,5.7332,-8.9613,-0.0130,0.01
1527.543,1787815996686,5.7332,-8.9613,-0.0130,0.01
1527.643,1787815996786,5.7332,-8.9613,-0.0130,0.01
1527.743,1787815996887,5.7332,-8.9613,-0.0130,0.01
1527.843,1787815996987,5.7332,-8.9613,-0.0130,0.01
1527.943,1787815997087,5.7332,-8.9613,-0.0130,0.01
1528.043,1787815997187,5.7332,-8.9613,-0.0130,0.01
1528.144,1787815997287,5.7332,-8.9613,-0.0130,0.01
1528.244,1787815997387,5.7332,-8.9613,-0.0130,0.01
1528.344,1787815997487,5.7332,-8.9613,-0.0130,0.01
1528.444,1787815997588,5.7332,-8.9613,-0.0130,0.01
1528.544,1787815997688,5.7332,-8.9613,-0.0130,0.01
1528.644,1787815997788,5.7332,-8.9613,-0.0130,0.01
1528.744,1787815997888,5.7332,-8.9613,-0.0130,0.01
1528.844,1787815997988,5.7332,-8.9613,-0.0130,0.01
1528.944,1787815998088,5.7332,-8.9613,-0.0130,0.01
1529.045,1787815998188,5.7332,-8.9613,-0.0130,0.01
1529.145,1787815998288,5.7332,-8.9613,-0.0130,0.01
1529.245,1787815998388,5.7332,-8.9613,-0.0130,0.01
1529.345,1787815998489,5.7332,-8.9613,-0.0130,0.01
1529.445,1787815998589,5.7332,-8.9613,-0.0130,0.01
1529.545,1787815998689,5.7332,-8.9613,-0.0130,0.01
1529.645,1787815998789,5.7332,-8.9613,-0.0130,0.01
1529.745,1787815998889,5.7332,-8.9613,-0.0130,0.01
1529.845,1787815998989,5.7332,-8.9613,-0.0130,0.01
1529.946,1787815999089,5.7332,-8.9613,-0.0130,0.01
1530.046,1787815999189,5.7332,-8.9613,-0.0130,0.01
1530.146,1787815999289,5.7332,-8.9613,-0.0130,0.01
1530.246,1787815999390,5.7332,-8.9613,-0.0130,0.01
1530.346,1787815999490,5.7332,-8.9613,-0.0130,0.01
1530.446,1787815999590,5.7332,-8.9613,-0.0130,0.01
1530.546,1787815999690,5.7332,-8.9613,-0.0130,0.01
1530.646,1787815999790,5.7332,-8.9613,-0.0130,0.01
1530.746,1787815999890,5.7332,-8.9613,-0.0130,0.01
1530.847,1787815999990,5.7332,-8.9613,-0.0130,0.01
1530.947,1787816000090,5.7332,-8.9613,-0.0130,0.01
1531.047,1787816000190,5.7332,-8.9613,-0.0130,0.01
1531.147,1787816000291,5.7332,-8.9613,-0.0130,0.01
1531.247,1787816000391,5.7332,-8.9613,-0.0130,0.01
1531.347,1787816000491,5.7332,-8.9613,-0.0130,0.01
1531.447,1787816000591,5.7332,-8.9613,-0.0130,0.01
1531.547,1787816000691,5.7332,-8.9613,-0.0130,0.01
1531.648,1787816000791,5.7332,-8.9613,-0.0130,0.01
1531.748,1787816000891,5.7332,-8.9613,-0.0130,0.01
1531.848,1787816000992,5.7332,-8.9613,-0.0130,0.01
1531.948,1787816001092,5.7332,-8.9613,-0.0130,0.01
1532.048,1787816001192,5.7332,-8.9613,-0.0130,0.01
1532.148,1787816001292,5.7332,-8.9613,-0.0130,0.01
1532.248,1787816001392,5.7332,-8.9613,-0.0130,0.01
1532.348,1787816001492,5.7332,-8.9613,-0.0130,0.01
1532.448,1787816001592,5.7332,-8.9613,-0.0130,0.01
1532.549,1787816001692,5.7332,-8.9613,-0.0130,0.01
1532.649,1787816001792,5.7332,-8.9613,-0.0130,0.01
1532.749,1787816001893,5.7332,-8.9613,-0.0130,0.01
1532.849,1787816001993,5.7332,-8.9613,-0.0130,0.01
1532.949,1787816002093,5.7332,-8.9613,-0.0130,0.01
1533.049,1787816002193,5.7332,-8.9613,-0.0130,0.01
1533.149,1787816002293,5.7332,-8.9613,-0.0130,0.01
1533.249,1787816002393,5.7332,-8.9613,-0.0130,0.01
1533.349,1787816002493,5.7332,-8.9613,-0.0130,0.01
1533.450,1787816002593,5.7332,-8.9613,-0.0130,0.01
1533.550,1787816002693,5.7332,-8.9613,-0.0130,0.01
1533.650,1787816002793,5.7332,-8.9613,-0.0130,0.01
1533.750,1787816002894,5.7332,-8.9613,-0.0130,0.01
1533.850,1787816002994,5.7332,-8.9613,-0.0130,0.01
1533.950,1787816003094,5.7332,-8.9613,-0.0130,0.01
1534.050,1787816003194,5.7332,-8.9613,-0.0130,0.01
1534.150,1787816003294,5.7332,-8.9613,-0.0130,0.01
1534.250,1787816003394,5.7332,-8.9613,-0.0130,0.01
1534.350,1787816003494,5.7332,-8.9613,-0.0130,0.01
1534.451,1787816003594,5.7332,-8.9613,-0.0130,0.01
1534.551,1787816003694,5.7332,-8.9613,-0.0130,0.01
1534.651,1787816003794,5.7332,-8.9613,-0.0130,0.01
1534.751,1787816003895,5.7332,-8.9613,-0.0130,0.01
1534.851,1787816003995,5.7332,-8.9613,-0.0130,0.01
1534.951,1787816004095,5.7332,-8.9613,-0.0130,0.01
1535.051,1787816004195,5.7332,-8.9613,-0.0130,0.01
1535.151,1787816004295,5.7332,-8.9613,-0.0130,0.01
1535.251,1787816004395,5.7332,-8.9613,-0.0130,0.01
1535.351,1787816004495,5.7332,-8.9613,-0.0130,0.01
1535.452,1787816004595,5.7332,-8.9613,-0.0130,0.01
1535.552,1787816004695,5.7332,-8.9613,-0.0130,0.01
1535.652,1787816004795,5.7332,-8.9613,-0.0130,0.01
1535.752,1787816004896,5.7332,-8.9613,-0.0130,0.01
1535.852,1787816004996,5.7332,-8.9613,-0.0130,0.01
1535.952,1787816005096,5.7332,-8.9613,-0.0130,0.01
1536.052,1787816005196,5.7332,-8.9613,-0.0130,0.01
1536.152,1787816005296,5.7332,-8.9613,-0.0130,0.01
1536.253,1787816005396,5.7332,-8.9613,-0.0130,0.01
1536.353,1787816005496,5.7332,-8.9613,-0.0130,0.01
1536.453,1787816005597,5.7332,-8.9613,-0.0130,0.01
1536.553,1787816005697,5.7332,-8.9613,-0.0130,0.01
1536.653,1787816005797,5.7332,-8.9613,-0.0130,0.01
1536.753,1787816005897,5.7332,-8.9613,-0.0130,0.01
1536.854,1787816005997,5.7332,-8.9613,-0.0130,0.01
1536.954,1787816006097,5.7332,-8.9613,-0.0130,0.01
1537.054,1787816006197,5.7332,-8.9613,-0.0130,0.01
1537.154,1787816006298,5.7332,-8.9613,-0.0130,0.01
1537.254,1787816006398,5.7332,-8.9613,-0.0130,0.01
1537.354,1787816006498,5.7332,-8.9613,-0.0130,0.01
1537.454,1787816006598,5.7332,-8.9613,-0.0130,0.01
1537.554,1787816006698,5.7332,-8.9613,-0.0130,0.01
1537.654,1787816006798,5.7332,-8.9613,-0.0130,0.01
1537.755,1787816006898,5.7332,-8.9613,-0.0130,0.01
1537.855,1787816006998,5.7332,-8.9613,-0.0130,0.01
1537.955,1787816007098,5.7332,-8.9613,-0.0130,0.01
1538.055,1787816007199,5.7332,-8.9613,-0.0130,0.01
1538.155,1787816007299,5.7332,-8.9613,-0.0130,0.01
1538.255,1787816007399,5.7332,-8.9613,-0.0130,0.01
1538.355,1787816007499,5.7332,-8.9613,-0.0130,0.01
1538.455,1787816007599,5.7332,-8.9613,-0.0130,0.01
1538.556,1787816007699,5.7332,-8.9613,-0.0130,0.01
1538.656,1787816007800,5.7332,-8.9613,-0.0130,0.01
1538.756,1787816007900,5.7332,-8.9613,-0.0130,0.01
1538.856,1787816008000,5.7332,-8.9613,-0.0130,0.01
1538.956,1787816008100,5.7332,-8.9613,-0.0130,0.01
1539.056,1787816008200,5.7332,-8.9613,-0.0130,0.01
1539.156,1787816008300,5.7332,-8.9613,-0.0130,0.01
1539.256,1787816008400,5.7332,-8.9613,-0.0130,0.01
1539.357,1787816008500,5.7332,-8.9613,-0.0130,0.01
1539.457,1787816008600,5.7332,-8.9613,-0.0130,0.01
1539.557,1787816008700,5.7332,-8.9613,-0.0130,0.01
1539.657,1787816008801,5.7332,-8.9613,-0.0130,0.01
1539.757,1787816008901,5.7332,-8.9613,-0.0130,0.01
1539.857,1787816009001,5.7332,-8.9613,-0.0130,0.01
1539.957,1787816009101,5.7332,-8.9613,-0.0130,0.01
1540.057,1787816009201,5.7332,-8.9613,-0.0130,0.01
1540.157,1787816009301,5.7332,-8.9613,-0.0130,0.01
1540.257,1787816009401,5.7332,-8.9613,-0.0130,0.01
1540.358,1787816009502,5.7332,-8.9613,-0.0130,0.01
1540.458,1787816009602,5.7332,-8.9613,-0.0130,0.01
1540.558,1787816009702,5.7332,-8.9613,-0.0130,0.01
1540.659,1787816009802,5.7332,-8.9613,-0.0130,0.01
1540.759,1787816009902,5.7332,-8.9613,-0.0130,0.01
1540.859,1787816010002,5.7332,-8.9613,-0.0130,0.01
1540.959,1787816010102,5.7332,-8.9613,-0.0130,0.01
1541.059,1787816010203,5.7332,-8.9613,-0.0130,0.01
1541.159,1787816010303,5.7332,-8.9613,-0.0130,0.01
1541.259,1787816010403,5.7332,-8.9613,-0.0130,0.01
1541.359,1787816010503,5.7332,-8.9613,-0.0130,0.01
1541.459,1787816010603,5.7332,-8.9613,-0.0130,0.01
1541.559,1787816010703,5.7332,-8.9613,-0.0130,0.01
1541.660,1787816010803,5.7332,-8.9613,-0.0130,0.01
1541.760,1787816010903,5.7332,-8.9613,-0.0130,0.01
1541.860,1787816011004,5.7332,-8.9613,-0.0130,0.01
1541.960,1787816011104,5.7332,-8.9613,-0.0130,0.01
1542.060,1787816011204,5.7332,-8.9613,-0.0130,0.01
1542.161,1787816011304,5.7332,-8.9613,-0.0130,0.01
1542.261,1787816011404,5.7332,-8.9613,-0.0130,0.01
1542.361,1787816011505,5.7332,-8.9613,-0.0130,0.01
1542.461,1787816011605,5.7332,-8.9613,-0.0130,0.01
1542.561,1787816011705,5.7332,-8.9613,-0.0130,0.01
1542.661,1787816011805,5.7332,-8.9613,-0.0130,0.01
1542.761,1787816011905,5.7332,-8.9613,-0.0130,0.01
1542.861,1787816012005,5.7332,-8.9613,-0.0130,0.01
1542.962,1787816012105,5.7332,-8.9613,-0.0130,0.01
1543.062,1787816012205,5.7332,-8.9613,-0.0130,0.01
1543.162,1787816012305,5.7332,-8.9613,-0.0130,0.01
1543.262,1787816012405,5.7332,-8.9613,-0.0130,0.01
1543.362,1787816012506,5.7332,-8.9613,-0.0130,0.01
1543.462,1787816012606,5.7332,-8.9613,-0.0130,0.01
1543.562,1787816012706,5.7332,-8.9613,-0.0130,0.01
1543.662,1787816012806,5.7332,-8.9613,-0.0130,0.01
1543.762,1787816012906,5.7332,-8.9613,-0.0130,0.01
1543.862,1787816013006,5.7332,-8.9613,-0.0130,0.01
1543.963,1787816013106,5.7332,-8.9613,-0.0130,0.01
1544.063,1787816013206,5.7332,-8.9613,-0.0130,0.01
1544.163,1787816013306,5.7332,-8.9613,-0.0130,0.01
1544.263,1787816013407,5.7332,-8.9613,-0.0130,0.01
1544.363,1787816013507,5.7332,-8.9613,-0.0130,0.01
1544.463,1787816013607,5.7332,-8.9613,-0.0130,0.01
1544.563,1787816013707,5.7332,-8.9613,-0.0130,0.01
1544.663,1787816013807,5.7332,-8.9613,-0.0130,0.01
1544.764,1787816013907,5.7332,-8.9613,-0.0130,0.01
1544.864,1787816014007,5.7332,-8.9613,-0.0130,0.01
1544.964,1787816014107,5.7332,-8.9613,-0.0130,0.01
1545.064,1787816014208,5.7332,-8.9613,-0.0130,0.01
1545.164,1787816014308,5.7332,-8.9613,-0.0130,0.01
1545.264,1787816014408,5.7332,-8.9613,-0.0130,0.01
1545.364,1787816014508,5.7332,-8.9613,-0.0130,0.01
1545.464,1787816014608,5.7332,-8.9613,-0.0130,0.01
1545.564,1787816014708,5.7332,-8.9613,-0.0130,0.01
1545.665,1787816014808,5.7332,-8.9613,-0.0130,0.01
1545.765,1787816014908,5.7332,-8.9613,-0.0130,0.01
1545.865,1787816015008,5.7332,-8.9613,-0.0130,0.01
1545.965,1787816015109,5.7332,-8.9613,-0.0130,0.01
1546.065,1787816015209,5.7332,-8.9613,-0.0130,0.01
1546.165,1787816015309,5.7332,-8.9613,-0.0130,0.01
1546.265,1787816015409,5.7332,-8.9613,-0.0130,0.01
1546.365,1787816015509,5.7332,-8.9613,-0.0130,0.01
1546.465,1787816015609,5.7332,-8.9613,-0.0130,0.01
1546.566,1787816015709,5.7332,-8.9613,-0.0130,0.01
1546.666,1787816015809,5.7332,-8.9613,-0.0130,0.01
1546.766,1787816015909,5.7332,-8.9613,-0.0130,0.01
1546.866,1787816016010,5.7332,-8.9613,-0.0130,0.01
1546.966,1787816016110,5.7332,-8.9613,-0.0130,0.01
1547.066,1787816016210,5.7332,-8.9613,-0.0130,0.01
1547.166,1787816016310,5.7332,-8.9613,-0.0130,0.01
1547.266,1787816016410,5.7332,-8.9613,-0.0130,0.01
1547.366,1787816016510,5.7332,-8.9613,-0.0130,0.01
1547.467,1787816016610,5.7332,-8.9613,-0.0130,0.01
1547.567,1787816016710,5.7332,-8.9613,-0.0130,0.01
1547.667,1787816016810,5.7332,-8.9613,-0.0130,0.01
1547.767,1787816016911,5.7332,-8.9613,-0.0130,0.01
1547.867,1787816017011,5.7332,-8.9613,-0.0130,0.01
1547.967,1787816017111,5.7332,-8.9613,-0.0130,0.01
1548.067,1787816017211,5.7332,-8.9613,-0.0130,0.01
1548.167,1787816017311,5.7332,-8.9613,-0.0130,0.01
1548.268,1787816017411,5.7332,-8.9613,-0.0130,0.01
1548.368,1787816017511,5.7332,-8.9613,-0.0130,0.01
1548.468,1787816017611,5.7332,-8.9613,-0.0130,0.01
1548.568,1787816017712,5.7332,-8.9613,-0.0130,0.01
1548.668,1787816017812,5.7332,-8.9613,-0.0130,0.01
1548.768,1787816017912,5.7332,-8.9613,-0.0130,0.01
1548.868,1787816018012,5.7332,-8.9613,-0.0130,0.01
1548.968,1787816018112,5.7332,-8.9613,-0.0130,0.01
1549.069,1787816018212,5.7332,-8.9613,-0.0130,0.01
1549.169,1787816018312,5.7332,-8.9613,-0.0130,0.01
1549.269,1787816018412,5.7332,-8.9613,-0.0130,0.01
1549.369,1787816018513,5.7332,-8.9613,-0.0130,0.01
1549.469,1787816018613,5.7332,-8.9613,-0.0130,0.01
1549.569,1787816018713,5.7332,-8.9613,-0.0130,0.01
1549.669,1787816018813,5.7332,-8.9613,-0.0130,0.01
1549.770,1787816018914,5.7332,-8.9613,-0.0130,0.01
1549.870,1787816019014,5.7332,-8.9613,-0.0130,0.01
1549.970,1787816019114,5.7332,-8.9613,-0.0130,0.01
1550.070,1787816019214,5.7332,-8.9613,-0.0130,0.01
1550.170,1787816019314,5.7332,-8.9613,-0.0130,0.01
1550.271,1787816019414,5.7332,-8.9613,-0.0130,0.01
1550.371,1787816019514,5.7332,-8.9613,-0.0130,0.01
1550.471,1787816019614,5.7332,-8.9613,-0.0130,0.01
1550.571,1787816019715,5.7332,-8.9613,-0.0130,0.01
1550.671,1787816019815,5.7332,-8.9613,-0.0130,0.01
1550.772,1787816019915,5.7332,-8.9613,-0.0130,0.01
1550.872,1787816020015,5.7332,-8.9613,-0.0130,0.01
1550.972,1787816020115,5.7332,-8.9613,-0.0130,0.01
1551.072,1787816020216,5.7332,-8.9613,-0.0130,0.01
1551.172,1787816020316,5.7332,-8.9613,-0.0130,0.01
1551.272,1787816020416,5.7332,-8.9613,-0.0130,0.01
1551.372,1787816020516,5.7332,-8.9613,-0.0130,0.01
1551.472,1787816020616,5.7332,-8.9613,-0.0130,0.01
1551.572,1787816020716,5.7332,-8.9613,-0.0130,0.01
1551.672,1787816020816,5.7332,-8.9613,-0.0130,0.01
1551.773,1787816020916,5.7332,-8.9613,-0.0130,0.01
1551.874,1787816021017,5.7332,-8.9613,-0.0130,0.01
1551.974,1787816021117,5.7332,-8.9613,-0.0130,0.01
1552.074,1787816021218,5.7332,-8.9613,-0.0130,0.01
1552.174,1787816021318,5.7332,-8.9613,-0.0130,0.01
