t_s,wall_ms,x,y,z,yaw_deg
0.000,1787662945045,-8.5000,-9.0000,-0.0130,-0.00
0.100,1787662945145,-8.5000,-9.0000,-0.0130,-0.00
0.200,1787662945245,-8.5000,-9.0000,-0.0130,-0.00
0.300,1787662945345,-8.5000,-9.0000,-0.0130,-0.00
0.400,1787662945446,-8.5000,-9.0000,-0.0130,-0.00
0.501,1787662945546,-8.5000,-9.0000,-0.0130,-0.00
0.601,1787662945646,-8.5000,-9.0000,-0.0130,-0.00
0.701,1787662945746,-8.5000,-9.0000,-0.0130,-0.00
0.801,1787662945846,-8.5000,-9.0000,-0.0130,-0.00
0.901,1787662945946,-8.5000,-9.0000,-0.0130,-0.00
1.001,1787662946046,-8.5000,-9.0000,-0.0130,-0.00
1.101,1787662946146,-8.5000,-9.0000,-0.0130,-0.00
1.201,1787662946246,-8.5000,-9.0000,-0.0130,-0.00
1.302,1787662946347,-8.5000,-9.0000,-0.0130,-0.00
1.402,1787662946447,-8.5000,-9.0000,-0.0130,-0.00
1.502,1787662946548,-8.5000,-9.0000,-0.0130,-0.00
1.603,1787662946648,-8.5000,-9.0000,-0.0130,-0.00
1.703,1787662946748,-8.5000,-9.0000,-0.0130,-0.00
1.803,1787662946848,-8.5000,-9.0000,-0.0130,-0.00
1.903,1787662946948,-8.5000,-9.0000,-0.0130,-0.00
2.003,1787662947048,-8.5000,-9.0000,-0.0130,-0.00
2.103,1787662947148,-8.5000,-9.0000,-0.0130,-0.00
2.203,1787662947248,-8.5000,-9.0000,-0.0130,-0.00
2.303,1787662947348,-8.5000,-9.0000,-0.0130,-0.00
2.403,1787662947449,-8.5000,-9.0000,-0.0130,-0.00
2.504,1787662947549,-8.5000,-9.0000,-0.0130,-0.00
2.604,1787662947649,-8.5000,-9.0000,-0.0130,-0.00
2.704,1787662947749,-8.5000,-9.0000,-0.0130,-0.00
2.804,1787662947849,-8.5000,-9.0000,-0.0130,-0.00
2.904,1787662947949,-8.5000,-9.0000,-0.0130,-0.00
3.004,1787662948049,-8.5000,-9.0000,-0.0130,-0.00
3.105,1787662948150,-8.5000,-9.0000,-0.0130,-0.00
3.205,1787662948250,-8.5000,-9.0000,-0.0130,-0.00
3.305,1787662948350,-8.5000,-9.0000,-0.0130,-0.00
3.405,1787662948450,-8.5000,-9.0000,-0.0130,-0.00
3.505,1787662948550,-8.5000,-9.0000,-0.0130,-0.00
3.605,1787662948650,-8.5000,-9.0000,-0.0130,-0.00
3.705,1787662948750,-8.5000,-9.0000,-0.0130,-0.00
3.805,1787662948850,-8.5000,-9.0000,-0.0130,-0.00
3.905,1787662948950,-8.5000,-9.0000,-0.0130,-0.00
4.005,1787662949051,-8.5000,-9.0000,-0.0130,-0.00
4.106,1787662949151,-8.5000,-9.0000,-0.0130,-0.00
4.206,1787662949251,-8.5000,-9.0000,-0.0130,-0.00
4.306,1787662949351,-8.5000,-9.0000,-0.0130,-0.00
4.406,1787662949451,-8.5000,-9.0000,-0.0130,-0.00
4.506,1787662949551,-8.5000,-9.0000,-0.0130,-0.00
4.608,1787662949653,-8.5000,-9.0000,-0.0130,-0.00
4.708,1787662949754,-8.5000,-9.0000,-0.0130,-0.00
4.809,1787662949854,-8.5000,-9.0000,-0.0130,-0.00
4.909,1787662949954,-8.5000,-9.0000,-0.0130,-0.00
5.009,1787662950054,-8.5000,-9.0000,-0.0130,-0.00
5.109,1787662950154,-8.5000,-9.0000,-0.0130,-0.00
5.209,1787662950254,-8.5000,-9.0000,-0.0130,-0.00
5.309,1787662950354,-8.5000,-9.0000,-0.0130,-0.00
5.409,1787662950454,-8.5000,-9.0000,-0.0130,-0.00
5.509,1787662950554,-8.5000,-9.0000,-0.0130,-0.00
5.609,1787662950654,-8.5000,-9.0000,-0.0130,-0.00
5.709,1787662950755,-8.5000,-9.0000,-0.0130,-0.00
5.810,1787662950855,-8.5000,-9.0000,-0.0130,-0.00
5.910,1787662950955,-8.5000,-9.0000,-0.0130,-0.00
6.010,1787662951055,-8.5000,-9.0000,-0.0130,-0.00
6.110,1787662951155,-8.5000,-9.0000,-0.0130,-0.00
6.210,1787662951255,-8.5000,-9.0000,-0.0130,-0.00
6.310,1787662951355,-8.5000,-9.0000,-0.0130,-0.00
6.410,1787662951455,-8.5000,-9.0000,-0.0130,-0.00
6.510,1787662951555,-8.5000,-9.0000,-0.0130,-0.00
6.610,1787662951656,-8.5000,-9.0000,-0.0130,-0.00
6.711,1787662951756,-8.5000,-9.0000,-0.0130,-0.00
6.811,1787662951856,-8.5000,-9.0000,-0.0130,-0.00
6.911,1787662951956,-8.5000,-9.0000,-0.0130,-0.00
7.011,1787662952056,-8.5000,-9.0000,-0.0130,-0.00
7.111,1787662952156,-8.5000,-9.0000,-0.0130,-0.00
7.211,1787662952256,-8.5000,-9.0000,-0.0130,-0.00
7.311,1787662952356,-8.5000,-9.0000,-0.0130,-0.00
7.411,1787662952456,-8.5000,-9.0000,-0.0130,-0.00
7.511,1787662952557,-8.5000,-9.0000,-0.0130,-0.00
7.612,1787662952657,-8.5000,-9.0000,-0.0130,-0.00
7.712,1787662952757,-8.5000,-9.0000,-0.0130,-0.00
7.812,1787662952857,-8.5000,-9.0000,-0.0130,-0.00
7.912,1787662952957,-8.5000,-9.0000,-0.0130,-0.00
8.012,1787662953057,-8.5000,-9.0000,-0.0130,-0.00
8.112,1787662953157,-8.5000,-9.0000,-0.0130,-0.00
8.212,1787662953257,-8.5000,-9.0000,-0.0130,-0.00
8.312,1787662953357,-8.5000,-9.0000,-0.0130,-0.00
8.412,1787662953458,-8.5000,-9.0000,-0.0130,-0.00
8.513,1787662953558,-8.5000,-9.0000,-0.0130,-0.00
8.613,1787662953658,-8.5000,-9.0000,-0.0130,-0.00
8.714,1787662953759,-8.5000,-9.0000,-0.0130,-0.00
8.814,1787662953859,-8.5000,-9.0000,-0.0130,-0.00
8.914,1787662953959,-8.5000,-9.0000,-0.0130,-0.00
9.014,1787662954059,-8.5000,-9.0000,-0.0130,-0.00
9.114,1787662954159,-8.5000,-9.0000,-0.0130,-0.00
9.214,1787662954259,-8.5000,-9.0000,-0.0130,-0.00
9.314,1787662954359,-8.5000,-9.0000,-0.0130,-0.00
9.414,1787662954459,-8.5000,-9.0000,-0.0130,-0.00
9.514,1787662954559,-8.5000,-9.0000,-0.0130,-0.00
9.615,1787662954660,-8.5000,-9.0000,-0.0130,-0.00
9.715,1787662954760,-8.5000,-9.0000,-0.0130,-0.00
9.815,1787662954860,-8.5000,-9.0000,-0.0130,-0.00
9.915,1787662954960,-8.5000,-9.0000,-0.0130,-0.00
10.015,1787662955060,-8.5000,-9.0000,-0.0130,-0.00
10.115,1787662955160,-8.5000,-9.0000,-0.0130,-0.00
10.215,1787662955260,-8.5000,-9.0000,-0.0130,-0.00
10.315,1787662955360,-8.5002,-9.0000,-0.0127,0.00
10.415,1787662955461,-8.5003,-9.0000,-0.0115,0.00
10.516,1787662955561,-8.5003,-9.0000,-0.0084,0.00
10.616,1787662955661,-8.5000,-9.0000,-0.0038,0.00
10.716,1787662955761,-8.4996,-9.0000,0.0034,0.00
10.816,1787662955861,-8.4991,-9.0001,0.0143,0.00
10.916,1787662955961,-8.4985,-9.0001,0.0288,0.00
11.016,1787662956061,-8.4980,-9.0002,0.0455,0.00
11.116,1787662956161,-8.4975,-9.0003,0.0643,0.01
11.216,1787662956262,-8.4970,-9.0004,0.0835,0.01
11.317,1787662956362,-8.4965,-9.0005,0.1074,0.01
11.417,1787662956462,-8.4961,-9.0006,0.1314,0.01
11.517,1787662956562,-8.4956,-9.0008,0.1654,0.01
11.617,1787662956662,-8.4953,-9.0009,0.1926,0.01
11.718,1787662956763,-8.4950,-9.0010,0.2185,0.01
11.818,1787662956863,-8.4948,-9.0012,0.2507,0.01
11.918,1787662956963,-8.4946,-9.0013,0.2850,0.01
12.018,1787662957063,-8.4946,-9.0015,0.3126,0.01
12.118,1787662957163,-8.4945,-9.0017,0.3542,0.01
12.218,1787662957263,-8.4946,-9.0018,0.3876,0.01
12.318,1787662957363,-8.4947,-9.0020,0.4195,0.01
12.418,1787662957463,-8.4949,-9.0021,0.4587,0.01
12.518,1787662957564,-8.4951,-9.0023,0.4962,0.00
12.619,1787662957664,-8.4953,-9.0024,0.5312,0.00
12.719,1787662957764,-8.4956,-9.0025,0.5635,0.00
12.819,1787662957864,-8.4959,-9.0026,0.5912,0.01
12.919,1787662957964,-8.4963,-9.0029,0.6036,0.13
13.019,1787662958064,-8.4966,-9.0032,0.6012,0.34
13.119,1787662958164,-8.4971,-9.0036,0.5871,0.93
13.219,1787662958265,-8.4974,-9.0038,0.5687,1.80
13.320,1787662958365,-8.4977,-9.0036,0.5470,3.04
13.420,1787662958465,-8.4979,-9.0028,0.5223,4.79
13.520,1787662958565,-8.4982,-9.0015,0.4973,7.00
13.620,1787662958665,-8.4985,-8.9995,0.4690,10.10
13.720,1787662958765,-8.4988,-8.9977,0.4474,12.98
13.821,1787662958866,-8.4991,-8.9956,0.4262,16.33
13.921,1787662958966,-8.4994,-8.9938,0.4090,19.51
14.021,1787662959066,-8.4997,-8.9923,0.3944,22.62
14.121,1787662959166,-8.5000,-8.9906,0.3787,26.46
14.221,1787662959267,-8.5002,-8.9895,0.3665,29.94
14.322,1787662959367,-8.5003,-8.9886,0.3554,33.65
14.422,1787662959467,-8.5003,-8.9880,0.3450,37.79
14.522,1787662959567,-8.5002,-8.9879,0.3367,41.86
14.622,1787662959667,-8.4999,-8.9881,0.3309,45.42
14.722,1787662959767,-8.4994,-8.9887,0.3264,49.07
14.822,1787662959867,-8.4988,-8.9896,0.3235,52.40
14.922,1787662959967,-8.4979,-8.9908,0.3216,55.80
15.022,1787662960067,-8.4970,-8.9921,0.3210,58.89
15.122,1787662960168,-8.4958,-8.9937,0.3214,62.07
15.223,1787662960268,-8.4946,-8.9954,0.3228,65.15
15.323,1787662960368,-8.4936,-8.9967,0.3244,67.50
15.423,1787662960468,-8.4924,-8.9983,0.3270,70.47
15.523,1787662960568,-8.4914,-8.9998,0.3299,73.07
15.623,1787662960668,-8.4903,-9.0013,0.3336,75.98
15.723,1787662960768,-8.4893,-9.0027,0.3378,78.89
15.823,1787662960868,-8.4887,-9.0040,0.3425,81.92
15.923,1787662960968,-8.4884,-9.0050,0.3473,84.66
16.023,1787662961069,-8.4883,-9.0061,0.3534,87.57
16.124,1787662961169,-8.4883,-9.0068,0.3585,89.60
16.224,1787662961269,-8.4880,-9.0075,0.3644,91.48
16.324,1787662961369,-8.4876,-9.0079,0.3692,92.64
16.424,1787662961469,-8.4867,-9.0084,0.3752,93.70
16.524,1787662961569,-8.4855,-9.0086,0.3815,94.33
16.624,1787662961669,-8.4845,-9.0087,0.3862,94.51
16.724,1787662961769,-8.4830,-9.0087,0.3928,94.39
16.824,1787662961869,-8.4820,-9.0086,0.3971,94.09
16.924,1787662961970,-8.4808,-9.0084,0.4020,93.55
17.025,1787662962070,-8.4800,-9.0081,0.4063,92.93
17.125,1787662962170,-8.4794,-9.0077,0.4105,92.23
17.225,1787662962270,-8.4791,-9.0074,0.4137,91.64
17.325,1787662962370,-8.4791,-9.0070,0.4178,90.86
17.425,1787662962470,-8.4796,-9.0066,0.4215,90.18
17.525,1787662962570,-8.4805,-9.0061,0.4253,89.55
17.625,1787662962670,-8.4817,-9.0057,0.4285,89.09
17.725,1787662962770,-8.4835,-9.0052,0.4323,88.66
17.825,1787662962870,-8.4853,-9.0048,0.4352,88.43
17.925,1787662962971,-8.4872,-9.0045,0.4380,88.31
18.026,1787662963071,-8.4893,-9.0042,0.4408,88.27
18.126,1787662963171,-8.4911,-9.0040,0.4431,88.29
18.226,1787662963271,-8.4933,-9.0037,0.4458,88.39
18.326,1787662963371,-8.4958,-9.0034,0.4487,88.55
18.426,1787662963471,-8.4978,-9.0032,0.4513,88.74
18.526,1787662963571,-8.5001,-9.0030,0.4543,88.99
18.626,1787662963671,-8.5015,-9.0028,0.4564,89.17
18.726,1787662963772,-8.5031,-9.0027,0.4588,89.38
18.827,1787662963872,-8.5044,-9.0026,0.4605,89.58
18.927,1787662963972,-8.5055,-9.0025,0.4605,89.88
19.027,1787662964072,-8.5060,-9.0024,0.4592,90.26
19.127,1787662964173,-8.5066,-9.0023,0.4568,90.94
19.228,1787662964273,-8.5071,-9.0023,0.4542,91.99
19.328,1787662964373,-8.5079,-9.0022,0.4519,93.18
19.428,1787662964473,-8.5088,-9.0022,0.4497,94.69
19.528,1787662964573,-8.5101,-9.0023,0.4474,96.75
19.628,1787662964673,-8.5115,-9.0023,0.4455,98.92
19.728,1787662964773,-8.5131,-9.0025,0.4437,101.53
19.828,1787662964873,-8.5150,-9.0027,0.4418,104.79
19.928,1787662964974,-8.5165,-9.0030,0.4404,107.77
20.029,1787662965074,-8.5179,-9.0033,0.4391,110.92
20.129,1787662965174,-8.5187,-9.0035,0.4384,112.75
20.229,1787662965274,-8.5197,-9.0038,0.4373,115.65
20.329,1787662965374,-8.5206,-9.0042,0.4359,119.49
20.429,1787662965474,-8.5211,-9.0045,0.4348,122.76
20.529,1787662965574,-8.5214,-9.0047,0.4335,126.75
20.629,1787662965674,-8.5214,-9.0049,0.4324,130.98
20.729,1787662965775,-8.5212,-9.0050,0.4317,133.65
20.830,1787662965875,-8.5207,-9.0051,0.4309,137.59
20.930,1787662965975,-8.5199,-9.0050,0.4301,141.44
21.030,1787662966075,-8.5188,-9.0048,0.4295,145.19
21.130,1787662966175,-8.5174,-9.0044,0.4290,148.80
21.230,1787662966275,-8.5156,-9.0037,0.4287,152.65
21.330,1787662966375,-8.5138,-9.0029,0.4285,156.14
21.430,1787662966475,-8.5121,-9.0021,0.4284,158.95
21.530,1787662966575,-8.5105,-9.0012,0.4284,161.65
21.630,1787662966676,-8.5087,-9.0001,0.4285,164.42
21.731,1787662966776,-8.5070,-8.9989,0.4288,167.12
21.831,1787662966876,-8.5052,-8.9978,0.4291,169.91
21.931,1787662966976,-8.5034,-8.9967,0.4296,173.05
22.031,1787662967076,-8.5020,-8.9961,0.4302,175.44
22.131,1787662967176,-8.5011,-8.9959,0.4307,177.00
22.231,1787662967276,-8.5000,-8.9955,0.4315,178.87
22.331,1787662967376,-8.4988,-8.9950,0.4327,-179.26
22.431,1787662967477,-8.4979,-8.9943,0.4338,-177.93
22.532,1787662967577,-8.4970,-8.9933,0.4352,-176.86
22.632,1787662967677,-8.4962,-8.9920,0.4366,-176.19
22.732,1787662967777,-8.4957,-8.9906,0.4379,-175.94
22.832,1787662967877,-8.4953,-8.9890,0.4392,-176.04
22.934,1787662967979,-8.4951,-8.9878,0.4401,-176.34
23.034,1787662968079,-8.4950,-8.9868,0.4409,-176.77
23.134,1787662968179,-8.4950,-8.9859,0.4415,-177.34
23.234,1787662968279,-8.4950,-8.9854,0.4420,-177.94
23.334,1787662968379,-8.4951,-8.9850,0.4425,-178.72
23.434,1787662968479,-8.4953,-8.9852,0.4428,-179.43
23.534,1787662968579,-8.4955,-8.9857,0.4430,179.95
23.634,1787662968680,-8.4958,-8.9864,0.4431,179.50
23.735,1787662968780,-8.4960,-8.9874,0.4432,179.09
23.835,1787662968880,-8.4964,-8.9891,0.4433,178.70
23.935,1787662968980,-8.4967,-8.9908,0.4433,178.48
24.035,1787662969080,-8.4970,-8.9925,0.4434,178.36
24.135,1787662969180,-8.4974,-8.9947,0.4435,178.31
24.235,1787662969280,-8.4978,-8.9970,0.4436,178.34
24.335,1787662969381,-8.4981,-8.9990,0.4437,178.42
24.436,1787662969481,-8.4984,-9.0009,0.4438,178.54
24.536,1787662969581,-8.4987,-9.0031,0.4440,178.73
24.636,1787662969681,-8.4990,-9.0049,0.4441,178.91
24.736,1787662969781,-8.4993,-9.0068,0.4443,179.11
24.836,1787662969881,-8.4996,-9.0085,0.4445,179.32
24.936,1787662969982,-8.4992,-9.0100,0.4447,179.52
25.037,1787662970082,-8.4980,-9.0114,0.4450,179.72
25.137,1787662970182,-8.4973,-9.0121,0.4454,179.83
25.237,1787662970282,-8.4969,-9.0129,0.4465,179.96
25.337,1787662970382,-8.4979,-9.0136,0.4482,-179.95
25.437,1787662970482,-8.5004,-9.0140,0.4502,-179.89
25.537,1787662970582,-8.5057,-9.0142,0.4531,-179.86
25.637,1787662970682,-8.5132,-9.0143,0.4562,-179.86
25.737,1787662970782,-8.5243,-9.0141,0.4596,-179.88
25.837,1787662970883,-8.5373,-9.0138,0.4628,-179.91
25.938,1787662970983,-8.5541,-9.0134,0.4663,-179.96
26.038,1787662971083,-8.5728,-9.0128,0.4696,179.99
26.138,1787662971183,-8.5952,-9.0122,0.4731,179.93
26.238,1787662971283,-8.6144,-9.0116,0.4756,179.88
26.338,1787662971384,-8.6342,-9.0109,0.4780,179.84
26.439,1787662971484,-8.6545,-9.0103,0.4803,179.80
26.539,1787662971584,-8.6738,-9.0097,0.4822,179.77
26.639,1787662971684,-8.6955,-9.0091,0.4842,179.74
26.739,1787662971784,-8.7122,-9.0086,0.4857,179.73
26.839,1787662971884,-8.7322,-9.0080,0.4873,179.72
26.939,1787662971984,-8.7528,-9.0074,0.4889,179.72
27.039,1787662972084,-8.7726,-9.0068,0.4903,179.73
27.139,1787662972184,-8.7904,-9.0063,0.4915,179.74
27.240,1787662972285,-8.8083,-9.0058,0.4926,179.76
27.340,1787662972385,-8.8224,-9.0054,0.4935,179.77
27.440,1787662972485,-8.8382,-9.0049,0.4944,179.79
27.540,1787662972585,-8.8535,-9.0044,0.4953,179.82
27.640,1787662972685,-8.8646,-9.0041,0.4960,179.83
27.740,1787662972785,-8.8762,-9.0037,0.4966,179.85
27.841,1787662972887,-8.8872,-9.0033,0.4972,179.87
27.942,1787662972987,-8.8959,-9.0030,0.4977,179.88
28.042,1787662973087,-8.9036,-9.0027,0.4981,179.89
28.142,1787662973187,-8.9104,-9.0024,0.4985,179.90
28.242,1787662973287,-8.9166,-9.0022,0.4989,179.91
28.342,1787662973388,-8.9219,-9.0019,0.4993,179.91
28.443,1787662973488,-8.9267,-9.0017,0.4997,179.92
28.543,1787662973588,-8.9299,-9.0014,0.5000,179.92
28.643,1787662973688,-8.9327,-9.0012,0.5004,179.92
28.743,1787662973788,-8.9342,-9.0011,0.5006,179.93
28.843,1787662973888,-8.9354,-9.0009,0.5009,179.93
28.943,1787662973988,-8.9363,-9.0007,0.5012,179.93
29.043,1787662974088,-8.9366,-9.0005,0.5015,179.93
29.143,1787662974188,-8.9364,-9.0004,0.5018,179.92
29.243,1787662974289,-8.9358,-9.0003,0.5021,179.92
29.344,1787662974389,-8.9347,-9.0002,0.5023,179.92
29.444,1787662974489,-8.9334,-9.0001,0.5026,179.92
29.544,1787662974590,-8.9318,-8.9999,0.5028,179.91
29.645,1787662974690,-8.9305,-8.9998,0.5030,179.91
29.745,1787662974790,-8.9289,-8.9997,0.5032,179.91
29.845,1787662974890,-8.9270,-8.9996,0.5034,179.91
29.945,1787662974990,-8.9249,-8.9996,0.5037,179.91
30.045,1787662975090,-8.9227,-8.9995,0.5039,179.92
30.145,1787662975190,-8.9208,-8.9995,0.5041,179.92
30.245,1787662975290,-8.9187,-8.9995,0.5043,179.92
30.346,1787662975391,-8.9164,-8.9994,0.5046,179.92
30.446,1787662975491,-8.9142,-8.9994,0.5048,179.92
30.546,1787662975591,-8.9124,-8.9993,0.5050,179.92
30.646,1787662975691,-8.9105,-8.9993,0.5052,179.93
30.746,1787662975791,-8.9090,-8.9993,0.5054,179.93
30.846,1787662975892,-8.9073,-8.9992,0.5056,179.93
30.947,1787662975992,-8.9060,-8.9992,0.5058,179.93
31.047,1787662976092,-8.9046,-8.9992,0.5059,179.93
31.147,1787662976192,-8.9034,-8.9992,0.5061,179.93
31.247,1787662976292,-8.9024,-8.9992,0.5062,179.93
31.347,1787662976392,-8.9013,-8.9992,0.5064,179.93
31.447,1787662976492,-8.9004,-8.9992,0.5065,179.94
31.547,1787662976592,-8.8996,-8.9992,0.5067,179.94
31.647,1787662976692,-8.8990,-8.9992,0.5068,179.94
31.747,1787662976793,-8.8984,-8.9993,0.5070,179.94
31.848,1787662976893,-8.8980,-8.9993,0.5071,179.94
31.948,1787662976993,-8.8977,-8.9994,0.5072,179.94
32.048,1787662977093,-8.8973,-8.9994,0.5074,179.94
32.148,1787662977193,-8.8970,-8.9995,0.5075,179.94
32.249,1787662977294,-8.8969,-8.9996,0.5076,179.95
32.349,1787662977394,-8.8967,-8.9996,0.5077,179.95
32.449,1787662977494,-8.8966,-8.9997,0.5077,179.95
32.549,1787662977594,-8.8966,-8.9998,0.5078,179.95
32.649,1787662977694,-8.8966,-8.9999,0.5079,179.95
32.749,1787662977794,-8.8965,-8.9999,0.5080,179.95
32.849,1787662977894,-8.8965,-9.0000,0.5081,179.95
32.950,1787662977995,-8.8966,-9.0001,0.5081,179.95
33.050,1787662978095,-8.8966,-9.0002,0.5082,179.95
33.150,1787662978195,-8.8967,-9.0003,0.5083,179.95
33.250,1787662978295,-8.8967,-9.0003,0.5084,179.95
33.350,1787662978395,-8.8967,-9.0004,0.5084,179.95
33.450,1787662978495,-8.8968,-9.0005,0.5085,179.95
33.550,1787662978595,-8.8968,-9.0006,0.5085,179.95
33.650,1787662978696,-8.8968,-9.0006,0.5086,179.96
33.751,1787662978796,-8.8969,-9.0007,0.5086,179.96
33.851,1787662978896,-8.8969,-9.0008,0.5087,179.96
33.951,1787662978996,-8.8969,-9.0009,0.5087,179.96
34.051,1787662979096,-8.8970,-9.0009,0.5088,179.96
34.151,1787662979196,-8.8970,-9.0010,0.5088,179.96
34.251,1787662979296,-8.8970,-9.0011,0.5088,179.96
34.352,1787662979397,-8.8971,-9.0012,0.5089,179.96
34.452,1787662979497,-8.8971,-9.0013,0.5089,179.96
34.552,1787662979597,-8.8972,-9.0014,0.5089,179.95
34.652,1787662979697,-8.8972,-9.0015,0.5089,179.96
34.752,1787662979797,-8.8973,-9.0016,0.5089,179.96
34.852,1787662979897,-8.8973,-9.0017,0.5089,179.96
34.952,1787662979998,-8.8974,-9.0018,0.5090,179.96
35.053,1787662980098,-8.8974,-9.0018,0.5090,179.96
35.153,1787662980198,-8.8975,-9.0019,0.5091,179.96
35.253,1787662980298,-8.8975,-9.0020,0.5091,179.96
35.353,1787662980398,-8.8976,-9.0028,0.5092,179.96
35.453,1787662980498,-8.8977,-9.0046,0.5093,179.96
35.553,1787662980598,-8.8977,-9.0057,0.5094,179.96
35.653,1787662980698,-8.8977,-9.0060,0.5096,179.97
35.753,1787662980798,-8.8976,-9.0048,0.5098,179.97
35.853,1787662980899,-8.8975,-9.0016,0.5100,179.97
35.954,1787662980999,-8.8974,-8.9955,0.5103,179.97
36.054,1787662981099,-8.8973,-8.9870,0.5105,179.97
36.154,1787662981199,-8.8972,-8.9778,0.5108,179.97
36.254,1787662981299,-8.8971,-8.9630,0.5110,179.97
36.354,1787662981399,-8.8970,-8.9468,0.5112,179.97
36.454,1787662981499,-8.8969,-8.9290,0.5113,179.97
36.554,1787662981599,-8.8968,-8.9087,0.5115,179.97
36.654,1787662981699,-8.8967,-8.8812,0.5116,179.97
36.754,1787662981800,-8.8965,-8.8502,0.5117,179.97
36.855,1787662981900,-8.8964,-8.8173,0.5117,179.97
36.955,1787662982000,-8.8963,-8.7812,0.5118,179.97
37.055,1787662982100,-8.8962,-8.7486,0.5117,179.97
37.155,1787662982200,-8.8960,-8.7069,0.5117,179.97
37.255,1787662982300,-8.8959,-8.6700,0.5116,179.97
37.355,1787662982400,-8.8958,-8.6260,0.5115,179.97
37.455,1787662982500,-8.8957,-8.5714,0.5113,179.97
37.555,1787662982600,-8.8956,-8.5224,0.5112,179.97
37.655,1787662982700,-8.8955,-8.4713,0.5110,179.97
37.755,1787662982801,-8.8955,-8.4184,0.5108,179.97
37.856,1787662982901,-8.8954,-8.3735,0.5106,179.97
37.956,1787662983001,-8.8954,-8.3144,0.5104,179.97
38.056,1787662983101,-8.8953,-8.2471,0.5101,179.97
38.156,1787662983201,-8.8953,-8.1886,0.5100,179.97
38.256,1787662983301,-8.8953,-8.1360,0.5098,179.97
38.356,1787662983401,-8.8953,-8.0898,0.5097,179.97
38.457,1787662983502,-8.8953,-8.0325,0.5096,179.97
38.557,1787662983602,-8.8953,-7.9713,0.5094,179.97
38.657,1787662983702,-8.8953,-7.9057,0.5093,179.97
38.757,1787662983802,-8.8953,-7.8431,0.5092,179.97
38.857,1787662983902,-8.8954,-7.7837,0.5092,179.98
38.957,1787662984002,-8.8954,-7.7201,0.5091,179.98
39.057,1787662984102,-8.8955,-7.6562,0.5091,179.98
39.157,1787662984202,-8.8955,-7.6034,0.5091,179.98
39.257,1787662984303,-8.8956,-7.5354,0.5090,179.98
39.358,1787662984403,-8.8957,-7.4674,0.5090,179.98
39.458,1787662984503,-8.8957,-7.4069,0.5090,179.98
39.558,1787662984603,-8.8958,-7.3501,0.5090,179.98
39.658,1787662984703,-8.8959,-7.2858,0.5090,179.98
39.758,1787662984803,-8.8959,-7.2216,0.5090,179.97
39.858,1787662984903,-8.8960,-7.1613,0.5090,179.98
39.958,1787662985003,-8.8960,-7.1011,0.5090,179.98
40.059,1787662985104,-8.8960,-7.0410,0.5091,179.98
40.159,1787662985204,-8.8961,-6.9809,0.5090,179.98
40.259,1787662985304,-8.8961,-6.9170,0.5090,179.98
40.359,1787662985404,-8.8961,-6.8610,0.5090,179.98
40.459,1787662985504,-8.8961,-6.7903,0.5090,179.98
40.559,1787662985604,-8.8961,-6.7272,0.5090,179.98
40.659,1787662985704,-8.8962,-6.6680,0.5090,179.98
40.759,1787662985805,-8.8962,-6.5976,0.5090,179.98
40.860,1787662985905,-8.8962,-6.5273,0.5090,179.98
40.960,1787662986006,-8.8962,-6.4574,0.5090,179.98
41.061,1787662986106,-8.8962,-6.4062,0.5090,179.98
41.161,1787662986206,-8.8962,-6.3478,0.5090,179.98
41.261,1787662986306,-8.8962,-6.2861,0.5089,179.98
41.361,1787662986406,-8.8962,-6.2249,0.5089,179.98
41.461,1787662986506,-8.8963,-6.1605,0.5089,179.98
41.561,1787662986606,-8.8963,-6.0964,0.5089,179.98
41.661,1787662986706,-8.8963,-6.0396,0.5089,179.98
41.761,1787662986807,-8.8964,-5.9794,0.5089,179.98
41.862,1787662986907,-8.8964,-5.9194,0.5088,179.98
41.962,1787662987007,-8.8964,-5.8703,0.5088,179.98
42.062,1787662987107,-8.8964,-5.8146,0.5088,179.98
42.162,1787662987207,-8.8964,-5.7590,0.5088,179.98
42.262,1787662987307,-8.8965,-5.6967,0.5088,179.98
42.362,1787662987407,-8.8966,-5.6378,0.5088,179.98
42.462,1787662987507,-8.8966,-5.5682,0.5089,179.99
42.562,1787662987607,-8.8967,-5.5056,0.5089,179.99
42.662,1787662987708,-8.8968,-5.4396,0.5089,179.99
42.763,1787662987808,-8.8968,-5.3770,0.5088,179.99
42.863,1787662987908,-8.8969,-5.3077,0.5088,179.99
42.963,1787662988008,-8.8970,-5.2525,0.5088,179.99
43.063,1787662988108,-8.8971,-5.1873,0.5088,179.99
43.163,1787662988208,-8.8972,-5.1226,0.5088,179.99
43.263,1787662988308,-8.8973,-5.0647,0.5087,179.99
43.363,1787662988408,-8.8974,-5.0105,0.5088,179.99
43.463,1787662988508,-8.8975,-4.9463,0.5088,179.99
43.563,1787662988608,-8.8975,-4.8891,0.5088,179.99
43.663,1787662988709,-8.8976,-4.8319,0.5089,179.99
43.764,1787662988809,-8.8977,-4.7718,0.5090,179.99
43.864,1787662988909,-8.8978,-4.7185,0.5090,179.99
43.964,1787662989009,-8.8979,-4.6588,0.5091,179.99
44.064,1787662989109,-8.8980,-4.5991,0.5092,179.99
44.164,1787662989209,-8.8981,-4.5359,0.5093,179.99
44.264,1787662989309,-8.8982,-4.4760,0.5093,179.99
44.364,1787662989409,-8.8982,-4.4260,0.5094,179.99
44.464,1787662989509,-8.8983,-4.3696,0.5094,179.99
44.564,1787662989610,-8.8984,-4.3101,0.5095,180.00
44.665,1787662989710,-8.8985,-4.2506,0.5095,180.00
44.765,1787662989810,-8.8986,-4.1975,0.5095,180.00
44.865,1787662989910,-8.8987,-4.1280,0.5095,180.00
44.965,1787662990010,-8.8987,-4.0718,0.5095,180.00
45.065,1787662990110,-8.8988,-4.0122,0.5095,180.00
45.165,1787662990210,-8.8988,-3.9558,0.5095,180.00
45.265,1787662990310,-8.8989,-3.9028,0.5095,180.00
45.365,1787662990410,-8.8989,-3.8432,0.5095,180.00
45.465,1787662990510,-8.8989,-3.7869,0.5094,180.00
45.565,1787662990611,-8.8989,-3.7206,0.5094,180.00
45.666,1787662990711,-8.8989,-3.6708,0.5093,180.00
45.766,1787662990811,-8.8988,-3.6177,0.5093,180.00
45.866,1787662990911,-8.8988,-3.5513,0.5093,180.00
45.966,1787662991011,-8.8988,-3.4949,0.5092,180.00
46.066,1787662991111,-8.8988,-3.4416,0.5092,180.00
46.166,1787662991211,-8.8987,-3.3781,0.5092,180.00
46.266,1787662991311,-8.8987,-3.3213,0.5092,180.00
46.366,1787662991411,-8.8986,-3.2679,0.5092,180.00
46.467,1787662991512,-8.8986,-3.2179,0.5092,179.99
46.567,1787662991612,-8.8986,-3.1478,0.5092,179.99
46.667,1787662991712,-8.8985,-3.1009,0.5092,179.99
46.767,1787662991812,-8.8985,-3.0405,0.5092,179.99
46.867,1787662991912,-8.8984,-2.9766,0.5092,179.99
46.967,1787662992012,-8.8983,-2.9159,0.5093,179.99
47.067,1787662992112,-8.8983,-2.8586,0.5093,179.99
47.167,1787662992212,-8.8982,-2.8079,0.5093,179.99
47.267,1787662992312,-8.8982,-2.7641,0.5093,179.99
47.368,1787662992413,-8.8981,-2.7039,0.5093,179.99
47.468,1787662992513,-8.8980,-2.6437,0.5093,179.99
47.568,1787662992613,-8.8979,-2.5865,0.5094,179.99
47.668,1787662992713,-8.8979,-2.5222,0.5094,179.99
47.768,1787662992813,-8.8978,-2.4608,0.5095,179.99
47.868,1787662992913,-8.8977,-2.4266,0.5095,180.00
47.968,1787662993013,-8.8976,-2.3549,0.5095,180.00
48.068,1787662993114,-8.8976,-2.2933,0.5095,180.00
48.169,1787662993214,-8.8976,-2.2556,0.5096,180.00
48.269,1787662993314,-8.8975,-2.1973,0.5096,180.00
48.369,1787662993414,-8.8975,-2.1388,0.5096,180.00
48.469,1787662993514,-8.8974,-2.0767,0.5096,180.00
48.569,1787662993614,-8.8974,-2.0177,0.5096,180.00
48.669,1787662993714,-8.8973,-1.9550,0.5096,180.00
48.769,1787662993814,-8.8973,-1.8957,0.5095,180.00
48.869,1787662993915,-8.8973,-1.8362,0.5095,180.00
48.970,1787662994015,-8.8973,-1.7661,0.5095,180.00
49.070,1787662994115,-8.8973,-1.7170,0.5094,180.00
49.170,1787662994215,-8.8972,-1.6575,0.5094,180.00
49.270,1787662994315,-8.8972,-1.5873,0.5094,180.00
49.370,1787662994415,-8.8972,-1.5275,0.5093,180.00
49.470,1787662994515,-8.8972,-1.4605,0.5093,180.00
49.570,1787662994615,-8.8971,-1.3971,0.5093,180.00
49.670,1787662994715,-8.8971,-1.3303,0.5093,180.00
49.770,1787662994815,-8.8970,-1.2847,0.5093,180.00
49.870,1787662994916,-8.8970,-1.2218,0.5093,180.00
49.971,1787662995016,-8.8970,-1.1593,0.5093,180.00
50.071,1787662995116,-8.8969,-1.0899,0.5093,180.00
50.171,1787662995216,-8.8969,-1.0310,0.5094,180.00
50.271,1787662995316,-8.8968,-0.9722,0.5094,180.00
50.371,1787662995416,-8.8968,-0.9240,0.5094,180.00
50.471,1787662995516,-8.8967,-0.8622,0.5094,180.00
50.571,1787662995616,-8.8967,-0.8007,0.5094,180.00
50.671,1787662995716,-8.8966,-0.7392,0.5094,180.00
50.771,1787662995816,-8.8966,-0.6778,0.5095,180.00
50.872,1787662995917,-8.8965,-0.6162,0.5095,180.00
50.972,1787662996017,-8.8965,-0.5411,0.5095,180.00
51.072,1787662996117,-8.8964,-0.4763,0.5095,180.00
51.172,1787662996217,-8.8964,-0.4186,0.5095,180.00
51.272,1787662996317,-8.8964,-0.3577,0.5095,180.00
51.372,1787662996417,-8.8964,-0.2970,0.5094,180.00
51.472,1787662996517,-8.8964,-0.2432,0.5094,180.00
51.572,1787662996617,-8.8964,-0.1830,0.5094,180.00
51.672,1787662996717,-8.8964,-0.1195,0.5094,180.00
51.772,1787662996818,-8.8964,-0.0593,0.5094,180.00
51.873,1787662996918,-8.8964,-0.0059,0.5094,180.00
51.973,1787662997018,-8.8964,0.0541,0.5094,180.00
52.073,1787662997118,-8.8964,0.1172,0.5094,180.00
52.173,1787662997218,-8.8964,0.1701,0.5094,180.00
52.273,1787662997318,-8.8965,0.2361,0.5094,180.00
52.373,1787662997418,-8.8965,0.2955,0.5095,180.00
52.473,1787662997518,-8.8965,0.3615,0.5095,180.00
52.573,1787662997618,-8.8965,0.3912,0.5095,180.00
52.673,1787662997718,-8.8965,0.4602,0.5096,180.00
52.774,1787662997819,-8.8965,0.5160,0.5096,180.00
52.874,1787662997919,-8.8966,0.5654,0.5097,180.00
52.974,1787662998019,-8.8966,0.6214,0.5097,180.00
53.074,1787662998119,-8.8965,0.6840,0.5098,180.00
53.174,1787662998219,-8.8965,0.7435,0.5098,180.00
53.274,1787662998319,-8.8965,0.7999,0.5098,180.00
53.374,1787662998419,-8.8965,0.8564,0.5099,180.00
53.474,1787662998520,-8.8965,0.9194,0.5099,180.00
53.575,1787662998620,-8.8966,0.9759,0.5099,180.00
53.675,1787662998720,-8.8966,1.0392,0.5099,179.99
53.775,1787662998820,-8.8966,1.0961,0.5100,179.99
53.875,1787662998920,-8.8966,1.1530,0.5100,179.99
53.975,1787662999020,-8.8966,1.2066,0.5100,179.99
54.075,1787662999120,-8.8967,1.2636,0.5100,179.99
54.175,1787662999220,-8.8967,1.3172,0.5100,179.99
54.275,1787662999321,-8.8967,1.3743,0.5100,180.00
54.376,1787662999421,-8.8968,1.4450,0.5100,180.00
54.476,1787662999521,-8.8968,1.4988,0.5100,180.00
54.576,1787662999621,-8.8969,1.5596,0.5101,180.00
54.676,1787662999721,-8.8969,1.6240,0.5101,180.00
54.776,1787662999821,-8.8969,1.6817,0.5101,180.00
54.876,1787662999921,-8.8970,1.7361,0.5101,180.00
54.976,1787663000022,-8.8970,1.7972,0.5102,180.00
55.077,1787663000122,-8.8970,1.8413,0.5102,180.00
55.177,1787663000222,-8.8971,1.8988,0.5102,179.99
55.277,1787663000322,-8.8971,1.9596,0.5102,179.99
55.377,1787663000422,-8.8972,2.0138,0.5102,179.99
55.477,1787663000522,-8.8972,2.0715,0.5102,179.99
55.577,1787663000622,-8.8972,2.1363,0.5103,179.99
55.677,1787663000722,-8.8971,2.2082,0.5103,179.99
55.777,1787663000822,-8.8971,2.2630,0.5103,179.99
55.877,1787663000923,-8.8971,2.3178,0.5102,179.99
55.978,1787663001023,-8.8971,2.3828,0.5102,179.99
56.078,1787663001123,-8.8970,2.4342,0.5102,179.99
56.178,1787663001223,-8.8970,2.4855,0.5102,179.99
56.278,1787663001323,-8.8970,2.5402,0.5102,179.99
56.378,1787663001423,-8.8970,2.6120,0.5101,179.99
56.478,1787663001523,-8.8970,2.6737,0.5101,179.99
56.578,1787663001623,-8.8970,2.7323,0.5101,179.99
56.678,1787663001723,-8.8970,2.7979,0.5100,179.99
56.778,1787663001824,-8.8971,2.8531,0.5100,179.98
56.879,1787663001924,-8.8971,2.9082,0.5100,179.98
56.979,1787663002024,-8.8972,2.9734,0.5101,179.98
57.079,1787663002124,-8.8973,3.0216,0.5101,179.98
57.179,1787663002224,-8.8973,3.0867,0.5101,179.98
57.279,1787663002324,-8.8974,3.1553,0.5102,179.98
57.379,1787663002424,-8.8975,3.2137,0.5102,179.98
57.479,1787663002524,-8.8976,3.2721,0.5103,179.98
57.579,1787663002624,-8.8977,3.3304,0.5103,179.98
57.679,1787663002725,-8.8978,3.3920,0.5104,179.98
57.780,1787663002825,-8.8978,3.4534,0.5104,179.98
57.880,1787663002925,-8.8979,3.5079,0.5104,179.99
57.980,1787663003025,-8.8980,3.5691,0.5104,179.99
58.080,1787663003125,-8.8980,3.6168,0.5105,179.99
58.180,1787663003225,-8.8981,3.6745,0.5105,179.99
58.280,1787663003325,-8.8982,3.7285,0.5105,179.99
58.381,1787663003426,-8.8983,3.7723,0.5105,179.99
58.481,1787663003526,-8.8983,3.8331,0.5105,179.99
58.581,1787663003626,-8.8984,3.8940,0.5105,179.99
58.681,1787663003726,-8.8984,3.9588,0.5104,179.99
58.781,1787663003826,-8.8985,4.0032,0.5104,179.99
58.881,1787663003926,-8.8985,4.0611,0.5104,179.99
58.981,1787663004026,-8.8986,4.1193,0.5103,179.99
59.081,1787663004126,-8.8986,4.1708,0.5103,179.99
59.182,1787663004227,-8.8987,4.2257,0.5103,179.99
59.282,1787663004327,-8.8987,4.2842,0.5102,179.99
59.382,1787663004427,-8.8988,4.3467,0.5102,179.99
59.482,1787663004527,-8.8989,4.4094,0.5101,179.99
59.582,1787663004627,-8.8990,4.4688,0.5101,179.99
59.682,1787663004727,-8.8990,4.5319,0.5100,179.99
59.782,1787663004828,-8.8991,4.5916,0.5100,179.99
59.883,1787663004928,-8.8992,4.6513,0.5099,179.99
59.983,1787663005028,-8.8993,4.7181,0.5099,179.99
60.083,1787663005128,-8.8993,4.7742,0.5098,179.99
60.183,1787663005228,-8.8995,4.8303,0.5098,179.99
60.283,1787663005329,-8.8995,4.8934,0.5097,179.99
60.384,1787663005429,-8.8996,4.9355,0.5097,179.99
60.484,1787663005529,-8.8997,4.9883,0.5096,179.99
60.584,1787663005629,-8.8998,5.0480,0.5096,179.99
60.684,1787663005729,-8.9000,5.1253,0.5096,179.99
60.784,1787663005829,-8.9001,5.1747,0.5095,180.00
60.884,1787663005929,-8.9002,5.2382,0.5095,180.00
60.984,1787663006029,-8.9004,5.3054,0.5095,180.00
61.084,1787663006129,-8.9005,5.3584,0.5095,180.00
61.184,1787663006229,-8.9006,5.4255,0.5094,180.00
61.285,1787663006330,-8.9007,5.4925,0.5094,180.00
61.385,1787663006430,-8.9008,5.5524,0.5094,180.00
61.485,1787663006530,-8.9009,5.6156,0.5094,180.00
61.585,1787663006630,-8.9010,5.6753,0.5093,180.00
61.685,1787663006730,-8.9011,5.7419,0.5093,180.00
61.786,1787663006831,-8.9011,5.7873,0.5093,180.00
61.886,1787663006931,-8.9012,5.8498,0.5093,180.00
61.986,1787663007031,-8.9013,5.9086,0.5093,180.00
62.086,1787663007131,-8.9013,5.9675,0.5093,179.99
62.186,1787663007231,-8.9013,6.0333,0.5093,179.99
62.286,1787663007331,-8.9013,6.0989,0.5093,179.99
62.386,1787663007431,-8.9013,6.1577,0.5093,179.99
62.487,1787663007532,-8.9013,6.2231,0.5094,179.99
62.587,1787663007632,-8.9013,6.2851,0.5094,179.99
62.687,1787663007732,-8.9013,6.3536,0.5094,179.99
62.787,1787663007832,-8.9013,6.4083,0.5095,179.99
62.887,1787663007932,-8.9013,6.4695,0.5095,179.99
62.987,1787663008032,-8.9013,6.5337,0.5096,179.99
63.087,1787663008132,-8.9014,6.5877,0.5096,179.99
63.187,1787663008232,-8.9014,6.6449,0.5096,179.99
63.288,1787663008333,-8.9014,6.7054,0.5097,179.99
63.388,1787663008433,-8.9015,6.7623,0.5097,180.00
63.488,1787663008533,-8.9015,6.8257,0.5098,180.00
63.588,1787663008633,-8.9016,6.8755,0.5098,180.00
63.688,1787663008733,-8.9016,6.9420,0.5098,180.00
63.788,1787663008833,-8.9017,7.0085,0.5099,180.00
63.889,1787663008934,-8.9018,7.0683,0.5099,180.00
63.989,1787663009034,-8.9018,7.1149,0.5099,180.00
64.089,1787663009134,-8.9019,7.1646,0.5100,180.00
64.189,1787663009234,-8.9019,7.2208,0.5100,180.00
64.289,1787663009334,-8.9019,7.2803,0.5100,180.00
64.389,1787663009435,-8.9020,7.3398,0.5100,180.00
64.490,1787663009535,-8.9020,7.4029,0.5100,180.00
64.590,1787663009635,-8.9020,7.4661,0.5100,180.00
64.690,1787663009735,-8.9020,7.5294,0.5099,180.00
64.790,1787663009835,-8.9020,7.5795,0.5099,180.00
64.890,1787663009935,-8.9020,7.6262,0.5099,180.00
64.990,1787663010035,-8.9019,7.6997,0.5099,180.00
65.090,1787663010135,-8.9019,7.7364,0.5099,180.00
65.190,1787663010236,-8.9019,7.7931,0.5099,180.00
65.291,1787663010336,-8.9018,7.8598,0.5098,180.00
65.391,1787663010436,-8.9017,7.9302,0.5098,180.00
65.491,1787663010536,-8.9016,7.9773,0.5098,180.00
65.591,1787663010636,-8.9015,8.0380,0.5097,180.00
65.691,1787663010736,-8.9014,8.0954,0.5097,180.00
65.791,1787663010836,-8.9013,8.1564,0.5097,180.00
65.891,1787663010936,-8.9013,8.2111,0.5096,180.00
65.991,1787663011036,-8.9012,8.2735,0.5095,180.00
66.091,1787663011137,-8.9011,8.3291,0.5094,180.00
66.192,1787663011237,-8.9010,8.3944,0.5094,180.00
66.292,1787663011337,-8.9009,8.4549,0.5093,180.00
66.392,1787663011437,-8.9009,8.5165,0.5093,180.00
66.492,1787663011537,-8.9008,8.5695,0.5093,180.00
66.592,1787663011637,-8.9008,8.6260,0.5093,179.99
66.692,1787663011737,-8.9007,8.6792,0.5094,179.99
66.792,1787663011837,-8.9007,8.7266,0.5094,180.00
66.892,1787663011937,-8.9006,8.7612,0.5095,180.00
66.992,1787663012037,-8.9006,8.7938,0.5095,180.00
67.092,1787663012138,-8.9006,8.8368,0.5095,180.00
67.193,1787663012238,-8.9005,8.8625,0.5095,180.00
67.293,1787663012338,-8.9005,8.8951,0.5095,180.00
67.393,1787663012438,-8.9004,8.9258,0.5094,180.00
67.493,1787663012538,-8.9003,8.9502,0.5093,180.00
67.594,1787663012639,-8.9003,8.9740,0.5092,180.00
67.694,1787663012739,-8.9002,8.9924,0.5091,180.00
67.794,1787663012839,-8.9001,9.0081,0.5090,180.00
67.894,1787663012939,-8.9000,9.0222,0.5089,-180.00
67.994,1787663013039,-8.9000,9.0336,0.5088,-180.00
68.094,1787663013139,-8.8999,9.0408,0.5087,-180.00
68.194,1787663013240,-8.8999,9.0481,0.5086,-179.99
68.295,1787663013340,-8.8998,9.0528,0.5085,-179.99
68.395,1787663013440,-8.8998,9.0561,0.5084,-179.99
68.495,1787663013540,-8.8998,9.0581,0.5083,-179.99
68.595,1787663013640,-8.8997,9.0587,0.5083,-179.99
68.695,1787663013740,-8.8997,9.0581,0.5082,-179.99
68.795,1787663013840,-8.8996,9.0565,0.5082,-179.99
68.895,1787663013940,-8.8996,9.0539,0.5082,-179.99
68.995,1787663014040,-8.8995,9.0506,0.5082,-179.99
69.095,1787663014140,-8.8995,9.0469,0.5082,-179.99
69.195,1787663014241,-8.8995,9.0407,0.5083,-179.99
69.296,1787663014341,-8.8994,9.0361,0.5084,-180.00
69.396,1787663014441,-8.8994,9.0314,0.5084,180.00
69.496,1787663014541,-8.8994,9.0262,0.5085,180.00
69.596,1787663014641,-8.8993,9.0216,0.5086,179.99
69.696,1787663014741,-8.8993,9.0162,0.5086,179.99
69.796,1787663014841,-8.8992,9.0101,0.5087,179.99
69.896,1787663014941,-8.8992,9.0048,0.5088,179.99
69.996,1787663015041,-8.8992,8.9998,0.5089,179.99
70.097,1787663015142,-8.8991,8.9952,0.5089,179.99
70.197,1787663015242,-8.8991,8.9905,0.5090,179.99
70.297,1787663015342,-8.8991,8.9865,0.5091,179.99
70.397,1787663015442,-8.8991,8.9822,0.5091,179.99
70.498,1787663015543,-8.8990,8.9782,0.5092,179.99
70.598,1787663015643,-8.8991,8.9739,0.5093,179.99
70.698,1787663015743,-8.8991,8.9718,0.5094,180.00
70.798,1787663015843,-8.8991,8.9690,0.5094,180.00
70.898,1787663015943,-8.8992,8.9665,0.5095,180.00
70.998,1787663016043,-8.8992,8.9643,0.5096,180.00
71.098,1787663016143,-8.8993,8.9622,0.5097,180.00
71.198,1787663016243,-8.8994,8.9601,0.5097,180.00
71.298,1787663016344,-8.8995,8.9587,0.5098,180.00
71.399,1787663016444,-8.8996,8.9574,0.5098,180.00
71.499,1787663016544,-8.8998,8.9561,0.5099,180.00
71.599,1787663016644,-8.8999,8.9552,0.5099,180.00
71.699,1787663016744,-8.9001,8.9544,0.5099,180.00
71.799,1787663016844,-8.9003,8.9539,0.5099,180.00
71.899,1787663016944,-8.9004,8.9535,0.5100,180.00
71.999,1787663017044,-8.9006,8.9533,0.5100,180.00
72.099,1787663017144,-8.9007,8.9531,0.5100,180.00
72.199,1787663017245,-8.9008,8.9530,0.5100,180.00
72.300,1787663017345,-8.9010,8.9531,0.5100,180.00
72.400,1787663017445,-8.9011,8.9534,0.5101,180.00
72.500,1787663017545,-8.9012,8.9536,0.5101,180.00
72.600,1787663017645,-8.9013,8.9540,0.5101,180.00
72.700,1787663017745,-8.9013,8.9544,0.5101,180.00
72.800,1787663017845,-8.9014,8.9549,0.5102,180.00
72.900,1787663017945,-8.9015,8.9553,0.5102,180.00
73.000,1787663018045,-8.9015,8.9559,0.5102,180.00
73.100,1787663018146,-8.9016,8.9564,0.5101,180.00
73.201,1787663018246,-8.9017,8.9571,0.5101,180.00
73.301,1787663018346,-8.9017,8.9577,0.5101,179.99
73.401,1787663018446,-8.9018,8.9583,0.5101,179.99
73.501,1787663018546,-8.9018,8.9590,0.5101,179.99
73.601,1787663018646,-8.9018,8.9597,0.5101,179.99
73.701,1787663018746,-8.9019,8.9604,0.5100,179.99
73.801,1787663018846,-8.9019,8.9612,0.5100,179.99
73.901,1787663018946,-8.9020,8.9620,0.5100,179.99
74.001,1787663019046,-8.9020,8.9627,0.5100,179.99
74.102,1787663019147,-8.9020,8.9632,0.5100,179.99
74.202,1787663019247,-8.9020,8.9638,0.5100,179.99
74.302,1787663019347,-8.9020,8.9645,0.5100,179.99
74.402,1787663019447,-8.9020,8.9652,0.5100,179.99
74.502,1787663019547,-8.9021,8.9659,0.5100,179.99
74.602,1787663019647,-8.9021,8.9666,0.5100,179.99
74.702,1787663019747,-8.9021,8.9671,0.5100,179.99
74.802,1787663019847,-8.9022,8.9677,0.5100,179.99
74.902,1787663019948,-8.9022,8.9682,0.5100,179.99
75.003,1787663020048,-8.9023,8.9688,0.5099,179.99
75.103,1787663020148,-8.9023,8.9694,0.5099,179.99
75.203,1787663020248,-8.9024,8.9699,0.5099,179.99
75.303,1787663020349,-8.9024,8.9705,0.5098,179.99
75.404,1787663020449,-8.9024,8.9711,0.5098,179.99
75.504,1787663020549,-8.9024,8.9716,0.5098,179.99
75.604,1787663020649,-8.9024,8.9720,0.5097,179.99
75.704,1787663020749,-8.9023,8.9725,0.5097,179.99
75.804,1787663020849,-8.9023,8.9730,0.5097,179.99
75.904,1787663020949,-8.9023,8.9735,0.5096,179.99
76.004,1787663021049,-8.9022,8.9738,0.5096,179.99
76.104,1787663021149,-8.9022,8.9743,0.5096,179.99
76.204,1787663021250,-8.9022,8.9748,0.5096,179.99
76.305,1787663021350,-8.9021,8.9753,0.5095,179.99
76.405,1787663021450,-8.9021,8.9757,0.5095,179.99
76.505,1787663021550,-8.9020,8.9762,0.5096,179.99
76.605,1787663021650,-8.9019,8.9769,0.5100,180.00
76.705,1787663021750,-8.9018,8.9776,0.5110,180.00
76.805,1787663021850,-8.9017,8.9779,0.5131,180.00
76.905,1787663021950,-8.9016,8.9778,0.5157,180.00
77.005,1787663022050,-8.9015,8.9775,0.5196,-180.00
77.105,1787663022151,-8.9013,8.9771,0.5243,-180.00
77.206,1787663022251,-8.9012,8.9766,0.5296,-180.00
77.306,1787663022351,-8.9011,8.9759,0.5367,-180.00
77.406,1787663022451,-8.9010,8.9752,0.5431,-180.00
77.506,1787663022551,-8.9009,8.9745,0.5506,-180.00
77.606,1787663022651,-8.9008,8.9737,0.5588,-180.00
77.706,1787663022751,-8.9006,8.9728,0.5690,-180.00
77.806,1787663022851,-8.9006,8.9719,0.5784,180.00
77.906,1787663022952,-8.9005,8.9710,0.5893,180.00
78.007,1787663023052,-8.9004,8.9702,0.5995,180.00
78.107,1787663023152,-8.9004,8.9693,0.6107,180.00
78.207,1787663023252,-8.9004,8.9685,0.6229,180.00
78.307,1787663023352,-8.9004,8.9677,0.6361,180.00
78.407,1787663023452,-8.9004,8.9671,0.6469,180.00
78.507,1787663023552,-8.9005,8.9665,0.6592,180.00
78.607,1787663023652,-8.9005,8.9659,0.6717,-180.00
78.707,1787663023752,-8.9005,8.9655,0.6838,-180.00
78.807,1787663023853,-8.9006,8.9651,0.6953,-180.00
78.908,1787663023953,-8.9007,8.9649,0.7069,-180.00
79.008,1787663024053,-8.9008,8.9647,0.7187,-180.00
79.108,1787663024153,-8.9008,8.9646,0.7306,-179.99
79.208,1787663024253,-8.9009,8.9645,0.7442,-179.99
79.308,1787663024353,-8.9010,8.9645,0.7556,-179.99
79.409,1787663024454,-8.9010,8.9646,0.7727,-179.99
79.509,1787663024554,-8.9011,8.9647,0.7829,-179.99
79.609,1787663024654,-8.9011,8.9649,0.7947,-179.99
79.709,1787663024754,-8.9011,8.9651,0.8097,-179.99
79.809,1787663024854,-8.9011,8.9653,0.8226,-179.99
79.909,1787663024954,-8.9011,8.9657,0.8362,-180.00
80.009,1787663025054,-8.9011,8.9661,0.8524,-180.00
80.109,1787663025154,-8.9011,8.9664,0.8654,-180.00
80.209,1787663025255,-8.9011,8.9669,0.8801,-180.00
80.310,1787663025355,-8.9010,8.9673,0.8948,-180.00
80.410,1787663025455,-8.9010,8.9679,0.9128,-180.00
80.510,1787663025555,-8.9010,8.9684,0.9251,-180.00
80.610,1787663025655,-8.9010,8.9689,0.9398,-179.99
80.710,1787663025755,-8.9010,8.9693,0.9529,-179.99
80.810,1787663025855,-8.9010,8.9697,0.9668,-179.99
80.911,1787663025956,-8.9010,8.9701,0.9817,-179.99
81.011,1787663026056,-8.9010,8.9706,0.9973,-179.99
81.111,1787663026156,-8.9010,8.9709,1.0097,-179.99
81.211,1787663026256,-8.9010,8.9713,1.0236,-179.99
81.311,1787663026356,-8.9010,8.9718,1.0392,-179.99
81.411,1787663026456,-8.9010,8.9722,1.0531,-180.00
81.511,1787663026556,-8.9010,8.9726,1.0695,-180.00
81.611,1787663026656,-8.9011,8.9730,1.0843,-180.00
81.711,1787663026757,-8.9011,8.9734,1.0997,-180.00
81.812,1787663026857,-8.9011,8.9738,1.1168,-180.00
81.912,1787663026957,-8.9012,8.9742,1.1321,-180.00
82.012,1787663027057,-8.9012,8.9745,1.1466,-180.00
82.112,1787663027157,-8.9012,8.9748,1.1611,-180.00
82.212,1787663027257,-8.9012,8.9751,1.1739,-180.00
82.312,1787663027357,-8.9013,8.9754,1.1859,-180.00
82.412,1787663027457,-8.9013,8.9758,1.2003,-180.00
82.512,1787663027557,-8.9014,8.9761,1.2140,-180.00
82.613,1787663027658,-8.9014,8.9765,1.2302,-180.00
82.713,1787663027758,-8.9014,8.9768,1.2448,-180.00
82.813,1787663027858,-8.9014,8.9772,1.2602,-180.00
82.913,1787663027958,-8.9015,8.9776,1.2740,-179.99
83.013,1787663028058,-8.9015,8.9779,1.2878,-179.99
83.113,1787663028158,-8.9016,8.9783,1.3025,-179.99
83.214,1787663028259,-8.9016,8.9787,1.3171,-179.99
83.314,1787663028359,-8.9017,8.9790,1.3318,-179.99
83.414,1787663028459,-8.9017,8.9793,1.3456,-179.99
83.514,1787663028559,-8.9017,8.9796,1.3595,-179.99
83.614,1787663028659,-8.9018,8.9800,1.3734,-179.99
83.714,1787663028759,-8.9018,8.9802,1.3865,-179.99
83.814,1787663028859,-8.9019,8.9806,1.4021,-179.99
83.914,1787663028959,-8.9020,8.9809,1.4153,-179.99
84.014,1787663029059,-8.9021,8.9812,1.4309,-179.99
84.114,1787663029160,-8.9021,8.9816,1.4450,-179.99
84.215,1787663029260,-8.9022,8.9819,1.4599,-179.99
84.315,1787663029360,-8.9023,8.9821,1.4707,-179.99
84.415,1787663029460,-8.9023,8.9825,1.4890,-179.99
84.515,1787663029560,-8.9024,8.9828,1.5032,-179.99
84.615,1787663029660,-8.9025,8.9831,1.5149,-179.99
84.715,1787663029760,-8.9026,8.9834,1.5291,-179.99
84.815,1787663029860,-8.9027,8.9837,1.5425,-179.99
84.915,1787663029960,-8.9028,8.9840,1.5552,-179.99
85.016,1787663030061,-8.9029,8.9843,1.5722,-179.99
85.116,1787663030161,-8.9031,8.9847,1.5883,-179.99
85.216,1787663030261,-8.9032,8.9850,1.6020,-179.99
85.316,1787663030361,-8.9033,8.9853,1.6156,-179.99
85.416,1787663030461,-8.9034,8.9855,1.6292,-179.99
85.516,1787663030561,-8.9035,8.9859,1.6446,-179.99
85.616,1787663030661,-8.9036,8.9862,1.6592,-179.99
85.716,1787663030761,-8.9037,8.9865,1.6746,-179.99
85.816,1787663030861,-8.9037,8.9868,1.6874,-179.99
85.917,1787663030962,-8.9037,8.9871,1.7020,-179.99
86.017,1787663031062,-8.9038,8.9875,1.7183,-179.99
86.117,1787663031162,-8.9038,8.9878,1.7346,-179.99
86.217,1787663031262,-8.9038,8.9881,1.7509,-179.99
86.317,1787663031362,-8.9038,8.9884,1.7654,-179.99
86.417,1787663031462,-8.9038,8.9888,1.7832,-179.99
86.517,1787663031562,-8.9037,8.9890,1.7934,-179.98
86.617,1787663031663,-8.9037,8.9893,1.8078,-179.98
86.718,1787663031763,-8.9036,8.9897,1.8238,-179.98
86.818,1787663031863,-8.9035,8.9900,1.8391,-179.98
86.918,1787663031963,-8.9035,8.9903,1.8518,-179.98
87.018,1787663032063,-8.9034,8.9906,1.8672,-179.98
87.118,1787663032163,-8.9033,8.9909,1.8809,-179.98
87.218,1787663032263,-8.9032,8.9912,1.8965,-179.99
87.318,1787663032363,-8.9031,8.9915,1.9120,-179.99
87.418,1787663032464,-8.9030,8.9917,1.9249,-179.99
87.519,1787663032564,-8.9029,8.9920,1.9387,-179.99
87.619,1787663032664,-8.9027,8.9924,1.9560,-179.99
87.719,1787663032764,-8.9026,8.9927,1.9731,-179.99
87.819,1787663032864,-8.9025,8.9929,1.9876,-179.99
87.919,1787663032964,-8.9023,8.9932,2.0029,-179.99
88.019,1787663033064,-8.9022,8.9935,2.0189,-179.99
88.119,1787663033164,-8.9020,8.9938,2.0328,-179.99
88.219,1787663033264,-8.9019,8.9941,2.0468,-179.99
88.320,1787663033365,-8.9018,8.9943,2.0599,-179.99
88.420,1787663033465,-8.9016,8.9946,2.0714,-179.99
88.520,1787663033565,-8.9014,8.9949,2.0832,-179.99
88.620,1787663033665,-8.9013,8.9952,2.0934,-179.99
88.720,1787663033765,-8.9011,8.9955,2.1026,-179.99
88.820,1787663033865,-8.9010,8.9956,2.1065,-179.99
88.920,1787663033965,-8.9008,8.9959,2.1146,-179.99
89.020,1787663034065,-8.9006,8.9961,2.1215,-179.99
89.121,1787663034166,-8.9004,8.9964,2.1286,-179.99
89.221,1787663034266,-8.9003,8.9966,2.1346,-179.99
89.321,1787663034367,-8.9001,8.9968,2.1404,-179.99
89.422,1787663034467,-8.9000,8.9969,2.1448,-179.99
89.522,1787663034567,-8.8999,8.9970,2.1486,-179.99
89.622,1787663034667,-8.8998,8.9971,2.1528,-179.99
89.722,1787663034767,-8.8996,8.9972,2.1564,-179.99
89.822,1787663034867,-8.8996,8.9973,2.1595,-179.99
89.922,1787663034967,-8.8995,8.9973,2.1625,-179.99
90.022,1787663035067,-8.8994,8.9974,2.1660,-179.99
90.122,1787663035168,-8.8993,8.9974,2.1683,-179.99
90.223,1787663035268,-8.8993,8.9974,2.1707,-179.99
90.323,1787663035368,-8.8993,8.9974,2.1727,-179.99
90.423,1787663035468,-8.8992,8.9974,2.1744,-179.99
90.523,1787663035568,-8.8991,8.9974,2.1764,-180.00
90.623,1787663035668,-8.8991,8.9974,2.1782,-180.00
90.723,1787663035768,-8.8990,8.9973,2.1798,-180.00
90.823,1787663035868,-8.8989,8.9973,2.1813,-180.00
90.923,1787663035969,-8.8989,8.9972,2.1828,-180.00
91.024,1787663036069,-8.8988,8.9972,2.1839,-180.00
91.124,1787663036169,-8.8987,8.9971,2.1853,-179.99
91.224,1787663036269,-8.8986,8.9971,2.1864,-179.99
91.324,1787663036369,-8.8986,8.9970,2.1874,-179.99
91.424,1787663036469,-8.8985,8.9969,2.1885,-179.99
91.524,1787663036569,-8.8984,8.9969,2.1895,-179.99
91.624,1787663036669,-8.8984,8.9968,2.1905,-179.99
91.724,1787663036769,-8.8983,8.9967,2.1913,-179.99
91.824,1787663036870,-8.8983,8.9967,2.1920,-179.99
91.925,1787663036970,-8.8982,8.9966,2.1929,-179.99
92.025,1787663037070,-8.8982,8.9966,2.1936,-179.99
92.125,1787663037170,-8.8982,8.9966,2.1944,-179.99
92.225,1787663037270,-8.8982,8.9966,2.1951,-179.99
92.325,1787663037370,-8.8982,8.9966,2.1957,-179.99
92.425,1787663037470,-8.8983,8.9966,2.1964,-179.99
92.525,1787663037570,-8.8983,8.9966,2.1970,-179.99
92.625,1787663037671,-8.8984,8.9966,2.1976,-179.99
92.726,1787663037771,-8.8985,8.9966,2.1981,-179.99
92.826,1787663037871,-8.8986,8.9966,2.1986,-179.99
92.926,1787663037971,-8.8987,8.9967,2.1992,-179.99
93.026,1787663038071,-8.8988,8.9967,2.1997,-179.99
93.126,1787663038171,-8.8989,8.9967,2.2001,-179.99
93.226,1787663038271,-8.8990,8.9967,2.2006,-179.99
93.326,1787663038371,-8.8991,8.9967,2.2011,-179.99
93.426,1787663038471,-8.8991,8.9967,2.2013,-179.99
93.526,1787663038571,-8.8993,8.9967,2.2017,-179.99
93.627,1787663038672,-8.8994,8.9968,2.2020,-179.99
93.727,1787663038772,-8.8995,8.9968,2.2024,-179.99
93.827,1787663038872,-8.8996,8.9968,2.2026,-179.99
93.927,1787663038972,-8.8998,8.9968,2.2029,-179.99
94.027,1787663039072,-8.8999,8.9968,2.2031,-179.99
94.127,1787663039172,-8.9000,8.9967,2.2033,-179.99
94.227,1787663039272,-8.9002,8.9967,2.2035,-179.99
94.327,1787663039372,-8.9003,8.9967,2.2037,-179.98
94.427,1787663039473,-8.9005,8.9967,2.2039,-179.98
94.528,1787663039573,-8.9007,8.9967,2.2041,-179.98
94.628,1787663039673,-8.9008,8.9967,2.2043,-179.98
94.728,1787663039773,-8.9009,8.9967,2.2045,-179.98
94.828,1787663039873,-8.9011,8.9967,2.2046,-179.98
94.928,1787663039973,-8.9012,8.9967,2.2048,-179.98
95.028,1787663040073,-8.9014,8.9967,2.2050,-179.98
95.128,1787663040173,-8.9015,8.9967,2.2051,-179.98
95.228,1787663040273,-8.9016,8.9967,2.2052,-179.98
95.328,1787663040374,-8.9018,8.9968,2.2053,-179.98
95.429,1787663040474,-8.9019,8.9968,2.2055,-179.98
95.529,1787663040574,-8.9019,8.9968,2.2056,-179.98
95.629,1787663040674,-8.9020,8.9968,2.2057,-179.98
95.729,1787663040774,-8.9021,8.9969,2.2058,-179.98
95.829,1787663040874,-8.9021,8.9969,2.2059,-179.99
95.929,1787663040974,-8.9021,8.9969,2.2060,-179.99
96.029,1787663041074,-8.9021,8.9970,2.2062,-179.99
96.129,1787663041174,-8.9021,8.9970,2.2063,-179.99
96.230,1787663041275,-8.9021,8.9970,2.2064,-179.98
96.330,1787663041375,-8.9021,8.9970,2.2065,-179.98
96.430,1787663041475,-8.9020,8.9970,2.2066,-179.98
96.530,1787663041575,-8.9020,8.9971,2.2067,-179.98
96.630,1787663041675,-8.9019,8.9971,2.2068,-179.98
96.731,1787663041776,-8.9018,8.9971,2.2070,-179.98
96.831,1787663041876,-8.9017,8.9971,2.2071,-179.98
96.931,1787663041976,-8.9016,8.9971,2.2072,-179.98
97.031,1787663042076,-8.9015,8.9971,2.2074,-179.98
97.131,1787663042176,-8.9015,8.9971,2.2075,-179.98
97.231,1787663042276,-8.9014,8.9971,2.2076,-179.98
97.331,1787663042376,-8.9013,8.9970,2.2077,-179.98
97.431,1787663042476,-8.9012,8.9970,2.2078,-179.98
97.531,1787663042576,-8.9012,8.9969,2.2078,-179.98
97.632,1787663042677,-8.9011,8.9968,2.2079,-179.98
97.732,1787663042777,-8.9010,8.9968,2.2080,-179.98
97.832,1787663042877,-8.9009,8.9976,2.2081,-179.98
97.932,1787663042977,-8.9008,8.9990,2.2082,-179.98
98.032,1787663043077,-8.9007,9.0004,2.2083,-179.98
98.132,1787663043177,-8.9006,9.0009,2.2083,-179.98
98.232,1787663043277,-8.9006,8.9997,2.2085,-179.98
98.332,1787663043377,-8.9005,8.9964,2.2086,-179.98
98.432,1787663043478,-8.9005,8.9910,2.2087,-179.98
98.533,1787663043578,-8.9004,8.9829,2.2089,-179.99
98.633,1787663043678,-8.9004,8.9721,2.2090,-179.99
98.733,1787663043778,-8.9003,8.9573,2.2092,-179.99
98.833,1787663043878,-8.9003,8.9367,2.2093,-179.99
98.933,1787663043978,-8.9003,8.9168,2.2094,-179.98
99.033,1787663044078,-8.9003,8.8983,2.2095,-179.98
99.133,1787663044178,-8.9003,8.8719,2.2095,-179.98
99.233,1787663044279,-8.9003,8.8439,2.2096,-179.98
99.334,1787663044379,-8.9003,8.8107,2.2096,-179.98
99.434,1787663044479,-8.9004,8.7721,2.2095,-179.98
99.534,1787663044579,-8.9004,8.7346,2.2094,-179.98
99.634,1787663044679,-8.9005,8.6895,2.2093,-179.98
99.734,1787663044779,-8.9005,8.6466,2.2092,-179.98
99.834,1787663044879,-8.9006,8.6042,2.2091,-179.98
99.934,1787663044979,-8.9007,8.5571,2.2091,-179.98
100.035,1787663045080,-8.9007,8.5051,2.2090,-179.98
100.135,1787663045180,-8.9008,8.4508,2.2089,-179.97
100.235,1787663045280,-8.9009,8.4040,2.2088,-179.97
100.335,1787663045380,-8.9010,8.3496,2.2087,-179.97
100.435,1787663045480,-8.9011,8.2937,2.2086,-179.97
100.535,1787663045580,-8.9012,8.2435,2.2085,-179.97
100.635,1787663045681,-8.9013,8.1820,2.2085,-179.97
100.736,1787663045781,-8.9015,8.1052,2.2084,-179.97
100.836,1787663045881,-8.9017,8.0412,2.2084,-179.97
100.936,1787663045981,-8.9019,7.9763,2.2083,-179.97
101.036,1787663046081,-8.9020,7.9144,2.2083,-179.97
101.136,1787663046181,-8.9022,7.8523,2.2082,-179.96
101.236,1787663046281,-8.9023,7.8047,2.2082,-179.96
101.336,1787663046381,-8.9025,7.7316,2.2082,-179.97
101.436,1787663046481,-8.9027,7.6654,2.2082,-179.97
101.536,1787663046581,-8.9029,7.6026,2.2081,-179.97
101.636,1787663046682,-8.9031,7.5360,2.2081,-179.97
101.737,1787663046782,-8.9032,7.4731,2.2081,-179.97
101.837,1787663046882,-8.9034,7.4178,2.2081,-179.97
101.937,1787663046982,-8.9035,7.3481,2.2081,-179.97
102.037,1787663047082,-8.9037,7.2785,2.2082,-179.97
102.137,1787663047182,-8.9038,7.2127,2.2082,-179.97
102.237,1787663047282,-8.9039,7.1544,2.2082,-179.98
102.337,1787663047382,-8.9040,7.0928,2.2082,-179.98
102.437,1787663047483,-8.9041,7.0317,2.2082,-179.98
102.538,1787663047583,-8.9042,6.9673,2.2082,-179.98
102.638,1787663047683,-8.9042,6.9031,2.2082,-179.98
102.738,1787663047783,-8.9043,6.8320,2.2082,-179.98
102.838,1787663047883,-8.9044,6.7718,2.2081,-179.98
102.938,1787663047983,-8.9045,6.7120,2.2081,-179.98
103.038,1787663048083,-8.9045,6.6491,2.2081,-179.98
103.138,1787663048183,-8.9046,6.5936,2.2080,-179.98
103.238,1787663048283,-8.9046,6.5350,2.2080,-179.98
103.338,1787663048383,-8.9047,6.4663,2.2080,-179.98
103.438,1787663048484,-8.9047,6.4117,2.2079,-179.98
103.539,1787663048584,-8.9047,6.3539,2.2079,-179.98
103.639,1787663048684,-8.9047,6.2928,2.2079,-179.98
103.739,1787663048784,-8.9048,6.2387,2.2079,-179.98
103.839,1787663048884,-8.9048,6.1813,2.2079,-179.99
103.939,1787663048984,-8.9048,6.1174,2.2079,-179.99
104.040,1787663049085,-8.9048,6.0569,2.2079,-179.99
104.140,1787663049185,-8.9048,6.0032,2.2079,-179.99
104.240,1787663049286,-8.9048,5.9530,2.2079,-179.99
104.342,1787663049387,-8.9048,5.8861,2.2079,-179.99
104.442,1787663049487,-8.9048,5.8260,2.2079,-179.98
104.542,1787663049587,-8.9048,5.7725,2.2079,-179.98
104.642,1787663049687,-8.9047,5.7121,2.2079,-179.98
104.742,1787663049788,-8.9047,5.6516,2.2079,-179.98
104.843,1787663049888,-8.9047,5.6079,2.2079,-179.98
104.943,1787663049988,-8.9046,5.5475,2.2079,-179.99
105.043,1787663050088,-8.9046,5.4973,2.2079,-179.99
105.143,1787663050188,-8.9046,5.4471,2.2079,-179.98
105.243,1787663050288,-8.9045,5.3766,2.2079,-179.98
105.343,1787663050389,-8.9045,5.3124,2.2079,-179.98
105.444,1787663050489,-8.9044,5.2582,2.2079,-179.98
105.544,1787663050589,-8.9044,5.2106,2.2079,-179.98
105.644,1787663050689,-8.9043,5.1494,2.2080,-179.98
105.744,1787663050789,-8.9043,5.0916,2.2080,-179.98
105.845,1787663050890,-8.9042,5.0235,2.2080,-179.98
105.945,1787663050990,-8.9041,4.9585,2.2080,-179.98
106.045,1787663051090,-8.9041,4.9037,2.2080,-179.98
106.145,1787663051190,-8.9041,4.8421,2.2080,-179.98
106.245,1787663051290,-8.9041,4.7838,2.2081,-179.98
106.345,1787663051391,-8.9041,4.7116,2.2081,-179.99
106.446,1787663051491,-8.9041,4.6465,2.2081,-179.99
106.546,1787663051591,-8.9041,4.5883,2.2081,-179.99
106.646,1787663051691,-8.9041,4.5336,2.2081,-179.99
106.746,1787663051791,-8.9041,4.4756,2.2082,-179.99
106.846,1787663051891,-8.9042,4.4213,2.2082,-179.99
106.946,1787663051991,-8.9043,4.3572,2.2082,-179.99
107.046,1787663052091,-8.9044,4.2932,2.2082,-179.99
107.146,1787663052191,-8.9045,4.2292,2.2083,-179.99
107.249,1787663052294,-8.9046,4.1721,2.2083,-179.99
107.349,1787663052394,-8.9047,4.1151,2.2083,-179.99
107.449,1787663052494,-8.9048,4.0649,2.2083,-179.99
107.549,1787663052594,-8.9049,4.0048,2.2083,-179.99
107.649,1787663052694,-8.9050,3.9314,2.2084,-179.99
107.750,1787663052795,-8.9052,3.8746,2.2084,-179.99
107.850,1787663052895,-8.9053,3.8179,2.2084,-179.99
107.950,1787663052995,-8.9054,3.7680,2.2084,-179.99
108.050,1787663053095,-8.9055,3.7017,2.2085,-179.99
108.150,1787663053195,-8.9056,3.6421,2.2085,-179.99
108.250,1787663053295,-8.9057,3.5823,2.2086,-179.99
108.350,1787663053395,-8.9058,3.5258,2.2086,-179.99
108.450,1787663053495,-8.9059,3.4760,2.2087,-179.99
108.550,1787663053596,-8.9060,3.4165,2.2087,-179.99
108.651,1787663053696,-8.9061,3.3604,2.2087,-179.99
108.751,1787663053796,-8.9062,3.3010,2.2087,-179.99
108.851,1787663053896,-8.9063,3.2447,2.2087,-179.99
108.951,1787663053996,-8.9064,3.1849,2.2087,-179.99
109.051,1787663054096,-8.9065,3.1219,2.2087,-179.99
109.151,1787663054196,-8.9065,3.0754,2.2087,-179.99
109.251,1787663054296,-8.9066,3.0157,2.2086,-179.99
109.351,1787663054396,-8.9067,2.9594,2.2086,-179.99
109.451,1787663054496,-8.9069,2.8931,2.2086,-179.99
109.552,1787663054597,-8.9069,2.8532,2.2086,-179.99
109.652,1787663054697,-8.9070,2.7933,2.2086,-180.00
109.752,1787663054797,-8.9071,2.7366,2.2086,-180.00
109.852,1787663054897,-8.9072,2.6798,2.2086,-180.00
109.952,1787663054997,-8.9073,2.6227,2.2086,-180.00
110.052,1787663055097,-8.9074,2.5621,2.2086,-180.00
110.153,1787663055198,-8.9075,2.4913,2.2087,-180.00
110.253,1787663055298,-8.9076,2.4270,2.2088,-180.00
110.353,1787663055398,-8.9077,2.3694,2.2088,-180.00
110.453,1787663055498,-8.9078,2.3151,2.2089,-180.00
110.553,1787663055598,-8.9078,2.2539,2.2090,-180.00
110.653,1787663055699,-8.9079,2.1927,2.2090,-180.00
110.754,1787663055799,-8.9080,2.1351,2.2090,-180.00
110.854,1787663055899,-8.9081,2.0606,2.2091,-180.00
110.954,1787663055999,-8.9082,2.0131,2.2091,-179.99
111.054,1787663056099,-8.9083,1.9452,2.2092,-179.99
111.154,1787663056199,-8.9084,1.8911,2.2092,-180.00
111.254,1787663056300,-8.9084,1.8473,2.2092,-180.00
111.355,1787663056400,-8.9085,1.7868,2.2093,-180.00
111.455,1787663056500,-8.9086,1.7298,2.2093,-180.00
111.555,1787663056600,-8.9088,1.6558,2.2094,-180.00
111.655,1787663056700,-8.9089,1.5984,2.2094,-180.00
111.755,1787663056800,-8.9090,1.5376,2.2095,-180.00
111.855,1787663056900,-8.9091,1.4803,2.2095,-180.00
111.955,1787663057000,-8.9092,1.4231,2.2095,-180.00
112.055,1787663057100,-8.9093,1.3491,2.2096,-180.00
112.156,1787663057201,-8.9094,1.2953,2.2096,-180.00
112.256,1787663057301,-8.9096,1.2382,2.2096,-180.00
112.356,1787663057401,-8.9097,1.1712,2.2096,180.00
112.456,1787663057501,-8.9098,1.1143,2.2096,180.00
112.556,1787663057601,-8.9099,1.0543,2.2096,180.00
112.656,1787663057701,-8.9101,0.9978,2.2096,180.00
112.757,1787663057802,-8.9102,0.9312,2.2096,180.00
112.857,1787663057902,-8.9102,0.9014,2.2096,180.00
112.957,1787663058002,-8.9103,0.8420,2.2096,180.00
113.057,1787663058102,-8.9104,0.7826,2.2096,180.00
113.157,1787663058202,-8.9105,0.7263,2.2096,180.00
113.257,1787663058302,-8.9106,0.6633,2.2096,180.00
113.357,1787663058402,-8.9106,0.5966,2.2096,180.00
113.457,1787663058502,-8.9106,0.5462,2.2095,180.00
113.557,1787663058603,-8.9106,0.4992,2.2095,180.00
113.658,1787663058703,-8.9106,0.4391,2.2095,-180.00
113.758,1787663058803,-8.9106,0.3824,2.2095,-180.00
113.858,1787663058903,-8.9105,0.3324,2.2095,-180.00
113.958,1787663059003,-8.9105,0.2721,2.2095,-180.00
114.061,1787663059106,-8.9104,0.2113,2.2094,-180.00
114.161,1787663059206,-8.9103,0.1536,2.2094,-179.99
114.261,1787663059306,-8.9102,0.0891,2.2094,-179.99
114.361,1787663059406,-8.9101,0.0415,2.2094,-179.99
114.461,1787663059507,-8.9100,-0.0198,2.2094,-179.99
114.562,1787663059607,-8.9099,-0.0779,2.2093,-179.99
114.662,1787663059707,-8.9098,-0.1500,2.2093,-179.99
114.762,1787663059807,-8.9097,-0.2087,2.2093,-179.99
114.862,1787663059907,-8.9095,-0.2745,2.2092,-179.99
114.962,1787663060007,-8.9095,-0.3369,2.2092,-179.99
115.062,1787663060107,-8.9094,-0.4060,2.2092,-179.99
115.162,1787663060207,-8.9093,-0.4647,2.2092,-180.00
115.262,1787663060307,-8.9092,-0.5233,2.2092,-180.00
115.363,1787663060408,-8.9092,-0.5885,2.2092,-180.00
115.463,1787663060508,-8.9091,-0.6433,2.2093,-180.00
115.563,1787663060608,-8.9091,-0.6981,2.2093,-180.00
115.663,1787663060708,-8.9091,-0.7595,2.2093,-180.00
115.763,1787663060808,-8.9091,-0.8206,2.2093,180.00
115.863,1787663060908,-8.9091,-0.8749,2.2094,180.00
115.963,1787663061008,-8.9091,-0.9461,2.2094,180.00
116.064,1787663061109,-8.9092,-1.0002,2.2094,180.00
116.164,1787663061209,-8.9092,-1.0610,2.2094,180.00
116.264,1787663061309,-8.9093,-1.1217,2.2094,180.00
116.364,1787663061409,-8.9094,-1.1855,2.2094,180.00
116.464,1787663061509,-8.9095,-1.2391,2.2094,180.00
116.564,1787663061609,-8.9096,-1.2961,2.2094,180.00
116.664,1787663061709,-8.9097,-1.3598,2.2094,180.00
116.765,1787663061810,-8.9098,-1.4333,2.2094,180.00
116.865,1787663061910,-8.9099,-1.4766,2.2094,180.00
116.965,1787663062010,-8.9100,-1.5365,2.2094,180.00
117.066,1787663062111,-8.9101,-1.6028,2.2094,179.99
117.166,1787663062211,-8.9102,-1.6525,2.2095,179.99
117.266,1787663062311,-8.9103,-1.7020,2.2095,179.99
117.366,1787663062411,-8.9104,-1.7714,2.2095,180.00
117.466,1787663062511,-8.9105,-1.8210,2.2095,180.00
117.566,1787663062611,-8.9106,-1.8838,2.2096,180.00
117.666,1787663062711,-8.9108,-1.9436,2.2096,180.00
117.767,1787663062812,-8.9109,-2.0035,2.2096,180.00
117.867,1787663062912,-8.9110,-2.0636,2.2096,180.00
117.967,1787663063012,-8.9111,-2.1236,2.2096,180.00
118.067,1787663063112,-8.9112,-2.1871,2.2096,-180.00
118.167,1787663063212,-8.9113,-2.2405,2.2096,-180.00
118.267,1787663063312,-8.9114,-2.3004,2.2096,-180.00
118.367,1787663063412,-8.9115,-2.3603,2.2096,-180.00
118.467,1787663063512,-8.9116,-2.4235,2.2096,-180.00
118.567,1787663063612,-8.9118,-2.4768,2.2096,-180.00
118.667,1787663063713,-8.9119,-2.5400,2.2096,-179.99
118.768,1787663063813,-8.9121,-2.6032,2.2097,-179.99
118.868,1787663063913,-8.9123,-2.6665,2.2096,-179.99
118.968,1787663064013,-8.9124,-2.7263,2.2096,-179.99
119.068,1787663064113,-8.9126,-2.7828,2.2096,-179.99
119.168,1787663064213,-8.9128,-2.8425,2.2096,-179.99
119.268,1787663064313,-8.9129,-2.8887,2.2096,-179.99
119.368,1787663064413,-8.9130,-2.9448,2.2096,-179.99
119.468,1787663064513,-8.9132,-3.0075,2.2096,-179.99
119.568,1787663064614,-8.9133,-3.0570,2.2095,-179.99
119.669,1787663064714,-8.9134,-3.1066,2.2095,-179.99
119.769,1787663064814,-8.9135,-3.1627,2.2095,-179.99
119.869,1787663064914,-8.9136,-3.2155,2.2095,-179.99
119.969,1787663065014,-8.9138,-3.2751,2.2095,-179.99
120.069,1787663065114,-8.9139,-3.3385,2.2095,-179.99
120.169,1787663065214,-8.9140,-3.3990,2.2094,-179.99
120.269,1787663065314,-8.9141,-3.4564,2.2094,-180.00
120.369,1787663065414,-8.9142,-3.5206,2.2093,-180.00
120.469,1787663065515,-8.9143,-3.5748,2.2093,-180.00
120.570,1787663065615,-8.9143,-3.6322,2.2093,-180.00
120.670,1787663065715,-8.9144,-3.6931,2.2092,-180.00
120.770,1787663065815,-8.9144,-3.7574,2.2092,-180.00
120.870,1787663065915,-8.9145,-3.8151,2.2092,-180.00
120.970,1787663066015,-8.9145,-3.8761,2.2093,-180.00
121.070,1787663066115,-8.9145,-3.9405,2.2093,-180.00
121.170,1787663066215,-8.9146,-4.0016,2.2093,-180.00
121.270,1787663066315,-8.9146,-4.0560,2.2093,-180.00
121.370,1787663066415,-8.9146,-4.1204,2.2093,-180.00
121.470,1787663066516,-8.9146,-4.1813,2.2094,-180.00
121.571,1787663066616,-8.9147,-4.2420,2.2094,-180.00
121.671,1787663066716,-8.9147,-4.2958,2.2095,-179.99
121.771,1787663066816,-8.9147,-4.3598,2.2095,-179.99
121.871,1787663066916,-8.9148,-4.4103,2.2096,-179.99
121.971,1787663067016,-8.9148,-4.4641,2.2096,-179.99
122.071,1787663067116,-8.9148,-4.5245,2.2097,-179.99
122.171,1787663067217,-8.9148,-4.5849,2.2097,-179.99
122.272,1787663067317,-8.9148,-4.6590,2.2098,-179.99
122.372,1787663067417,-8.9149,-4.7030,2.2098,-179.99
122.472,1787663067517,-8.9149,-4.7773,2.2099,-180.00
122.572,1787663067617,-8.9149,-4.8346,2.2099,-180.00
122.672,1787663067718,-8.9149,-4.8818,2.2099,-180.00
122.773,1787663067818,-8.9150,-4.9490,2.2100,-180.00
122.873,1787663067918,-8.9150,-4.9960,2.2100,-180.00
122.973,1787663068018,-8.9150,-5.0564,2.2101,-180.00
123.073,1787663068118,-8.9150,-5.1234,2.2101,-180.00
123.173,1787663068218,-8.9151,-5.1839,2.2101,-180.00
123.273,1787663068318,-8.9151,-5.2344,2.2102,-180.00
123.373,1787663068418,-8.9151,-5.3086,2.2102,-180.00
123.473,1787663068518,-8.9151,-5.3559,2.2102,-180.00
123.573,1787663068618,-8.9152,-5.4062,2.2101,-180.00
123.674,1787663068719,-8.9152,-5.4631,2.2101,-180.00
123.774,1787663068819,-8.9152,-5.5235,2.2101,-180.00
123.874,1787663068919,-8.9152,-5.5873,2.2101,-180.00
123.974,1787663069019,-8.9152,-5.6411,2.2100,-179.99
124.074,1787663069119,-8.9152,-5.7119,2.2100,-179.99
124.174,1787663069219,-8.9152,-5.7692,2.2100,-179.99
124.274,1787663069320,-8.9152,-5.8232,2.2099,-179.99
124.375,1787663069420,-8.9152,-5.8738,2.2099,-179.99
124.475,1787663069520,-8.9152,-5.9244,2.2099,-179.99
124.575,1787663069620,-8.9153,-5.9782,2.2099,-179.99
124.675,1787663069720,-8.9153,-6.0388,2.2099,-179.99
124.775,1787663069820,-8.9153,-6.1064,2.2098,-179.99
124.875,1787663069920,-8.9153,-6.1573,2.2098,-179.99
124.975,1787663070020,-8.9153,-6.2186,2.2098,-179.99
125.075,1787663070120,-8.9154,-6.2836,2.2098,-179.99
125.176,1787663070221,-8.9154,-6.3350,2.2098,-179.99
125.276,1787663070321,-8.9154,-6.3968,2.2098,-179.99
125.376,1787663070421,-8.9154,-6.4621,2.2098,-179.99
125.476,1787663070521,-8.9155,-6.5206,2.2097,-179.99
125.576,1787663070621,-8.9155,-6.5789,2.2097,-179.99
125.676,1787663070721,-8.9156,-6.6443,2.2097,-179.99
125.776,1787663070821,-8.9156,-6.7065,2.2097,-179.99
125.876,1787663070921,-8.9157,-6.7684,2.2097,-179.99
125.976,1787663071022,-8.9157,-6.8302,2.2097,-179.99
126.077,1787663071122,-8.9158,-6.8921,2.2097,-179.99
126.177,1787663071222,-8.9158,-6.9503,2.2097,-179.99
126.277,1787663071322,-8.9159,-7.0153,2.2097,-179.99
126.377,1787663071422,-8.9159,-7.0835,2.2097,-179.99
126.477,1787663071522,-8.9160,-7.1482,2.2097,-179.99
126.578,1787663071623,-8.9160,-7.2127,2.2098,-179.99
126.678,1787663071723,-8.9161,-7.2667,2.2098,-179.99
126.778,1787663071823,-8.9161,-7.3273,2.2098,-179.99
126.878,1787663071923,-8.9162,-7.3675,2.2097,-179.99
126.978,1787663072023,-8.9162,-7.4343,2.2097,-179.99
127.078,1787663072123,-8.9163,-7.4941,2.2097,-179.99
127.178,1787663072223,-8.9163,-7.5307,2.2097,-179.99
127.278,1787663072323,-8.9163,-7.5938,2.2097,-179.99
127.379,1787663072424,-8.9164,-7.6569,2.2097,-179.99
127.479,1787663072524,-8.9164,-7.7171,2.2097,-179.99
127.579,1787663072624,-8.9165,-7.7740,2.2097,-179.99
127.679,1787663072724,-8.9165,-7.8477,2.2097,-179.99
127.779,1787663072824,-8.9166,-7.9080,2.2097,-179.99
127.879,1787663072925,-8.9166,-7.9616,2.2097,-179.99
127.980,1787663073025,-8.9167,-8.0185,2.2097,-179.99
128.080,1787663073125,-8.9167,-8.0719,2.2097,-179.99
128.180,1787663073225,-8.9168,-8.1220,2.2098,-179.99
128.280,1787663073325,-8.9168,-8.1756,2.2098,-179.99
128.380,1787663073425,-8.9169,-8.2366,2.2098,-179.99
128.480,1787663073525,-8.9169,-8.2950,2.2098,-179.99
128.580,1787663073625,-8.9170,-8.3568,2.2098,-179.99
128.681,1787663073726,-8.9170,-8.4144,2.2098,-179.99
128.781,1787663073826,-8.9170,-8.4640,2.2098,-179.99
128.881,1787663073926,-8.9170,-8.5248,2.2098,-179.99
128.981,1787663074027,-8.9171,-8.5801,2.2098,-179.99
129.082,1787663074127,-8.9172,-8.6356,2.2099,-179.99
129.182,1787663074227,-8.9173,-8.6771,2.2099,-179.99
129.282,1787663074327,-8.9173,-8.7217,2.2099,-179.99
129.382,1787663074427,-8.9173,-8.7658,2.2099,-179.99
129.483,1787663074528,-8.9174,-8.8132,2.2100,-179.99
129.583,1787663074628,-8.9175,-8.8503,2.2100,-179.99
129.683,1787663074728,-8.9176,-8.8821,2.2099,-179.99
129.783,1787663074828,-8.9177,-8.9126,2.2099,-179.99
129.883,1787663074928,-8.9177,-8.9370,2.2098,-179.99
129.983,1787663075028,-8.9178,-8.9613,2.2098,-180.00
130.084,1787663075129,-8.9179,-8.9836,2.2097,-180.00
130.184,1787663075229,-8.9181,-9.0034,2.2095,-180.00
130.284,1787663075329,-8.9181,-9.0183,2.2094,180.00
130.384,1787663075429,-8.9182,-9.0305,2.2092,180.00
130.484,1787663075529,-8.9183,-9.0408,2.2091,180.00
130.584,1787663075629,-8.9184,-9.0482,2.2090,179.99
130.684,1787663075730,-8.9185,-9.0528,2.2089,179.99
130.785,1787663075830,-8.9186,-9.0566,2.2089,179.99
130.885,1787663075930,-8.9187,-9.0591,2.2087,179.99
130.985,1787663076030,-8.9188,-9.0595,2.2087,179.99
131.085,1787663076130,-8.9188,-9.0588,2.2086,179.99
131.185,1787663076230,-8.9189,-9.0570,2.2085,179.99
131.285,1787663076330,-8.9189,-9.0545,2.2085,179.99
131.385,1787663076431,-8.9189,-9.0508,2.2085,179.99
131.486,1787663076531,-8.9189,-9.0464,2.2085,179.99
131.586,1787663076631,-8.9189,-9.0428,2.2086,180.00
131.686,1787663076731,-8.9189,-9.0372,2.2086,180.00
131.786,1787663076831,-8.9189,-9.0325,2.2087,-180.00
131.886,1787663076931,-8.9188,-9.0268,2.2088,-179.99
131.986,1787663077032,-8.9188,-9.0216,2.2090,-179.99
132.087,1787663077132,-8.9188,-9.0161,2.2091,-179.99
132.187,1787663077232,-8.9188,-9.0106,2.2092,-179.99
132.287,1787663077332,-8.9188,-9.0056,2.2093,-179.98
132.387,1787663077432,-8.9188,-9.0010,2.2094,-179.98
132.487,1787663077532,-8.9188,-8.9958,2.2094,-179.98
132.587,1787663077632,-8.9187,-8.9917,2.2095,-179.99
132.687,1787663077732,-8.9187,-8.9868,2.2095,-179.99
132.787,1787663077833,-8.9187,-8.9827,2.2095,-179.99
132.888,1787663077933,-8.9187,-8.9793,2.2096,-179.99
132.988,1787663078033,-8.9186,-8.9756,2.2096,-180.00
133.088,1787663078133,-8.9186,-8.9724,2.2097,-180.00
133.188,1787663078233,-8.9186,-8.9695,2.2097,180.00
133.288,1787663078333,-8.9186,-8.9671,2.2097,180.00
133.388,1787663078433,-8.9185,-8.9647,2.2097,180.00
133.488,1787663078533,-8.9185,-8.9625,2.2097,180.00
133.588,1787663078633,-8.9185,-8.9608,2.2097,179.99
133.689,1787663078734,-8.9185,-8.9596,2.2097,179.99
133.789,1787663078834,-8.9185,-8.9585,2.2097,179.99
133.889,1787663078934,-8.9184,-8.9573,2.2097,180.00
133.989,1787663079034,-8.9184,-8.9565,2.2097,180.00
134.089,1787663079134,-8.9184,-8.9560,2.2097,180.00
134.189,1787663079234,-8.9183,-8.9557,2.2097,180.00
134.289,1787663079334,-8.9183,-8.9554,2.2097,180.00
134.389,1787663079434,-8.9183,-8.9553,2.2097,180.00
134.489,1787663079534,-8.9182,-8.9555,2.2097,180.00
134.589,1787663079635,-8.9182,-8.9557,2.2097,180.00
134.690,1787663079735,-8.9182,-8.9560,2.2097,180.00
134.790,1787663079835,-8.9182,-8.9565,2.2097,180.00
134.890,1787663079935,-8.9182,-8.9570,2.2097,179.99
134.990,1787663080035,-8.9181,-8.9576,2.2097,179.99
135.090,1787663080135,-8.9181,-8.9582,2.2097,179.99
135.190,1787663080235,-8.9181,-8.9589,2.2098,179.99
135.290,1787663080335,-8.9181,-8.9596,2.2098,179.99
135.390,1787663080435,-8.9182,-8.9605,2.2098,179.99
135.490,1787663080536,-8.9182,-8.9614,2.2098,179.99
135.591,1787663080636,-8.9182,-8.9622,2.2098,179.99
135.691,1787663080736,-8.9182,-8.9630,2.2098,179.99
135.792,1787663080837,-8.9182,-8.9637,2.2099,179.99
135.892,1787663080937,-8.9182,-8.9644,2.2099,179.99
135.992,1787663081037,-8.9182,-8.9652,2.2098,179.99
136.092,1787663081137,-8.9182,-8.9660,2.2098,179.99
136.192,1787663081237,-8.9182,-8.9667,2.2098,180.00
136.292,1787663081337,-8.9182,-8.9674,2.2098,180.00
136.392,1787663081437,-8.9182,-8.9681,2.2098,180.00
136.492,1787663081537,-8.9183,-8.9688,2.2098,180.00
136.593,1787663081638,-8.9182,-8.9697,2.2098,180.00
136.693,1787663081738,-8.9182,-8.9702,2.2098,179.99
136.793,1787663081838,-8.9182,-8.9709,2.2098,179.99
136.893,1787663081938,-8.9183,-8.9718,2.2098,179.99
136.993,1787663082038,-8.9183,-8.9723,2.2099,179.99
137.093,1787663082138,-8.9182,-8.9729,2.2099,179.99
137.193,1787663082238,-8.9182,-8.9737,2.2099,179.99
137.293,1787663082339,-8.9182,-8.9742,2.2100,179.99
137.394,1787663082439,-8.9182,-8.9747,2.2100,179.99
137.494,1787663082539,-8.9182,-8.9752,2.2100,179.99
137.594,1787663082639,-8.9182,-8.9758,2.2101,179.99
137.694,1787663082739,-8.9182,-8.9763,2.2101,179.99
137.794,1787663082839,-8.9182,-8.9769,2.2101,179.99
137.894,1787663082939,-8.9182,-8.9774,2.2101,179.99
137.994,1787663083039,-8.9182,-8.9777,2.2101,179.99
138.094,1787663083140,-8.9182,-8.9782,2.2102,179.99
138.195,1787663083240,-8.9182,-8.9785,2.2102,179.99
138.295,1787663083340,-8.9182,-8.9790,2.2102,179.99
138.395,1787663083440,-8.9182,-8.9795,2.2102,179.99
138.495,1787663083540,-8.9182,-8.9800,2.2101,179.99
138.595,1787663083640,-8.9182,-8.9804,2.2101,179.99
138.695,1787663083740,-8.9182,-8.9808,2.2101,179.99
138.795,1787663083841,-8.9181,-8.9813,2.2101,179.99
138.896,1787663083941,-8.9181,-8.9817,2.2101,180.00
138.996,1787663084041,-8.9181,-8.9823,2.2104,180.00
139.096,1787663084141,-8.9180,-8.9829,2.2112,180.00
139.196,1787663084241,-8.9180,-8.9833,2.2127,180.00
139.296,1787663084341,-8.9179,-8.9834,2.2154,180.00
139.396,1787663084441,-8.9179,-8.9832,2.2192,180.00
139.496,1787663084541,-8.9178,-8.9829,2.2240,180.00
139.596,1787663084641,-8.9177,-8.9824,2.2295,180.00
139.696,1787663084741,-8.9176,-8.9818,2.2365,180.00
139.796,1787663084841,-8.9175,-8.9812,2.2436,180.00
139.897,1787663084942,-8.9175,-8.9806,2.2505,180.00
139.997,1787663085042,-8.9174,-8.9800,2.2565,180.00
140.097,1787663085142,-8.9174,-8.9791,2.2675,180.00
140.197,1787663085242,-8.9174,-8.9783,2.2759,180.00
140.297,1787663085342,-8.9174,-8.9775,2.2866,180.00
140.397,1787663085442,-8.9174,-8.9766,2.2971,180.00
140.498,1787663085543,-8.9174,-8.9758,2.3092,180.00
140.598,1787663085643,-8.9174,-8.9751,2.3192,180.00
140.698,1787663085743,-8.9174,-8.9744,2.3313,180.00
140.798,1787663085843,-8.9174,-8.9737,2.3431,180.00
140.898,1787663085943,-8.9174,-8.9731,2.3544,180.00
140.999,1787663086044,-8.9174,-8.9726,2.3653,180.00
141.099,1787663086144,-8.9175,-8.9721,2.3771,-180.00
141.199,1787663086244,-8.9175,-8.9718,2.3891,-180.00
141.299,1787663086344,-8.9176,-8.9715,2.3999,-180.00
141.399,1787663086444,-8.9177,-8.9711,2.4130,-180.00
141.499,1787663086544,-8.9179,-8.9708,2.4272,-180.00
141.599,1787663086644,-8.9180,-8.9707,2.4392,-180.00
141.699,1787663086744,-8.9181,-8.9705,2.4520,-180.00
141.800,1787663086845,-8.9183,-8.9704,2.4680,-179.99
141.900,1787663086945,-8.9184,-8.9704,2.4826,-179.99
142.000,1787663087045,-8.9185,-8.9704,2.4950,-179.99
142.100,1787663087145,-8.9187,-8.9705,2.5089,-179.99
142.200,1787663087245,-8.9188,-8.9707,2.5236,-179.99
142.300,1787663087345,-8.9189,-8.9709,2.5375,-179.99
142.400,1787663087446,-8.9190,-8.9710,2.5492,-179.99
142.501,1787663087546,-8.9191,-8.9713,2.5648,-179.99
142.601,1787663087646,-8.9192,-8.9716,2.5781,-179.99
142.701,1787663087746,-8.9193,-8.9719,2.5922,-179.99
142.801,1787663087846,-8.9193,-8.9723,2.6094,-179.99
142.901,1787663087946,-8.9194,-8.9726,2.6227,-179.99
143.002,1787663088047,-8.9194,-8.9730,2.6368,-179.99
143.102,1787663088147,-8.9194,-8.9732,2.6470,-179.99
143.202,1787663088247,-8.9195,-8.9736,2.6636,-179.99
143.302,1787663088347,-8.9195,-8.9740,2.6795,-179.99
143.402,1787663088447,-8.9196,-8.9743,2.6914,-179.99
143.502,1787663088547,-8.9196,-8.9747,2.7050,-179.99
143.602,1787663088647,-8.9196,-8.9751,2.7201,-179.99
143.702,1787663088747,-8.9196,-8.9755,2.7338,-179.99
143.802,1787663088847,-8.9197,-8.9759,2.7475,-179.99
143.902,1787663088948,-8.9197,-8.9763,2.7619,-179.99
144.003,1787663089048,-8.9197,-8.9766,2.7757,-179.99
144.103,1787663089148,-8.9197,-8.9769,2.7902,-179.99
144.203,1787663089248,-8.9197,-8.9773,2.8048,-179.99
144.303,1787663089348,-8.9197,-8.9777,2.8226,-179.99
144.403,1787663089448,-8.9197,-8.9781,2.8364,-179.99
144.503,1787663089548,-8.9197,-8.9784,2.8493,-179.99
144.603,1787663089648,-8.9197,-8.9788,2.8647,-179.99
144.703,1787663089749,-8.9197,-8.9791,2.8784,-179.99
144.804,1787663089849,-8.9197,-8.9794,2.8922,-179.99
144.904,1787663089949,-8.9197,-8.9798,2.9061,-179.99
145.004,1787663090049,-8.9197,-8.9801,2.9192,-179.99
145.104,1787663090149,-8.9198,-8.9804,2.9323,-179.99
145.204,1787663090249,-8.9198,-8.9808,2.9471,-179.99
145.304,1787663090349,-8.9199,-8.9812,2.9620,-179.98
145.404,1787663090449,-8.9200,-8.9815,2.9768,-179.98
145.504,1787663090549,-8.9201,-8.9820,2.9925,-179.98
145.604,1787663090650,-8.9202,-8.9824,3.0082,-179.98
145.705,1787663090750,-8.9203,-8.9828,3.0239,-179.99
145.805,1787663090850,-8.9205,-8.9831,3.0378,-179.99
145.905,1787663090950,-8.9205,-8.9835,3.0517,-179.99
146.005,1787663091050,-8.9206,-8.9838,3.0672,-179.99
146.105,1787663091150,-8.9207,-8.9841,3.0786,-179.99
146.205,1787663091250,-8.9208,-8.9844,3.0925,-179.99
146.305,1787663091350,-8.9208,-8.9847,3.1057,-179.99
146.405,1787663091450,-8.9209,-8.9851,3.1198,-179.99
146.505,1787663091551,-8.9209,-8.9854,3.1349,-179.99
146.606,1787663091651,-8.9210,-8.9858,3.1500,-179.99
146.706,1787663091751,-8.9210,-8.9862,3.1659,-179.99
146.806,1787663091851,-8.9210,-8.9864,3.1768,-179.99
146.906,1787663091951,-8.9211,-8.9869,3.1954,-179.99
147.006,1787663092051,-8.9212,-8.9872,3.2105,-179.99
147.106,1787663092151,-8.9213,-8.9876,3.2256,-179.99
147.206,1787663092251,-8.9213,-8.9879,3.2391,-179.99
147.306,1787663092351,-8.9214,-8.9883,3.2534,-179.99
147.406,1787663092451,-8.9214,-8.9886,3.2668,-180.00
147.506,1787663092552,-8.9215,-8.9889,3.2820,-180.00
147.607,1787663092652,-8.9216,-8.9893,3.2980,-180.00
147.707,1787663092752,-8.9216,-8.9896,3.3139,-180.00
147.807,1787663092852,-8.9217,-8.9899,3.3273,-180.00
147.907,1787663092952,-8.9218,-8.9903,3.3415,-180.00
148.007,1787663093052,-8.9219,-8.9906,3.3565,-180.00
148.107,1787663093152,-8.9220,-8.9909,3.3716,-179.99
148.207,1787663093252,-8.9220,-8.9913,3.3866,-179.99
148.307,1787663093352,-8.9221,-8.9916,3.4033,-179.99
148.407,1787663093453,-8.9221,-8.9919,3.4166,-179.99
148.508,1787663093553,-8.9222,-8.9923,3.4324,-179.99
148.608,1787663093653,-8.9223,-8.9926,3.4481,-179.99
148.708,1787663093753,-8.9224,-8.9929,3.4638,-179.99
148.808,1787663093853,-8.9225,-8.9931,3.4761,-179.99
148.908,1787663093953,-8.9225,-8.9934,3.4901,-179.99
149.008,1787663094053,-8.9225,-8.9937,3.5041,-179.99
149.108,1787663094153,-8.9226,-8.9939,3.5157,-179.99
149.208,1787663094253,-8.9226,-8.9942,3.5290,-179.99
149.308,1787663094354,-8.9227,-8.9944,3.5458,-180.00
149.409,1787663094454,-8.9227,-8.9947,3.5585,-180.00
149.509,1787663094554,-8.9228,-8.9949,3.5729,-180.00
149.609,1787663094654,-8.9228,-8.9952,3.5907,-180.00
149.709,1787663094754,-8.9229,-8.9955,3.6052,-180.00
149.809,1787663094854,-8.9229,-8.9958,3.6197,-180.00
149.909,1787663094954,-8.9230,-8.9961,3.6367,-180.00
150.009,1787663095054,-8.9231,-8.9963,3.6502,-180.00
150.109,1787663095154,-8.9231,-8.9966,3.6646,-180.00
150.209,1787663095255,-8.9232,-8.9969,3.6790,-179.99
150.310,1787663095355,-8.9233,-8.9971,3.6925,-179.99
150.410,1787663095455,-8.9234,-8.9973,3.7052,-179.99
150.510,1787663095555,-8.9235,-8.9975,3.7203,-179.99
150.610,1787663095655,-8.9236,-8.9978,3.7358,-179.99
150.710,1787663095755,-8.9236,-8.9980,3.7497,-179.99
150.810,1787663095855,-8.9237,-8.9982,3.7605,-179.99
150.910,1787663095955,-8.9238,-8.9984,3.7739,-179.99
151.010,1787663096055,-8.9239,-8.9985,3.7844,-179.99
151.110,1787663096156,-8.9240,-8.9987,3.7939,-179.99
151.211,1787663096256,-8.9241,-8.9988,3.8047,-179.99
151.311,1787663096356,-8.9242,-8.9989,3.8112,-179.99
151.411,1787663096456,-8.9243,-8.9990,3.8181,-179.99
151.511,1787663096556,-8.9244,-8.9991,3.8247,-179.99
151.611,1787663096656,-8.9245,-8.9991,3.8311,-179.99
151.711,1787663096756,-8.9246,-8.9992,3.8369,-179.99
151.811,1787663096856,-8.9246,-8.9993,3.8416,-179.99
151.911,1787663096956,-8.9247,-8.9994,3.8469,-179.99
152.012,1787663097057,-8.9248,-8.9995,3.8509,-179.99
152.112,1787663097157,-8.9249,-8.9996,3.8542,-179.99
152.212,1787663097257,-8.9250,-8.9997,3.8581,-179.99
152.312,1787663097357,-8.9251,-8.9998,3.8610,-179.99
152.412,1787663097457,-8.9251,-8.9999,3.8647,-179.99
152.512,1787663097557,-8.9252,-9.0000,3.8674,-179.99
152.612,1787663097657,-8.9253,-9.0001,3.8700,-179.99
152.713,1787663097758,-8.9254,-9.0002,3.8720,-180.00
152.813,1787663097858,-8.9255,-9.0003,3.8742,-180.00
152.913,1787663097958,-8.9256,-9.0004,3.8762,-180.00
153.013,1787663098058,-8.9256,-9.0004,3.8779,-180.00
153.113,1787663098158,-8.9256,-9.0005,3.8796,-180.00
153.213,1787663098258,-8.9257,-9.0006,3.8812,-180.00
153.313,1787663098358,-8.9258,-9.0007,3.8826,-180.00
153.413,1787663098458,-8.9258,-9.0008,3.8836,-180.00
153.513,1787663098558,-8.9259,-9.0009,3.8850,-180.00
153.613,1787663098659,-8.9260,-9.0010,3.8864,-180.00
153.714,1787663098759,-8.9261,-9.0010,3.8872,-180.00
153.814,1787663098859,-8.9261,-9.0011,3.8883,-180.00
153.914,1787663098959,-8.9262,-9.0012,3.8894,-180.00
154.014,1787663099059,-8.9262,-9.0013,3.8904,-180.00
154.114,1787663099159,-8.9262,-9.0013,3.8913,-180.00
154.214,1787663099259,-8.9262,-9.0014,3.8922,180.00
154.315,1787663099360,-8.9262,-9.0014,3.8931,180.00
154.415,1787663099460,-8.9262,-9.0014,3.8938,180.00
154.515,1787663099560,-8.9262,-9.0015,3.8945,179.99
154.615,1787663099660,-8.9262,-9.0015,3.8952,179.99
154.715,1787663099760,-8.9262,-9.0016,3.8958,179.99
154.815,1787663099860,-8.9262,-9.0016,3.8963,179.99
154.915,1787663099960,-8.9262,-9.0017,3.8968,179.99
155.015,1787663100060,-8.9261,-9.0017,3.8975,179.99
155.115,1787663100161,-8.9261,-9.0018,3.8979,179.99
155.216,1787663100261,-8.9261,-9.0018,3.8983,179.99
155.316,1787663100361,-8.9261,-9.0019,3.8988,179.99
155.416,1787663100461,-8.9261,-9.0019,3.8992,179.99
155.516,1787663100561,-8.9260,-9.0020,3.8995,179.99
155.617,1787663100662,-8.9261,-9.0021,3.8998,179.99
155.717,1787663100762,-8.9261,-9.0021,3.9001,180.00
155.817,1787663100862,-8.9261,-9.0022,3.9004,180.00
155.917,1787663100962,-8.9261,-9.0023,3.9007,180.00
156.017,1787663101062,-8.9262,-9.0023,3.9010,180.00
156.117,1787663101163,-8.9262,-9.0024,3.9013,180.00
156.218,1787663101263,-8.9263,-9.0024,3.9016,180.00
156.318,1787663101363,-8.9264,-9.0024,3.9019,180.00
156.418,1787663101463,-8.9264,-9.0024,3.9022,180.00
156.518,1787663101563,-8.9265,-9.0025,3.9025,180.00
156.618,1787663101663,-8.9266,-9.0024,3.9029,180.00
156.718,1787663101763,-8.9267,-9.0024,3.9032,180.00
156.818,1787663101863,-8.9267,-9.0023,3.9034,180.00
156.918,1787663101963,-8.9268,-9.0023,3.9036,180.00
157.018,1787663102064,-8.9268,-9.0022,3.9039,180.00
157.119,1787663102164,-8.9269,-9.0022,3.9042,180.00
157.219,1787663102264,-8.9270,-9.0021,3.9044,180.00
157.319,1787663102364,-8.9271,-9.0021,3.9046,180.00
157.419,1787663102464,-8.9272,-9.0020,3.9048,180.00
157.519,1787663102564,-8.9272,-9.0020,3.9050,180.00
157.619,1787663102664,-8.9273,-9.0019,3.9052,180.00
157.719,1787663102764,-8.9274,-9.0019,3.9054,180.00
157.819,1787663102864,-8.9274,-9.0018,3.9055,180.00
157.919,1787663102965,-8.9275,-9.0018,3.9057,180.00
158.020,1787663103065,-8.9276,-9.0018,3.9058,180.00
158.120,1787663103165,-8.9276,-9.0017,3.9060,179.99
158.220,1787663103265,-8.9276,-9.0017,3.9061,179.99
158.320,1787663103365,-8.9276,-9.0017,3.9062,179.99
158.420,1787663103465,-8.9277,-9.0018,3.9063,180.00
158.520,1787663103565,-8.9277,-9.0018,3.9064,180.00
158.620,1787663103665,-8.9278,-9.0018,3.9065,180.00
158.720,1787663103765,-8.9278,-9.0018,3.9066,180.00
158.820,1787663103865,-8.9279,-9.0018,3.9067,180.00
158.921,1787663103966,-8.9280,-9.0018,3.9067,180.00
159.021,1787663104066,-8.9280,-9.0018,3.9069,180.00
159.121,1787663104166,-8.9280,-9.0019,3.9070,180.00
159.221,1787663104266,-8.9281,-9.0019,3.9071,180.00
159.321,1787663104366,-8.9281,-9.0019,3.9072,180.00
159.421,1787663104466,-8.9282,-9.0019,3.9073,180.00
159.521,1787663104566,-8.9282,-9.0019,3.9074,180.00
159.622,1787663104667,-8.9282,-9.0020,3.9075,180.00
159.722,1787663104767,-8.9283,-9.0020,3.9076,180.00
159.822,1787663104867,-8.9284,-9.0021,3.9077,180.00
159.922,1787663104967,-8.9285,-9.0021,3.9078,180.00
160.022,1787663105067,-8.9285,-9.0021,3.9079,-180.00
160.122,1787663105167,-8.9286,-9.0022,3.9080,-180.00
160.222,1787663105267,-8.9287,-9.0026,3.9081,-180.00
160.322,1787663105367,-8.9287,-9.0037,3.9082,-180.00
160.422,1787663105468,-8.9287,-9.0054,3.9083,-180.00
160.523,1787663105568,-8.9288,-9.0065,3.9084,-180.00
160.623,1787663105668,-8.9288,-9.0062,3.9086,-180.00
160.723,1787663105768,-8.9288,-9.0043,3.9087,-180.00
160.823,1787663105868,-8.9288,-9.0007,3.9089,-180.00
160.923,1787663105968,-8.9288,-8.9945,3.9091,-180.00
161.023,1787663106068,-8.9288,-8.9854,3.9093,-180.00
161.123,1787663106168,-8.9289,-8.9717,3.9095,-180.00
161.224,1787663106269,-8.9289,-8.9531,3.9097,-180.00
161.324,1787663106369,-8.9289,-8.9371,3.9097,-180.00
161.424,1787663106469,-8.9290,-8.9176,3.9098,-180.00
161.524,1787663106569,-8.9290,-8.8897,3.9099,180.00
161.624,1787663106669,-8.9291,-8.8592,3.9099,180.00
161.724,1787663106769,-8.9291,-8.8360,3.9099,180.00
161.824,1787663106869,-8.9292,-8.8011,3.9098,180.00
161.924,1787663106969,-8.9293,-8.7632,3.9097,180.00
162.024,1787663107069,-8.9293,-8.7223,3.9096,180.00
162.124,1787663107170,-8.9294,-8.6760,3.9094,180.00
162.225,1787663107270,-8.9295,-8.6320,3.9093,180.00
162.326,1787663107371,-8.9295,-8.5829,3.9091,180.00
162.426,1787663107471,-8.9296,-8.5286,3.9089,180.00
162.526,1787663107571,-8.9297,-8.4719,3.9087,180.00
162.626,1787663107671,-8.9297,-8.4286,3.9086,180.00
162.726,1787663107771,-8.9297,-8.3681,3.9084,180.00
162.826,1787663107871,-8.9297,-8.3125,3.9083,180.00
162.926,1787663107971,-8.9297,-8.2624,3.9082,180.00
163.026,1787663108072,-8.9298,-8.2083,3.9081,180.00
163.127,1787663108172,-8.9298,-8.1430,3.9079,180.00
163.227,1787663108272,-8.9298,-8.0660,3.9078,180.00
163.327,1787663108372,-8.9298,-8.0018,3.9077,180.00
163.427,1787663108472,-8.9298,-7.9514,3.9077,180.00
163.527,1787663108572,-8.9298,-7.8825,3.9076,179.99
163.627,1787663108672,-8.9298,-7.8281,3.9075,179.99
163.727,1787663108772,-8.9298,-7.7628,3.9075,179.99
163.827,1787663108873,-8.9298,-7.6898,3.9075,180.00
163.928,1787663108973,-8.9298,-7.6239,3.9075,180.00
164.028,1787663109073,-8.9298,-7.5580,3.9074,180.00
164.128,1787663109173,-8.9297,-7.4959,3.9074,180.00
164.228,1787663109273,-8.9297,-7.4374,3.9074,180.00
164.328,1787663109373,-8.9296,-7.3721,3.9074,-180.00
164.428,1787663109473,-8.9296,-7.3216,3.9074,-180.00
164.528,1787663109573,-8.9295,-7.2604,3.9074,-180.00
164.628,1787663109673,-8.9295,-7.2030,3.9074,-180.00
164.728,1787663109774,-8.9294,-7.1385,3.9074,-180.00
164.829,1787663109874,-8.9293,-7.0740,3.9074,-180.00
164.929,1787663109974,-8.9293,-7.0132,3.9074,-180.00
165.029,1787663110074,-8.9292,-6.9633,3.9074,-180.00
165.129,1787663110174,-8.9291,-6.8885,3.9074,-180.00
165.229,1787663110274,-8.9291,-6.8318,3.9074,-180.00
165.329,1787663110374,-8.9290,-6.7753,3.9073,-180.00
165.429,1787663110474,-8.9289,-6.7046,3.9074,-180.00
165.529,1787663110574,-8.9289,-6.6482,3.9074,-180.00
165.629,1787663110674,-8.9288,-6.5884,3.9074,-180.00
165.729,1787663110775,-8.9288,-6.5254,3.9074,-180.00
165.830,1787663110875,-8.9287,-6.4625,3.9074,-180.00
165.930,1787663110975,-8.9287,-6.4068,3.9074,-180.00
166.030,1787663111075,-8.9286,-6.3443,3.9074,-180.00
166.130,1787663111175,-8.9286,-6.2854,3.9075,-180.00
166.230,1787663111275,-8.9285,-6.2266,3.9075,-180.00
166.330,1787663111375,-8.9285,-6.1680,3.9076,-180.00
166.431,1787663111476,-8.9284,-6.0958,3.9077,-180.00
166.531,1787663111576,-8.9283,-6.0443,3.9077,180.00
166.631,1787663111676,-8.9283,-5.9861,3.9078,180.00
166.731,1787663111776,-8.9282,-5.9246,3.9078,180.00
166.831,1787663111877,-8.9281,-5.8631,3.9079,180.00
166.932,1787663111977,-8.9280,-5.8121,3.9079,180.00
167.032,1787663112077,-8.9280,-5.7511,3.9079,180.00
167.132,1787663112177,-8.9279,-5.6970,3.9080,180.00
167.232,1787663112277,-8.9278,-5.6361,3.9080,180.00
167.332,1787663112377,-8.9277,-5.5752,3.9080,179.99
167.432,1787663112477,-8.9276,-5.5041,3.9081,179.99
167.532,1787663112577,-8.9276,-5.4601,3.9081,179.99
167.632,1787663112678,-8.9276,-5.3992,3.9081,179.99
167.733,1787663112778,-8.9275,-5.3418,3.9081,179.99
167.833,1787663112878,-8.9274,-5.2744,3.9081,179.99
167.933,1787663112978,-8.9274,-5.2440,3.9080,179.99
168.033,1787663113078,-8.9273,-5.1768,3.9080,179.99
168.133,1787663113178,-8.9272,-5.1165,3.9080,179.99
168.233,1787663113278,-8.9272,-5.0558,3.9081,179.99
168.334,1787663113379,-8.9271,-4.9916,3.9081,179.99
168.434,1787663113479,-8.9271,-4.9305,3.9081,179.99
168.534,1787663113579,-8.9270,-4.8829,3.9081,179.99
168.634,1787663113679,-8.9270,-4.8251,3.9082,179.99
168.734,1787663113779,-8.9270,-4.7675,3.9082,179.99
168.834,1787663113879,-8.9270,-4.7032,3.9082,179.99
168.934,1787663113979,-8.9269,-4.6387,3.9083,179.99
169.035,1787663114080,-8.9269,-4.5774,3.9083,179.99
169.135,1787663114180,-8.9269,-4.5297,3.9083,179.99
169.235,1787663114280,-8.9269,-4.4719,3.9083,179.99
169.335,1787663114380,-8.9269,-4.4074,3.9084,179.99
169.435,1787663114480,-8.9269,-4.3498,3.9084,179.99
169.535,1787663114580,-8.9270,-4.2887,3.9084,179.99
169.635,1787663114681,-8.9270,-4.2240,3.9084,179.99
169.736,1787663114781,-8.9270,-4.1627,3.9085,179.99
169.836,1787663114881,-8.9270,-4.1117,3.9085,179.99
169.936,1787663114981,-8.9270,-4.0507,3.9085,179.99
170.036,1787663115081,-8.9270,-3.9864,3.9086,179.99
170.136,1787663115181,-8.9270,-3.9154,3.9086,180.00
170.236,1787663115281,-8.9270,-3.8715,3.9087,180.00
170.336,1787663115381,-8.9271,-3.8075,3.9087,180.00
170.437,1787663115482,-8.9271,-3.7537,3.9088,180.00
170.537,1787663115582,-8.9271,-3.6933,3.9088,180.00
170.637,1787663115682,-8.9271,-3.6330,3.9089,180.00
170.737,1787663115782,-8.9271,-3.5694,3.9089,180.00
170.837,1787663115882,-8.9271,-3.5158,3.9089,180.00
170.937,1787663115982,-8.9272,-3.4589,3.9089,-180.00
171.037,1787663116082,-8.9272,-3.3953,3.9090,-180.00
171.137,1787663116183,-8.9272,-3.3384,3.9090,-180.00
171.238,1787663116283,-8.9272,-3.2916,3.9090,-180.00
171.338,1787663116383,-8.9272,-3.2249,3.9090,-180.00
171.438,1787663116483,-8.9272,-3.1749,3.9090,-180.00
171.538,1787663116583,-8.9271,-3.1149,3.9090,-180.00
171.638,1787663116684,-8.9271,-3.0512,3.9090,-180.00
171.739,1787663116784,-8.9271,-2.9941,3.9090,-180.00
171.839,1787663116884,-8.9270,-2.9368,3.9090,-180.00
171.939,1787663116984,-8.9270,-2.8696,3.9090,-180.00
172.039,1787663117084,-8.9269,-2.8024,3.9090,-180.00
172.139,1787663117184,-8.9268,-2.7519,3.9090,-180.00
172.239,1787663117284,-8.9268,-2.6949,3.9090,-180.00
172.339,1787663117384,-8.9267,-2.6311,3.9090,-180.00
172.439,1787663117484,-8.9266,-2.5807,3.9090,-180.00
172.539,1787663117585,-8.9265,-2.5237,3.9090,-180.00
172.640,1787663117685,-8.9264,-2.4668,3.9090,-180.00
172.740,1787663117785,-8.9263,-2.4065,3.9090,-180.00
172.840,1787663117885,-8.9261,-2.3494,3.9089,-180.00
172.940,1787663117985,-8.9260,-2.3057,3.9089,180.00
173.040,1787663118085,-8.9259,-2.2486,3.9089,180.00
173.140,1787663118185,-8.9258,-2.1849,3.9089,180.00
173.240,1787663118285,-8.9256,-2.1278,3.9089,180.00
173.340,1787663118385,-8.9255,-2.0739,3.9089,180.00
173.440,1787663118486,-8.9254,-2.0130,3.9089,180.00
173.541,1787663118586,-8.9252,-1.9587,3.9089,180.00
173.641,1787663118686,-8.9251,-1.9112,3.9089,180.00
173.741,1787663118786,-8.9250,-1.8534,3.9089,180.00
173.841,1787663118886,-8.9248,-1.7955,3.9089,180.00
173.941,1787663118986,-8.9247,-1.7340,3.9089,180.00
174.041,1787663119086,-8.9246,-1.6721,3.9089,180.00
174.141,1787663119186,-8.9245,-1.6066,3.9089,180.00
174.241,1787663119286,-8.9243,-1.5374,3.9090,180.00
174.342,1787663119387,-8.9243,-1.4818,3.9090,180.00
174.442,1787663119487,-8.9242,-1.4193,3.9090,180.00
174.542,1787663119587,-8.9242,-1.3568,3.9090,180.00
174.642,1787663119687,-8.9242,-1.2942,3.9090,180.00
174.742,1787663119787,-8.9242,-1.2282,3.9090,180.00
174.842,1787663119887,-8.9242,-1.1657,3.9089,180.00
174.942,1787663119987,-8.9243,-1.0999,3.9089,180.00
175.042,1787663120088,-8.9244,-1.0448,3.9089,180.00
175.143,1787663120188,-8.9245,-0.9796,3.9089,180.00
175.243,1787663120288,-8.9246,-0.9214,3.9089,180.00
175.343,1787663120388,-8.9247,-0.8532,3.9088,180.00
175.443,1787663120488,-8.9248,-0.7954,3.9088,180.00
175.543,1787663120588,-8.9249,-0.7310,3.9088,180.00
175.643,1787663120688,-8.9250,-0.6736,3.9088,179.99
175.743,1787663120788,-8.9251,-0.6197,3.9088,179.99
175.843,1787663120888,-8.9251,-0.5762,3.9087,179.99
175.943,1787663120988,-8.9252,-0.5126,3.9087,179.99
176.043,1787663121089,-8.9253,-0.4626,3.9087,179.99
176.144,1787663121189,-8.9255,-0.3992,3.9087,179.99
176.244,1787663121289,-8.9256,-0.3358,3.9087,179.99
176.344,1787663121389,-8.9257,-0.2756,3.9087,179.99
176.444,1787663121489,-8.9258,-0.2122,3.9087,179.99
176.544,1787663121589,-8.9259,-0.1523,3.9087,179.99
176.644,1787663121689,-8.9260,-0.0957,3.9087,179.99
176.744,1787663121789,-8.9261,-0.0558,3.9087,179.99
176.844,1787663121889,-8.9262,0.0005,3.9088,180.00
176.944,1787663121990,-8.9263,0.0701,3.9088,180.00
177.045,1787663122090,-8.9264,0.1334,3.9088,180.00
177.145,1787663122190,-8.9265,0.1903,3.9088,180.00
177.245,1787663122290,-8.9266,0.2540,3.9089,-180.00
177.345,1787663122390,-8.9267,0.3078,3.9089,-180.00
177.445,1787663122490,-8.9267,0.3547,3.9089,-180.00
177.545,1787663122590,-8.9268,0.4182,3.9089,-180.00
177.645,1787663122690,-8.9268,0.4785,3.9089,-180.00
177.745,1787663122790,-8.9269,0.5457,3.9090,180.00
177.845,1787663122891,-8.9269,0.5894,3.9090,180.00
177.946,1787663122991,-8.9269,0.6500,3.9091,180.00
178.046,1787663123091,-8.9270,0.7036,3.9091,180.00
178.146,1787663123191,-8.9270,0.7572,3.9091,180.00
178.246,1787663123291,-8.9270,0.8209,3.9092,180.00
178.346,1787663123391,-8.9270,0.8849,3.9092,180.00
178.446,1787663123491,-8.9269,0.9423,3.9093,180.00
178.546,1787663123591,-8.9269,0.9999,3.9093,180.00
178.646,1787663123692,-8.9269,1.0642,3.9093,180.00
178.747,1787663123792,-8.9269,1.1251,3.9093,180.00
178.847,1787663123892,-8.9268,1.1758,3.9093,180.00
178.947,1787663123992,-8.9268,1.2367,3.9093,-180.00
179.047,1787663124092,-8.9267,1.2978,3.9093,-180.00
179.147,1787663124192,-8.9266,1.3623,3.9093,-180.00
179.247,1787663124292,-8.9265,1.4166,3.9093,-180.00
179.347,1787663124392,-8.9264,1.4879,3.9093,-180.00
179.447,1787663124492,-8.9263,1.5458,3.9093,-180.00
179.547,1787663124593,-8.9263,1.6070,3.9092,-180.00
179.648,1787663124693,-8.9262,1.6715,3.9092,-180.00
179.748,1787663124793,-8.9261,1.7290,3.9092,-180.00
179.848,1787663124893,-8.9261,1.7831,3.9092,-180.00
179.948,1787663124993,-8.9260,1.8472,3.9092,-180.00
180.048,1787663125093,-8.9260,1.9011,3.9092,-180.00
180.148,1787663125193,-8.9259,1.9584,3.9092,-180.00
180.248,1787663125294,-8.9259,2.0190,3.9092,-180.00
180.349,1787663125394,-8.9259,2.0727,3.9092,-180.00
180.449,1787663125494,-8.9259,2.1230,3.9092,-180.00
180.549,1787663125594,-8.9259,2.1834,3.9092,-180.00
180.649,1787663125694,-8.9259,2.2403,3.9092,-180.00
180.749,1787663125794,-8.9259,2.3008,3.9092,-180.00
180.849,1787663125894,-8.9259,2.3617,3.9092,-180.00
180.949,1787663125994,-8.9259,2.4160,3.9093,-180.00
181.049,1787663126094,-8.9259,2.4703,3.9093,-180.00
181.149,1787663126195,-8.9259,2.5381,3.9093,-180.00
181.250,1787663126295,-8.9259,2.5990,3.9093,-180.00
181.350,1787663126395,-8.9258,2.6737,3.9093,-180.00
181.450,1787663126495,-8.9258,2.7314,3.9094,-180.00
181.550,1787663126595,-8.9258,2.7824,3.9094,-180.00
181.650,1787663126695,-8.9257,2.8603,3.9094,-180.00
181.750,1787663126795,-8.9257,2.9212,3.9094,-180.00
181.850,1787663126895,-8.9257,2.9719,3.9094,180.00
181.950,1787663126995,-8.9257,3.0325,3.9094,180.00
182.050,1787663127096,-8.9257,3.0962,3.9094,180.00
182.151,1787663127196,-8.9257,3.1529,3.9094,180.00
182.251,1787663127296,-8.9258,3.2128,3.9094,180.00
182.351,1787663127396,-8.9258,3.2794,3.9094,180.00
182.451,1787663127496,-8.9258,3.3324,3.9094,180.00
182.551,1787663127596,-8.9259,3.3886,3.9093,180.00
182.652,1787663127697,-8.9260,3.4580,3.9093,180.00
182.752,1787663127797,-8.9260,3.5172,3.9093,180.00
182.852,1787663127897,-8.9261,3.5566,3.9093,180.00
182.952,1787663127997,-8.9262,3.6189,3.9093,180.00
183.052,1787663128097,-8.9263,3.6879,3.9093,180.00
183.152,1787663128197,-8.9263,3.7471,3.9093,180.00
183.252,1787663128298,-8.9264,3.8064,3.9093,180.00
183.353,1787663128398,-8.9264,3.8591,3.9093,180.00
183.453,1787663128498,-8.9265,3.9117,3.9093,180.00
183.553,1787663128598,-8.9265,3.9641,3.9093,-180.00
183.653,1787663128698,-8.9266,4.0230,3.9093,-180.00
183.753,1787663128798,-8.9266,4.0821,3.9094,-180.00
183.853,1787663128898,-8.9266,4.1414,3.9094,-180.00
183.953,1787663128999,-8.9266,4.2044,3.9094,-180.00
184.054,1787663129099,-8.9266,4.2644,3.9094,-180.00
184.154,1787663129199,-8.9266,4.3243,3.9094,-180.00
184.254,1787663129299,-8.9266,4.3775,3.9095,-180.00
184.354,1787663129399,-8.9266,4.4342,3.9095,-180.00
184.454,1787663129499,-8.9265,4.4876,3.9095,-180.00
184.554,1787663129600,-8.9265,4.5408,3.9096,-180.00
184.655,1787663129700,-8.9264,4.6007,3.9096,-180.00
184.755,1787663129800,-8.9263,4.6574,3.9097,-180.00
184.855,1787663129900,-8.9262,4.7243,3.9097,180.00
184.955,1787663130000,-8.9262,4.7812,3.9097,180.00
185.055,1787663130100,-8.9261,4.8349,3.9098,180.00
185.155,1787663130200,-8.9260,4.8988,3.9098,180.00
185.255,1787663130300,-8.9259,4.9595,3.9098,180.00
185.355,1787663130401,-8.9259,5.0237,3.9099,180.00
185.456,1787663130501,-8.9258,5.0709,3.9099,180.00
185.556,1787663130601,-8.9257,5.1281,3.9099,180.00
185.656,1787663130701,-8.9256,5.1919,3.9099,180.00
185.756,1787663130801,-8.9255,5.2593,3.9099,179.99
185.856,1787663130901,-8.9255,5.3033,3.9099,179.99
185.956,1787663131001,-8.9254,5.3675,3.9098,179.99
186.056,1787663131101,-8.9253,5.4282,3.9098,180.00
186.156,1787663131201,-8.9252,5.4891,3.9098,180.00
186.257,1787663131302,-8.9252,5.5433,3.9098,180.00
186.357,1787663131402,-8.9251,5.6110,3.9098,180.00
186.457,1787663131502,-8.9251,5.6685,3.9098,180.00
186.557,1787663131602,-8.9250,5.7295,3.9098,180.00
186.657,1787663131702,-8.9250,5.7837,3.9097,180.00
186.757,1787663131802,-8.9249,5.8480,3.9097,180.00
186.857,1787663131902,-8.9249,5.9122,3.9097,180.00
186.957,1787663132002,-8.9249,5.9697,3.9097,180.00
187.057,1787663132103,-8.9249,6.0303,3.9097,180.00
187.158,1787663132203,-8.9249,6.0807,3.9097,180.00
187.258,1787663132303,-8.9249,6.1310,3.9098,180.00
187.358,1787663132403,-8.9249,6.1980,3.9098,-180.00
187.458,1787663132503,-8.9250,6.2549,3.9098,-180.00
187.558,1787663132603,-8.9250,6.3187,3.9098,180.00
187.658,1787663132704,-8.9251,6.3725,3.9099,180.00
187.759,1787663132804,-8.9251,6.4329,3.9099,180.00
187.859,1787663132904,-8.9252,6.4936,3.9099,180.00
187.959,1787663133004,-8.9253,6.5546,3.9099,180.00
188.059,1787663133104,-8.9254,6.6156,3.9099,180.00
188.159,1787663133204,-8.9254,6.6697,3.9099,180.00
188.259,1787663133304,-8.9255,6.7272,3.9099,180.00
188.360,1787663133405,-8.9256,6.7914,3.9099,180.00
188.460,1787663133505,-8.9257,6.8488,3.9099,180.00
188.561,1787663133606,-8.9258,6.9264,3.9099,180.00
188.661,1787663133706,-8.9258,6.9771,3.9098,180.00
188.761,1787663133806,-8.9259,7.0380,3.9098,179.99
188.861,1787663133906,-8.9260,7.0920,3.9099,179.99
188.961,1787663134006,-8.9260,7.1492,3.9099,180.00
189.062,1787663134107,-8.9261,7.2130,3.9099,180.00
189.162,1787663134207,-8.9261,7.2735,3.9100,180.00
189.262,1787663134307,-8.9261,7.3172,3.9100,180.00
189.362,1787663134407,-8.9261,7.3778,3.9100,180.00
189.463,1787663134508,-8.9261,7.4350,3.9100,180.00
189.563,1787663134608,-8.9261,7.4922,3.9101,180.00
189.663,1787663134708,-8.9261,7.5530,3.9101,180.00
189.763,1787663134808,-8.9261,7.6174,3.9101,180.00
189.863,1787663134908,-8.9260,7.6683,3.9101,180.00
189.963,1787663135008,-8.9260,7.7258,3.9101,180.00
190.063,1787663135108,-8.9259,7.7967,3.9101,180.00
190.164,1787663135209,-8.9258,7.8509,3.9101,180.00
190.264,1787663135309,-8.9258,7.9016,3.9101,180.00
190.364,1787663135410,-8.9257,7.9694,3.9101,180.00
190.465,1787663135510,-8.9256,8.0270,3.9101,180.00
190.565,1787663135610,-8.9255,8.0981,3.9101,179.99
190.665,1787663135710,-8.9255,8.1455,3.9101,179.99
190.765,1787663135810,-8.9254,8.2139,3.9101,179.99
190.865,1787663135910,-8.9254,8.2658,3.9101,179.99
190.965,1787663136010,-8.9253,8.3283,3.9100,179.99
191.065,1787663136110,-8.9252,8.3969,3.9100,179.99
191.165,1787663136211,-8.9252,8.4537,3.9100,179.99
191.266,1787663136311,-8.9251,8.5215,3.9101,179.99
191.366,1787663136411,-8.9250,8.5678,3.9101,179.99
191.466,1787663136511,-8.9250,8.6240,3.9102,179.99
191.566,1787663136611,-8.9249,8.6771,3.9103,179.99
191.666,1787663136711,-8.9249,8.7242,3.9104,179.99
191.766,1787663136811,-8.9248,8.7681,3.9104,180.00
191.866,1787663136911,-8.9248,8.8043,3.9105,180.00
191.966,1787663137011,-8.9248,8.8399,3.9105,180.00
192.067,1787663137112,-8.9249,8.8723,3.9105,180.00
192.167,1787663137212,-8.9249,8.9083,3.9104,180.00
192.267,1787663137312,-8.9249,8.9297,3.9103,180.00
192.367,1787663137412,-8.9249,8.9531,3.9102,180.00
192.467,1787663137512,-8.9250,8.9726,3.9101,180.00
192.567,1787663137612,-8.9250,8.9944,3.9100,180.00
192.667,1787663137712,-8.9250,9.0085,3.9098,180.00
192.767,1787663137812,-8.9250,9.0224,3.9097,180.00
192.867,1787663137912,-8.9251,9.0325,3.9095,180.00
192.967,1787663138012,-8.9251,9.0401,3.9094,180.00
193.067,1787663138113,-8.9252,9.0466,3.9092,180.00
193.168,1787663138213,-8.9253,9.0507,3.9091,180.00
193.268,1787663138313,-8.9255,9.0536,3.9090,180.00
193.368,1787663138413,-8.9256,9.0549,3.9089,180.00
193.468,1787663138513,-8.9256,9.0550,3.9088,180.00
193.568,1787663138613,-8.9257,9.0540,3.9088,180.00
193.668,1787663138713,-8.9258,9.0518,3.9087,179.99
193.768,1787663138813,-8.9258,9.0484,3.9087,179.99
193.868,1787663138913,-8.9259,9.0445,3.9088,179.99
193.968,1787663139014,-8.9259,9.0403,3.9088,179.99
194.069,1787663139114,-8.9259,9.0351,3.9089,179.99
194.169,1787663139214,-8.9260,9.0299,3.9089,179.99
194.269,1787663139314,-8.9260,9.0248,3.9090,179.99
194.369,1787663139414,-8.9261,9.0187,3.9091,179.99
194.469,1787663139514,-8.9261,9.0134,3.9092,179.99
194.569,1787663139614,-8.9261,9.0082,3.9092,179.99
194.669,1787663139714,-8.9261,9.0034,3.9093,179.99
194.769,1787663139814,-8.9261,8.9981,3.9094,179.99
194.869,1787663139915,-8.9261,8.9931,3.9094,179.99
194.970,1787663140015,-8.9261,8.9886,3.9095,180.00
195.070,1787663140115,-8.9260,8.9838,3.9095,180.00
195.170,1787663140215,-8.9260,8.9792,3.9096,-180.00
195.270,1787663140315,-8.9260,8.9760,3.9096,-179.99
195.370,1787663140415,-8.9260,8.9726,3.9096,-179.99
195.470,1787663140515,-8.9259,8.9691,3.9096,-179.99
195.570,1787663140615,-8.9259,8.9662,3.9096,-179.99
195.670,1787663140715,-8.9259,8.9639,3.9096,-179.99
195.771,1787663140816,-8.9259,8.9616,3.9096,-179.99
195.871,1787663140916,-8.9259,8.9597,3.9096,-179.99
195.971,1787663141016,-8.9259,8.9577,3.9096,-179.99
196.071,1787663141116,-8.9259,8.9561,3.9096,-179.99
196.171,1787663141216,-8.9259,8.9549,3.9096,-180.00
196.271,1787663141316,-8.9259,8.9539,3.9096,-180.00
196.371,1787663141416,-8.9259,8.9532,3.9095,180.00
196.471,1787663141516,-8.9260,8.9527,3.9095,180.00
196.571,1787663141617,-8.9260,8.9523,3.9095,180.00
196.672,1787663141717,-8.9260,8.9520,3.9094,180.00
196.772,1787663141817,-8.9261,8.9520,3.9094,180.00
196.872,1787663141917,-8.9260,8.9520,3.9094,180.00
196.972,1787663142017,-8.9260,8.9521,3.9094,180.00
197.072,1787663142117,-8.9260,8.9523,3.9094,180.00
197.172,1787663142217,-8.9260,8.9526,3.9094,180.00
197.273,1787663142318,-8.9259,8.9530,3.9094,180.00
197.373,1787663142418,-8.9259,8.9536,3.9094,180.00
197.473,1787663142518,-8.9259,8.9542,3.9094,180.00
197.573,1787663142618,-8.9258,8.9548,3.9094,180.00
197.673,1787663142718,-8.9257,8.9554,3.9095,180.00
197.773,1787663142819,-8.9257,8.9562,3.9095,180.00
197.874,1787663142919,-8.9256,8.9570,3.9096,180.00
197.974,1787663143019,-8.9256,8.9577,3.9096,180.00
198.074,1787663143119,-8.9255,8.9585,3.9097,180.00
198.174,1787663143219,-8.9254,8.9593,3.9097,180.00
198.274,1787663143319,-8.9254,8.9601,3.9097,180.00
198.374,1787663143420,-8.9253,8.9608,3.9097,179.99
198.475,1787663143520,-8.9253,8.9615,3.9097,179.99
198.575,1787663143620,-8.9252,8.9623,3.9097,179.99
198.675,1787663143720,-8.9252,8.9629,3.9097,179.99
198.775,1787663143820,-8.9251,8.9637,3.9098,179.99
198.875,1787663143920,-8.9251,8.9643,3.9098,179.99
198.975,1787663144020,-8.9249,8.9650,3.9098,179.99
199.075,1787663144120,-8.9249,8.9657,3.9099,179.99
199.175,1787663144220,-8.9248,8.9662,3.9099,179.99
199.275,1787663144320,-8.9248,8.9669,3.9100,179.99
199.376,1787663144421,-8.9247,8.9675,3.9100,179.99
199.476,1787663144521,-8.9247,8.9681,3.9100,179.99
199.576,1787663144621,-8.9247,8.9687,3.9101,179.99
199.676,1787663144721,-8.9247,8.9693,3.9102,179.99
199.776,1787663144821,-8.9247,8.9697,3.9102,179.99
199.876,1787663144921,-8.9247,8.9703,3.9103,179.99
199.976,1787663145021,-8.9247,8.9708,3.9104,179.99
200.076,1787663145121,-8.9247,8.9714,3.9104,179.99
200.176,1787663145221,-8.9247,8.9718,3.9104,179.99
200.277,1787663145322,-8.9247,8.9722,3.9105,179.99
200.377,1787663145422,-8.9246,8.9728,3.9105,179.99
200.477,1787663145522,-8.9246,8.9732,3.9106,179.99
200.577,1787663145622,-8.9246,8.9735,3.9106,179.99
200.677,1787663145722,-8.9245,8.9740,3.9106,179.99
200.777,1787663145822,-8.9245,8.9744,3.9106,179.99
200.877,1787663145922,-8.9244,8.9747,3.9107,179.99
200.977,1787663146022,-8.9243,8.9751,3.9107,179.99
201.077,1787663146122,-8.9242,8.9754,3.9107,179.99
201.178,1787663146223,-8.9241,8.9757,3.9108,179.99
201.278,1787663146323,-8.9241,8.9761,3.9108,179.99
201.378,1787663146423,-8.9239,8.9765,3.9109,179.94
201.478,1787663146523,-8.9238,8.9768,3.9113,179.73
201.579,1787663146624,-8.9237,8.9767,3.9117,179.40
201.679,1787663146724,-8.9235,8.9765,3.9124,178.58
201.779,1787663146824,-8.9233,8.9764,3.9133,177.44
201.879,1787663146924,-8.9232,8.9766,3.9142,176.07
201.979,1787663147024,-8.9230,8.9771,3.9151,174.35
202.079,1787663147124,-8.9228,8.9780,3.9161,171.88
202.179,1787663147224,-8.9224,8.9793,3.9171,168.65
202.279,1787663147324,-8.9221,8.9804,3.9177,165.70
202.379,1787663147425,-8.9218,8.9814,3.9181,162.70
202.480,1787663147525,-8.9213,8.9824,3.9184,159.14
202.580,1787663147625,-8.9209,8.9833,3.9184,155.01
202.680,1787663147725,-8.9205,8.9838,3.9181,151.01
202.780,1787663147825,-8.9201,8.9839,3.9176,146.99
202.880,1787663147925,-8.9199,8.9836,3.9170,143.02
202.980,1787663148025,-8.9198,8.9830,3.9164,139.95
203.080,1787663148125,-8.9199,8.9820,3.9157,136.55
203.180,1787663148225,-8.9202,8.9806,3.9150,133.08
203.280,1787663148325,-8.9207,8.9789,3.9142,129.71
203.380,1787663148425,-8.9214,8.9770,3.9134,126.46
203.480,1787663148526,-8.9222,8.9750,3.9127,123.32
203.581,1787663148626,-8.9230,8.9730,3.9122,120.44
203.681,1787663148726,-8.9240,8.9707,3.9115,117.17
203.781,1787663148826,-8.9247,8.9689,3.9111,114.77
203.881,1787663148926,-8.9257,8.9668,3.9107,111.79
203.981,1787663149026,-8.9267,8.9647,3.9103,108.85
204.081,1787663149126,-8.9274,8.9632,3.9100,106.54
204.181,1787663149226,-8.9281,8.9615,3.9098,103.77
204.281,1787663149327,-8.9287,8.9601,3.9096,101.14
204.382,1787663149427,-8.9291,8.9591,3.9095,98.95
204.482,1787663149527,-8.9294,8.9579,3.9094,95.91
204.582,1787663149627,-8.9296,8.9570,3.9093,93.13
204.682,1787663149727,-8.9296,8.9562,3.9093,90.29
204.782,1787663149827,-8.9294,8.9557,3.9093,87.38
204.882,1787663149927,-8.9290,8.9552,3.9093,84.25
204.982,1787663150027,-8.9285,8.9548,3.9092,80.89
205.082,1787663150127,-8.9279,8.9547,3.9092,77.87
205.182,1787663150228,-8.9273,8.9546,3.9092,74.47
205.283,1787663150328,-8.9266,8.9547,3.9091,70.89
205.383,1787663150428,-8.9261,8.9549,3.9091,68.40
205.483,1787663150528,-8.9254,8.9552,3.9091,65.04
205.583,1787663150628,-8.9249,8.9556,3.9090,61.90
205.683,1787663150728,-8.9245,8.9561,3.9090,58.79
205.783,1787663150828,-8.9242,8.9567,3.9089,55.89
205.883,1787663150928,-8.9240,8.9574,3.9089,52.86
205.983,1787663151028,-8.9238,8.9581,3.9088,50.18
206.084,1787663151129,-8.9237,8.9589,3.9088,47.01
206.184,1787663151229,-8.9236,8.9597,3.9088,44.02
206.284,1787663151330,-8.9235,8.9606,3.9087,40.70
206.385,1787663151430,-8.9234,8.9613,3.9087,38.21
206.485,1787663151530,-8.9233,8.9620,3.9087,35.38
206.585,1787663151630,-8.9232,8.9628,3.9087,32.38
206.685,1787663151730,-8.9231,8.9634,3.9087,29.53
206.785,1787663151830,-8.9230,8.9641,3.9087,26.33
206.885,1787663151930,-8.9230,8.9647,3.9088,23.12
206.985,1787663152030,-8.9229,8.9652,3.9088,20.07
207.085,1787663152130,-8.9228,8.9656,3.9088,17.37
207.185,1787663152230,-8.9228,8.9660,3.9089,14.34
207.285,1787663152331,-8.9227,8.9664,3.9090,10.99
207.386,1787663152431,-8.9227,8.9667,3.9091,8.03
207.486,1787663152531,-8.9226,8.9668,3.9093,5.37
207.586,1787663152631,-8.9226,8.9669,3.9097,2.67
207.686,1787663152731,-8.9226,8.9671,3.9102,0.45
207.786,1787663152831,-8.9227,8.9677,3.9109,-1.38
207.886,1787663152931,-8.9227,8.9686,3.9115,-2.72
207.986,1787663153031,-8.9228,8.9702,3.9123,-3.80
208.086,1787663153131,-8.9228,8.9716,3.9128,-4.29
208.187,1787663153232,-8.9228,8.9735,3.9134,-4.52
208.287,1787663153332,-8.9227,8.9758,3.9139,-4.44
208.387,1787663153432,-8.9227,8.9779,3.9142,-4.09
208.487,1787663153532,-8.9226,8.9800,3.9143,-3.50
208.587,1787663153632,-8.9226,8.9816,3.9143,-2.89
208.687,1787663153732,-8.9225,8.9831,3.9141,-2.18
208.787,1787663153832,-8.9224,8.9842,3.9139,-1.44
208.887,1787663153933,-8.9223,8.9850,3.9136,-0.73
208.988,1787663154033,-8.9223,8.9854,3.9132,-0.03
209.088,1787663154133,-8.9223,8.9853,3.9128,0.48
209.188,1787663154233,-8.9222,8.9849,3.9124,0.97
209.288,1787663154333,-8.9222,8.9841,3.9120,1.39
209.388,1787663154433,-8.9222,8.9830,3.9117,1.64
209.488,1787663154533,-8.9222,8.9817,3.9113,1.80
209.588,1787663154633,-8.9221,8.9799,3.9109,1.87
209.688,1787663154734,-8.9221,8.9777,3.9105,1.82
209.789,1787663154834,-8.9221,8.9764,3.9103,1.75
209.889,1787663154934,-8.9221,8.9745,3.9100,1.59
209.989,1787663155034,-8.9221,8.9727,3.9097,1.39
210.089,1787663155134,-8.9221,8.9709,3.9095,1.16
210.189,1787663155234,-8.9221,8.9695,3.9093,0.96
210.289,1787663155334,-8.9221,8.9683,3.9091,0.79
210.389,1787663155434,-8.9228,8.9670,3.9090,0.56
210.490,1787663155535,-8.9241,8.9659,3.9089,0.37
210.590,1787663155635,-8.9256,8.9649,3.9089,0.20
210.690,1787663155735,-8.9262,8.9642,3.9089,0.08
210.790,1787663155835,-8.9259,8.9636,3.9090,-0.03
210.890,1787663155935,-8.9239,8.9631,3.9092,-0.11
210.990,1787663156035,-8.9194,8.9628,3.9094,-0.16
211.090,1787663156135,-8.9138,8.9627,3.9096,-0.18
211.191,1787663156236,-8.9051,8.9629,3.9098,-0.18
211.291,1787663156336,-8.8974,8.9631,3.9100,-0.16
211.391,1787663156436,-8.8826,8.9636,3.9102,-0.12
211.491,1787663156536,-8.8616,8.9644,3.9105,-0.07
211.591,1787663156636,-8.8412,8.9652,3.9106,-0.01
211.691,1787663156736,-8.8157,8.9662,3.9107,0.05
211.791,1787663156836,-8.7842,8.9675,3.9105,0.11
211.891,1787663156937,-8.7563,8.9686,3.9103,0.16
211.992,1787663157037,-8.7181,8.9700,3.9099,0.21
212.092,1787663157137,-8.6754,8.9716,3.9095,0.25
212.192,1787663157237,-8.6354,8.9731,3.9092,0.27
212.292,1787663157337,-8.5968,8.9745,3.9089,0.28
212.392,1787663157437,-8.5601,8.9759,3.9087,0.29
212.492,1787663157537,-8.5234,8.9772,3.9085,0.29
212.592,1787663157637,-8.4847,8.9785,3.9083,0.28
212.692,1787663157738,-8.4468,8.9798,3.9082,0.26
212.793,1787663157838,-8.4012,8.9814,3.9081,0.24
212.893,1787663157938,-8.3679,8.9825,3.9081,0.22
212.993,1787663158038,-8.3320,8.9837,3.9081,0.20
213.093,1787663158138,-8.3017,8.9848,3.9082,0.18
213.193,1787663158238,-8.2748,8.9858,3.9082,0.16
213.293,1787663158338,-8.2430,8.9869,3.9082,0.14
213.393,1787663158438,-8.2182,8.9877,3.9083,0.12
213.493,1787663158538,-8.1912,8.9886,3.9083,0.10
213.593,1787663158639,-8.1743,8.9892,3.9083,0.09
213.694,1787663158739,-8.1540,8.9899,3.9084,0.08
213.794,1787663158839,-8.1389,8.9904,3.9084,0.07
213.894,1787663158939,-8.1206,8.9910,3.9083,0.07
213.994,1787663159039,-8.1056,8.9916,3.9083,0.06
214.094,1787663159139,-8.0948,8.9920,3.9083,0.06
214.194,1787663159239,-8.0837,8.9924,3.9082,0.06
214.294,1787663159339,-8.0750,8.9928,3.9082,0.06
214.395,1787663159440,-8.0691,8.9930,3.9081,0.06
214.495,1787663159540,-8.0634,8.9933,3.9080,0.06
214.595,1787663159640,-8.0584,8.9936,3.9079,0.07
214.695,1787663159740,-8.0557,8.9938,3.9079,0.07
214.795,1787663159840,-8.0541,8.9939,3.9078,0.07
214.895,1787663159940,-8.0532,8.9940,3.9078,0.07
214.995,1787663160040,-8.0536,8.9940,3.9078,0.07
215.095,1787663160141,-8.0547,8.9940,3.9078,0.07
215.196,1787663160241,-8.0566,8.9939,3.9078,0.07
215.296,1787663160341,-8.0593,8.9938,3.9078,0.07
215.396,1787663160441,-8.0616,8.9937,3.9079,0.07
215.496,1787663160541,-8.0649,8.9936,3.9079,0.07
215.596,1787663160641,-8.0686,8.9935,3.9080,0.06
215.696,1787663160741,-8.0722,8.9933,3.9081,0.06
215.796,1787663160841,-8.0753,8.9932,3.9082,0.06
215.896,1787663160942,-8.0798,8.9930,3.9082,0.06
215.997,1787663161042,-8.0836,8.9929,3.9083,0.05
216.097,1787663161142,-8.0874,8.9928,3.9084,0.05
216.197,1787663161242,-8.0915,8.9926,3.9085,0.05
216.297,1787663161342,-8.0955,8.9925,3.9085,0.05
216.397,1787663161442,-8.0998,8.9923,3.9086,0.04
216.497,1787663161542,-8.1023,8.9923,3.9086,0.04
216.597,1787663161643,-8.1061,8.9921,3.9087,0.04
216.698,1787663161743,-8.1092,8.9921,3.9088,0.04
216.798,1787663161843,-8.1119,8.9920,3.9088,0.04
216.898,1787663161943,-8.1145,8.9919,3.9089,0.04
216.998,1787663162043,-8.1171,8.9918,3.9089,0.04
217.098,1787663162143,-8.1193,8.9918,3.9090,0.04
217.198,1787663162244,-8.1209,8.9918,3.9090,0.04
217.299,1787663162344,-8.1224,8.9918,3.9091,0.04
217.399,1787663162444,-8.1243,8.9918,3.9091,0.03
217.499,1787663162544,-8.1257,8.9919,3.9092,0.03
217.599,1787663162644,-8.1268,8.9919,3.9093,0.03
217.699,1787663162744,-8.1280,8.9920,3.9093,0.03
217.799,1787663162844,-8.1288,8.9920,3.9093,0.03
217.899,1787663162944,-8.1296,8.9921,3.9094,0.03
217.999,1787663163044,-8.1303,8.9922,3.9094,0.03
218.099,1787663163145,-8.1309,8.9922,3.9094,0.03
218.200,1787663163245,-8.1313,8.9923,3.9094,0.03
218.300,1787663163345,-8.1318,8.9923,3.9094,0.03
218.400,1787663163445,-8.1321,8.9923,3.9094,0.02
218.500,1787663163545,-8.1323,8.9923,3.9094,0.02
218.600,1787663163645,-8.1325,8.9924,3.9094,0.02
218.700,1787663163745,-8.1327,8.9924,3.9094,0.02
218.800,1787663163845,-8.1327,8.9924,3.9094,0.02
218.901,1787663163946,-8.1327,8.9924,3.9093,0.02
219.001,1787663164046,-8.1327,8.9924,3.9093,0.02
219.101,1787663164146,-8.1327,8.9924,3.9093,0.02
219.201,1787663164246,-8.1326,8.9924,3.9093,0.02
219.302,1787663164347,-8.1325,8.9924,3.9093,0.02
219.402,1787663164447,-8.1324,8.9923,3.9093,0.02
219.502,1787663164547,-8.1323,8.9923,3.9093,0.02
219.602,1787663164647,-8.1322,8.9923,3.9094,0.02
219.702,1787663164747,-8.1320,8.9923,3.9094,0.02
219.802,1787663164847,-8.1319,8.9923,3.9094,0.02
219.902,1787663164947,-8.1317,8.9923,3.9094,0.02
220.002,1787663165047,-8.1316,8.9922,3.9094,0.02
220.102,1787663165148,-8.1314,8.9922,3.9095,0.02
220.203,1787663165248,-8.1313,8.9922,3.9095,0.02
220.303,1787663165348,-8.1312,8.9922,3.9095,0.02
220.403,1787663165448,-8.1310,8.9922,3.9095,0.02
220.503,1787663165548,-8.1309,8.9922,3.9095,0.02
220.603,1787663165648,-8.1308,8.9921,3.9096,0.02
220.704,1787663165749,-8.1306,8.9921,3.9096,0.02
220.804,1787663165849,-8.1305,8.9921,3.9096,0.02
220.904,1787663165949,-8.1304,8.9920,3.9096,0.02
221.004,1787663166050,-8.1302,8.9920,3.9096,0.02
221.105,1787663166150,-8.1301,8.9919,3.9096,0.02
221.205,1787663166250,-8.1300,8.9919,3.9096,0.02
221.305,1787663166350,-8.1298,8.9919,3.9096,0.02
221.405,1787663166450,-8.1297,8.9919,3.9096,0.02
221.505,1787663166550,-8.1296,8.9919,3.9097,0.02
221.605,1787663166650,-8.1295,8.9918,3.9097,0.02
221.705,1787663166750,-8.1294,8.9918,3.9097,0.02
221.806,1787663166851,-8.1292,8.9918,3.9097,0.02
221.906,1787663166951,-8.1291,8.9918,3.9096,0.02
222.006,1787663167051,-8.1290,8.9918,3.9096,0.02
222.106,1787663167151,-8.1289,8.9919,3.9096,0.02
222.206,1787663167251,-8.1288,8.9919,3.9096,0.02
222.306,1787663167351,-8.1286,8.9919,3.9096,0.02
222.406,1787663167451,-8.1285,8.9920,3.9096,0.02
222.506,1787663167551,-8.1283,8.9925,3.9096,0.02
222.606,1787663167652,-8.1281,8.9940,3.9096,0.02
222.707,1787663167752,-8.1279,8.9959,3.9097,0.02
222.807,1787663167852,-8.1279,8.9966,3.9098,0.02
222.907,1787663167952,-8.1279,8.9964,3.9100,0.02
223.007,1787663168052,-8.1279,8.9946,3.9102,0.02
223.107,1787663168152,-8.1280,8.9912,3.9104,0.01
223.208,1787663168253,-8.1281,8.9850,3.9107,0.01
223.308,1787663168354,-8.1282,8.9755,3.9109,0.01
223.409,1787663168454,-8.1283,8.9652,3.9111,0.01
223.509,1787663168554,-8.1285,8.9488,3.9113,0.01
223.609,1787663168654,-8.1286,8.9250,3.9115,0.01
223.709,1787663168754,-8.1287,8.9031,3.9116,0.01
223.809,1787663168854,-8.1287,8.8828,3.9116,0.01
223.909,1787663168954,-8.1288,8.8572,3.9117,0.01
224.009,1787663169054,-8.1288,8.8232,3.9117,0.01
224.110,1787663169155,-8.1289,8.7854,3.9116,0.01
224.210,1787663169255,-8.1289,8.7507,3.9116,0.01
224.310,1787663169355,-8.1289,8.7231,3.9115,0.01
224.410,1787663169455,-8.1289,8.6843,3.9114,0.01
224.510,1787663169555,-8.1288,8.6328,3.9113,0.01
224.610,1787663169655,-8.1288,8.5864,3.9112,0.01
224.710,1787663169755,-8.1287,8.5434,3.9111,0.01
224.810,1787663169856,-8.1286,8.4865,3.9109,0.01
224.911,1787663169956,-8.1285,8.4428,3.9108,0.01
225.011,1787663170056,-8.1284,8.3817,3.9106,0.01
225.111,1787663170156,-8.1283,8.3219,3.9105,0.01
225.211,1787663170256,-8.1282,8.2638,3.9103,0.01
225.311,1787663170356,-8.1281,8.2078,3.9102,0.01
225.411,1787663170456,-8.1280,8.1473,3.9101,0.01
225.511,1787663170556,-8.1278,8.0786,3.9099,0.01
225.611,1787663170656,-8.1277,8.0161,3.9098,0.01
225.712,1787663170757,-8.1276,7.9642,3.9097,0.01
225.812,1787663170857,-8.1274,7.8783,3.9096,0.01
225.912,1787663170957,-8.1273,7.8406,3.9096,0.01
226.012,1787663171057,-8.1271,7.7727,3.9095,0.01
226.112,1787663171157,-8.1269,7.7009,3.9094,0.01
226.212,1787663171257,-8.1267,7.6287,3.9094,0.01
226.313,1787663171358,-8.1265,7.5601,3.9093,0.01
226.413,1787663171458,-8.1263,7.4800,3.9093,0.01
226.513,1787663171558,-8.1262,7.4078,3.9092,0.01
226.613,1787663171658,-8.1260,7.3511,3.9092,0.01
226.713,1787663171758,-8.1259,7.2909,3.9092,0.01
226.814,1787663171859,-8.1257,7.2274,3.9092,0.01
226.914,1787663171959,-8.1255,7.1534,3.9092,0.01
227.014,1787663172059,-8.1254,7.1057,3.9092,0.01
227.114,1787663172159,-8.1252,7.0328,3.9093,0.01
227.214,1787663172259,-8.1250,6.9640,3.9093,0.01
227.314,1787663172360,-8.1249,6.9099,3.9093,0.01
227.415,1787663172460,-8.1247,6.8456,3.9093,0.01
227.515,1787663172560,-8.1246,6.7816,3.9093,0.01
227.615,1787663172660,-8.1245,6.7321,3.9094,0.01
227.715,1787663172760,-8.1243,6.6688,3.9094,0.01
227.815,1787663172860,-8.1242,6.6059,3.9094,0.01
227.915,1787663172960,-8.1241,6.5260,3.9094,0.01
228.015,1787663173060,-8.1241,6.4706,3.9094,0.01
228.115,1787663173160,-8.1240,6.4119,3.9095,0.01
228.216,1787663173261,-8.1239,6.3469,3.9095,0.01
228.316,1787663173361,-8.1239,6.3027,3.9095,0.01
228.416,1787663173461,-8.1238,6.2284,3.9096,0.01
228.516,1787663173561,-8.1238,6.1710,3.9096,0.01
228.617,1787663173662,-8.1238,6.1205,3.9096,0.01
228.717,1787663173762,-8.1237,6.0701,3.9096,0.01
228.817,1787663173862,-8.1236,5.9932,3.9096,0.01
228.917,1787663173962,-8.1235,5.9365,3.9096,0.01
229.017,1787663174063,-8.1234,5.8799,3.9097,0.01
229.118,1787663174163,-8.1233,5.8165,3.9097,0.01
229.218,1787663174263,-8.1232,5.7566,3.9097,0.01
229.318,1787663174363,-8.1231,5.7202,3.9097,0.01
229.418,1787663174463,-8.1230,5.6608,3.9097,0.01
229.518,1787663174563,-8.1229,5.6115,3.9097,0.01
229.618,1787663174663,-8.1228,5.5491,3.9097,0.01
229.718,1787663174763,-8.1226,5.4866,3.9097,0.01
229.818,1787663174863,-8.1224,5.4236,3.9097,0.01
229.918,1787663174964,-8.1223,5.3736,3.9097,0.01
230.019,1787663175064,-8.1221,5.3204,3.9097,0.01
230.119,1787663175164,-8.1220,5.2572,3.9096,0.01
230.219,1787663175264,-8.1218,5.1938,3.9096,0.01
230.319,1787663175364,-8.1216,5.1237,3.9095,0.01
230.419,1787663175464,-8.1215,5.0602,3.9094,0.01
230.519,1787663175564,-8.1213,5.0000,3.9093,0.01
230.619,1787663175664,-8.1212,4.9397,3.9093,0.01
230.719,1787663175765,-8.1210,4.8796,3.9092,0.01
230.820,1787663175865,-8.1209,4.8230,3.9091,0.01
230.920,1787663175965,-8.1208,4.7765,3.9091,0.01
231.020,1787663176065,-8.1206,4.7270,3.9091,0.01
231.120,1787663176165,-8.1205,4.6678,3.9091,0.01
231.220,1787663176265,-8.1204,4.6086,3.9091,0.01
231.320,1787663176365,-8.1203,4.5557,3.9091,0.01
231.420,1787663176465,-8.1201,4.4927,3.9091,0.01
231.520,1787663176566,-8.1200,4.4197,3.9091,0.01
231.621,1787663176666,-8.1199,4.3698,3.9091,0.01
231.721,1787663176766,-8.1197,4.3098,3.9092,0.01
231.821,1787663176866,-8.1196,4.2365,3.9092,0.01
231.921,1787663176966,-8.1195,4.1700,3.9092,0.01
232.021,1787663177066,-8.1194,4.1068,3.9092,0.01
232.121,1787663177166,-8.1192,4.0503,3.9092,0.01
232.221,1787663177266,-8.1191,3.9940,3.9093,0.01
232.322,1787663177367,-8.1190,3.9380,3.9093,0.01
232.422,1787663177467,-8.1189,3.8888,3.9093,0.01
232.522,1787663177567,-8.1188,3.8462,3.9094,0.01
232.622,1787663177667,-8.1187,3.8071,3.9094,0.01
232.722,1787663177767,-8.1185,3.7357,3.9095,0.01
232.822,1787663177867,-8.1183,3.6703,3.9096,0.01
232.922,1787663177968,-8.1181,3.6176,3.9097,0.01
233.023,1787663178068,-8.1179,3.5580,3.9097,0.01
233.123,1787663178168,-8.1177,3.4982,3.9097,0.01
233.223,1787663178268,-8.1176,3.4482,3.9098,0.01
233.323,1787663178368,-8.1174,3.3983,3.9098,0.01
233.423,1787663178468,-8.1172,3.3386,3.9098,0.01
233.523,1787663178568,-8.1169,3.2723,3.9098,0.01
233.623,1787663178668,-8.1167,3.2156,3.9097,0.01
233.723,1787663178768,-8.1166,3.1619,3.9097,0.01
233.823,1787663178868,-8.1163,3.0978,3.9097,0.01
233.923,1787663178969,-8.1162,3.0573,3.9097,0.00
234.024,1787663179069,-8.1159,2.9829,3.9097,0.00
234.124,1787663179169,-8.1157,2.9150,3.9097,0.00
234.224,1787663179269,-8.1155,2.8607,3.9097,0.00
234.324,1787663179369,-8.1153,2.8097,3.9097,0.00
234.424,1787663179469,-8.1151,2.7449,3.9097,0.00
234.525,1787663179570,-8.1148,2.6733,3.9097,0.00
234.625,1787663179670,-8.1146,2.6289,3.9098,0.00
234.725,1787663179770,-8.1144,2.5642,3.9098,0.00
234.825,1787663179870,-8.1142,2.5029,3.9099,0.00
234.925,1787663179970,-8.1139,2.4417,3.9100,0.00
235.025,1787663180070,-8.1138,2.3872,3.9101,0.00
235.125,1787663180170,-8.1136,2.3258,3.9101,0.00
235.225,1787663180270,-8.1133,2.2646,3.9102,0.00
235.325,1787663180370,-8.1131,2.2068,3.9102,0.00
235.425,1787663180471,-8.1129,2.1457,3.9103,0.00
235.526,1787663180571,-8.1127,2.0846,3.9103,0.00
235.626,1787663180671,-8.1125,2.0304,3.9103,0.00
235.726,1787663180771,-8.1124,1.9729,3.9104,0.00
235.826,1787663180871,-8.1122,1.9190,3.9104,0.00
235.926,1787663180971,-8.1120,1.8550,3.9104,0.01
236.026,1787663181071,-8.1119,1.8078,3.9105,0.01
236.126,1787663181171,-8.1117,1.7371,3.9105,0.01
236.226,1787663181271,-8.1116,1.6799,3.9106,0.01
236.327,1787663181372,-8.1115,1.6227,3.9107,0.01
236.427,1787663181472,-8.1114,1.5722,3.9108,0.01
236.527,1787663181572,-8.1113,1.5114,3.9108,0.01
236.627,1787663181672,-8.1112,1.4574,3.9109,0.01
236.727,1787663181772,-8.1111,1.3934,3.9110,0.00
236.827,1787663181873,-8.1110,1.3429,3.9110,0.00
236.928,1787663181973,-8.1109,1.2821,3.9110,0.00
237.028,1787663182073,-8.1108,1.2245,3.9111,0.00
237.128,1787663182173,-8.1107,1.1669,3.9111,0.00
237.228,1787663182273,-8.1106,1.1023,3.9111,0.00
237.328,1787663182373,-8.1106,1.0411,3.9111,0.00
237.428,1787663182473,-8.1105,0.9798,3.9111,0.00
237.528,1787663182574,-8.1105,0.9218,3.9111,0.00
237.629,1787663182674,-8.1104,0.8673,3.9110,0.00
237.729,1787663182774,-8.1104,0.8027,3.9110,0.00
237.829,1787663182874,-8.1104,0.7448,3.9110,0.00
237.929,1787663182974,-8.1103,0.6799,3.9109,0.00
238.029,1787663183074,-8.1103,0.6253,3.9109,0.00
238.129,1787663183174,-8.1103,0.5568,3.9108,0.00
238.229,1787663183274,-8.1103,0.4986,3.9108,0.00
238.329,1787663183374,-8.1103,0.4336,3.9107,0.00
238.429,1787663183475,-8.1103,0.3687,3.9106,0.00
238.530,1787663183575,-8.1103,0.3107,3.9106,0.00
238.630,1787663183675,-8.1102,0.2595,3.9105,0.00
238.730,1787663183775,-8.1102,0.1880,3.9105,0.00
238.830,1787663183875,-8.1101,0.1271,3.9105,0.00
238.930,1787663183975,-8.1101,0.0798,3.9104,0.00
239.030,1787663184075,-8.1101,0.0259,3.9104,0.00
239.130,1787663184175,-8.1100,-0.0344,3.9104,0.00
239.230,1787663184275,-8.1099,-0.0913,3.9104,0.00
239.330,1787663184375,-8.1099,-0.1483,3.9104,0.00
239.431,1787663184476,-8.1098,-0.2088,3.9104,0.00
239.531,1787663184576,-8.1097,-0.2591,3.9104,0.00
239.631,1787663184676,-8.1097,-0.3161,3.9104,0.00
239.731,1787663184776,-8.1096,-0.3766,3.9104,0.00
239.831,1787663184876,-8.1095,-0.4404,3.9104,0.00
239.931,1787663184976,-8.1094,-0.4875,3.9104,0.00
240.032,1787663185077,-8.1093,-0.5620,3.9104,0.00
240.132,1787663185177,-8.1092,-0.6196,3.9104,0.00
240.232,1787663185277,-8.1091,-0.6740,3.9104,0.00
240.332,1787663185377,-8.1089,-0.7319,3.9104,0.00
240.432,1787663185477,-8.1088,-0.7897,3.9105,0.01
240.532,1787663185577,-8.1086,-0.8475,3.9105,0.01
240.632,1787663185678,-8.1085,-0.9054,3.9105,0.01
240.733,1787663185778,-8.1083,-0.9804,3.9105,0.01
240.833,1787663185878,-8.1081,-1.0316,3.9105,0.01
240.933,1787663185978,-8.1079,-1.0897,3.9105,0.01
241.033,1787663186078,-8.1076,-1.1544,3.9105,0.01
241.133,1787663186178,-8.1073,-1.2293,3.9105,0.01
241.233,1787663186278,-8.1071,-1.2803,3.9105,0.01
241.333,1787663186378,-8.1069,-1.3379,3.9105,0.01
241.433,1787663186478,-8.1066,-1.4056,3.9105,0.01
241.533,1787663186579,-8.1063,-1.4665,3.9105,0.01
241.634,1787663186679,-8.1061,-1.5273,3.9105,0.00
241.734,1787663186779,-8.1058,-1.5879,3.9105,0.00
241.834,1787663186879,-8.1056,-1.6516,3.9105,0.00
241.934,1787663186979,-8.1054,-1.7084,3.9105,0.00
242.034,1787663187079,-8.1051,-1.7682,3.9104,0.00
242.134,1787663187179,-8.1049,-1.8246,3.9104,0.00
242.234,1787663187279,-8.1047,-1.8776,3.9104,0.00
242.334,1787663187379,-8.1044,-1.9371,3.9104,0.00
242.434,1787663187480,-8.1042,-2.0063,3.9104,0.00
242.535,1787663187580,-8.1039,-2.0722,3.9104,0.00
242.635,1787663187680,-8.1038,-2.1284,3.9103,0.00
242.735,1787663187780,-8.1036,-2.1745,3.9103,0.00
242.835,1787663187880,-8.1034,-2.2337,3.9103,0.00
242.935,1787663187980,-8.1032,-2.2827,3.9102,0.00
243.035,1787663188080,-8.1030,-2.3349,3.9102,0.00
243.135,1787663188180,-8.1029,-2.3937,3.9101,0.00
243.235,1787663188280,-8.1027,-2.4461,3.9101,0.00
243.336,1787663188381,-8.1026,-2.5087,3.9100,0.00
243.436,1787663188481,-8.1024,-2.5682,3.9099,0.00
243.536,1787663188581,-8.1022,-2.6278,3.9098,0.00
243.636,1787663188681,-8.1020,-2.6842,3.9097,0.00
243.736,1787663188781,-8.1019,-2.7440,3.9097,0.00
243.836,1787663188881,-8.1016,-2.8174,3.9096,0.00
243.936,1787663188981,-8.1014,-2.8776,3.9095,0.00
244.036,1787663189081,-8.1013,-2.9179,3.9094,0.00
244.136,1787663189181,-8.1011,-2.9847,3.9093,0.00
244.236,1787663189282,-8.1009,-3.0446,3.9093,0.00
244.337,1787663189382,-8.1007,-3.1013,3.9093,0.00
244.437,1787663189482,-8.1005,-3.1583,3.9092,0.00
244.537,1787663189582,-8.1003,-3.2119,3.9092,0.00
244.637,1787663189682,-8.1002,-3.2689,3.9092,0.00
244.737,1787663189782,-8.1000,-3.3324,3.9092,0.00
244.838,1787663189883,-8.0998,-3.3960,3.9092,0.00
244.938,1787663189983,-8.0996,-3.4498,3.9092,0.00
245.038,1787663190083,-8.0994,-3.5104,3.9092,0.00
245.138,1787663190183,-8.0993,-3.5744,3.9092,0.00
245.238,1787663190283,-8.0992,-3.6283,3.9093,0.00
245.338,1787663190384,-8.0990,-3.6922,3.9093,-0.00
245.439,1787663190484,-8.0989,-3.7525,3.9093,-0.00
245.539,1787663190584,-8.0988,-3.8162,3.9094,0.00
245.639,1787663190684,-8.0987,-3.8732,3.9095,0.00
245.739,1787663190784,-8.0986,-3.9269,3.9095,0.00
245.839,1787663190884,-8.0984,-3.9872,3.9096,0.00
245.939,1787663190984,-8.0983,-4.0407,3.9096,0.00
246.039,1787663191084,-8.0983,-4.0974,3.9097,0.01
246.139,1787663191185,-8.0982,-4.1575,3.9097,0.01
246.240,1787663191285,-8.0981,-4.2177,3.9098,0.01
246.340,1787663191385,-8.0980,-4.2746,3.9098,0.01
246.440,1787663191485,-8.0980,-4.3316,3.9099,0.01
246.540,1787663191585,-8.0979,-4.3986,3.9099,0.01
246.640,1787663191685,-8.0978,-4.4556,3.9100,0.01
246.740,1787663191785,-8.0977,-4.5161,3.9100,0.00
246.840,1787663191885,-8.0976,-4.5768,3.9101,0.00
246.940,1787663191986,-8.0974,-4.6408,3.9101,0.00
247.041,1787663192086,-8.0973,-4.6948,3.9101,0.00
247.141,1787663192186,-8.0972,-4.7419,3.9101,0.00
247.241,1787663192286,-8.0971,-4.7923,3.9101,0.00
247.341,1787663192386,-8.0969,-4.8525,3.9101,0.00
247.441,1787663192486,-8.0967,-4.9127,3.9101,0.00
247.544,1787663192589,-8.0966,-4.9664,3.9101,0.00
247.644,1787663192689,-8.0964,-5.0100,3.9101,0.00
247.744,1787663192789,-8.0963,-5.0740,3.9101,0.00
247.844,1787663192889,-8.0961,-5.1314,3.9101,-0.00
247.944,1787663192989,-8.0959,-5.1925,3.9101,-0.00
248.044,1787663193090,-8.0957,-5.2538,3.9101,-0.00
248.145,1787663193190,-8.0955,-5.3222,3.9101,-0.00
248.245,1787663193290,-8.0953,-5.3839,3.9101,-0.00
248.345,1787663193391,-8.0951,-5.4457,3.9101,-0.00
248.446,1787663193491,-8.0949,-5.5110,3.9101,-0.00
248.546,1787663193591,-8.0948,-5.5661,3.9101,-0.00
248.646,1787663193691,-8.0947,-5.6210,3.9101,-0.00
248.746,1787663193791,-8.0945,-5.6791,3.9102,0.00
248.846,1787663193891,-8.0944,-5.7370,3.9102,0.00
248.946,1787663193991,-8.0943,-5.7951,3.9102,0.00
249.046,1787663194091,-8.0942,-5.8532,3.9102,0.00
249.146,1787663194191,-8.0941,-5.9180,3.9103,0.00
249.246,1787663194292,-8.0940,-5.9831,3.9103,0.00
249.347,1787663194392,-8.0939,-6.0413,3.9103,0.00
249.447,1787663194492,-8.0938,-6.1030,3.9103,0.01
249.547,1787663194592,-8.0937,-6.1612,3.9103,0.01
249.647,1787663194692,-8.0936,-6.2228,3.9104,0.01
249.747,1787663194792,-8.0936,-6.2843,3.9104,0.01
249.847,1787663194892,-8.0935,-6.3457,3.9104,0.01
249.947,1787663194992,-8.0934,-6.4003,3.9104,0.01
250.047,1787663195092,-8.0933,-6.4582,3.9103,0.01
250.147,1787663195193,-8.0932,-6.5228,3.9103,0.01
250.248,1787663195293,-8.0931,-6.5772,3.9103,0.01
250.348,1787663195393,-8.0930,-6.6416,3.9103,0.01
250.448,1787663195493,-8.0928,-6.6992,3.9102,0.01
250.548,1787663195593,-8.0927,-6.7567,3.9102,0.01
250.648,1787663195693,-8.0925,-6.8075,3.9102,0.01
250.748,1787663195793,-8.0923,-6.8853,3.9102,0.01
250.848,1787663195893,-8.0921,-6.9429,3.9102,0.01
250.948,1787663195994,-8.0919,-6.9870,3.9102,0.01
251.049,1787663196094,-8.0918,-7.0209,3.9102,0.01
251.149,1787663196194,-8.0917,-7.0648,3.9102,0.01
251.249,1787663196294,-8.0915,-7.1116,3.9102,0.01
251.349,1787663196394,-8.0913,-7.1616,3.9102,0.01
251.449,1787663196494,-8.0910,-7.2220,3.9102,0.01
251.549,1787663196594,-8.0907,-7.2796,3.9102,0.01
251.649,1787663196694,-8.0904,-7.3381,3.9103,0.01
251.749,1787663196794,-8.0902,-7.3901,3.9103,0.01
251.849,1787663196895,-8.0899,-7.4529,3.9103,0.01
251.950,1787663196995,-8.0896,-7.5125,3.9103,0.01
252.050,1787663197095,-8.0893,-7.5725,3.9103,0.01
252.150,1787663197195,-8.0890,-7.6400,3.9103,0.01
252.250,1787663197295,-8.0888,-7.6863,3.9104,0.01
252.350,1787663197395,-8.0886,-7.7328,3.9104,0.01
252.450,1787663197495,-8.0884,-7.7828,3.9104,0.01
252.550,1787663197596,-8.0881,-7.8364,3.9105,0.01
252.651,1787663197696,-8.0879,-7.8974,3.9105,0.01
252.751,1787663197796,-8.0877,-7.9549,3.9105,0.01
252.851,1787663197896,-8.0875,-8.0091,3.9106,0.01
252.951,1787663197996,-8.0873,-8.0712,3.9106,0.01
253.051,1787663198096,-8.0871,-8.1380,3.9106,0.01
253.151,1787663198196,-8.0869,-8.2096,3.9105,0.01
253.251,1787663198296,-8.0867,-8.2700,3.9104,0.01
253.351,1787663198396,-8.0866,-8.3336,3.9104,0.01
253.452,1787663198497,-8.0864,-8.3958,3.9103,0.01
253.552,1787663198597,-8.0863,-8.4597,3.9103,0.01
253.652,1787663198697,-8.0862,-8.5145,3.9103,0.00
253.752,1787663198797,-8.0862,-8.5671,3.9103,0.00
253.852,1787663198897,-8.0861,-8.6235,3.9103,0.00
253.952,1787663198997,-8.0861,-8.6853,3.9104,0.01
254.052,1787663199097,-8.0860,-8.7240,3.9104,0.01
254.152,1787663199197,-8.0860,-8.7680,3.9104,0.01
254.252,1787663199297,-8.0860,-8.8133,3.9104,0.01
254.353,1787663199398,-8.0860,-8.8545,3.9104,0.01
254.453,1787663199498,-8.0860,-8.8879,3.9103,0.01
254.553,1787663199598,-8.0861,-8.9145,3.9102,0.00
254.653,1787663199698,-8.0861,-8.9387,3.9101,0.00
254.753,1787663199798,-8.0861,-8.9618,3.9099,0.00
254.853,1787663199898,-8.0862,-8.9845,3.9098,0.00
254.953,1787663199998,-8.0862,-8.9957,3.9097,0.00
255.053,1787663200098,-8.0862,-9.0151,3.9095,0.01
255.153,1787663200199,-8.0863,-9.0280,3.9093,0.01
255.254,1787663200299,-8.0864,-9.0400,3.9092,0.01
255.354,1787663200399,-8.0865,-9.0485,3.9091,0.01
255.454,1787663200499,-8.0865,-9.0561,3.9089,0.01
255.554,1787663200599,-8.0866,-9.0610,3.9089,0.01
255.654,1787663200699,-8.0866,-9.0639,3.9088,0.01
255.754,1787663200799,-8.0867,-9.0653,3.9087,0.01
255.854,1787663200899,-8.0867,-9.0649,3.9087,0.01
255.954,1787663200999,-8.0868,-9.0632,3.9087,0.01
256.054,1787663201100,-8.0869,-9.0603,3.9087,0.01
256.155,1787663201200,-8.0869,-9.0565,3.9087,0.01
256.255,1787663201300,-8.0870,-9.0507,3.9088,0.00
256.355,1787663201400,-8.0870,-9.0461,3.9088,0.00
256.455,1787663201500,-8.0870,-9.0408,3.9089,0.00
256.556,1787663201601,-8.0870,-9.0350,3.9090,0.00
256.656,1787663201701,-8.0870,-9.0290,3.9090,-0.00
256.756,1787663201801,-8.0870,-9.0232,3.9091,-0.00
256.856,1787663201901,-8.0871,-9.0168,3.9091,0.00
256.956,1787663202002,-8.0871,-9.0119,3.9092,0.00
257.057,1787663202102,-8.0871,-9.0067,3.9092,0.00
257.157,1787663202202,-8.0871,-9.0010,3.9093,0.00
257.257,1787663202302,-8.0871,-8.9950,3.9094,0.00
257.357,1787663202402,-8.0871,-8.9898,3.9094,0.00
257.457,1787663202502,-8.0870,-8.9847,3.9095,0.00
257.557,1787663202602,-8.0870,-8.9809,3.9095,0.01
257.657,1787663202702,-8.0870,-8.9769,3.9095,0.01
257.757,1787663202802,-8.0869,-8.9734,3.9096,0.01
257.857,1787663202902,-8.0869,-8.9696,3.9096,0.01
257.958,1787663203003,-8.0869,-8.9663,3.9096,0.01
258.058,1787663203103,-8.0869,-8.9637,3.9097,0.01
258.158,1787663203203,-8.0868,-8.9613,3.9097,0.01
258.258,1787663203303,-8.0868,-8.9591,3.9097,0.01
258.358,1787663203404,-8.0868,-8.9571,3.9097,0.01
258.459,1787663203504,-8.0868,-8.9554,3.9097,0.01
258.559,1787663203604,-8.0868,-8.9538,3.9098,0.01
258.659,1787663203704,-8.0867,-8.9526,3.9098,0.01
258.759,1787663203804,-8.0867,-8.9515,3.9098,0.01
258.859,1787663203904,-8.0867,-8.9508,3.9099,0.01
258.959,1787663204004,-8.0868,-8.9502,3.9099,0.01
259.059,1787663204104,-8.0868,-8.9498,3.9100,0.01
259.159,1787663204204,-8.0868,-8.9495,3.9100,0.01
259.259,1787663204304,-8.0868,-8.9494,3.9101,0.01
259.359,1787663204405,-8.0868,-8.9495,3.9101,0.01
259.460,1787663204505,-8.0869,-8.9496,3.9101,0.01
259.560,1787663204605,-8.0870,-8.9499,3.9101,0.01
259.660,1787663204705,-8.0870,-8.9503,3.9101,0.01
259.760,1787663204805,-8.0871,-8.9505,3.9101,0.01
259.860,1787663204905,-8.0872,-8.9510,3.9101,0.01
259.960,1787663205005,-8.0873,-8.9516,3.9101,0.01
260.060,1787663205105,-8.0874,-8.9521,3.9101,0.01
260.160,1787663205205,-8.0876,-8.9528,3.9101,0.01
260.260,1787663205306,-8.0878,-8.9535,3.9101,0.01
260.361,1787663205406,-8.0880,-8.9543,3.9101,0.00
260.461,1787663205506,-8.0882,-8.9550,3.9101,0.00
260.561,1787663205606,-8.0884,-8.9559,3.9101,0.00
260.661,1787663205706,-8.0886,-8.9567,3.9100,0.00
260.761,1787663205806,-8.0887,-8.9572,3.9100,0.00
260.861,1787663205906,-8.0888,-8.9581,3.9100,0.00
260.961,1787663206006,-8.0890,-8.9588,3.9100,0.00
261.061,1787663206107,-8.0891,-8.9595,3.9100,0.00
261.162,1787663206207,-8.0892,-8.9603,3.9100,0.00
261.262,1787663206307,-8.0893,-8.9611,3.9100,0.00
261.362,1787663206407,-8.0894,-8.9617,3.9100,0.00
261.462,1787663206507,-8.0895,-8.9625,3.9100,0.00
261.562,1787663206607,-8.0895,-8.9632,3.9101,0.00
261.662,1787663206707,-8.0896,-8.9639,3.9101,0.00
261.762,1787663206807,-8.0896,-8.9645,3.9101,-0.00
261.862,1787663206907,-8.0896,-8.9651,3.9101,-0.00
261.962,1787663207008,-8.0897,-8.9658,3.9101,-0.00
262.063,1787663207108,-8.0897,-8.9664,3.9101,-0.00
262.163,1787663207208,-8.0897,-8.9670,3.9101,-0.01
262.263,1787663207309,-8.0897,-8.9675,3.9101,-0.01
262.364,1787663207409,-8.0897,-8.9682,3.9100,-0.01
262.464,1787663207509,-8.0897,-8.9688,3.9100,-0.01
262.564,1787663207609,-8.0896,-8.9693,3.9099,-0.01
262.664,1787663207709,-8.0897,-8.9699,3.9099,-0.01
262.764,1787663207809,-8.0897,-8.9705,3.9099,-0.01
262.864,1787663207909,-8.0897,-8.9709,3.9099,-0.01
262.964,1787663208010,-8.0897,-8.9715,3.9099,-0.01
263.065,1787663208110,-8.0897,-8.9721,3.9099,-0.01
263.165,1787663208210,-8.0898,-8.9727,3.9099,-0.01
263.265,1787663208310,-8.0898,-8.9730,3.9099,-0.01
263.365,1787663208410,-8.0898,-8.9736,3.9099,-0.01
263.465,1787663208510,-8.0899,-8.9740,3.9099,-0.01
263.565,1787663208610,-8.0899,-8.9746,3.9099,-0.01
263.665,1787663208710,-8.0900,-8.9751,3.9099,-0.01
263.766,1787663208811,-8.0900,-8.9756,3.9099,-0.01
263.866,1787663208911,-8.0901,-8.9763,3.9095,-0.01
263.966,1787663209011,-8.0901,-8.9769,3.9084,-0.01
264.066,1787663209111,-8.0902,-8.9773,3.9063,-0.01
264.166,1787663209212,-8.0902,-8.9773,3.9039,-0.01
264.267,1787663209312,-8.0903,-8.9771,3.9003,-0.01
264.367,1787663209412,-8.0904,-8.9767,3.8958,-0.01
264.468,1787663209513,-8.0904,-8.9762,3.8902,-0.01
264.568,1787663209613,-8.0905,-8.9756,3.8844,-0.01
264.668,1787663209713,-8.0906,-8.9749,3.8767,-0.01
264.768,1787663209813,-8.0906,-8.9741,3.8686,-0.01
264.868,1787663209913,-8.0906,-8.9732,3.8598,-0.01
264.969,1787663210014,-8.0906,-8.9723,3.8499,-0.01
265.069,1787663210114,-8.0906,-8.9713,3.8399,-0.01
265.169,1787663210214,-8.0905,-8.9704,3.8301,-0.01
265.269,1787663210314,-8.0905,-8.9696,3.8199,-0.01
265.369,1787663210414,-8.0905,-8.9688,3.8100,-0.01
265.469,1787663210514,-8.0904,-8.9679,3.7978,-0.01
265.569,1787663210614,-8.0902,-8.9670,3.7853,-0.01
265.669,1787663210714,-8.0901,-8.9663,3.7753,-0.01
265.769,1787663210815,-8.0900,-8.9656,3.7630,-0.01
265.870,1787663210915,-8.0899,-8.9649,3.7497,-0.01
265.970,1787663211015,-8.0897,-8.9645,3.7391,-0.01
266.070,1787663211115,-8.0896,-8.9640,3.7277,-0.01
266.171,1787663211216,-8.0894,-8.9636,3.7132,-0.01
266.271,1787663211316,-8.0892,-8.9633,3.7021,-0.01
266.372,1787663211417,-8.0890,-8.9630,3.6886,-0.01
266.472,1787663211517,-8.0888,-8.9628,3.6750,-0.01
266.572,1787663211617,-8.0886,-8.9627,3.6621,-0.01
266.672,1787663211717,-8.0883,-8.9627,3.6475,-0.01
266.772,1787663211817,-8.0881,-8.9627,3.6336,-0.01
266.872,1787663211917,-8.0879,-8.9627,3.6189,-0.01
266.972,1787663212017,-8.0877,-8.9628,3.6096,-0.01
267.072,1787663212117,-8.0875,-8.9630,3.5970,-0.01
267.172,1787663212217,-8.0873,-8.9632,3.5804,-0.01
267.272,1787663212318,-8.0871,-8.9635,3.5669,-0.01
267.373,1787663212418,-8.0869,-8.9638,3.5526,-0.01
267.473,1787663212518,-8.0867,-8.9642,3.5374,-0.01
267.573,1787663212618,-8.0865,-8.9646,3.5215,-0.01
267.673,1787663212718,-8.0864,-8.9650,3.5088,-0.01
267.773,1787663212818,-8.0862,-8.9654,3.4954,-0.01
267.873,1787663212918,-8.0861,-8.9660,3.4795,-0.01
267.973,1787663213018,-8.0860,-8.9664,3.4653,-0.01
268.073,1787663213118,-8.0860,-8.9669,3.4526,-0.01
268.173,1787663213219,-8.0859,-8.9673,3.4391,-0.01
268.274,1787663213319,-8.0859,-8.9678,3.4256,-0.01
268.374,1787663213419,-8.0860,-8.9683,3.4104,-0.01
268.474,1787663213519,-8.0859,-8.9687,3.3968,-0.01
268.574,1787663213619,-8.0860,-8.9692,3.3814,-0.01
268.674,1787663213719,-8.0860,-8.9696,3.3677,-0.01
268.774,1787663213819,-8.0861,-8.9700,3.3563,-0.01
268.874,1787663213919,-8.0861,-8.9704,3.3417,-0.01
268.974,1787663214019,-8.0862,-8.9708,3.3270,-0.01
269.074,1787663214120,-8.0862,-8.9712,3.3130,-0.01
269.175,1787663214220,-8.0863,-8.9715,3.3007,-0.01
269.275,1787663214320,-8.0863,-8.9718,3.2866,-0.01
269.375,1787663214420,-8.0864,-8.9722,3.2707,-0.01
269.475,1787663214520,-8.0865,-8.9726,3.2557,-0.02
269.575,1787663214620,-8.0865,-8.9730,3.2406,-0.02
269.675,1787663214720,-8.0866,-8.9733,3.2281,-0.02
269.775,1787663214820,-8.0867,-8.9736,3.2147,-0.02
269.875,1787663214920,-8.0868,-8.9738,3.2021,-0.02
269.975,1787663215020,-8.0869,-8.9741,3.1894,-0.02
270.075,1787663215121,-8.0870,-8.9744,3.1725,-0.02
270.176,1787663215221,-8.0870,-8.9748,3.1572,-0.02
270.276,1787663215321,-8.0870,-8.9751,3.1436,-0.02
270.376,1787663215421,-8.0870,-8.9754,3.1292,-0.02
270.476,1787663215521,-8.0870,-8.9756,3.1165,-0.02
270.576,1787663215621,-8.0870,-8.9759,3.1029,-0.02
270.676,1787663215721,-8.0870,-8.9762,3.0867,-0.02
270.776,1787663215821,-8.0870,-8.9765,3.0731,-0.02
270.876,1787663215921,-8.0869,-8.9768,3.0551,-0.02
270.976,1787663216021,-8.0868,-8.9771,3.0415,-0.02
271.077,1787663216122,-8.0867,-8.9774,3.0295,-0.02
271.177,1787663216222,-8.0866,-8.9776,3.0184,-0.02
271.277,1787663216322,-8.0865,-8.9780,3.0030,-0.02
271.377,1787663216422,-8.0864,-8.9782,2.9909,-0.02
271.477,1787663216522,-8.0862,-8.9786,2.9735,-0.02
271.577,1787663216622,-8.0860,-8.9790,2.9578,-0.02
271.677,1787663216722,-8.0858,-8.9794,2.9421,-0.02
271.777,1787663216822,-8.0856,-8.9797,2.9291,-0.02
271.877,1787663216923,-8.0854,-8.9801,2.9151,-0.02
271.978,1787663217023,-8.0852,-8.9804,2.9003,-0.02
272.078,1787663217123,-8.0850,-8.9808,2.8845,-0.02
272.178,1787663217223,-8.0848,-8.9811,2.8696,-0.02
272.278,1787663217323,-8.0846,-8.9815,2.8530,-0.02
272.378,1787663217423,-8.0843,-8.9820,2.8348,-0.02
272.478,1787663217523,-8.0841,-8.9823,2.8192,-0.02
272.579,1787663217624,-8.0839,-8.9826,2.8072,-0.02
272.679,1787663217724,-8.0837,-8.9829,2.7961,-0.03
272.779,1787663217824,-8.0835,-8.9832,2.7815,-0.03
272.879,1787663217924,-8.0832,-8.9835,2.7667,-0.03
272.979,1787663218024,-8.0830,-8.9838,2.7528,-0.03
273.079,1787663218124,-8.0827,-8.9842,2.7371,-0.03
273.179,1787663218224,-8.0824,-8.9845,2.7197,-0.03
273.279,1787663218324,-8.0822,-8.9848,2.7084,-0.03
273.379,1787663218424,-8.0820,-8.9850,2.6944,-0.03
273.479,1787663218525,-8.0817,-8.9854,2.6778,-0.02
273.580,1787663218625,-8.0815,-8.9856,2.6630,-0.02
273.680,1787663218725,-8.0813,-8.9860,2.6473,-0.02
273.780,1787663218825,-8.0811,-8.9862,2.6334,-0.02
273.880,1787663218925,-8.0810,-8.9864,2.6221,-0.02
273.980,1787663219025,-8.0808,-8.9867,2.6074,-0.02
274.080,1787663219125,-8.0807,-8.9870,2.5944,-0.02
274.180,1787663219225,-8.0805,-8.9873,2.5787,-0.02
274.280,1787663219325,-8.0804,-8.9875,2.5638,-0.02
274.381,1787663219426,-8.0802,-8.9877,2.5506,-0.02
274.481,1787663219526,-8.0802,-8.9879,2.5435,-0.02
274.581,1787663219626,-8.0800,-8.9882,2.5231,-0.02
274.682,1787663219727,-8.0799,-8.9884,2.5069,-0.02
274.782,1787663219827,-8.0799,-8.9886,2.4935,-0.02
274.882,1787663219927,-8.0798,-8.9889,2.4773,-0.02
274.982,1787663220027,-8.0797,-8.9892,2.4603,-0.02
275.082,1787663220127,-8.0797,-8.9894,2.4460,-0.02
275.183,1787663220228,-8.0796,-8.9897,2.4301,-0.02
275.283,1787663220329,-8.0795,-8.9900,2.4142,-0.02
275.384,1787663220429,-8.0795,-8.9903,2.4004,-0.02
275.484,1787663220529,-8.0794,-8.9906,2.3855,-0.02
275.584,1787663220629,-8.0793,-8.9908,2.3722,-0.02
275.684,1787663220729,-8.0793,-8.9911,2.3583,-0.02
275.784,1787663220829,-8.0792,-8.9913,2.3482,-0.02
275.884,1787663220929,-8.0792,-8.9915,2.3376,-0.02
275.984,1787663221029,-8.0792,-8.9918,2.3289,-0.02
276.085,1787663221130,-8.0792,-8.9920,2.3188,-0.02
276.185,1787663221230,-8.0792,-8.9923,2.3092,-0.02
276.285,1787663221330,-8.0791,-8.9926,2.3011,-0.02
276.385,1787663221430,-8.0791,-8.9928,2.2956,-0.02
276.487,1787663221532,-8.0791,-8.9930,2.2888,-0.02
276.587,1787663221632,-8.0790,-8.9932,2.2842,-0.02
276.687,1787663221732,-8.0790,-8.9935,2.2782,-0.02
276.787,1787663221833,-8.0790,-8.9937,2.2742,-0.02
276.888,1787663221933,-8.0790,-8.9948,2.2713,-0.02
276.988,1787663222033,-8.0790,-8.9964,2.2704,-0.02
277.088,1787663222133,-8.0790,-8.9980,2.2706,-0.02
277.188,1787663222233,-8.0789,-8.9985,2.2716,-0.02
277.288,1787663222333,-8.0789,-8.9965,2.2733,-0.02
277.388,1787663222433,-8.0789,-8.9929,2.2746,-0.02
277.488,1787663222533,-8.0789,-8.9874,2.2760,-0.02
277.588,1787663222633,-8.0788,-8.9789,2.2774,-0.02
277.689,1787663222734,-8.0788,-8.9684,2.2788,-0.02
277.789,1787663222834,-8.0788,-8.9542,2.2800,-0.02
277.889,1787663222934,-8.0788,-8.9377,2.2811,-0.02
277.989,1787663223034,-8.0788,-8.9220,2.2818,-0.02
278.089,1787663223134,-8.0788,-8.8988,2.2826,-0.02
278.189,1787663223234,-8.0788,-8.8723,2.2833,-0.02
278.290,1787663223335,-8.0788,-8.8475,2.2836,-0.02
278.390,1787663223435,-8.0788,-8.8163,2.2839,-0.02
278.490,1787663223535,-8.0788,-8.7759,2.2841,-0.02
278.590,1787663223635,-8.0788,-8.7315,2.2840,-0.02
278.690,1787663223735,-8.0788,-8.6935,2.2839,-0.02
278.790,1787663223835,-8.0789,-8.6532,2.2837,-0.02
278.890,1787663223935,-8.0789,-8.6027,2.2834,-0.02
278.990,1787663224035,-8.0790,-8.5494,2.2830,-0.02
279.090,1787663224136,-8.0790,-8.4994,2.2826,-0.02
279.191,1787663224236,-8.0791,-8.4537,2.2822,-0.02
279.291,1787663224336,-8.0792,-8.3937,2.2817,-0.01
279.391,1787663224436,-8.0793,-8.3353,2.2811,-0.01
279.491,1787663224536,-8.0794,-8.2752,2.2806,-0.01
279.591,1787663224636,-8.0794,-8.2070,2.2800,-0.01
279.691,1787663224736,-8.0795,-8.1481,2.2795,-0.01
279.791,1787663224836,-8.0796,-8.0954,2.2790,-0.01
279.891,1787663224936,-8.0796,-8.0316,2.2785,-0.01
279.991,1787663225037,-8.0796,-7.9850,2.2781,-0.01
280.092,1787663225137,-8.0797,-7.9166,2.2776,-0.01
280.192,1787663225237,-8.0797,-7.8477,2.2771,-0.01
280.292,1787663225337,-8.0797,-7.7929,2.2768,-0.01
280.392,1787663225437,-8.0797,-7.7270,2.2763,-0.01
280.492,1787663225537,-8.0796,-7.6572,2.2759,-0.01
280.592,1787663225637,-8.0796,-7.5871,2.2754,-0.01
280.692,1787663225738,-8.0796,-7.5391,2.2751,-0.01
280.793,1787663225838,-8.0795,-7.4691,2.2747,-0.01
280.893,1787663225938,-8.0794,-7.4066,2.2743,-0.01
280.993,1787663226038,-8.0793,-7.3442,2.2740,-0.01
281.093,1787663226138,-8.0792,-7.2893,2.2736,-0.01
281.193,1787663226238,-8.0791,-7.2308,2.2733,-0.01
281.293,1787663226338,-8.0790,-7.1725,2.2730,-0.01
281.393,1787663226438,-8.0789,-7.1036,2.2726,-0.01
281.493,1787663226538,-8.0787,-7.0386,2.2722,-0.01
281.593,1787663226639,-8.0786,-6.9809,2.2719,-0.01
281.694,1787663226739,-8.0785,-6.9232,2.2716,-0.01
281.794,1787663226839,-8.0784,-6.8586,2.2713,-0.01
281.894,1787663226939,-8.0783,-6.7907,2.2709,-0.01
281.994,1787663227039,-8.0782,-6.7371,2.2706,-0.01
282.094,1787663227139,-8.0781,-6.6694,2.2703,-0.01
282.194,1787663227239,-8.0780,-6.6127,2.2700,-0.01
282.294,1787663227339,-8.0780,-6.5667,2.2697,-0.01
282.394,1787663227439,-8.0779,-6.4962,2.2694,-0.00
282.494,1787663227540,-8.0778,-6.4188,2.2690,-0.00
282.595,1787663227640,-8.0778,-6.3590,2.2687,-0.00
282.695,1787663227740,-8.0778,-6.3027,2.2684,-0.00
282.795,1787663227840,-8.0777,-6.2433,2.2681,-0.00
282.895,1787663227940,-8.0777,-6.1806,2.2678,-0.00
282.995,1787663228040,-8.0777,-6.1216,2.2675,-0.00
283.095,1787663228140,-8.0777,-6.0593,2.2671,-0.00
283.195,1787663228240,-8.0777,-6.0145,2.2669,-0.00
283.295,1787663228340,-8.0777,-5.9494,2.2666,-0.00
283.395,1787663228440,-8.0776,-5.8878,2.2663,-0.00
283.495,1787663228541,-8.0776,-5.8468,2.2661,-0.00
283.596,1787663228641,-8.0776,-5.7853,2.2659,-0.00
283.696,1787663228741,-8.0776,-5.7273,2.2656,-0.00
283.796,1787663228841,-8.0776,-5.6763,2.2654,-0.00
283.896,1787663228941,-8.0776,-5.6185,2.2651,-0.00
283.997,1787663229042,-8.0776,-5.5643,2.2649,-0.00
284.097,1787663229142,-8.0776,-5.5032,2.2646,-0.00
284.197,1787663229242,-8.0776,-5.4554,2.2644,-0.00
284.297,1787663229342,-8.0776,-5.3938,2.2641,-0.00
284.397,1787663229442,-8.0776,-5.3286,2.2638,-0.00
284.497,1787663229542,-8.0775,-5.2839,2.2636,-0.00
284.597,1787663229642,-8.0775,-5.2220,2.2634,-0.00
284.697,1787663229742,-8.0775,-5.1637,2.2631,-0.01
284.797,1787663229843,-8.0775,-5.1120,2.2628,-0.01
284.898,1787663229943,-8.0775,-5.0393,2.2625,-0.01
284.998,1787663230043,-8.0775,-4.9767,2.2622,-0.01
285.098,1787663230143,-8.0775,-4.9175,2.2620,-0.01
285.198,1787663230243,-8.0775,-4.8513,2.2617,-0.01
285.298,1787663230343,-8.0774,-4.7885,2.2615,-0.01
285.398,1787663230443,-8.0774,-4.7291,2.2612,-0.01
285.498,1787663230543,-8.0774,-4.6628,2.2610,-0.01
285.598,1787663230643,-8.0774,-4.6037,2.2607,-0.01
285.698,1787663230743,-8.0774,-4.5413,2.2605,-0.01
285.798,1787663230844,-8.0774,-4.4894,2.2603,-0.01
285.899,1787663230944,-8.0774,-4.4273,2.2601,-0.01
285.999,1787663231044,-8.0774,-4.3723,2.2599,-0.01
286.099,1787663231144,-8.0774,-4.3107,2.2597,-0.00
286.199,1787663231244,-8.0774,-4.2459,2.2595,-0.00
286.299,1787663231344,-8.0774,-4.1778,2.2592,-0.00
286.399,1787663231444,-8.0774,-4.1336,2.2591,-0.00
286.499,1787663231544,-8.0774,-4.0658,2.2588,-0.01
286.599,1787663231645,-8.0774,-4.0050,2.2586,-0.01
286.700,1787663231745,-8.0775,-3.9509,2.2584,-0.01
286.800,1787663231845,-8.0775,-3.9004,2.2582,-0.01
286.900,1787663231945,-8.0776,-3.8365,2.2580,-0.00
287.000,1787663232045,-8.0776,-3.7828,2.2578,-0.00
287.100,1787663232145,-8.0776,-3.7225,2.2575,-0.00
287.200,1787663232245,-8.0777,-3.6555,2.2573,-0.00
287.300,1787663232345,-8.0777,-3.5984,2.2571,-0.00
287.400,1787663232446,-8.0777,-3.5312,2.2568,-0.00
287.501,1787663232546,-8.0778,-3.4676,2.2566,-0.00
287.601,1787663232646,-8.0778,-3.4141,2.2564,-0.00
287.701,1787663232746,-8.0778,-3.3441,2.2561,-0.00
287.801,1787663232846,-8.0778,-3.2942,2.2559,-0.00
287.901,1787663232946,-8.0778,-3.2311,2.2557,-0.00
288.001,1787663233046,-8.0778,-3.1881,2.2555,-0.00
288.101,1787663233146,-8.0778,-3.1287,2.2553,-0.00
288.201,1787663233246,-8.0777,-3.0660,2.2551,-0.00
288.301,1787663233346,-8.0776,-3.0131,2.2550,-0.00
288.402,1787663233447,-8.0776,-2.9536,2.2548,-0.00
288.502,1787663233547,-8.0775,-2.8905,2.2545,-0.00
288.602,1787663233647,-8.0774,-2.8175,2.2543,-0.01
288.702,1787663233747,-8.0774,-2.7746,2.2541,-0.01
288.802,1787663233847,-8.0773,-2.7185,2.2539,-0.01
288.902,1787663233947,-8.0772,-2.6590,2.2537,-0.01
289.003,1787663234048,-8.0772,-2.5963,2.2535,-0.00
289.103,1787663234148,-8.0771,-2.5401,2.2532,-0.00
289.203,1787663234248,-8.0771,-2.4871,2.2530,-0.00
289.303,1787663234348,-8.0770,-2.4342,2.2528,-0.00
289.403,1787663234448,-8.0769,-2.3779,2.2526,-0.00
289.503,1787663234548,-8.0768,-2.3250,2.2524,-0.00
289.603,1787663234648,-8.0768,-2.2687,2.2521,-0.00
289.703,1787663234748,-8.0767,-2.2089,2.2519,-0.00
289.803,1787663234849,-8.0766,-2.1455,2.2515,-0.00
289.904,1787663234949,-8.0765,-2.0817,2.2512,-0.00
290.004,1787663235049,-8.0764,-2.0347,2.2510,-0.00
290.104,1787663235149,-8.0763,-1.9745,2.2507,-0.00
290.204,1787663235249,-8.0762,-1.9039,2.2503,-0.00
290.304,1787663235349,-8.0761,-1.8535,2.2501,-0.00
290.404,1787663235449,-8.0760,-1.7962,2.2498,-0.00
290.505,1787663235550,-8.0759,-1.7321,2.2495,-0.00
290.605,1787663235650,-8.0758,-1.6714,2.2493,-0.00
290.705,1787663235750,-8.0757,-1.6005,2.2490,-0.00
290.805,1787663235850,-8.0756,-1.5430,2.2488,-0.00
290.905,1787663235950,-8.0755,-1.4924,2.2486,-0.00
291.005,1787663236050,-8.0755,-1.4384,2.2484,-0.00
291.105,1787663236150,-8.0754,-1.3780,2.2481,-0.00
291.205,1787663236250,-8.0753,-1.3175,2.2479,-0.00
291.305,1787663236351,-8.0753,-1.2602,2.2477,-0.00
291.406,1787663236451,-8.0752,-1.1963,2.2475,-0.00
291.506,1787663236551,-8.0752,-1.1357,2.2473,0.00
291.606,1787663236651,-8.0751,-1.0650,2.2470,0.00
291.706,1787663236751,-8.0750,-1.0043,2.2468,0.00
291.806,1787663236851,-8.0750,-0.9504,2.2466,0.01
291.906,1787663236951,-8.0750,-0.8868,2.2463,0.01
292.006,1787663237051,-8.0750,-0.8300,2.2461,0.01
292.106,1787663237152,-8.0749,-0.7767,2.2459,0.01
292.207,1787663237252,-8.0749,-0.7235,2.2457,0.01
292.307,1787663237352,-8.0748,-0.6571,2.2455,0.01
292.407,1787663237452,-8.0748,-0.6006,2.2453,0.01
292.507,1787663237552,-8.0748,-0.5507,2.2451,0.01
292.607,1787663237652,-8.0748,-0.4876,2.2448,0.01
292.707,1787663237752,-8.0748,-0.4311,2.2446,0.00
292.807,1787663237852,-8.0749,-0.3743,2.2443,0.00
292.907,1787663237952,-8.0749,-0.3142,2.2441,0.00
293.007,1787663238053,-8.0749,-0.2608,2.2439,0.00
293.107,1787663238153,-8.0749,-0.2008,2.2437,0.00
293.208,1787663238253,-8.0749,-0.1439,2.2435,0.00
293.308,1787663238353,-8.0749,-0.1004,2.2434,0.00
293.408,1787663238453,-8.0749,-0.0469,2.2432,0.01
293.508,1787663238553,-8.0749,0.0201,2.2430,0.01
293.608,1787663238653,-8.0749,0.0738,2.2428,0.01
293.708,1787663238753,-8.0749,0.1244,2.2427,0.01
293.808,1787663238853,-8.0749,0.1887,2.2424,0.01
293.909,1787663238954,-8.0749,0.2431,2.2423,0.01
294.009,1787663239054,-8.0749,0.3043,2.2420,0.01
294.109,1787663239154,-8.0749,0.3657,2.2418,0.01
294.209,1787663239254,-8.0749,0.4202,2.2416,0.01
294.309,1787663239354,-8.0749,0.4783,2.2414,0.01
294.409,1787663239454,-8.0749,0.5366,2.2412,0.01
294.509,1787663239554,-8.0749,0.5950,2.2410,0.01
294.609,1787663239654,-8.0749,0.6534,2.2407,0.00
294.709,1787663239755,-8.0749,0.7156,2.2405,0.00
294.810,1787663239855,-8.0749,0.7813,2.2403,0.00
294.910,1787663239955,-8.0749,0.8332,2.2401,0.00
295.010,1787663240055,-8.0749,0.8919,2.2399,0.01
295.110,1787663240155,-8.0749,0.9367,2.2397,0.01
295.210,1787663240255,-8.0749,0.9988,2.2395,0.01
295.310,1787663240355,-8.0750,1.0645,2.2393,0.01
295.410,1787663240455,-8.0750,1.1200,2.2391,0.01
295.510,1787663240555,-8.0750,1.1758,2.2389,0.01
295.610,1787663240655,-8.0750,1.2386,2.2387,0.01
295.710,1787663240756,-8.0750,1.3015,2.2385,0.01
295.811,1787663240856,-8.0750,1.3680,2.2383,0.01
295.911,1787663240956,-8.0751,1.4205,2.2381,0.01
296.012,1787663241057,-8.0751,1.4834,2.2379,0.01
296.112,1787663241157,-8.0750,1.5324,2.2378,0.01
296.212,1787663241257,-8.0750,1.5951,2.2376,0.01
296.312,1787663241357,-8.0750,1.6613,2.2374,0.01
296.412,1787663241457,-8.0750,1.7173,2.2372,0.01
296.512,1787663241557,-8.0750,1.7732,2.2371,0.01
296.612,1787663241657,-8.0750,1.8117,2.2369,0.01
296.713,1787663241758,-8.0750,1.8361,2.2369,0.01
296.813,1787663241858,-8.0750,1.8845,2.2367,0.01
296.913,1787663241958,-8.0749,1.9326,2.2365,0.01
297.013,1787663242058,-8.0749,1.9844,2.2364,0.01
297.113,1787663242158,-8.0749,2.0367,2.2362,0.01
297.213,1787663242258,-8.0749,2.0896,2.2361,0.01
297.313,1787663242358,-8.0749,2.1252,2.2359,0.01
297.413,1787663242459,-8.0748,2.1897,2.2357,0.01
297.514,1787663242559,-8.0748,2.2695,2.2355,0.01
297.614,1787663242659,-8.0748,2.3212,2.2353,0.01
297.714,1787663242759,-8.0748,2.3808,2.2351,0.01
297.814,1787663242859,-8.0748,2.4182,2.2349,0.01
297.914,1787663242959,-8.0748,2.4820,2.2347,0.01
298.014,1787663243059,-8.0748,2.5346,2.2345,0.01
298.114,1787663243159,-8.0748,2.6140,2.2342,0.01
298.214,1787663243260,-8.0748,2.6714,2.2339,0.01
298.315,1787663243360,-8.0748,2.7446,2.2336,0.01
298.415,1787663243460,-8.0748,2.7871,2.2334,0.01
298.515,1787663243560,-8.0748,2.8722,2.2330,0.01
298.615,1787663243660,-8.0748,2.9419,2.2327,0.01
298.715,1787663243760,-8.0748,3.0041,2.2324,0.01
298.815,1787663243860,-8.0748,3.0546,2.2322,0.01
298.915,1787663243960,-8.0748,3.1127,2.2319,0.01
299.015,1787663244061,-8.0748,3.1667,2.2317,0.01
299.116,1787663244161,-8.0748,3.2358,2.2313,0.01
299.216,1787663244261,-8.0748,3.2933,2.2311,0.01
299.316,1787663244361,-8.0748,3.3508,2.2308,0.01
299.416,1787663244461,-8.0748,3.4006,2.2306,0.01
299.516,1787663244561,-8.0748,3.4579,2.2304,0.01
299.616,1787663244661,-8.0749,3.5226,2.2301,0.01
299.716,1787663244761,-8.0749,3.5910,2.2298,0.01
299.816,1787663244861,-8.0749,3.6597,2.2295,0.01
299.916,1787663244962,-8.0749,3.7170,2.2293,0.01
300.017,1787663245062,-8.0750,3.7857,2.2290,0.01
300.117,1787663245162,-8.0750,3.8504,2.2287,0.01
300.217,1787663245262,-8.0750,3.9074,2.2285,0.01
300.317,1787663245362,-8.0750,3.9680,2.2283,0.01
300.417,1787663245462,-8.0750,4.0397,2.2280,0.01
300.517,1787663245563,-8.0750,4.0773,2.2279,0.01
300.618,1787663245663,-8.0750,4.1223,2.2278,0.01
300.718,1787663245763,-8.0751,4.1855,2.2276,0.01
300.818,1787663245863,-8.0751,4.2448,2.2274,0.01
300.918,1787663245963,-8.0751,4.3080,2.2272,0.01
301.018,1787663246063,-8.0751,4.3754,2.2269,0.01
301.118,1787663246163,-8.0751,4.4429,2.2267,0.01
301.218,1787663246263,-8.0750,4.5179,2.2264,0.01
301.318,1787663246363,-8.0750,4.5817,2.2262,0.01
301.418,1787663246464,-8.0750,4.6527,2.2260,0.01
301.519,1787663246564,-8.0749,4.7197,2.2258,0.01
301.619,1787663246664,-8.0749,4.7789,2.2255,0.01
301.719,1787663246764,-8.0749,4.8269,2.2254,0.01
301.819,1787663246864,-8.0749,4.8673,2.2252,0.01
301.919,1787663246964,-8.0749,4.9147,2.2251,0.01
302.019,1787663247064,-8.0748,4.9689,2.2248,0.01
302.120,1787663247165,-8.0748,5.0191,2.2247,0.01
302.220,1787663247265,-8.0748,5.0658,2.2245,0.01
302.320,1787663247366,-8.0748,5.1271,2.2243,0.01
302.421,1787663247466,-8.0748,5.1889,2.2241,0.01
302.521,1787663247566,-8.0748,5.2510,2.2238,0.01
302.621,1787663247666,-8.0748,5.3170,2.2236,0.01
302.721,1787663247766,-8.0747,5.3835,2.2233,0.01
302.821,1787663247866,-8.0748,5.4502,2.2230,0.01
302.921,1787663247966,-8.0748,5.5131,2.2227,0.01
303.021,1787663248066,-8.0748,5.5684,2.2225,0.01
303.121,1787663248166,-8.0748,5.6127,2.2223,0.01
303.221,1787663248267,-8.0748,5.6750,2.2220,0.01
303.322,1787663248367,-8.0748,5.7337,2.2218,0.01
303.422,1787663248467,-8.0749,5.7925,2.2215,0.01
303.522,1787663248567,-8.0749,5.8514,2.2213,0.01
303.622,1787663248667,-8.0750,5.9178,2.2211,0.01
303.722,1787663248767,-8.0751,5.9769,2.2208,0.01
303.822,1787663248867,-8.0751,6.0396,2.2206,0.01
303.922,1787663248967,-8.0752,6.1134,2.2204,0.01
304.023,1787663249068,-8.0754,6.1872,2.2201,0.01
304.123,1787663249168,-8.0754,6.2461,2.2199,0.01
304.223,1787663249268,-8.0755,6.3158,2.2197,0.01
304.323,1787663249368,-8.0757,6.3852,2.2194,0.01
304.423,1787663249468,-8.0757,6.4396,2.2192,0.01
304.523,1787663249569,-8.0758,6.4902,2.2190,0.01
304.624,1787663249669,-8.0759,6.5333,2.2189,0.00
304.724,1787663249769,-8.0759,6.5833,2.2187,0.00
304.825,1787663249870,-8.0760,6.6329,2.2185,0.00
304.925,1787663249970,-8.0761,6.6893,2.2183,0.00
305.025,1787663250070,-8.0761,6.7386,2.2181,0.00
305.125,1787663250170,-8.0761,6.7846,2.2180,0.00
305.225,1787663250270,-8.0761,6.8379,2.2178,0.00
305.325,1787663250371,-8.0761,6.8912,2.2176,0.01
305.426,1787663250471,-8.0761,6.9340,2.2174,0.01
305.526,1787663250571,-8.0761,6.9697,2.2173,0.01
305.626,1787663250671,-8.0760,7.0343,2.2171,0.01
305.726,1787663250771,-8.0760,7.0958,2.2169,0.01
305.826,1787663250871,-8.0759,7.1543,2.2166,0.01
305.926,1787663250971,-8.0758,7.2096,2.2164,0.01
306.026,1787663251071,-8.0758,7.2728,2.2162,0.01
306.126,1787663251171,-8.0757,7.3175,2.2160,0.01
306.227,1787663251272,-8.0756,7.3851,2.2157,0.01
306.327,1787663251372,-8.0755,7.4529,2.2155,0.01
306.427,1787663251472,-8.0754,7.5059,2.2153,0.01
306.527,1787663251572,-8.0753,7.5439,2.2151,0.01
306.627,1787663251672,-8.0751,7.6086,2.2149,0.01
306.727,1787663251773,-8.0750,7.6620,2.2147,0.01
306.828,1787663251873,-8.0748,7.7155,2.2145,0.01
306.928,1787663251973,-8.0747,7.7692,2.2143,0.01
307.028,1787663252073,-8.0746,7.8155,2.2141,0.01
307.128,1787663252173,-8.0744,7.8698,2.2139,0.01
307.228,1787663252273,-8.0742,7.9243,2.2137,0.01
307.328,1787663252373,-8.0740,7.9827,2.2135,0.01
307.428,1787663252473,-8.0738,8.0458,2.2133,0.01
307.529,1787663252574,-8.0736,8.1059,2.2130,0.01
307.629,1787663252674,-8.0734,8.1749,2.2127,0.01
307.729,1787663252774,-8.0732,8.2317,2.2125,0.01
307.830,1787663252875,-8.0731,8.2960,2.2123,0.01
307.930,1787663252975,-8.0728,8.3628,2.2121,0.01
308.030,1787663253075,-8.0727,8.4200,2.2120,0.01
308.130,1787663253175,-8.0725,8.4828,2.2119,0.00
308.230,1787663253275,-8.0722,8.5429,2.2118,0.00
308.330,1787663253375,-8.0720,8.6035,2.2117,0.00
308.430,1787663253475,-8.0719,8.6482,2.2116,0.00
308.530,1787663253575,-8.0717,8.6938,2.2116,0.00
308.631,1787663253676,-8.0716,8.7422,2.2115,0.00
308.731,1787663253776,-8.0714,8.7872,2.2115,-0.00
308.831,1787663253876,-8.0713,8.8310,2.2113,-0.00
308.931,1787663253976,-8.0712,8.8601,2.2112,-0.00
309.031,1787663254076,-8.0711,8.8831,2.2111,-0.01
309.131,1787663254176,-8.0710,8.8989,2.2111,-0.01
309.231,1787663254276,-8.0710,8.9265,2.2109,-0.01
309.331,1787663254376,-8.0709,8.9513,2.2108,-0.01
309.432,1787663254477,-8.0708,8.9721,2.2106,-0.01
309.532,1787663254577,-8.0708,8.9894,2.2104,-0.01
309.632,1787663254677,-8.0708,9.0049,2.2103,-0.01
309.732,1787663254777,-8.0707,9.0215,2.2101,-0.01
309.832,1787663254877,-8.0707,9.0349,2.2098,-0.01
309.932,1787663254977,-8.0707,9.0461,2.2096,-0.01
310.032,1787663255077,-8.0707,9.0548,2.2095,-0.01
310.132,1787663255177,-8.0707,9.0623,2.2093,-0.01
310.233,1787663255278,-8.0707,9.0684,2.2091,-0.01
310.333,1787663255378,-8.0707,9.0721,2.2090,-0.01
310.433,1787663255478,-8.0708,9.0756,2.2089,-0.00
310.533,1787663255578,-8.0708,9.0769,2.2088,-0.00
310.633,1787663255678,-8.0708,9.0767,2.2087,-0.00
310.733,1787663255778,-8.0709,9.0752,2.2086,-0.00
310.833,1787663255878,-8.0710,9.0729,2.2086,0.00
310.933,1787663255978,-8.0710,9.0695,2.2085,0.00
311.034,1787663256079,-8.0711,9.0653,2.2085,0.00
311.134,1787663256179,-8.0711,9.0604,2.2085,0.01
311.234,1787663256279,-8.0712,9.0551,2.2085,0.01
311.334,1787663256379,-8.0712,9.0490,2.2084,0.01
311.434,1787663256479,-8.0713,9.0419,2.2084,0.01
311.534,1787663256579,-8.0714,9.0350,2.2085,0.01
311.634,1787663256679,-8.0715,9.0284,2.2085,0.01
311.735,1787663256780,-8.0715,9.0233,2.2085,0.01
311.835,1787663256881,-8.0717,9.0161,2.2086,0.01
311.936,1787663256981,-8.0717,9.0105,2.2086,0.01
312.036,1787663257081,-8.0718,9.0037,2.2087,0.00
312.136,1787663257181,-8.0720,8.9980,2.2088,0.00
312.236,1787663257281,-8.0721,8.9932,2.2088,0.00
312.336,1787663257381,-8.0722,8.9883,2.2089,0.00
312.436,1787663257481,-8.0723,8.9833,2.2090,0.00
312.536,1787663257581,-8.0724,8.9798,2.2091,-0.00
312.636,1787663257682,-8.0725,8.9768,2.2091,-0.00
312.737,1787663257782,-8.0726,8.9729,2.2092,-0.00
312.837,1787663257882,-8.0727,8.9698,2.2093,-0.00
312.937,1787663257982,-8.0727,8.9672,2.2093,-0.00
313.037,1787663258082,-8.0727,8.9648,2.2094,-0.01
313.137,1787663258182,-8.0728,8.9626,2.2094,-0.01
313.238,1787663258283,-8.0729,8.9602,2.2095,-0.01
313.339,1787663258384,-8.0729,8.9592,2.2095,-0.01
313.439,1787663258484,-8.0729,8.9579,2.2096,-0.01
313.539,1787663258584,-8.0730,8.9565,2.2096,-0.01
313.639,1787663258684,-8.0730,8.9555,2.2097,-0.00
313.739,1787663258785,-8.0730,8.9547,2.2097,-0.00
313.840,1787663258885,-8.0730,8.9539,2.2098,-0.00
313.940,1787663258985,-8.0730,8.9534,2.2098,-0.00
314.040,1787663259085,-8.0730,8.9528,2.2098,-0.00
314.140,1787663259185,-8.0730,8.9524,2.2099,-0.00
314.240,1787663259285,-8.0730,8.9521,2.2099,-0.00
314.341,1787663259386,-8.0730,8.9520,2.2099,0.00
314.441,1787663259486,-8.0730,8.9520,2.2099,0.00
314.541,1787663259586,-8.0729,8.9522,2.2100,0.00
314.641,1787663259686,-8.0729,8.9524,2.2100,0.00
314.742,1787663259787,-8.0729,8.9527,2.2100,0.00
314.842,1787663259887,-8.0729,8.9530,2.2100,0.00
314.942,1787663259987,-8.0729,8.9534,2.2100,0.00
315.042,1787663260087,-8.0729,8.9540,2.2100,0.00
315.142,1787663260188,-8.0729,8.9545,2.2100,0.01
315.243,1787663260288,-8.0729,8.9551,2.2100,0.01
315.343,1787663260388,-8.0730,8.9557,2.2100,0.01
315.443,1787663260488,-8.0730,8.9564,2.2100,0.01
315.543,1787663260588,-8.0730,8.9573,2.2100,0.01
315.643,1787663260688,-8.0730,8.9581,2.2100,0.01
315.743,1787663260788,-8.0731,8.9590,2.2100,0.01
315.843,1787663260888,-8.0731,8.9597,2.2100,0.01
315.943,1787663260988,-8.0731,8.9606,2.2100,0.00
316.043,1787663261089,-8.0731,8.9612,2.2100,0.00
316.144,1787663261189,-8.0731,8.9620,2.2100,0.00
316.244,1787663261289,-8.0732,8.9628,2.2100,0.00
316.344,1787663261389,-8.0732,8.9631,2.2100,0.00
316.444,1787663261489,-8.0732,8.9638,2.2100,0.00
316.544,1787663261589,-8.0732,8.9642,2.2100,0.00
316.645,1787663261690,-8.0732,8.9649,2.2100,0.00
316.745,1787663261790,-8.0732,8.9656,2.2099,0.00
316.845,1787663261890,-8.0733,8.9663,2.2099,0.00
316.945,1787663261990,-8.0733,8.9670,2.2099,0.00
317.045,1787663262090,-8.0734,8.9676,2.2099,0.00
317.145,1787663262190,-8.0734,8.9684,2.2098,0.00
317.245,1787663262290,-8.0734,8.9691,2.2098,0.00
317.345,1787663262390,-8.0734,8.9696,2.2098,0.00
317.445,1787663262491,-8.0735,8.9704,2.2098,0.00
317.546,1787663262591,-8.0735,8.9709,2.2098,0.00
317.646,1787663262691,-8.0736,8.9714,2.2098,0.00
317.746,1787663262791,-8.0736,8.9719,2.2098,-0.00
317.846,1787663262891,-8.0736,8.9724,2.2098,-0.00
317.946,1787663262991,-8.0737,8.9729,2.2097,-0.00
318.046,1787663263091,-8.0737,8.9734,2.2097,-0.00
318.146,1787663263191,-8.0738,8.9740,2.2097,-0.00
318.246,1787663263292,-8.0738,8.9745,2.2096,-0.00
318.347,1787663263392,-8.0738,8.9754,2.2094,0.00
318.447,1787663263492,-8.0738,8.9764,2.2083,0.00
318.547,1787663263592,-8.0739,8.9769,2.2068,0.00
318.647,1787663263692,-8.0740,8.9771,2.2044,0.00
318.747,1787663263792,-8.0741,8.9770,2.2009,0.00
318.847,1787663263892,-8.0742,8.9766,2.1971,0.00
318.947,1787663263992,-8.0743,8.9761,2.1920,0.00
319.047,1787663264093,-8.0745,8.9753,2.1853,0.00
319.148,1787663264193,-8.0746,8.9747,2.1797,0.00
319.248,1787663264293,-8.0747,8.9739,2.1724,0.00
319.348,1787663264393,-8.0748,8.9731,2.1648,0.00
319.448,1787663264493,-8.0749,8.9723,2.1582,0.00
319.548,1787663264593,-8.0750,8.9715,2.1501,0.00
319.648,1787663264693,-8.0751,8.9706,2.1421,-0.00
319.749,1787663264794,-8.0751,8.9701,2.1361,-0.00
319.849,1787663264894,-8.0751,8.9696,2.1318,-0.00
319.949,1787663264994,-8.0752,8.9687,2.1222,-0.00
320.049,1787663265094,-8.0752,8.9682,2.1154,-0.00
320.149,1787663265195,-8.0753,8.9671,2.1026,-0.00
320.250,1787663265295,-8.0753,8.9664,2.0928,-0.00
320.350,1787663265395,-8.0753,8.9654,2.0771,-0.00
320.450,1787663265495,-8.0753,8.9648,2.0675,-0.00
320.551,1787663265596,-8.0753,8.9643,2.0569,-0.00
320.651,1787663265696,-8.0753,8.9636,2.0428,-0.00
320.751,1787663265796,-8.0753,8.9634,2.0386,-0.00
320.852,1787663265897,-8.0753,8.9630,2.0275,-0.00
320.952,1787663265997,-8.0752,8.9625,2.0135,-0.00
321.052,1787663266097,-8.0751,8.9621,1.9991,-0.00
321.152,1787663266197,-8.0750,8.9617,1.9828,-0.00
321.252,1787663266297,-8.0749,8.9614,1.9672,-0.00
321.352,1787663266397,-8.0748,8.9613,1.9489,-0.00
321.452,1787663266497,-8.0746,8.9612,1.9352,-0.00
321.552,1787663266597,-8.0745,8.9613,1.9207,-0.00
321.653,1787663266698,-8.0743,8.9614,1.9035,0.00
321.753,1787663266798,-8.0741,8.9615,1.8909,0.00
321.853,1787663266898,-8.0739,8.9618,1.8738,0.00
321.953,1787663266998,-8.0737,8.9621,1.8578,0.00
322.053,1787663267098,-8.0736,8.9625,1.8436,0.00
322.153,1787663267198,-8.0735,8.9629,1.8304,0.00
322.253,1787663267298,-8.0733,8.9633,1.8172,0.00
322.353,1787663267398,-8.0732,8.9637,1.8058,0.00
322.454,1787663267499,-8.0730,8.9642,1.7908,0.00
322.554,1787663267599,-8.0729,8.9647,1.7774,0.00
322.654,1787663267699,-8.0727,8.9654,1.7605,0.00
322.754,1787663267799,-8.0725,8.9660,1.7453,0.00
322.854,1787663267899,-8.0725,8.9664,1.7364,0.00
322.954,1787663267999,-8.0724,8.9669,1.7239,-0.00
323.054,1787663268099,-8.0722,8.9675,1.7113,-0.00
323.154,1787663268199,-8.0721,8.9680,1.6986,-0.00
323.254,1787663268299,-8.0720,8.9686,1.6812,-0.00
323.355,1787663268400,-8.0719,8.9691,1.6683,-0.01
323.455,1787663268500,-8.0717,8.9697,1.6536,-0.01
323.555,1787663268600,-8.0716,8.9703,1.6351,-0.01
323.655,1787663268700,-8.0714,8.9709,1.6204,-0.01
323.755,1787663268800,-8.0713,8.9713,1.6075,-0.01
323.855,1787663268900,-8.0712,8.9718,1.5939,-0.01
323.955,1787663269000,-8.0711,8.9723,1.5802,-0.01
324.055,1787663269100,-8.0710,8.9727,1.5673,-0.01
324.155,1787663269201,-8.0709,8.9731,1.5554,-0.01
324.256,1787663269301,-8.0709,8.9734,1.5462,-0.01
324.356,1787663269401,-8.0708,8.9739,1.5331,-0.01
324.456,1787663269501,-8.0707,8.9743,1.5189,-0.01
324.556,1787663269601,-8.0706,8.9747,1.5065,-0.01
324.656,1787663269701,-8.0705,8.9751,1.4939,-0.00
324.756,1787663269801,-8.0704,8.9755,1.4812,-0.00
324.858,1787663269903,-8.0703,8.9759,1.4666,-0.00
324.958,1787663270003,-8.0702,8.9764,1.4508,-0.00
325.058,1787663270103,-8.0701,8.9769,1.4340,-0.00
325.158,1787663270203,-8.0701,8.9774,1.4161,-0.00
325.258,1787663270303,-8.0700,8.9778,1.4013,-0.00
325.358,1787663270403,-8.0699,8.9783,1.3856,-0.00
325.458,1787663270504,-8.0698,8.9788,1.3689,-0.00
325.559,1787663270604,-8.0697,8.9793,1.3514,-0.01
325.659,1787663270704,-8.0696,8.9797,1.3379,-0.01
325.759,1787663270804,-8.0695,8.9801,1.3225,-0.01
325.859,1787663270904,-8.0695,8.9805,1.3081,-0.01
325.960,1787663271005,-8.0694,8.9810,1.2929,-0.01
326.060,1787663271105,-8.0694,8.9813,1.2796,-0.01
326.160,1787663271205,-8.0693,8.9816,1.2691,-0.01
326.260,1787663271305,-8.0693,8.9820,1.2549,-0.01
326.360,1787663271405,-8.0692,8.9824,1.2424,-0.01
326.461,1787663271506,-8.0692,8.9828,1.2259,-0.01
326.561,1787663271606,-8.0691,8.9834,1.2065,-0.01
326.661,1787663271706,-8.0691,8.9838,1.1920,-0.01
326.761,1787663271806,-8.0691,8.9841,1.1794,-0.01
326.861,1787663271906,-8.0690,8.9844,1.1669,-0.01
326.961,1787663272006,-8.0691,8.9847,1.1524,-0.01
327.061,1787663272106,-8.0691,8.9851,1.1351,-0.01
327.161,1787663272206,-8.0691,8.9854,1.1235,-0.01
327.261,1787663272307,-8.0691,8.9857,1.1100,-0.00
327.362,1787663272407,-8.0691,8.9860,1.0974,-0.00
327.462,1787663272507,-8.0691,8.9864,1.0809,-0.01
327.562,1787663272607,-8.0691,8.9869,1.0605,-0.01
327.662,1787663272707,-8.0691,8.9872,1.0450,-0.01
327.762,1787663272807,-8.0692,8.9875,1.0315,-0.01
327.862,1787663272907,-8.0692,8.9879,1.0124,-0.01
327.962,1787663273007,-8.0692,8.9882,0.9981,-0.01
328.062,1787663273107,-8.0692,8.9886,0.9810,-0.01
328.162,1787663273207,-8.0693,8.9889,0.9640,-0.01
328.262,1787663273308,-8.0693,8.9892,0.9491,-0.01
328.364,1787663273409,-8.0693,8.9895,0.9352,-0.01
328.465,1787663273510,-8.0694,8.9897,0.9241,-0.01
328.565,1787663273610,-8.0694,8.9899,0.9111,-0.01
328.665,1787663273710,-8.0695,8.9902,0.8980,-0.01
328.765,1787663273810,-8.0695,8.9904,0.8849,-0.01
328.865,1787663273910,-8.0696,8.9906,0.8726,-0.01
328.965,1787663274010,-8.0696,8.9907,0.8603,-0.01
329.065,1787663274111,-8.0697,8.9909,0.8488,-0.01
329.166,1787663274211,-8.0697,8.9911,0.8333,-0.01
329.266,1787663274311,-8.0698,8.9914,0.8177,-0.01
329.366,1787663274411,-8.0698,8.9916,0.8022,-0.01
329.466,1787663274511,-8.0698,8.9918,0.7885,-0.01
329.566,1787663274611,-8.0698,8.9921,0.7748,-0.01
329.666,1787663274711,-8.0698,8.9923,0.7610,-0.01
329.766,1787663274811,-8.0698,8.9926,0.7453,-0.01
329.866,1787663274911,-8.0698,8.9929,0.7277,-0.01
329.967,1787663275012,-8.0697,8.9932,0.7144,-0.01
330.067,1787663275112,-8.0697,8.9934,0.6999,-0.00
330.167,1787663275212,-8.0696,8.9937,0.6862,-0.00
330.267,1787663275312,-8.0695,8.9940,0.6742,-0.00
330.367,1787663275412,-8.0694,8.9944,0.6600,-0.01
330.467,1787663275512,-8.0693,8.9947,0.6491,-0.01
330.567,1787663275612,-8.0693,8.9950,0.6390,-0.01
330.667,1787663275713,-8.0692,8.9953,0.6308,-0.01
330.768,1787663275813,-8.0691,8.9955,0.6232,-0.01
330.868,1787663275913,-8.0690,8.9959,0.6148,-0.01
330.968,1787663276013,-8.0690,8.9961,0.6084,-0.01
331.068,1787663276113,-8.0689,8.9963,0.6041,-0.00
331.168,1787663276213,-8.0689,8.9965,0.5989,-0.00
331.268,1787663276313,-8.0688,8.9968,0.5936,-0.00
331.368,1787663276413,-8.0688,8.9974,0.5895,-0.00
331.468,1787663276513,-8.0687,8.9987,0.5874,-0.00
331.568,1787663276614,-8.0686,9.0006,0.5864,-0.00
331.669,1787663276714,-8.0686,9.0028,0.5867,0.00
331.769,1787663276814,-8.0685,9.0032,0.5878,0.00
331.869,1787663276914,-8.0685,9.0017,0.5893,0.00
331.969,1787663277014,-8.0685,8.9985,0.5909,0.00
332.069,1787663277114,-8.0685,8.9926,0.5928,0.00
332.169,1787663277214,-8.0684,8.9857,0.5943,0.00
332.269,1787663277314,-8.0684,8.9776,0.5957,0.00
332.369,1787663277414,-8.0684,8.9686,0.5968,0.00
332.470,1787663277515,-8.0684,8.9564,0.5981,0.00
332.570,1787663277615,-8.0684,8.9376,0.5997,0.00
332.670,1787663277715,-8.0684,8.9176,0.6008,0.00
332.770,1787663277815,-8.0684,8.8973,0.6017,0.00
332.870,1787663277915,-8.0684,8.8656,0.6026,0.00
332.970,1787663278015,-8.0684,8.8356,0.6031,0.00
333.071,1787663278116,-8.0683,8.8048,0.6035,0.00
333.171,1787663278216,-8.0683,8.7782,0.6037,0.00
333.271,1787663278316,-8.0682,8.7454,0.6038,0.00
333.371,1787663278416,-8.0682,8.7003,0.6039,0.00
333.471,1787663278516,-8.0681,8.6655,0.6038,0.00
333.571,1787663278616,-8.0680,8.6145,0.6037,0.00
333.671,1787663278716,-8.0679,8.5695,0.6034,0.00
333.771,1787663278817,-8.0678,8.5225,0.6031,-0.00
333.872,1787663278917,-8.0677,8.4668,0.6026,-0.00
333.972,1787663279017,-8.0676,8.4124,0.6021,-0.00
334.072,1787663279117,-8.0674,8.3633,0.6017,-0.00
334.172,1787663279217,-8.0673,8.2947,0.6010,-0.00
334.272,1787663279317,-8.0671,8.2165,0.6003,-0.00
334.372,1787663279417,-8.0669,8.1592,0.5997,-0.00
334.472,1787663279517,-8.0668,8.0852,0.5990,-0.00
334.572,1787663279618,-8.0666,8.0220,0.5984,-0.00
334.673,1787663279718,-8.0665,7.9702,0.5979,-0.00
334.774,1787663279819,-8.0663,7.9023,0.5973,-0.00
334.874,1787663279919,-8.0662,7.8341,0.5968,-0.00
334.974,1787663280019,-8.0661,7.7776,0.5963,-0.00
335.074,1787663280119,-8.0660,7.7048,0.5957,-0.00
335.174,1787663280219,-8.0659,7.6398,0.5952,-0.00
335.274,1787663280319,-8.0658,7.5706,0.5947,-0.00
335.374,1787663280419,-8.0657,7.5055,0.5942,-0.00
335.474,1787663280519,-8.0657,7.4528,0.5938,-0.00
335.574,1787663280620,-8.0656,7.3844,0.5934,-0.00
335.675,1787663280720,-8.0656,7.3165,0.5929,-0.00
335.775,1787663280820,-8.0656,7.2527,0.5925,-0.00
335.875,1787663280920,-8.0656,7.1970,0.5921,-0.00
335.975,1787663281020,-8.0656,7.1177,0.5916,-0.00
336.075,1787663281120,-8.0656,7.0663,0.5913,-0.00
336.175,1787663281220,-8.0657,6.9993,0.5909,0.00
336.275,1787663281320,-8.0657,6.9405,0.5905,0.00
336.375,1787663281421,-8.0657,6.8703,0.5901,0.00
336.476,1787663281521,-8.0658,6.7966,0.5896,0.00
336.576,1787663281621,-8.0659,6.7309,0.5892,0.00
336.676,1787663281721,-8.0660,6.6657,0.5888,0.00
336.776,1787663281821,-8.0661,6.6049,0.5885,0.00
336.877,1787663281922,-8.0662,6.5408,0.5881,0.00
336.977,1787663282022,-8.0663,6.4922,0.5878,0.00
337.077,1787663282122,-8.0664,6.4289,0.5874,0.00
337.177,1787663282222,-8.0665,6.3624,0.5870,0.00
337.277,1787663282322,-8.0667,6.3108,0.5867,0.00
337.377,1787663282422,-8.0668,6.2482,0.5863,0.00
337.477,1787663282522,-8.0669,6.1932,0.5860,0.00
337.577,1787663282622,-8.0670,6.1385,0.5857,0.00
337.677,1787663282723,-8.0671,6.0839,0.5854,0.00
337.778,1787663282823,-8.0673,6.0188,0.5850,-0.00
337.878,1787663282923,-8.0674,5.9573,0.5846,-0.00
337.978,1787663283023,-8.0676,5.9031,0.5843,-0.00
338.078,1787663283123,-8.0677,5.8453,0.5840,-0.00
338.178,1787663283223,-8.0678,5.7840,0.5836,-0.00
338.278,1787663283323,-8.0679,5.7300,0.5833,-0.00
338.378,1787663283423,-8.0680,5.6760,0.5830,-0.00
338.478,1787663283524,-8.0681,5.6221,0.5826,-0.00
338.579,1787663283624,-8.0683,5.5609,0.5822,-0.00
338.679,1787663283724,-8.0684,5.4997,0.5819,-0.00
338.779,1787663283824,-8.0685,5.4275,0.5814,-0.00
338.879,1787663283924,-8.0686,5.3734,0.5810,-0.00
338.979,1787663284024,-8.0687,5.3156,0.5807,-0.00
339.079,1787663284124,-8.0688,5.2578,0.5803,-0.00
339.179,1787663284224,-8.0688,5.2144,0.5800,-0.00
339.279,1787663284324,-8.0688,5.1748,0.5797,-0.00
339.379,1787663284425,-8.0689,5.1425,0.5795,-0.00
339.480,1787663284525,-8.0689,5.0854,0.5791,-0.00
339.580,1787663284625,-8.0689,5.0389,0.5788,-0.00
339.680,1787663284725,-8.0689,4.9743,0.5784,-0.00
339.780,1787663284825,-8.0689,4.9198,0.5781,-0.00
339.880,1787663284925,-8.0689,4.8574,0.5777,-0.00
339.980,1787663285025,-8.0688,4.7869,0.5773,-0.00
340.080,1787663285125,-8.0688,4.7270,0.5769,-0.00
340.180,1787663285226,-8.0688,4.6630,0.5765,-0.00
340.281,1787663285326,-8.0687,4.5913,0.5761,-0.00
340.381,1787663285426,-8.0687,4.5308,0.5758,-0.00
340.481,1787663285526,-8.0686,4.4664,0.5754,-0.00
340.581,1787663285626,-8.0686,4.4135,0.5751,-0.00
340.681,1787663285726,-8.0686,4.3532,0.5748,-0.00
340.781,1787663285826,-8.0685,4.3006,0.5746,-0.00
340.881,1787663285926,-8.0684,4.2329,0.5742,-0.01
340.981,1787663286027,-8.0684,4.1803,0.5739,-0.01
341.082,1787663286127,-8.0683,4.1238,0.5737,-0.01
341.182,1787663286227,-8.0682,4.0751,0.5734,-0.01
341.282,1787663286327,-8.0682,4.0190,0.5732,-0.01
341.382,1787663286427,-8.0681,3.9631,0.5729,-0.01
341.482,1787663286527,-8.0681,3.9110,0.5727,-0.01
341.582,1787663286627,-8.0680,3.8662,0.5724,-0.01
341.682,1787663286727,-8.0680,3.8138,0.5722,-0.01
341.783,1787663286828,-8.0679,3.7615,0.5720,-0.01
341.883,1787663286928,-8.0679,3.7129,0.5718,-0.01
341.983,1787663287028,-8.0678,3.6792,0.5716,-0.01
342.083,1787663287128,-8.0678,3.6416,0.5714,-0.01
342.183,1787663287228,-8.0678,3.5890,0.5712,-0.00
342.283,1787663287328,-8.0678,3.5475,0.5710,-0.00
342.383,1787663287428,-8.0677,3.5019,0.5708,-0.00
342.484,1787663287529,-8.0677,3.4523,0.5706,-0.00
342.584,1787663287629,-8.0677,3.4060,0.5703,-0.00
342.684,1787663287729,-8.0677,3.3632,0.5701,-0.00
342.784,1787663287829,-8.0677,3.3280,0.5700,-0.00
342.884,1787663287929,-8.0676,3.2727,0.5697,-0.00
342.984,1787663288029,-8.0676,3.2328,0.5695,-0.00
343.084,1787663288129,-8.0676,3.1847,0.5693,-0.00
343.184,1787663288229,-8.0676,3.1400,0.5691,-0.00
343.285,1787663288330,-8.0676,3.0785,0.5689,-0.00
343.385,1787663288430,-8.0677,3.0410,0.5687,-0.00
343.485,1787663288530,-8.0677,2.9736,0.5684,-0.00
343.585,1787663288630,-8.0677,2.9137,0.5681,-0.00
343.685,1787663288730,-8.0678,2.8398,0.5678,-0.00
343.785,1787663288830,-8.0679,2.7691,0.5674,-0.00
343.885,1787663288930,-8.0679,2.7019,0.5670,-0.00
343.985,1787663289030,-8.0680,2.6343,0.5667,-0.00
344.086,1787663289131,-8.0681,2.5617,0.5663,-0.00
344.186,1787663289231,-8.0682,2.4887,0.5659,-0.00
344.286,1787663289331,-8.0683,2.4065,0.5655,-0.00
344.386,1787663289431,-8.0684,2.3424,0.5651,-0.00
344.486,1787663289531,-8.0684,2.2832,0.5648,-0.00
344.586,1787663289631,-8.0686,2.2014,0.5644,-0.00
344.686,1787663289731,-8.0687,2.1561,0.5641,-0.00
344.786,1787663289832,-8.0687,2.1065,0.5639,-0.00
344.887,1787663289932,-8.0688,2.0347,0.5635,-0.01
344.987,1787663290032,-8.0689,1.9631,0.5632,-0.01
345.087,1787663290132,-8.0690,1.9097,0.5629,-0.01
345.187,1787663290232,-8.0690,1.8387,0.5625,-0.01
345.287,1787663290332,-8.0691,1.7635,0.5621,-0.00
345.387,1787663290432,-8.0692,1.6929,0.5618,-0.00
345.487,1787663290532,-8.0693,1.6270,0.5614,-0.00
345.587,1787663290632,-8.0694,1.5789,0.5612,-0.00
345.688,1787663290734,-8.0695,1.5096,0.5608,-0.00
345.789,1787663290834,-8.0695,1.4624,0.5605,0.00
345.889,1787663290934,-8.0696,1.4197,0.5603,0.00
345.989,1787663291034,-8.0697,1.3646,0.5600,0.00
346.089,1787663291134,-8.0698,1.3057,0.5596,0.00
346.189,1787663291234,-8.0698,1.2426,0.5593,0.00
346.289,1787663291334,-8.0699,1.1838,0.5590,0.00
346.389,1787663291434,-8.0700,1.1206,0.5587,0.00
346.490,1787663291535,-8.0701,1.0532,0.5583,0.00
346.590,1787663291635,-8.0702,0.9900,0.5580,0.00
346.690,1787663291735,-8.0703,0.9438,0.5578,0.00
346.790,1787663291835,-8.0704,0.8936,0.5575,0.00
346.891,1787663291936,-8.0705,0.8519,0.5573,0.00
346.991,1787663292036,-8.0706,0.7772,0.5569,-0.00
347.091,1787663292136,-8.0708,0.6899,0.5565,-0.00
347.191,1787663292236,-8.0708,0.6523,0.5563,-0.00
347.291,1787663292336,-8.0709,0.5769,0.5560,-0.00
347.391,1787663292436,-8.0710,0.5143,0.5557,-0.00
347.491,1787663292536,-8.0710,0.4517,0.5554,-0.00
347.591,1787663292636,-8.0711,0.3934,0.5552,-0.00
347.691,1787663292737,-8.0711,0.3269,0.5549,-0.00
347.792,1787663292837,-8.0711,0.2564,0.5545,-0.00
347.892,1787663292937,-8.0711,0.1945,0.5542,-0.00
347.992,1787663293037,-8.0711,0.1327,0.5540,-0.00
348.092,1787663293137,-8.0711,0.0752,0.5537,-0.00
348.192,1787663293237,-8.0710,0.0179,0.5534,-0.00
348.292,1787663293337,-8.0710,-0.0515,0.5531,-0.00
348.392,1787663293437,-8.0710,-0.1044,0.5528,-0.00
348.492,1787663293538,-8.0709,-0.1571,0.5526,-0.00
348.593,1787663293638,-8.0709,-0.2217,0.5522,-0.00
348.693,1787663293738,-8.0708,-0.2780,0.5520,-0.00
348.793,1787663293838,-8.0708,-0.3504,0.5516,-0.00
348.893,1787663293938,-8.0708,-0.4025,0.5513,-0.00
348.993,1787663294038,-8.0707,-0.4706,0.5510,-0.00
349.093,1787663294138,-8.0706,-0.5507,0.5506,-0.00
349.193,1787663294238,-8.0705,-0.6147,0.5503,-0.00
349.293,1787663294338,-8.0705,-0.6667,0.5500,-0.00
349.393,1787663294439,-8.0704,-0.7464,0.5496,-0.00
349.494,1787663294539,-8.0703,-0.8137,0.5493,-0.00
349.594,1787663294639,-8.0703,-0.8532,0.5491,-0.00
349.694,1787663294739,-8.0702,-0.9159,0.5488,-0.00
349.794,1787663294839,-8.0701,-0.9779,0.5485,-0.00
349.894,1787663294939,-8.0700,-1.0473,0.5481,-0.00
349.994,1787663295039,-8.0699,-1.1012,0.5478,-0.00
350.094,1787663295139,-8.0699,-1.1705,0.5475,-0.00
350.194,1787663295239,-8.0698,-1.2396,0.5471,-0.01
350.294,1787663295340,-8.0697,-1.3083,0.5468,-0.01
350.395,1787663295440,-8.0697,-1.3731,0.5464,-0.00
350.495,1787663295540,-8.0696,-1.4374,0.5461,-0.00
350.595,1787663295640,-8.0695,-1.5012,0.5458,-0.00
350.695,1787663295740,-8.0695,-1.5535,0.5455,-0.00
350.795,1787663295840,-8.0694,-1.6165,0.5452,-0.00
350.895,1787663295940,-8.0693,-1.6865,0.5449,-0.00
350.995,1787663296040,-8.0693,-1.7526,0.5445,-0.00
351.095,1787663296140,-8.0692,-1.8039,0.5443,-0.00
351.195,1787663296241,-8.0691,-1.8731,0.5440,-0.00
351.296,1787663296341,-8.0690,-1.9274,0.5438,-0.00
351.396,1787663296441,-8.0689,-1.9922,0.5435,-0.00
351.496,1787663296541,-8.0688,-2.0602,0.5432,-0.00
351.596,1787663296641,-8.0687,-2.1245,0.5429,-0.00
351.696,1787663296741,-8.0687,-2.1815,0.5427,-0.00
351.796,1787663296841,-8.0686,-2.2453,0.5424,-0.00
351.896,1787663296941,-8.0685,-2.2948,0.5422,-0.00
351.996,1787663297041,-8.0684,-2.3581,0.5419,-0.00
352.096,1787663297142,-8.0683,-2.4141,0.5416,-0.00
352.197,1787663297242,-8.0682,-2.4733,0.5414,-0.00
352.297,1787663297342,-8.0681,-2.5393,0.5411,-0.01
352.397,1787663297442,-8.0680,-2.5982,0.5408,-0.01
352.497,1787663297542,-8.0679,-2.6534,0.5405,-0.01
352.597,1787663297642,-8.0679,-2.7156,0.5402,-0.01
352.697,1787663297742,-8.0678,-2.7674,0.5400,-0.01
352.797,1787663297842,-8.0678,-2.8190,0.5397,-0.01
352.897,1787663297942,-8.0677,-2.8876,0.5394,-0.01
352.997,1787663298043,-8.0676,-2.9458,0.5391,-0.01
353.098,1787663298143,-8.0675,-3.0039,0.5388,-0.01
353.198,1787663298243,-8.0675,-3.0587,0.5385,-0.01
353.298,1787663298343,-8.0675,-3.1065,0.5382,-0.01
353.398,1787663298443,-8.0675,-3.1509,0.5380,-0.01
353.498,1787663298543,-8.0675,-3.1952,0.5378,-0.01
353.598,1787663298643,-8.0675,-3.2190,0.5376,-0.01
353.698,1787663298743,-8.0674,-3.2698,0.5374,-0.01
353.798,1787663298843,-8.0674,-3.3105,0.5372,-0.01
353.898,1787663298944,-8.0674,-3.3683,0.5370,-0.01
353.999,1787663299044,-8.0674,-3.4271,0.5367,-0.01
354.099,1787663299144,-8.0674,-3.4799,0.5365,-0.01
354.199,1787663299244,-8.0674,-3.5443,0.5362,-0.01
354.300,1787663299345,-8.0674,-3.6022,0.5359,-0.01
354.400,1787663299445,-8.0674,-3.6679,0.5356,-0.01
354.500,1787663299545,-8.0675,-3.7267,0.5353,-0.00
354.600,1787663299645,-8.0675,-3.7786,0.5351,-0.00
354.700,1787663299745,-8.0676,-3.8454,0.5348,-0.00
354.800,1787663299845,-8.0676,-3.9050,0.5345,-0.00
354.900,1787663299946,-8.0676,-3.9536,0.5343,-0.00
355.001,1787663300046,-8.0676,-4.0136,0.5340,-0.00
355.101,1787663300146,-8.0677,-4.0661,0.5338,-0.00
355.201,1787663300246,-8.0677,-4.1265,0.5335,0.00
355.301,1787663300346,-8.0678,-4.1947,0.5332,0.00
355.401,1787663300446,-8.0678,-4.2518,0.5329,0.00
355.501,1787663300546,-8.0679,-4.3014,0.5326,0.00
355.601,1787663300646,-8.0679,-4.3586,0.5324,-0.00
355.701,1787663300746,-8.0680,-4.4198,0.5321,-0.00
355.801,1787663300846,-8.0681,-4.4772,0.5318,-0.00
355.901,1787663300946,-8.0681,-4.5387,0.5315,-0.00
356.001,1787663301047,-8.0682,-4.5849,0.5313,-0.00
356.102,1787663301147,-8.0682,-4.6541,0.5309,-0.00
356.202,1787663301247,-8.0683,-4.7080,0.5306,-0.00
356.302,1787663301347,-8.0684,-4.7698,0.5303,-0.00
356.402,1787663301447,-8.0685,-4.8278,0.5301,-0.01
356.502,1787663301547,-8.0686,-4.8858,0.5298,-0.01
356.602,1787663301647,-8.0687,-4.9554,0.5294,-0.01
356.703,1787663301748,-8.0688,-5.0290,0.5291,-0.01
356.803,1787663301848,-8.0689,-5.0834,0.5288,-0.01
356.903,1787663301948,-8.0690,-5.1533,0.5284,-0.01
357.003,1787663302048,-8.0691,-5.2075,0.5281,-0.00
357.103,1787663302148,-8.0692,-5.2695,0.5278,-0.00
357.203,1787663302248,-8.0693,-5.3389,0.5274,-0.00
357.303,1787663302349,-8.0694,-5.4045,0.5270,-0.00
357.404,1787663302449,-8.0695,-5.4623,0.5267,-0.00
357.504,1787663302549,-8.0697,-5.5275,0.5264,-0.00
357.604,1787663302649,-8.0698,-5.5962,0.5260,-0.00
357.704,1787663302749,-8.0699,-5.6572,0.5257,-0.00
357.804,1787663302849,-8.0701,-5.7218,0.5253,-0.00
357.904,1787663302949,-8.0702,-5.7861,0.5250,-0.00
358.004,1787663303049,-8.0704,-5.8539,0.5246,0.00
358.104,1787663303149,-8.0705,-5.9214,0.5243,0.00
358.204,1787663303250,-8.0707,-5.9774,0.5240,0.00
358.305,1787663303350,-8.0708,-6.0294,0.5237,0.00
358.405,1787663303450,-8.0709,-6.0885,0.5234,0.00
358.505,1787663303550,-8.0710,-6.1435,0.5232,0.00
358.605,1787663303650,-8.0711,-6.1982,0.5229,0.00
358.705,1787663303750,-8.0713,-6.2562,0.5226,0.00
358.805,1787663303850,-8.0714,-6.3215,0.5223,-0.00
358.905,1787663303950,-8.0715,-6.3832,0.5221,-0.00
359.005,1787663304050,-8.0716,-6.4375,0.5218,-0.00
359.106,1787663304151,-8.0716,-6.4846,0.5216,-0.00
359.206,1787663304251,-8.0717,-6.5459,0.5214,-0.01
359.306,1787663304351,-8.0717,-6.5747,0.5213,-0.01
359.406,1787663304451,-8.0718,-6.6394,0.5210,-0.00
359.506,1787663304551,-8.0718,-6.6898,0.5208,-0.00
359.607,1787663304652,-8.0718,-6.7475,0.5206,-0.00
359.707,1787663304752,-8.0718,-6.8127,0.5204,-0.00
359.807,1787663304852,-8.0718,-6.8637,0.5202,-0.00
359.907,1787663304952,-8.0717,-6.9298,0.5200,-0.00
360.007,1787663305052,-8.0717,-6.9926,0.5197,-0.00
360.107,1787663305153,-8.0717,-7.0556,0.5195,-0.00
360.208,1787663305253,-8.0716,-7.1188,0.5192,-0.00
360.308,1787663305353,-8.0715,-7.1673,0.5190,-0.00
360.408,1787663305453,-8.0715,-7.2083,0.5188,-0.00
360.508,1787663305553,-8.0714,-7.2825,0.5185,-0.00
360.608,1787663305653,-8.0713,-7.3121,0.5183,-0.00
360.708,1787663305753,-8.0712,-7.3601,0.5181,-0.00
360.808,1787663305853,-8.0711,-7.4118,0.5179,-0.00
360.908,1787663305953,-8.0710,-7.4488,0.5177,-0.00
361.008,1787663306054,-8.0709,-7.4896,0.5175,-0.00
361.109,1787663306154,-8.0708,-7.5455,0.5172,-0.00
361.209,1787663306254,-8.0707,-7.6019,0.5170,-0.00
361.309,1787663306354,-8.0706,-7.6436,0.5168,-0.00
361.409,1787663306454,-8.0705,-7.6933,0.5165,-0.00
361.509,1787663306554,-8.0704,-7.7510,0.5162,-0.01
361.609,1787663306654,-8.0703,-7.7936,0.5160,-0.01
361.709,1787663306754,-8.0701,-7.8522,0.5158,-0.01
361.810,1787663306855,-8.0701,-7.8955,0.5155,-0.01
361.911,1787663306956,-8.0700,-7.9352,0.5154,-0.01
362.011,1787663307056,-8.0700,-7.9795,0.5151,-0.01
362.111,1787663307156,-8.0699,-8.0329,0.5148,-0.01
362.211,1787663307256,-8.0698,-8.0703,0.5146,-0.01
362.311,1787663307356,-8.0698,-8.1374,0.5142,-0.01
362.411,1787663307456,-8.0697,-8.2043,0.5139,-0.01
362.511,1787663307556,-8.0696,-8.2744,0.5136,-0.01
362.611,1787663307656,-8.0695,-8.3428,0.5133,-0.01
362.711,1787663307757,-8.0694,-8.3938,0.5132,-0.01
362.812,1787663307857,-8.0694,-8.4508,0.5130,-0.01
362.912,1787663307957,-8.0693,-8.4878,0.5129,-0.01
363.012,1787663308057,-8.0693,-8.5449,0.5128,-0.01
363.112,1787663308157,-8.0692,-8.6125,0.5127,-0.00
363.212,1787663308257,-8.0692,-8.6633,0.5126,-0.00
363.312,1787663308358,-8.0691,-8.7197,0.5124,-0.00
363.413,1787663308458,-8.0691,-8.7638,0.5123,-0.00
363.513,1787663308558,-8.0691,-8.8071,0.5121,-0.00
363.613,1787663308658,-8.0690,-8.8444,0.5119,-0.00
363.713,1787663308758,-8.0690,-8.8785,0.5117,-0.00
363.813,1787663308859,-8.0690,-8.9094,0.5115,-0.00
363.914,1787663308959,-8.0690,-8.9404,0.5112,-0.00
364.014,1787663309059,-8.0690,-8.9647,0.5109,-0.00
364.114,1787663309159,-8.0689,-8.9910,0.5106,-0.00
364.214,1787663309259,-8.0689,-9.0099,0.5103,-0.00
364.314,1787663309359,-8.0689,-9.0276,0.5100,-0.00
364.414,1787663309459,-8.0689,-9.0410,0.5097,-0.00
364.514,1787663309559,-8.0689,-9.0506,0.5095,-0.00
364.615,1787663309660,-8.0689,-9.0585,0.5093,-0.00
364.715,1787663309760,-8.0690,-9.0642,0.5091,-0.01
364.815,1787663309860,-8.0690,-9.0680,0.5089,-0.01
364.915,1787663309960,-8.0690,-9.0701,0.5088,-0.01
365.015,1787663310060,-8.0691,-9.0703,0.5087,-0.01
365.115,1787663310160,-8.0691,-9.0691,0.5086,-0.01
365.215,1787663310260,-8.0691,-9.0675,0.5086,-0.01
365.315,1787663310361,-8.0692,-9.0652,0.5086,-0.01
365.416,1787663310461,-8.0692,-9.0615,0.5086,-0.01
365.516,1787663310561,-8.0693,-9.0578,0.5086,-0.01
365.616,1787663310661,-8.0693,-9.0528,0.5086,-0.01
365.716,1787663310761,-8.0694,-9.0469,0.5087,-0.02
365.816,1787663310862,-8.0694,-9.0407,0.5087,-0.02
365.917,1787663310962,-8.0695,-9.0349,0.5087,-0.02
366.017,1787663311062,-8.0695,-9.0297,0.5088,-0.02
366.117,1787663311162,-8.0695,-9.0234,0.5088,-0.02
366.217,1787663311262,-8.0696,-9.0189,0.5089,-0.02
366.317,1787663311362,-8.0696,-9.0119,0.5089,-0.02
366.417,1787663311462,-8.0696,-9.0080,0.5090,-0.02
366.518,1787663311563,-8.0696,-9.0023,0.5091,-0.02
366.618,1787663311663,-8.0696,-8.9962,0.5092,-0.02
366.718,1787663311763,-8.0696,-8.9913,0.5092,-0.02
366.818,1787663311863,-8.0696,-8.9866,0.5093,-0.02
366.918,1787663311963,-8.0696,-8.9830,0.5094,-0.02
367.018,1787663312063,-8.0695,-8.9777,0.5095,-0.01
367.118,1787663312163,-8.0694,-8.9733,0.5095,-0.01
367.218,1787663312263,-8.0694,-8.9701,0.5096,-0.01
367.318,1787663312364,-8.0694,-8.9662,0.5097,-0.01
367.419,1787663312464,-8.0694,-8.9622,0.5097,-0.01
367.519,1787663312564,-8.0693,-8.9596,0.5098,-0.01
367.619,1787663312664,-8.0693,-8.9568,0.5098,-0.01
367.719,1787663312764,-8.0692,-8.9543,0.5099,-0.01
367.819,1787663312864,-8.0692,-8.9531,0.5099,-0.01
367.919,1787663312964,-8.0691,-8.9513,0.5099,-0.01
368.019,1787663313064,-8.0689,-8.9494,0.5100,-0.01
368.119,1787663313164,-8.0689,-8.9484,0.5100,-0.01
368.219,1787663313265,-8.0688,-8.9472,0.5100,-0.01
368.320,1787663313365,-8.0687,-8.9462,0.5101,-0.01
368.420,1787663313465,-8.0686,-8.9454,0.5101,-0.01
368.520,1787663313565,-8.0684,-8.9447,0.5101,-0.01
368.620,1787663313665,-8.0683,-8.9443,0.5102,-0.01
368.721,1787663313766,-8.0682,-8.9441,0.5102,-0.01
368.821,1787663313866,-8.0681,-8.9439,0.5102,-0.01
368.921,1787663313966,-8.0680,-8.9439,0.5102,-0.01
369.021,1787663314066,-8.0679,-8.9441,0.5102,-0.01
369.121,1787663314166,-8.0678,-8.9442,0.5102,-0.01
369.221,1787663314266,-8.0677,-8.9445,0.5102,-0.01
369.322,1787663314367,-8.0676,-8.9449,0.5102,-0.01
369.422,1787663314467,-8.0675,-8.9453,0.5102,-0.01
369.522,1787663314567,-8.0674,-8.9459,0.5102,-0.01
369.622,1787663314667,-8.0673,-8.9465,0.5102,-0.01
369.722,1787663314767,-8.0672,-8.9470,0.5102,-0.01
369.822,1787663314867,-8.0671,-8.9477,0.5102,-0.01
369.922,1787663314968,-8.0670,-8.9485,0.5102,-0.01
370.023,1787663315068,-8.0670,-8.9491,0.5102,-0.01
370.123,1787663315168,-8.0669,-8.9498,0.5101,-0.01
370.223,1787663315269,-8.0669,-8.9507,0.5101,-0.01
370.324,1787663315369,-8.0668,-8.9515,0.5101,-0.01
370.424,1787663315469,-8.0668,-8.9525,0.5100,-0.01
370.524,1787663315569,-8.0667,-8.9534,0.5100,-0.01
370.624,1787663315669,-8.0667,-8.9541,0.5100,-0.01
370.724,1787663315769,-8.0666,-8.9549,0.5100,-0.01
370.824,1787663315869,-8.0666,-8.9556,0.5100,-0.01
370.924,1787663315969,-8.0665,-8.9565,0.5101,-0.01
371.024,1787663316070,-8.0665,-8.9572,0.5101,-0.01
371.125,1787663316170,-8.0664,-8.9578,0.5101,-0.01
371.225,1787663316270,-8.0663,-8.9584,0.5101,-0.01
371.325,1787663316370,-8.0663,-8.9591,0.5102,-0.01
371.425,1787663316470,-8.0662,-8.9597,0.5102,-0.01
371.525,1787663316570,-8.0661,-8.9604,0.5102,-0.01
371.625,1787663316670,-8.0661,-8.9610,0.5103,-0.01
371.725,1787663316770,-8.0659,-8.9617,0.5103,-0.01
371.825,1787663316871,-8.0658,-8.9622,0.5104,-0.01
371.926,1787663316971,-8.0658,-8.9628,0.5104,-0.01
372.026,1787663317071,-8.0657,-8.9634,0.5104,-0.01
372.126,1787663317171,-8.0656,-8.9639,0.5104,-0.01
372.226,1787663317271,-8.0656,-8.9645,0.5105,-0.01
372.326,1787663317371,-8.0655,-8.9651,0.5105,-0.01
372.426,1787663317472,-8.0655,-8.9657,0.5105,-0.01
372.527,1787663317572,-8.0655,-8.9662,0.5105,-0.01
372.627,1787663317672,-8.0654,-8.9667,0.5105,-0.01
372.727,1787663317772,-8.0654,-8.9672,0.5105,-0.01
372.827,1787663317872,-8.0653,-8.9677,0.5105,-0.01
372.927,1787663317972,-8.0653,-8.9682,0.5105,-0.01
373.027,1787663318072,-8.0653,-8.9690,0.5106,0.01
373.127,1787663318172,-8.0653,-8.9701,0.5108,0.13
373.228,1787663318273,-8.0653,-8.9710,0.5112,0.42
373.328,1787663318373,-8.0653,-8.9714,0.5118,0.95
373.428,1787663318473,-8.0652,-8.9713,0.5126,1.90
373.528,1787663318573,-8.0651,-8.9704,0.5138,3.45
373.628,1787663318673,-8.0650,-8.9695,0.5145,4.64
373.728,1787663318773,-8.0650,-8.9675,0.5156,6.80
373.828,1787663318873,-8.0651,-8.9647,0.5167,9.85
373.928,1787663318973,-8.0652,-8.9624,0.5174,12.35
374.028,1787663319073,-8.0653,-8.9601,0.5180,14.89
374.128,1787663319174,-8.0654,-8.9572,0.5184,18.19
374.229,1787663319274,-8.0656,-8.9545,0.5187,21.48
374.329,1787663319374,-8.0659,-8.9518,0.5187,25.12
374.429,1787663319474,-8.0661,-8.9492,0.5185,29.31
374.529,1787663319574,-8.0663,-8.9471,0.5181,33.10
374.629,1787663319674,-8.0664,-8.9456,0.5177,36.22
374.729,1787663319774,-8.0664,-8.9441,0.5171,39.98
374.829,1787663319874,-8.0663,-8.9430,0.5165,43.89
374.929,1787663319974,-8.0661,-8.9425,0.5159,47.07
375.029,1787663320075,-8.0658,-8.9422,0.5152,50.38
375.130,1787663320175,-8.0653,-8.9422,0.5145,53.40
375.230,1787663320275,-8.0645,-8.9426,0.5138,56.93
375.330,1787663320375,-8.0638,-8.9430,0.5133,59.60
375.430,1787663320475,-8.0629,-8.9437,0.5127,62.59
375.530,1787663320575,-8.0618,-8.9448,0.5121,66.05
375.630,1787663320675,-8.0609,-8.9456,0.5117,68.55
375.731,1787663320776,-8.0600,-8.9466,0.5113,71.19
375.831,1787663320876,-8.0591,-8.9476,0.5109,73.98
375.931,1787663320976,-8.0582,-8.9487,0.5106,76.77
376.031,1787663321076,-8.0573,-8.9498,0.5103,79.56
376.131,1787663321176,-8.0565,-8.9510,0.5100,82.91
376.231,1787663321276,-8.0560,-8.9519,0.5099,85.57
376.331,1787663321376,-8.0556,-8.9527,0.5097,87.90
376.431,1787663321477,-8.0553,-8.9537,0.5095,91.13
376.532,1787663321577,-8.0552,-8.9543,0.5095,93.30
376.632,1787663321677,-8.0551,-8.9553,0.5093,96.95
376.732,1787663321777,-8.0551,-8.9558,0.5093,98.97
376.832,1787663321877,-8.0552,-8.9565,0.5093,101.94
376.932,1787663321977,-8.0553,-8.9571,0.5093,104.76
377.032,1787663322077,-8.0555,-8.9576,0.5093,107.62
377.132,1787663322178,-8.0558,-8.9582,0.5093,110.71
377.233,1787663322278,-8.0563,-8.9587,0.5094,113.83
377.333,1787663322378,-8.0568,-8.9592,0.5094,116.98
377.433,1787663322478,-8.0571,-8.9595,0.5094,119.16
377.533,1787663322578,-8.0575,-8.9598,0.5094,121.34
377.633,1787663322678,-8.0580,-8.9601,0.5094,123.73
377.733,1787663322778,-8.0584,-8.9603,0.5095,126.55
377.833,1787663322878,-8.0589,-8.9605,0.5096,129.63
377.933,1787663322979,-8.0594,-8.9607,0.5097,132.97
378.034,1787663323079,-8.0600,-8.9609,0.5097,136.81
378.134,1787663323179,-8.0607,-8.9612,0.5098,140.26
378.234,1787663323279,-8.0615,-8.9615,0.5098,143.95
378.334,1787663323379,-8.0622,-8.9618,0.5099,147.83
378.434,1787663323479,-8.0630,-8.9620,0.5098,151.68
378.534,1787663323579,-8.0636,-8.9622,0.5098,155.23
378.634,1787663323680,-8.0640,-8.9622,0.5098,158.48
378.735,1787663323780,-8.0645,-8.9620,0.5097,162.22
378.835,1787663323880,-8.0647,-8.9618,0.5096,165.26
378.935,1787663323980,-8.0650,-8.9613,0.5095,168.74
379.035,1787663324080,-8.0651,-8.9607,0.5094,171.90
379.135,1787663324180,-8.0652,-8.9602,0.5094,174.38
379.235,1787663324280,-8.0653,-8.9598,0.5096,176.80
379.335,1787663324380,-8.0654,-8.9593,0.5099,179.06
379.435,1787663324480,-8.0654,-8.9587,0.5104,-179.14
379.535,1787663324581,-8.0654,-8.9579,0.5109,-177.77
379.636,1787663324681,-8.0654,-8.9567,0.5115,-176.65
379.736,1787663324781,-8.0654,-8.9550,0.5122,-175.81
379.836,1787663324881,-8.0654,-8.9532,0.5128,-175.40
379.936,1787663324981,-8.0654,-8.9514,0.5132,-175.31
380.036,1787663325081,-8.0654,-8.9497,0.5136,-175.46
380.136,1787663325181,-8.0655,-8.9479,0.5138,-175.82
380.236,1787663325281,-8.0656,-8.9461,0.5139,-176.41
380.336,1787663325381,-8.0657,-8.9446,0.5138,-177.10
380.436,1787663325482,-8.0658,-8.9435,0.5137,-177.80
380.537,1787663325582,-8.0658,-8.9427,0.5134,-178.57
380.637,1787663325682,-8.0659,-8.9423,0.5130,-179.27
380.737,1787663325782,-8.0659,-8.9423,0.5127,-179.88
380.837,1787663325882,-8.0659,-8.9427,0.5123,179.53
380.937,1787663325982,-8.0659,-8.9433,0.5120,179.09
381.037,1787663326082,-8.0660,-8.9442,0.5116,178.72
381.137,1787663326182,-8.0659,-8.9456,0.5112,178.38
381.238,1787663326283,-8.0659,-8.9474,0.5108,178.14
381.338,1787663326383,-8.0659,-8.9496,0.5104,178.02
381.438,1787663326483,-8.0659,-8.9520,0.5100,178.01
381.538,1787663326583,-8.0659,-8.9543,0.5097,178.09
381.638,1787663326683,-8.0659,-8.9564,0.5094,178.22
381.738,1787663326783,-8.0658,-8.9584,0.5092,178.37
381.838,1787663326883,-8.0658,-8.9602,0.5090,178.54
381.938,1787663326983,-8.0658,-8.9624,0.5088,178.77
382.038,1787663327084,-8.0660,-8.9641,0.5086,178.97
382.139,1787663327184,-8.0672,-8.9660,0.5085,179.20
382.239,1787663327284,-8.0691,-8.9682,0.5084,179.48
382.339,1787663327384,-8.0696,-8.9693,0.5083,179.63
382.439,1787663327484,-8.0693,-8.9705,0.5084,179.81
382.539,1787663327584,-8.0679,-8.9710,0.5084,179.91
382.639,1787663327684,-8.0669,-8.9712,0.5084,179.95
382.739,1787663327784,-8.0653,-8.9714,0.5085,-180.00
382.839,1787663327884,-8.0610,-8.9717,0.5086,-179.92
382.940,1787663327985,-8.0574,-8.9718,0.5088,-179.89
383.040,1787663328085,-8.0471,-8.9718,0.5091,-179.86
383.140,1787663328185,-8.0370,-8.9717,0.5093,-179.86
383.240,1787663328285,-8.0253,-8.9715,0.5094,-179.87
383.340,1787663328385,-8.0080,-8.9711,0.5096,-179.90
383.440,1787663328485,-7.9994,-8.9710,0.5097,-179.91
383.540,1787663328585,-7.9776,-8.9705,0.5098,-179.96
383.640,1787663328685,-7.9528,-8.9700,0.5099,179.99
383.740,1787663328786,-7.9262,-8.9696,0.5100,179.95
383.841,1787663328886,-7.8964,-8.9691,0.5101,179.90
383.941,1787663328986,-7.8636,-8.9686,0.5100,179.85
384.041,1787663329086,-7.8229,-8.9680,0.5099,179.80
384.141,1787663329186,-7.7920,-8.9677,0.5099,179.78
384.241,1787663329286,-7.7454,-8.9672,0.5097,179.74
384.341,1787663329386,-7.7135,-8.9670,0.5096,179.72
384.441,1787663329487,-7.6741,-8.9667,0.5095,179.71
384.542,1787663329587,-7.6266,-8.9664,0.5093,179.69
384.642,1787663329687,-7.5769,-8.9661,0.5092,179.69
384.742,1787663329787,-7.5249,-8.9659,0.5090,179.69
384.842,1787663329887,-7.4709,-8.9658,0.5089,179.69
384.942,1787663329987,-7.4149,-8.9657,0.5087,179.70
385.042,1787663330087,-7.3610,-8.9656,0.5086,179.72
385.142,1787663330187,-7.3059,-8.9656,0.5084,179.73
385.242,1787663330288,-7.2291,-8.9657,0.5083,179.75
385.343,1787663330388,-7.1418,-8.9658,0.5081,179.78
385.443,1787663330488,-7.0824,-8.9659,0.5080,179.80
385.543,1787663330588,-7.0050,-8.9661,0.5080,179.82
385.644,1787663330689,-6.9311,-8.9664,0.5079,179.84
385.744,1787663330789,-6.8655,-8.9666,0.5078,179.85
385.844,1787663330889,-6.7909,-8.9670,0.5078,179.87
385.944,1787663330989,-6.7206,-8.9673,0.5078,179.88
386.044,1787663331089,-6.6504,-8.9678,0.5078,179.89
386.144,1787663331189,-6.5717,-8.9683,0.5078,179.90
386.244,1787663331289,-6.5237,-8.9687,0.5079,179.90
386.344,1787663331390,-6.4674,-8.9691,0.5079,179.90
386.445,1787663331490,-6.3987,-8.9696,0.5080,179.90
386.545,1787663331590,-6.3348,-8.9701,0.5080,179.90
386.645,1787663331690,-6.2669,-8.9707,0.5081,179.91
386.745,1787663331790,-6.1991,-8.9713,0.5081,179.91
386.845,1787663331890,-6.1273,-8.9720,0.5082,179.90
386.945,1787663331990,-6.0602,-8.9726,0.5082,179.90
387.045,1787663332090,-6.0103,-8.9731,0.5083,179.90
387.145,1787663332191,-5.9446,-8.9738,0.5083,179.90
387.246,1787663332291,-5.8792,-8.9745,0.5084,179.90
387.346,1787663332391,-5.7977,-8.9754,0.5084,179.90
387.447,1787663332492,-5.7329,-8.9762,0.5084,179.90
387.547,1787663332592,-5.6685,-8.9769,0.5085,179.90
387.647,1787663332693,-5.6167,-8.9775,0.5085,179.90
387.748,1787663332793,-5.5497,-8.9783,0.5085,179.91
387.848,1787663332893,-5.5065,-8.9788,0.5086,179.91
387.948,1787663332993,-5.4364,-8.9797,0.5086,179.91
388.048,1787663333093,-5.3707,-8.9805,0.5086,179.91
388.148,1787663333193,-5.3129,-8.9812,0.5087,179.92
388.248,1787663333293,-5.2438,-8.9820,0.5087,179.92
388.348,1787663333393,-5.1826,-8.9828,0.5088,179.92
388.448,1787663333493,-5.1138,-8.9836,0.5088,179.93
388.549,1787663333594,-5.0484,-8.9844,0.5088,179.93
388.649,1787663333694,-4.9945,-8.9850,0.5088,179.93
388.749,1787663333794,-4.9409,-8.9857,0.5087,179.93
388.849,1787663333894,-4.8806,-8.9864,0.5087,179.94
388.949,1787663333994,-4.8180,-8.9872,0.5087,179.94
389.049,1787663334094,-4.7644,-8.9878,0.5088,179.94
389.149,1787663334194,-4.7024,-8.9886,0.5088,179.94
389.249,1787663334294,-4.6497,-8.9893,0.5089,179.95
389.349,1787663334394,-4.6025,-8.9899,0.5089,179.95
389.449,1787663334495,-4.5575,-8.9905,0.5090,179.95
389.550,1787663334595,-4.5013,-8.9913,0.5090,179.95
389.650,1787663334695,-4.4646,-8.9918,0.5090,179.95
389.750,1787663334795,-4.4302,-8.9922,0.5091,179.95
389.850,1787663334895,-4.3849,-8.9929,0.5090,179.95
389.950,1787663334995,-4.3520,-8.9934,0.5090,179.95
390.050,1787663335095,-4.3204,-8.9939,0.5089,179.95
390.150,1787663335195,-4.2953,-8.9943,0.5088,179.95
390.251,1787663335296,-4.2698,-8.9947,0.5087,179.96
390.351,1787663335396,-4.2501,-8.9951,0.5086,179.96
390.451,1787663335496,-4.2326,-8.9954,0.5085,179.96
390.551,1787663335596,-4.2156,-8.9958,0.5084,179.97
390.651,1787663335696,-4.2029,-8.9960,0.5083,179.97
390.751,1787663335796,-4.1922,-8.9963,0.5082,179.97
390.851,1787663335896,-4.1834,-8.9965,0.5081,179.97
390.951,1787663335997,-4.1765,-8.9967,0.5080,179.97
391.052,1787663336097,-4.1712,-8.9969,0.5079,179.97
391.152,1787663336197,-4.1682,-8.9970,0.5078,179.97
391.252,1787663336297,-4.1654,-8.9971,0.5077,179.97
391.352,1787663336397,-4.1643,-8.9972,0.5076,179.97
391.452,1787663336497,-4.1644,-8.9973,0.5076,179.97
391.552,1787663336597,-4.1656,-8.9974,0.5076,179.98
391.652,1787663336697,-4.1679,-8.9974,0.5076,179.98
391.753,1787663336798,-4.1711,-8.9975,0.5076,179.98
391.853,1787663336898,-4.1762,-8.9975,0.5076,179.98
391.953,1787663336998,-4.1803,-8.9975,0.5076,179.98
392.053,1787663337098,-4.1842,-8.9975,0.5077,179.98
392.153,1787663337198,-4.1897,-8.9975,0.5077,179.98
392.253,1787663337298,-4.1959,-8.9974,0.5078,179.98
392.353,1787663337399,-4.2028,-8.9974,0.5078,179.98
392.454,1787663337499,-4.2094,-8.9973,0.5079,179.98
392.554,1787663337599,-4.2165,-8.9972,0.5080,179.98
392.654,1787663337699,-4.2228,-8.9972,0.5081,179.98
392.754,1787663337799,-4.2298,-8.9971,0.5081,179.98
392.854,1787663337899,-4.2351,-8.9971,0.5082,179.98
392.954,1787663337999,-4.2414,-8.9971,0.5083,179.98
393.054,1787663338099,-4.2474,-8.9971,0.5084,179.98
393.155,1787663338200,-4.2538,-8.9971,0.5084,179.98
393.255,1787663338300,-4.2591,-8.9970,0.5085,179.98
393.355,1787663338400,-4.2645,-8.9970,0.5086,179.98
393.455,1787663338501,-4.2683,-8.9969,0.5087,179.98
393.556,1787663338601,-4.2729,-8.9968,0.5087,179.98
393.656,1787663338701,-4.2769,-8.9967,0.5088,179.98
393.756,1787663338801,-4.2791,-8.9966,0.5088,179.98
393.856,1787663338901,-4.2822,-8.9965,0.5089,179.98
393.956,1787663339001,-4.2859,-8.9964,0.5090,179.98
394.056,1787663339102,-4.2887,-8.9962,0.5090,179.98
394.157,1787663339202,-4.2910,-8.9961,0.5091,179.98
394.257,1787663339302,-4.2930,-8.9960,0.5091,179.98
394.357,1787663339402,-4.2948,-8.9959,0.5091,179.98
394.457,1787663339502,-4.2967,-8.9958,0.5092,179.98
394.557,1787663339602,-4.2983,-8.9956,0.5092,179.98
394.657,1787663339702,-4.2997,-8.9955,0.5092,179.98
394.757,1787663339802,-4.3006,-8.9954,0.5093,179.98
394.857,1787663339903,-4.3013,-8.9953,0.5093,179.98
394.958,1787663340003,-4.3020,-8.9953,0.5093,179.98
395.058,1787663340103,-4.3026,-8.9952,0.5093,179.98
395.158,1787663340203,-4.3030,-8.9951,0.5093,179.98
395.258,1787663340303,-4.3032,-8.9950,0.5093,179.98
395.358,1787663340403,-4.3034,-8.9949,0.5094,179.99
395.458,1787663340503,-4.3034,-8.9948,0.5094,179.99
395.558,1787663340603,-4.3033,-8.9948,0.5094,179.99
395.658,1787663340704,-4.3032,-8.9948,0.5095,179.99
395.759,1787663340804,-4.3030,-8.9947,0.5095,179.99
395.859,1787663340904,-4.3028,-8.9947,0.5096,179.99
395.959,1787663341004,-4.3025,-8.9946,0.5096,179.99
396.059,1787663341104,-4.3020,-8.9946,0.5097,179.99
396.159,1787663341204,-4.3017,-8.9945,0.5098,179.99
396.259,1787663341304,-4.3013,-8.9945,0.5098,179.99
396.359,1787663341404,-4.3007,-8.9945,0.5099,179.99
396.459,1787663341504,-4.3002,-8.9945,0.5099,179.99
396.560,1787663341605,-4.2996,-8.9945,0.5099,179.99
396.660,1787663341705,-4.2992,-8.9945,0.5099,179.99
396.760,1787663341805,-4.2986,-8.9945,0.5099,179.99
396.860,1787663341905,-4.2980,-8.9946,0.5099,179.99
396.960,1787663342005,-4.2976,-8.9946,0.5099,179.99
397.060,1787663342105,-4.2969,-8.9946,0.5099,179.99
397.160,1787663342205,-4.2963,-8.9947,0.5099,179.99
397.260,1787663342305,-4.2956,-8.9947,0.5099,179.99
397.360,1787663342406,-4.2950,-8.9948,0.5099,179.99
397.461,1787663342506,-4.2943,-8.9948,0.5099,179.99
397.561,1787663342606,-4.2939,-8.9949,0.5099,179.99
397.661,1787663342707,-4.2933,-8.9950,0.5100,179.99
397.762,1787663342807,-4.2928,-8.9950,0.5100,179.99
397.862,1787663342907,-4.2923,-8.9951,0.5100,179.99
397.962,1787663343007,-4.2919,-8.9951,0.5101,179.99
398.062,1787663343107,-4.2914,-8.9951,0.5101,179.99
398.162,1787663343207,-4.2911,-8.9952,0.5101,179.99
398.262,1787663343307,-4.2907,-8.9952,0.5101,179.99
398.362,1787663343407,-4.2904,-8.9952,0.5101,179.99
398.462,1787663343508,-4.2900,-8.9952,0.5101,179.99
398.563,1787663343608,-4.2895,-8.9953,0.5101,179.99
398.663,1787663343708,-4.2890,-8.9953,0.5101,179.99
398.763,1787663343808,-4.2886,-8.9953,0.5101,179.99
398.863,1787663343908,-4.2882,-8.9953,0.5101,179.99
398.963,1787663344008,-4.2877,-8.9953,0.5101,179.99
399.063,1787663344108,-4.2873,-8.9954,0.5101,179.99
399.164,1787663344209,-4.2869,-8.9954,0.5101,179.99
399.264,1787663344309,-4.2863,-8.9959,0.5101,179.99
399.364,1787663344409,-4.2856,-8.9973,0.5102,179.99
399.464,1787663344509,-4.2854,-8.9982,0.5102,179.99
399.564,1787663344609,-4.2851,-8.9996,0.5104,179.99
399.664,1787663344709,-4.2851,-8.9995,0.5106,179.99
399.764,1787663344810,-4.2853,-8.9979,0.5107,179.99
399.865,1787663344910,-4.2855,-8.9939,0.5109,179.99
399.965,1787663345010,-4.2858,-8.9886,0.5111,179.99
400.065,1787663345110,-4.2862,-8.9798,0.5114,179.99
400.165,1787663345210,-4.2866,-8.9693,0.5116,179.99
400.265,1787663345310,-4.2872,-8.9553,0.5118,179.99
400.365,1787663345410,-4.2876,-8.9425,0.5119,179.99
400.465,1787663345510,-4.2883,-8.9219,0.5121,179.99
400.566,1787663345611,-4.2889,-8.9033,0.5122,179.99
400.666,1787663345711,-4.2896,-8.8765,0.5123,179.99
400.766,1787663345811,-4.2902,-8.8513,0.5124,179.99
400.866,1787663345911,-4.2908,-8.8215,0.5124,179.99
400.966,1787663346011,-4.2915,-8.7868,0.5124,179.99
401.067,1787663346112,-4.2922,-8.7418,0.5123,179.99
401.167,1787663346212,-4.2926,-8.7153,0.5122,179.99
401.267,1787663346312,-4.2933,-8.6693,0.5120,179.99
401.367,1787663346412,-4.2938,-8.6259,0.5119,179.99
401.467,1787663346512,-4.2942,-8.5890,0.5118,179.99
401.567,1787663346613,-4.2947,-8.5386,0.5116,179.99
401.668,1787663346713,-4.2952,-8.4859,0.5114,179.99
401.768,1787663346813,-4.2957,-8.4212,0.5112,179.99
401.869,1787663346914,-4.2961,-8.3674,0.5111,179.99
401.969,1787663347014,-4.2963,-8.3226,0.5109,179.99
402.069,1787663347114,-4.2966,-8.2591,0.5108,179.99
402.169,1787663347214,-4.2968,-8.2050,0.5107,179.99
402.269,1787663347314,-4.2970,-8.1536,0.5106,179.99
402.369,1787663347414,-4.2972,-8.0865,0.5105,179.99
402.469,1787663347514,-4.2972,-8.0260,0.5104,179.99
402.570,1787663347615,-4.2973,-7.9763,0.5104,179.99
402.670,1787663347715,-4.2973,-7.9068,0.5103,179.99
402.770,1787663347815,-4.2972,-7.8406,0.5102,179.99
402.870,1787663347915,-4.2972,-7.7856,0.5102,179.99
402.970,1787663348015,-4.2970,-7.7144,0.5101,179.99
403.070,1787663348115,-4.2969,-7.6509,0.5101,179.99
403.170,1787663348215,-4.2967,-7.5912,0.5100,179.99
403.270,1787663348316,-4.2965,-7.5274,0.5099,179.99
403.371,1787663348416,-4.2963,-7.4555,0.5099,179.99
403.471,1787663348516,-4.2961,-7.3875,0.5098,179.99
403.571,1787663348616,-4.2958,-7.3114,0.5097,179.99
403.671,1787663348716,-4.2956,-7.2475,0.5096,179.99
403.771,1787663348816,-4.2953,-7.1879,0.5096,179.99
403.871,1787663348916,-4.2951,-7.1285,0.5095,179.99
403.971,1787663349016,-4.2948,-7.0774,0.5095,179.99
404.072,1787663349117,-4.2946,-7.0149,0.5094,179.99
404.172,1787663349218,-4.2943,-6.9643,0.5094,179.99
404.273,1787663349318,-4.2941,-6.9064,0.5093,179.99
404.373,1787663349418,-4.2937,-6.8330,0.5093,179.99
404.474,1787663349519,-4.2935,-6.7829,0.5093,179.99
404.574,1787663349619,-4.2932,-6.7214,0.5092,179.99
404.674,1787663349719,-4.2929,-6.6638,0.5092,179.99
404.775,1787663349820,-4.2926,-6.6024,0.5092,179.99
404.876,1787663349921,-4.2924,-6.5411,0.5092,179.99
404.976,1787663350021,-4.2921,-6.4761,0.5091,179.99
405.076,1787663350121,-4.2918,-6.4036,0.5091,179.99
405.177,1787663350222,-4.2915,-6.3348,0.5091,179.98
405.277,1787663350322,-4.2912,-6.2661,0.5091,179.99
405.377,1787663350422,-4.2909,-6.2052,0.5091,179.99
405.477,1787663350522,-4.2906,-6.1371,0.5090,179.99
405.577,1787663350623,-4.2904,-6.0767,0.5090,179.99
405.678,1787663350723,-4.2901,-6.0091,0.5090,179.99
405.778,1787663350823,-4.2898,-5.9457,0.5090,179.99
405.878,1787663350923,-4.2895,-5.8753,0.5089,180.00
405.978,1787663351023,-4.2892,-5.8163,0.5089,180.00
406.078,1787663351123,-4.2890,-5.7577,0.5090,180.00
406.178,1787663351223,-4.2888,-5.6996,0.5090,-180.00
406.278,1787663351324,-4.2885,-5.6345,0.5090,-180.00
406.379,1787663351424,-4.2882,-5.5698,0.5091,-180.00
406.479,1787663351524,-4.2880,-5.5127,0.5092,-180.00
406.579,1787663351624,-4.2878,-5.4557,0.5092,-180.00
406.679,1787663351724,-4.2875,-5.3850,0.5093,-180.00
406.779,1787663351824,-4.2873,-5.3323,0.5093,-180.00
406.879,1787663351924,-4.2871,-5.2867,0.5094,-180.00
406.979,1787663352024,-4.2870,-5.2379,0.5094,-180.00
407.080,1787663352125,-4.2867,-5.1653,0.5095,-180.00
407.180,1787663352225,-4.2866,-5.1203,0.5095,180.00
407.280,1787663352325,-4.2864,-5.0684,0.5096,180.00
407.380,1787663352425,-4.2863,-5.0097,0.5096,180.00
407.480,1787663352526,-4.2861,-4.9613,0.5097,180.00
407.581,1787663352626,-4.2860,-4.8955,0.5097,180.00
407.681,1787663352726,-4.2858,-4.8330,0.5098,179.99
407.781,1787663352826,-4.2857,-4.8017,0.5098,179.99
407.881,1787663352926,-4.2856,-4.7462,0.5099,179.99
407.981,1787663353026,-4.2855,-4.6943,0.5099,179.99
408.081,1787663353126,-4.2854,-4.6248,0.5100,179.99
408.181,1787663353226,-4.2853,-4.5583,0.5101,179.99
408.281,1787663353326,-4.2852,-4.4947,0.5101,179.99
408.381,1787663353427,-4.2851,-4.4378,0.5102,179.99
408.482,1787663353527,-4.2850,-4.3774,0.5102,179.99
408.582,1787663353627,-4.2849,-4.3134,0.5103,179.99
408.682,1787663353727,-4.2848,-4.2530,0.5103,179.99
408.782,1787663353827,-4.2847,-4.1961,0.5104,179.99
408.882,1787663353927,-4.2846,-4.1355,0.5104,179.99
408.983,1787663354028,-4.2845,-4.0749,0.5105,179.99
409.083,1787663354128,-4.2844,-4.0143,0.5105,180.00
409.183,1787663354228,-4.2843,-3.9538,0.5105,180.00
409.283,1787663354328,-4.2842,-3.8933,0.5105,180.00
409.383,1787663354428,-4.2841,-3.8435,0.5106,180.00
409.483,1787663354528,-4.2840,-3.7760,0.5106,-180.00
409.583,1787663354628,-4.2839,-3.7190,0.5106,-180.00
409.683,1787663354728,-4.2838,-3.6619,0.5106,-180.00
409.784,1787663354829,-4.2837,-3.6085,0.5106,-180.00
409.884,1787663354929,-4.2836,-3.5482,0.5106,-180.00
409.984,1787663355029,-4.2835,-3.4879,0.5106,-180.00
410.084,1787663355129,-4.2834,-3.4241,0.5105,-179.99
410.184,1787663355229,-4.2834,-3.3850,0.5105,-179.99
410.284,1787663355329,-4.2833,-3.3353,0.5104,-179.99
410.384,1787663355429,-4.2832,-3.2717,0.5103,-179.99
410.485,1787663355530,-4.2832,-3.2045,0.5103,-180.00
410.585,1787663355630,-4.2831,-3.1476,0.5102,-180.00
410.685,1787663355730,-4.2830,-3.0942,0.5102,-180.00
410.785,1787663355830,-4.2830,-3.0371,0.5101,-180.00
410.885,1787663355930,-4.2829,-2.9691,0.5101,-180.00
410.985,1787663356030,-4.2828,-2.8902,0.5100,-180.00
411.085,1787663356130,-4.2827,-2.8435,0.5100,-180.00
411.185,1787663356230,-4.2826,-2.7823,0.5099,-180.00
411.285,1787663356331,-4.2825,-2.7141,0.5099,-180.00
411.386,1787663356431,-4.2824,-2.6570,0.5099,-180.00
411.489,1787663356534,-4.2823,-2.5963,0.5099,-180.00
411.589,1787663356634,-4.2822,-2.5393,0.5099,-180.00
411.689,1787663356734,-4.2821,-2.4752,0.5099,-180.00
411.789,1787663356834,-4.2820,-2.4148,0.5099,-180.00
411.889,1787663356935,-4.2819,-2.3578,0.5099,-180.00
411.990,1787663357035,-4.2818,-2.3046,0.5099,-180.00
412.090,1787663357135,-4.2817,-2.2409,0.5099,-179.99
412.190,1787663357235,-4.2816,-2.1985,0.5098,-179.99
412.290,1787663357335,-4.2814,-2.1279,0.5098,-179.99
412.390,1787663357435,-4.2813,-2.0679,0.5098,-179.99
412.490,1787663357535,-4.2812,-2.0149,0.5098,-179.99
412.591,1787663357636,-4.2811,-1.9512,0.5098,-179.99
412.691,1787663357736,-4.2809,-1.8875,0.5098,-179.99
412.791,1787663357836,-4.2808,-1.8310,0.5098,-179.99
412.891,1787663357936,-4.2807,-1.7886,0.5098,-179.99
412.991,1787663358036,-4.2806,-1.7359,0.5098,-179.99
413.092,1787663358137,-4.2806,-1.6905,0.5098,-179.99
413.193,1787663358238,-4.2805,-1.6240,0.5098,-179.99
413.293,1787663358338,-4.2804,-1.5678,0.5099,-179.99
413.393,1787663358438,-4.2803,-1.5219,0.5099,-179.99
413.493,1787663358538,-4.2802,-1.4582,0.5099,-179.99
413.593,1787663358638,-4.2801,-1.4084,0.5100,-179.99
413.693,1787663358738,-4.2801,-1.3550,0.5100,-179.99
413.793,1787663358838,-4.2800,-1.3122,0.5100,-179.99
413.893,1787663358939,-4.2799,-1.2550,0.5100,-179.99
413.994,1787663359039,-4.2799,-1.2192,0.5100,-179.99
414.094,1787663359139,-4.2798,-1.1546,0.5101,-179.99
414.194,1787663359239,-4.2797,-1.1040,0.5101,-179.99
414.294,1787663359339,-4.2797,-1.0530,0.5101,-179.99
414.394,1787663359439,-4.2796,-1.0017,0.5101,-179.99
414.494,1787663359539,-4.2796,-0.9685,0.5101,-179.99
414.594,1787663359639,-4.2795,-0.9096,0.5101,-179.99
414.695,1787663359740,-4.2795,-0.8727,0.5101,-179.99
414.795,1787663359840,-4.2794,-0.8094,0.5101,-179.99
414.895,1787663359940,-4.2794,-0.7492,0.5101,-179.99
414.995,1787663360040,-4.2793,-0.6767,0.5101,-179.99
415.095,1787663360140,-4.2793,-0.6107,0.5101,-179.99
415.195,1787663360240,-4.2792,-0.5636,0.5101,-179.99
415.295,1787663360340,-4.2792,-0.5008,0.5101,-180.00
415.395,1787663360441,-4.2791,-0.4340,0.5101,-180.00
415.496,1787663360541,-4.2791,-0.3984,0.5101,-180.00
415.596,1787663360641,-4.2790,-0.3430,0.5101,-180.00
415.696,1787663360741,-4.2790,-0.3034,0.5101,-180.00
415.796,1787663360841,-4.2789,-0.2401,0.5101,-180.00
415.896,1787663360941,-4.2788,-0.1686,0.5102,-180.00
415.996,1787663361041,-4.2788,-0.1044,0.5102,-180.00
416.096,1787663361141,-4.2787,-0.0519,0.5102,-180.00
416.196,1787663361242,-4.2787,0.0089,0.5102,-180.00
416.297,1787663361342,-4.2786,0.0455,0.5102,-179.99
416.397,1787663361442,-4.2786,0.0780,0.5102,-179.99
416.497,1787663361542,-4.2785,0.1469,0.5102,-179.99
416.597,1787663361642,-4.2784,0.1793,0.5103,-179.99
416.697,1787663361742,-4.2783,0.2443,0.5103,-179.99
416.797,1787663361843,-4.2782,0.3054,0.5103,-179.99
416.898,1787663361943,-4.2781,0.3671,0.5104,-179.99
416.998,1787663362043,-4.2780,0.3961,0.5104,-179.99
417.098,1787663362143,-4.2779,0.4542,0.5104,-179.99
417.198,1787663362243,-4.2779,0.4959,0.5104,-179.99
417.298,1787663362343,-4.2777,0.5672,0.5105,-179.99
417.398,1787663362443,-4.2775,0.6519,0.5105,-179.99
417.498,1787663362543,-4.2773,0.7249,0.5105,-179.99
417.598,1787663362643,-4.2772,0.8029,0.5105,-179.99
417.698,1787663362744,-4.2770,0.8726,0.5104,-179.99
417.799,1787663362844,-4.2769,0.9421,0.5104,-179.99
417.899,1787663362944,-4.2767,1.0028,0.5104,-179.99
417.999,1787663363044,-4.2767,1.0417,0.5104,-179.99
418.099,1787663363144,-4.2765,1.1146,0.5104,-179.99
418.199,1787663363244,-4.2764,1.1743,0.5103,-179.99
418.299,1787663363344,-4.2762,1.2381,0.5103,-179.99
418.399,1787663363444,-4.2761,1.3146,0.5103,-179.99
418.499,1787663363544,-4.2760,1.3742,0.5103,-179.99
418.600,1787663363645,-4.2759,1.4336,0.5102,-179.99
418.700,1787663363745,-4.2759,1.4717,0.5102,-179.99
418.800,1787663363845,-4.2758,1.5349,0.5102,-179.99
418.900,1787663363945,-4.2757,1.5851,0.5102,-179.99
419.000,1787663364045,-4.2757,1.6474,0.5101,-179.99
419.100,1787663364145,-4.2756,1.7179,0.5101,-179.99
419.201,1787663364246,-4.2755,1.7802,0.5101,-180.00
419.301,1787663364346,-4.2755,1.8552,0.5101,-180.00
419.402,1787663364447,-4.2754,1.9261,0.5100,-180.00
419.502,1787663364547,-4.2754,1.9803,0.5100,-180.00
419.602,1787663364647,-4.2753,2.0551,0.5100,-180.00
419.702,1787663364747,-4.2753,2.1213,0.5099,-180.00
419.802,1787663364847,-4.2753,2.2038,0.5099,-180.00
419.902,1787663364947,-4.2753,2.2652,0.5098,-180.00
420.002,1787663365047,-4.2753,2.3383,0.5098,-180.00
420.102,1787663365148,-4.2753,2.4069,0.5098,-180.00
420.203,1787663365248,-4.2753,2.4790,0.5097,-180.00
420.303,1787663365348,-4.2753,2.5267,0.5097,-180.00
420.403,1787663365448,-4.2753,2.5819,0.5097,-180.00
420.503,1787663365548,-4.2753,2.6404,0.5096,-179.99
420.603,1787663365648,-4.2753,2.7021,0.5096,-179.99
420.704,1787663365749,-4.2753,2.7712,0.5096,-179.99
420.804,1787663365849,-4.2753,2.8170,0.5096,-179.99
420.904,1787663365949,-4.2753,2.8741,0.5097,-179.99
421.004,1787663366049,-4.2753,2.9385,0.5097,-179.99
421.104,1787663366150,-4.2753,2.9915,0.5097,-179.99
421.205,1787663366250,-4.2753,3.0518,0.5097,-179.99
421.305,1787663366350,-4.2753,3.1195,0.5098,-179.99
421.405,1787663366450,-4.2752,3.1758,0.5098,-179.99
421.505,1787663366550,-4.2752,3.2471,0.5098,-179.99
421.605,1787663366650,-4.2752,3.3108,0.5098,-179.99
421.705,1787663366750,-4.2751,3.3632,0.5099,-179.99
421.805,1787663366850,-4.2751,3.4116,0.5099,-179.99
421.905,1787663366950,-4.2750,3.4671,0.5099,-179.99
422.005,1787663367051,-4.2750,3.5150,0.5099,-179.99
422.106,1787663367151,-4.2749,3.5553,0.5100,-179.99
422.206,1787663367251,-4.2749,3.6029,0.5100,-179.99
422.306,1787663367351,-4.2748,3.6505,0.5100,-179.99
422.406,1787663367451,-4.2747,3.7020,0.5100,-179.99
422.506,1787663367551,-4.2747,3.7573,0.5100,-179.99
422.606,1787663367652,-4.2746,3.8129,0.5100,-179.99
422.707,1787663367752,-4.2745,3.8652,0.5101,-179.99
422.807,1787663367852,-4.2744,3.9141,0.5101,-179.99
422.907,1787663367952,-4.2743,3.9672,0.5101,-179.99
423.007,1787663368052,-4.2742,4.0168,0.5101,-179.99
423.107,1787663368152,-4.2742,4.0705,0.5101,-179.99
423.207,1787663368252,-4.2741,4.0936,0.5101,-179.99
423.307,1787663368352,-4.2740,4.1475,0.5101,-179.99
423.407,1787663368452,-4.2740,4.1861,0.5101,-179.99
423.508,1787663368553,-4.2739,4.2402,0.5102,-179.99
423.608,1787663368653,-4.2738,4.2910,0.5102,-179.99
423.708,1787663368753,-4.2737,4.3503,0.5103,-179.99
423.808,1787663368853,-4.2737,4.3984,0.5104,-179.99
423.908,1787663368953,-4.2736,4.4429,0.5104,-179.99
424.008,1787663369053,-4.2736,4.4837,0.5104,-179.99
424.109,1787663369154,-4.2735,4.5412,0.5104,-179.99
424.209,1787663369254,-4.2734,4.6033,0.5105,-179.99
424.309,1787663369354,-4.2734,4.6747,0.5105,-179.99
424.409,1787663369454,-4.2733,4.7430,0.5105,-179.99
424.509,1787663369554,-4.2733,4.7905,0.5105,-179.99
424.609,1787663369654,-4.2732,4.8426,0.5105,-179.99
424.709,1787663369754,-4.2732,4.9211,0.5105,-179.99
424.809,1787663369855,-4.2731,5.0045,0.5105,-179.99
424.910,1787663369955,-4.2730,5.0665,0.5104,-179.99
425.010,1787663370055,-4.2730,5.1421,0.5104,-179.99
425.110,1787663370155,-4.2729,5.2178,0.5103,-179.99
425.210,1787663370255,-4.2729,5.2667,0.5103,-179.99
425.312,1787663370357,-4.2728,5.3553,0.5102,-179.99
425.412,1787663370458,-4.2728,5.4083,0.5102,-179.99
425.513,1787663370558,-4.2728,5.4788,0.5101,-179.99
425.613,1787663370658,-4.2727,5.5533,0.5101,-179.99
425.713,1787663370758,-4.2726,5.6230,0.5101,-179.99
425.813,1787663370858,-4.2726,5.6793,0.5100,-179.99
425.913,1787663370958,-4.2725,5.7395,0.5100,-179.99
426.013,1787663371058,-4.2725,5.7823,0.5100,-179.99
426.113,1787663371158,-4.2724,5.8459,0.5100,-179.99
426.213,1787663371258,-4.2723,5.9090,0.5100,-179.99
426.313,1787663371359,-4.2723,5.9803,0.5100,-179.99
426.414,1787663371459,-4.2722,6.0514,0.5100,-179.99
426.514,1787663371559,-4.2721,6.1182,0.5100,-179.99
426.614,1787663371659,-4.2720,6.1850,0.5100,-179.99
426.714,1787663371759,-4.2719,6.2347,0.5100,-179.99
426.814,1787663371859,-4.2718,6.3046,0.5100,-179.99
426.914,1787663371959,-4.2718,6.3455,0.5100,-179.99
427.014,1787663372059,-4.2717,6.4103,0.5100,-179.99
427.114,1787663372159,-4.2716,6.4827,0.5100,-179.99
427.214,1787663372259,-4.2715,6.5430,0.5101,-180.00
427.314,1787663372360,-4.2713,6.6155,0.5101,-180.00
427.415,1787663372460,-4.2712,6.6919,0.5101,-180.00
427.515,1787663372560,-4.2711,6.7559,0.5101,-180.00
427.615,1787663372660,-4.2709,6.8155,0.5102,-180.00
427.715,1787663372760,-4.2708,6.8943,0.5102,-180.00
427.815,1787663372860,-4.2707,6.9451,0.5101,-180.00
427.915,1787663372960,-4.2706,6.9993,0.5101,180.00
428.015,1787663373060,-4.2705,7.0647,0.5101,180.00
428.115,1787663373160,-4.2703,7.1335,0.5101,180.00
428.215,1787663373261,-4.2702,7.2021,0.5101,180.00
428.316,1787663373361,-4.2701,7.2516,0.5101,180.00
428.416,1787663373461,-4.2700,7.3121,0.5101,180.00
428.516,1787663373561,-4.2698,7.3759,0.5101,179.99
428.616,1787663373661,-4.2698,7.4133,0.5101,179.99
428.716,1787663373762,-4.2696,7.4729,0.5101,179.99
428.817,1787663373862,-4.2695,7.5508,0.5101,179.99
428.917,1787663373962,-4.2693,7.6138,0.5101,179.99
429.017,1787663374062,-4.2692,7.6730,0.5101,180.00
429.117,1787663374162,-4.2691,7.7138,0.5101,180.00
429.217,1787663374262,-4.2689,7.7874,0.5101,180.00
429.317,1787663374362,-4.2688,7.8461,0.5102,180.00
429.417,1787663374462,-4.2687,7.9013,0.5102,180.00
429.517,1787663374563,-4.2685,7.9601,0.5102,180.00
429.618,1787663374663,-4.2684,8.0189,0.5102,180.00
429.718,1787663374763,-4.2683,8.0775,0.5102,180.00
429.818,1787663374863,-4.2682,8.1215,0.5102,180.00
429.918,1787663374963,-4.2682,8.1806,0.5102,-180.00
430.018,1787663375063,-4.2681,8.2291,0.5102,-180.00
430.118,1787663375163,-4.2681,8.2998,0.5102,-180.00
430.218,1787663375263,-4.2680,8.3623,0.5101,-180.00
430.318,1787663375363,-4.2680,8.4162,0.5101,-180.00
430.418,1787663375464,-4.2680,8.4823,0.5102,-180.00
430.519,1787663375564,-4.2680,8.5259,0.5102,-180.00
430.619,1787663375664,-4.2680,8.5838,0.5102,-180.00
430.719,1787663375764,-4.2680,8.6387,0.5103,180.00
430.819,1787663375864,-4.2680,8.6764,0.5103,180.00
430.919,1787663375964,-4.2680,8.7257,0.5104,180.00
431.019,1787663376064,-4.2680,8.7715,0.5105,180.00
431.119,1787663376164,-4.2681,8.8069,0.5105,180.00
431.219,1787663376264,-4.2681,8.8440,0.5105,179.99
431.319,1787663376365,-4.2681,8.8758,0.5105,179.99
431.420,1787663376465,-4.2681,8.9048,0.5104,179.99
431.520,1787663376565,-4.2681,8.9325,0.5103,179.99
431.620,1787663376665,-4.2681,8.9598,0.5102,179.99
431.720,1787663376765,-4.2680,8.9798,0.5101,179.99
431.820,1787663376865,-4.2680,8.9972,0.5099,179.99
431.920,1787663376965,-4.2679,9.0139,0.5098,179.99
432.020,1787663377065,-4.2679,9.0263,0.5096,179.99
432.120,1787663377165,-4.2678,9.0360,0.5095,179.99
432.220,1787663377266,-4.2678,9.0435,0.5094,179.99
432.321,1787663377366,-4.2677,9.0476,0.5094,180.00
432.421,1787663377466,-4.2677,9.0531,0.5093,180.00
432.521,1787663377566,-4.2677,9.0561,0.5092,180.00
432.621,1787663377666,-4.2676,9.0593,0.5091,-180.00
432.721,1787663377766,-4.2676,9.0611,0.5090,-180.00
432.821,1787663377866,-4.2675,9.0617,0.5089,-180.00
432.921,1787663377967,-4.2674,9.0615,0.5089,-180.00
433.022,1787663378067,-4.2674,9.0604,0.5088,-179.99
433.122,1787663378167,-4.2672,9.0586,0.5087,-179.99
433.222,1787663378267,-4.2672,9.0566,0.5087,-179.99
433.322,1787663378367,-4.2670,9.0531,0.5086,-180.00
433.422,1787663378467,-4.2670,9.0500,0.5086,-180.00
433.522,1787663378567,-4.2669,9.0465,0.5086,-180.00
433.622,1787663378667,-4.2669,9.0439,0.5086,-180.00
433.722,1787663378767,-4.2668,9.0400,0.5086,-180.00
433.822,1787663378867,-4.2668,9.0353,0.5086,180.00
433.922,1787663378967,-4.2667,9.0304,0.5086,180.00
434.023,1787663379068,-4.2667,9.0278,0.5086,180.00
434.123,1787663379168,-4.2666,9.0238,0.5086,179.99
434.223,1787663379268,-4.2666,9.0198,0.5086,179.99
434.323,1787663379368,-4.2665,9.0141,0.5087,179.99
434.424,1787663379469,-4.2664,9.0118,0.5087,179.99
434.524,1787663379569,-4.2664,9.0072,0.5087,179.99
434.624,1787663379669,-4.2663,9.0018,0.5087,179.99
434.724,1787663379769,-4.2663,8.9966,0.5088,179.99
434.824,1787663379869,-4.2662,8.9927,0.5088,179.99
434.924,1787663379969,-4.2662,8.9887,0.5089,179.99
435.024,1787663380069,-4.2662,8.9849,0.5089,179.99
435.125,1787663380170,-4.2662,8.9826,0.5089,179.98
435.225,1787663380270,-4.2662,8.9791,0.5090,179.98
435.325,1787663380370,-4.2662,8.9758,0.5091,179.98
435.425,1787663380470,-4.2661,8.9725,0.5091,179.98
435.525,1787663380570,-4.2662,8.9689,0.5092,179.98
435.625,1787663380670,-4.2662,8.9661,0.5093,179.98
435.725,1787663380770,-4.2662,8.9634,0.5094,179.98
435.825,1787663380870,-4.2662,8.9608,0.5094,179.98
435.925,1787663380970,-4.2662,8.9590,0.5095,179.98
436.025,1787663381071,-4.2662,8.9583,0.5095,179.98
436.126,1787663381171,-4.2663,8.9563,0.5096,179.98
436.226,1787663381271,-4.2663,8.9550,0.5097,179.98
436.326,1787663381371,-4.2663,8.9537,0.5098,179.98
436.426,1787663381471,-4.2664,8.9524,0.5099,179.99
436.526,1787663381571,-4.2664,8.9514,0.5099,179.99
436.626,1787663381671,-4.2664,8.9508,0.5100,179.99
436.726,1787663381772,-4.2665,8.9502,0.5100,179.99
436.827,1787663381872,-4.2666,8.9498,0.5101,180.00
436.927,1787663381972,-4.2667,8.9495,0.5101,180.00
437.027,1787663382072,-4.2668,8.9494,0.5101,-180.00
437.129,1787663382174,-4.2668,8.9495,0.5101,-180.00
437.229,1787663382274,-4.2669,8.9496,0.5101,-180.00
437.329,1787663382374,-4.2669,8.9499,0.5101,-180.00
437.429,1787663382474,-4.2670,8.9503,0.5102,-180.00
437.529,1787663382574,-4.2670,8.9509,0.5102,-180.00
437.629,1787663382675,-4.2670,8.9513,0.5102,-180.00
437.730,1787663382775,-4.2671,8.9520,0.5102,-180.00
437.830,1787663382875,-4.2671,8.9527,0.5102,180.00
437.930,1787663382975,-4.2671,8.9534,0.5102,180.00
438.030,1787663383075,-4.2671,8.9543,0.5102,180.00
438.130,1787663383175,-4.2672,8.9552,0.5101,180.00
438.230,1787663383275,-4.2672,8.9561,0.5101,180.00
438.330,1787663383375,-4.2672,8.9569,0.5101,180.00
438.430,1787663383475,-4.2672,8.9579,0.5101,180.00
438.531,1787663383576,-4.2672,8.9589,0.5100,179.99
438.631,1787663383676,-4.2672,8.9596,0.5099,179.99
438.731,1787663383776,-4.2672,8.9606,0.5099,179.99
438.831,1787663383876,-4.2671,8.9616,0.5098,179.99
438.931,1787663383976,-4.2671,8.9624,0.5098,179.99
439.031,1787663384076,-4.2670,8.9631,0.5097,179.99
439.131,1787663384176,-4.2669,8.9641,0.5097,180.00
439.231,1787663384276,-4.2668,8.9648,0.5097,180.00
439.331,1787663384377,-4.2667,8.9656,0.5097,180.00
439.432,1787663384477,-4.2667,8.9663,0.5097,180.00
439.532,1787663384577,-4.2666,8.9669,0.5097,180.00
439.632,1787663384677,-4.2665,8.9676,0.5097,180.00
439.732,1787663384777,-4.2664,8.9684,0.5097,180.00
439.832,1787663384877,-4.2663,8.9691,0.5097,180.00
439.932,1787663384977,-4.2662,8.9697,0.5097,-180.00
440.032,1787663385077,-4.2661,8.9701,0.5098,-180.00
440.132,1787663385177,-4.2661,8.9709,0.5098,-180.00
440.232,1787663385278,-4.2661,8.9715,0.5098,-180.00
440.333,1787663385378,-4.2660,8.9720,0.5098,-180.00
440.433,1787663385478,-4.2661,8.9727,0.5098,180.00
440.533,1787663385578,-4.2661,8.9731,0.5098,180.00
440.633,1787663385678,-4.2661,8.9737,0.5099,180.00
440.733,1787663385778,-4.2662,8.9747,0.5105,180.00
440.833,1787663385879,-4.2662,8.9752,0.5115,180.00
440.934,1787663385979,-4.2663,8.9757,0.5133,180.00
441.034,1787663386079,-4.2663,8.9758,0.5158,180.00
441.134,1787663386179,-4.2663,8.9756,0.5189,180.00
441.234,1787663386279,-4.2663,8.9755,0.5204,180.00
441.334,1787663386379,-4.2663,8.9750,0.5249,180.00
441.434,1787663386479,-4.2663,8.9747,0.5284,180.00
441.534,1787663386579,-4.2662,8.9740,0.5341,180.00
441.634,1787663386680,-4.2662,8.9733,0.5411,180.00
441.735,1787663386780,-4.2662,8.9726,0.5477,180.00
441.835,1787663386880,-4.2662,8.9717,0.5560,180.00
441.935,1787663386980,-4.2662,8.9708,0.5650,-180.00
442.035,1787663387080,-4.2661,8.9698,0.5745,-180.00
442.135,1787663387180,-4.2661,8.9689,0.5825,-180.00
442.235,1787663387281,-4.2661,8.9678,0.5936,-180.00
442.336,1787663387381,-4.2660,8.9666,0.6059,-180.00
442.436,1787663387481,-4.2660,8.9654,0.6186,-180.00
442.536,1787663387581,-4.2659,8.9644,0.6301,-180.00
442.636,1787663387681,-4.2659,8.9634,0.6426,-180.00
442.736,1787663387781,-4.2658,8.9622,0.6569,-180.00
442.836,1787663387881,-4.2657,8.9613,0.6698,-180.00
442.936,1787663387981,-4.2657,8.9606,0.6795,-180.00
443.036,1787663388081,-4.2656,8.9597,0.6933,-180.00
443.136,1787663388182,-4.2656,8.9592,0.7032,-180.00
443.237,1787663388282,-4.2655,8.9585,0.7157,-180.00
443.337,1787663388382,-4.2655,8.9581,0.7258,-180.00
443.437,1787663388482,-4.2654,8.9576,0.7386,-180.00
443.537,1787663388582,-4.2654,8.9571,0.7542,-180.00
443.637,1787663388682,-4.2653,8.9569,0.7666,-180.00
443.737,1787663388782,-4.2653,8.9566,0.7789,-180.00
443.837,1787663388882,-4.2653,8.9565,0.7923,-180.00
443.937,1787663388983,-4.2653,8.9564,0.8049,-180.00
444.038,1787663389083,-4.2653,8.9564,0.8184,-180.00
444.138,1787663389183,-4.2653,8.9565,0.8339,-180.00
444.238,1787663389283,-4.2653,8.9567,0.8475,-180.00
444.338,1787663389383,-4.2653,8.9569,0.8603,-180.00
444.438,1787663389483,-4.2653,8.9572,0.8749,-179.99
444.538,1787663389583,-4.2654,8.9576,0.8877,-179.99
444.638,1787663389683,-4.2654,8.9580,0.9015,-179.99
444.738,1787663389784,-4.2654,8.9585,0.9189,-179.99
444.839,1787663389884,-4.2655,8.9591,0.9372,-179.99
444.939,1787663389984,-4.2655,8.9596,0.9491,-179.99
445.039,1787663390084,-4.2656,8.9603,0.9674,-179.99
445.139,1787663390184,-4.2656,8.9609,0.9810,-179.99
445.239,1787663390284,-4.2657,8.9614,0.9918,-179.99
445.339,1787663390384,-4.2657,8.9621,1.0080,-179.99
445.439,1787663390484,-4.2658,8.9626,1.0198,-179.99
445.539,1787663390584,-4.2658,8.9633,1.0325,-179.99
445.639,1787663390684,-4.2659,8.9641,1.0490,-179.99
445.739,1787663390785,-4.2660,8.9648,1.0627,-179.99
445.840,1787663390885,-4.2661,8.9655,1.0782,-179.99
445.940,1787663390985,-4.2662,8.9664,1.0955,-179.99
446.040,1787663391085,-4.2663,8.9673,1.1136,-179.99
446.140,1787663391185,-4.2663,8.9680,1.1280,-179.99
446.240,1787663391285,-4.2664,8.9688,1.1441,-179.99
446.340,1787663391385,-4.2665,8.9694,1.1583,-179.99
446.440,1787663391486,-4.2665,8.9700,1.1707,-179.99
446.541,1787663391586,-4.2666,8.9710,1.1901,-179.99
446.641,1787663391686,-4.2667,8.9716,1.2042,-179.99
446.741,1787663391786,-4.2667,8.9724,1.2190,-179.99
446.841,1787663391886,-4.2667,8.9731,1.2338,-179.99
446.941,1787663391986,-4.2668,8.9737,1.2477,-179.99
447.041,1787663392086,-4.2668,8.9742,1.2572,-179.99
447.141,1787663392186,-4.2668,8.9747,1.2686,-179.99
447.242,1787663392287,-4.2669,8.9753,1.2818,-179.99
447.342,1787663392387,-4.2669,8.9759,1.2978,-179.99
447.442,1787663392487,-4.2669,8.9763,1.3076,-179.99
447.542,1787663392587,-4.2670,8.9769,1.3229,-179.99
447.642,1787663392687,-4.2670,8.9773,1.3339,-179.99
447.742,1787663392787,-4.2670,8.9778,1.3467,-179.99
447.842,1787663392887,-4.2671,8.9782,1.3578,-179.99
447.942,1787663392987,-4.2671,8.9787,1.3718,-179.99
448.042,1787663393088,-4.2672,8.9791,1.3832,-179.99
448.143,1787663393188,-4.2672,8.9795,1.3927,-179.99
448.243,1787663393288,-4.2672,8.9799,1.4061,-179.99
448.343,1787663393388,-4.2673,8.9803,1.4188,-179.99
448.443,1787663393488,-4.2673,8.9807,1.4327,-179.99
448.543,1787663393588,-4.2673,8.9810,1.4427,-179.99
448.643,1787663393688,-4.2673,8.9813,1.4559,-179.99
448.743,1787663393788,-4.2673,8.9817,1.4692,-179.99
448.843,1787663393888,-4.2674,8.9822,1.4878,-179.99
448.943,1787663393989,-4.2674,8.9825,1.5002,-179.99
449.044,1787663394089,-4.2674,8.9830,1.5158,-179.99
449.144,1787663394189,-4.2674,8.9833,1.5263,-179.99
449.244,1787663394289,-4.2674,8.9837,1.5409,-179.99
449.344,1787663394389,-4.2674,8.9840,1.5536,-179.99
449.444,1787663394489,-4.2673,8.9845,1.5716,-179.99
449.544,1787663394589,-4.2673,8.9849,1.5896,-179.99
449.644,1787663394689,-4.2673,8.9853,1.6054,-179.99
449.744,1787663394790,-4.2673,8.9857,1.6201,-179.99
449.846,1787663394891,-4.2673,8.9860,1.6327,-179.99
449.946,1787663394991,-4.2673,8.9864,1.6474,-179.99
450.046,1787663395091,-4.2673,8.9868,1.6631,-179.99
450.146,1787663395191,-4.2672,8.9874,1.6862,-179.99
450.246,1787663395292,-4.2672,8.9878,1.7049,-179.99
450.347,1787663395392,-4.2673,8.9882,1.7233,-179.99
450.447,1787663395492,-4.2673,8.9886,1.7384,-179.99
450.547,1787663395592,-4.2673,8.9890,1.7583,-179.99
450.647,1787663395692,-4.2673,8.9895,1.7759,-179.99
450.747,1787663395792,-4.2673,8.9897,1.7865,-179.99
450.847,1787663395892,-4.2673,8.9902,1.8038,-179.99
450.947,1787663395992,-4.2673,8.9905,1.8191,-179.99
451.047,1787663396093,-4.2673,8.9910,1.8362,-179.99
451.148,1787663396193,-4.2672,8.9913,1.8503,-179.99
451.248,1787663396293,-4.2672,8.9917,1.8662,-179.99
451.348,1787663396393,-4.2672,8.9920,1.8811,-179.99
451.448,1787663396493,-4.2671,8.9924,1.8959,-179.99
451.548,1787663396593,-4.2671,8.9928,1.9126,-179.99
451.648,1787663396693,-4.2670,8.9932,1.9282,-179.99
451.748,1787663396793,-4.2670,8.9935,1.9420,-179.99
451.848,1787663396893,-4.2669,8.9939,1.9575,-179.99
451.948,1787663396994,-4.2669,8.9943,1.9712,-179.99
452.049,1787663397094,-4.2668,8.9947,1.9894,-179.99
452.149,1787663397194,-4.2667,8.9952,2.0065,-179.99
452.249,1787663397294,-4.2666,8.9954,2.0170,-179.99
452.349,1787663397394,-4.2666,8.9958,2.0305,-179.99
452.449,1787663397494,-4.2665,8.9961,2.0447,-179.99
452.549,1787663397594,-4.2665,8.9964,2.0529,-179.99
452.650,1787663397695,-4.2665,8.9966,2.0621,-179.99
452.750,1787663397795,-4.2664,8.9969,2.0708,-179.99
452.850,1787663397895,-4.2665,8.9971,2.0801,-179.99
452.950,1787663397995,-4.2665,8.9973,2.0848,-179.99
453.050,1787663398095,-4.2665,8.9976,2.0952,-179.99
453.150,1787663398195,-4.2665,8.9978,2.1017,-179.99
453.250,1787663398295,-4.2665,8.9982,2.1123,-179.99
453.350,1787663398395,-4.2665,8.9985,2.1200,-179.99
453.450,1787663398495,-4.2665,8.9987,2.1267,-179.99
453.550,1787663398596,-4.2665,8.9990,2.1328,-179.99
453.651,1787663398696,-4.2666,8.9992,2.1388,-179.99
453.752,1787663398797,-4.2666,8.9993,2.1435,-179.99
453.852,1787663398898,-4.2667,8.9995,2.1473,-179.99
453.953,1787663398998,-4.2667,8.9996,2.1512,-179.99
454.053,1787663399098,-4.2668,8.9998,2.1552,-179.99
454.153,1787663399198,-4.2669,8.9999,2.1585,-179.99
454.253,1787663399298,-4.2669,9.0000,2.1611,-179.98
454.353,1787663399398,-4.2669,9.0000,2.1638,-179.98
454.453,1787663399498,-4.2670,9.0002,2.1666,-179.98
454.553,1787663399598,-4.2670,9.0003,2.1692,-179.98
454.653,1787663399698,-4.2671,9.0004,2.1717,-179.98
454.754,1787663399799,-4.2671,9.0005,2.1739,-179.98
454.854,1787663399899,-4.2671,9.0006,2.1756,-179.98
454.954,1787663399999,-4.2671,9.0007,2.1773,-179.98
455.055,1787663400100,-4.2671,9.0008,2.1790,-179.98
455.155,1787663400200,-4.2671,9.0009,2.1805,-179.98
455.255,1787663400300,-4.2672,9.0010,2.1821,-179.98
455.355,1787663400400,-4.2672,9.0011,2.1834,-179.98
455.455,1787663400500,-4.2673,9.0011,2.1848,-179.99
455.556,1787663400602,-4.2673,9.0011,2.1858,-179.99
455.657,1787663400702,-4.2673,9.0012,2.1867,-179.99
455.757,1787663400802,-4.2673,9.0012,2.1878,-179.99
455.857,1787663400902,-4.2673,9.0013,2.1887,-179.99
455.957,1787663401002,-4.2673,9.0013,2.1894,-179.99
456.057,1787663401102,-4.2674,9.0013,2.1901,-179.99
456.157,1787663401202,-4.2674,9.0014,2.1907,-179.99
456.257,1787663401302,-4.2674,9.0014,2.1915,-179.99
456.357,1787663401403,-4.2674,9.0014,2.1923,-179.99
456.458,1787663401503,-4.2674,9.0015,2.1931,-179.99
456.558,1787663401603,-4.2675,9.0015,2.1939,-179.99
456.658,1787663401703,-4.2675,9.0015,2.1946,-179.99
456.758,1787663401803,-4.2676,9.0015,2.1952,-179.99
456.858,1787663401903,-4.2676,9.0015,2.1957,-179.99
456.958,1787663402003,-4.2676,9.0015,2.1962,-179.99
457.058,1787663402104,-4.2677,9.0015,2.1968,-179.99
457.159,1787663402204,-4.2677,9.0015,2.1973,-179.99
457.259,1787663402304,-4.2677,9.0014,2.1978,-179.99
457.359,1787663402404,-4.2677,9.0014,2.1983,-179.99
457.459,1787663402504,-4.2678,9.0014,2.1987,-179.99
457.559,1787663402604,-4.2678,9.0014,2.1992,-179.99
457.659,1787663402704,-4.2678,9.0013,2.1996,-179.98
457.759,1787663402804,-4.2679,9.0013,2.1999,-179.98
457.859,1787663402905,-4.2679,9.0013,2.2003,-179.98
457.960,1787663403005,-4.2680,9.0013,2.2006,-179.98
458.060,1787663403105,-4.2680,9.0013,2.2009,-179.98
458.160,1787663403205,-4.2681,9.0014,2.2013,-179.98
458.260,1787663403305,-4.2682,9.0014,2.2016,-179.98
458.360,1787663403405,-4.2682,9.0014,2.2019,-179.99
458.460,1787663403505,-4.2683,9.0014,2.2022,-179.99
458.560,1787663403605,-4.2683,9.0014,2.2024,-179.99
458.660,1787663403706,-4.2684,9.0014,2.2027,-179.99
458.761,1787663403806,-4.2684,9.0014,2.2029,-179.99
458.861,1787663403906,-4.2685,9.0014,2.2032,-179.99
458.961,1787663404006,-4.2686,9.0015,2.2034,-179.99
459.061,1787663404106,-4.2687,9.0015,2.2037,-179.99
459.161,1787663404206,-4.2688,9.0014,2.2039,-179.99
459.261,1787663404306,-4.2689,9.0014,2.2042,-179.99
459.361,1787663404406,-4.2689,9.0014,2.2044,-179.99
459.462,1787663404507,-4.2690,9.0014,2.2046,-179.98
459.562,1787663404607,-4.2691,9.0014,2.2048,-179.98
459.662,1787663404707,-4.2692,9.0013,2.2050,-179.98
459.762,1787663404807,-4.2693,9.0013,2.2052,-179.98
459.863,1787663404908,-4.2693,9.0013,2.2053,-179.98
459.963,1787663405008,-4.2693,9.0013,2.2054,-179.98
460.063,1787663405108,-4.2694,9.0012,2.2056,-179.98
460.163,1787663405208,-4.2694,9.0012,2.2058,-179.98
460.263,1787663405309,-4.2694,9.0012,2.2059,-179.98
460.364,1787663405409,-4.2694,9.0011,2.2061,-179.98
460.464,1787663405509,-4.2693,9.0011,2.2062,-179.98
460.564,1787663405609,-4.2693,9.0011,2.2063,-179.98
460.664,1787663405709,-4.2692,9.0011,2.2065,-179.98
460.764,1787663405809,-4.2692,9.0010,2.2066,-179.98
460.864,1787663405909,-4.2691,9.0010,2.2067,-179.99
460.964,1787663406009,-4.2691,9.0009,2.2069,-179.99
461.064,1787663406110,-4.2690,9.0008,2.2070,-179.99
461.165,1787663406210,-4.2690,9.0008,2.2071,-179.99
461.265,1787663406310,-4.2689,9.0007,2.2072,-179.99
461.365,1787663406410,-4.2689,9.0006,2.2073,-179.99
461.465,1787663406510,-4.2688,9.0004,2.2074,-179.99
461.565,1787663406610,-4.2688,9.0003,2.2075,-179.99
461.665,1787663406710,-4.2687,9.0002,2.2076,-179.99
461.765,1787663406810,-4.2686,9.0001,2.2077,-179.99
461.865,1787663406910,-4.2686,9.0002,2.2077,-179.99
461.965,1787663407010,-4.2685,9.0012,2.2077,-179.99
462.065,1787663407110,-4.2685,9.0027,2.2078,-179.99
462.165,1787663407211,-4.2684,9.0039,2.2078,-179.99
462.266,1787663407311,-4.2683,9.0038,2.2079,-179.99
462.366,1787663407411,-4.2683,9.0021,2.2080,-179.99
462.466,1787663407511,-4.2682,8.9989,2.2081,-179.99
462.566,1787663407611,-4.2682,8.9933,2.2083,-179.99
462.666,1787663407711,-4.2682,8.9864,2.2084,-179.99
462.766,1787663407811,-4.2682,8.9770,2.2086,-179.99
462.866,1787663407911,-4.2682,8.9644,2.2087,-179.99
462.966,1787663408011,-4.2683,8.9529,2.2089,-179.99
463.067,1787663408112,-4.2683,8.9363,2.2090,-179.99
463.167,1787663408212,-4.2683,8.9170,2.2091,-179.99
463.267,1787663408312,-4.2683,8.8963,2.2092,-179.99
463.367,1787663408412,-4.2684,8.8681,2.2093,-179.99
463.467,1787663408512,-4.2684,8.8435,2.2093,-179.98
463.567,1787663408612,-4.2685,8.8126,2.2093,-179.98
463.667,1787663408713,-4.2686,8.7723,2.2093,-179.98
463.768,1787663408813,-4.2687,8.7425,2.2092,-179.98
463.868,1787663408913,-4.2688,8.7035,2.2091,-179.98
463.968,1787663409013,-4.2688,8.6646,2.2090,-179.98
464.068,1787663409113,-4.2689,8.6208,2.2089,-179.98
464.168,1787663409213,-4.2690,8.5715,2.2087,-179.98
464.268,1787663409313,-4.2691,8.5164,2.2085,-179.98
464.368,1787663409413,-4.2692,8.4751,2.2083,-179.98
464.468,1787663409513,-4.2693,8.4227,2.2082,-179.98
464.569,1787663409614,-4.2694,8.3582,2.2080,-179.98
464.669,1787663409714,-4.2696,8.2950,2.2078,-179.98
464.769,1787663409814,-4.2697,8.2337,2.2077,-179.98
464.869,1787663409914,-4.2698,8.1634,2.2075,-179.98
464.969,1787663410014,-4.2700,8.0954,2.2074,-179.98
465.069,1787663410114,-4.2702,8.0265,2.2073,-179.98
465.169,1787663410214,-4.2703,7.9609,2.2072,-179.98
465.269,1787663410314,-4.2704,7.9026,2.2072,-179.98
465.370,1787663410415,-4.2706,7.8246,2.2071,-179.98
465.470,1787663410515,-4.2708,7.7541,2.2071,-179.98
465.570,1787663410615,-4.2710,7.6754,2.2071,-179.98
465.670,1787663410715,-4.2712,7.6165,2.2071,-179.98
465.770,1787663410815,-4.2714,7.5540,2.2071,-179.98
465.870,1787663410915,-4.2716,7.4879,2.2071,-179.98
465.970,1787663411015,-4.2718,7.4377,2.2071,-179.98
466.070,1787663411115,-4.2720,7.3726,2.2071,-179.98
466.170,1787663411215,-4.2722,7.3078,2.2071,-179.98
466.270,1787663411316,-4.2724,7.2431,2.2071,-179.98
466.371,1787663411416,-4.2727,7.1786,2.2071,-179.98
466.471,1787663411516,-4.2729,7.1144,2.2071,-179.98
466.571,1787663411616,-4.2732,7.0504,2.2071,-179.98
466.671,1787663411716,-4.2734,7.0018,2.2071,-179.98
466.771,1787663411816,-4.2736,6.9535,2.2071,-179.98
466.872,1787663411917,-4.2738,6.8873,2.2071,-179.98
466.972,1787663412017,-4.2740,6.8285,2.2071,-179.98
467.072,1787663412117,-4.2743,6.7700,2.2072,-179.98
467.172,1787663412217,-4.2746,6.7005,2.2072,-179.98
467.272,1787663412317,-4.2748,6.6344,2.2072,-179.98
467.372,1787663412418,-4.2751,6.5681,2.2072,-179.98
467.473,1787663412518,-4.2753,6.5204,2.2072,-179.98
467.573,1787663412618,-4.2755,6.4474,2.2073,-179.98
467.673,1787663412718,-4.2757,6.4111,2.2073,-179.98
467.773,1787663412818,-4.2759,6.3498,2.2074,-179.98
467.873,1787663412918,-4.2761,6.2924,2.2074,-179.98
467.974,1787663413019,-4.2763,6.2422,2.2074,-179.98
468.074,1787663413120,-4.2764,6.1920,2.2075,-179.99
468.175,1787663413220,-4.2766,6.1382,2.2075,-179.99
468.275,1787663413320,-4.2768,6.0807,2.2076,-179.99
468.375,1787663413420,-4.2769,6.0303,2.2076,-179.98
468.475,1787663413520,-4.2772,5.9544,2.2077,-179.98
468.575,1787663413621,-4.2773,5.9107,2.2077,-179.98
468.676,1787663413721,-4.2775,5.8562,2.2077,-179.98
468.776,1787663413821,-4.2776,5.7979,2.2078,-179.99
468.876,1787663413921,-4.2777,5.7578,2.2078,-179.99
468.976,1787663414021,-4.2778,5.7140,2.2078,-179.99
469.076,1787663414121,-4.2780,5.6521,2.2079,-179.99
469.176,1787663414221,-4.2782,5.5861,2.2079,-179.99
469.276,1787663414321,-4.2783,5.5267,2.2079,-179.99
469.376,1787663414422,-4.2785,5.4632,2.2079,-179.99
469.477,1787663414522,-4.2787,5.3955,2.2079,-180.00
469.577,1787663414622,-4.2788,5.3350,2.2080,-180.00
469.677,1787663414722,-4.2790,5.2669,2.2080,-180.00
469.777,1787663414822,-4.2792,5.1949,2.2080,-180.00
469.877,1787663414922,-4.2793,5.1305,2.2079,-180.00
469.977,1787663415022,-4.2795,5.0624,2.2079,-180.00
470.077,1787663415122,-4.2796,4.9983,2.2079,-180.00
470.177,1787663415223,-4.2797,4.9419,2.2079,-180.00
470.278,1787663415323,-4.2799,4.8782,2.2078,-180.00
470.378,1787663415423,-4.2800,4.8223,2.2078,-180.00
470.478,1787663415523,-4.2802,4.7556,2.2078,-180.00
470.578,1787663415623,-4.2803,4.7002,2.2078,-179.99
470.678,1787663415723,-4.2805,4.6375,2.2077,-179.99
470.778,1787663415823,-4.2806,4.5713,2.2077,-179.99
470.879,1787663415924,-4.2808,4.5054,2.2077,-179.99
470.979,1787663416024,-4.2810,4.4398,2.2076,-179.99
471.079,1787663416124,-4.2812,4.3780,2.2076,-179.99
471.179,1787663416224,-4.2813,4.3203,2.2076,-179.99
471.279,1787663416324,-4.2815,4.2628,2.2076,-179.99
471.379,1787663416425,-4.2817,4.2057,2.2076,-179.99
471.480,1787663416525,-4.2819,4.1452,2.2076,-179.99
471.580,1787663416625,-4.2820,4.0990,2.2076,-180.00
471.680,1787663416726,-4.2822,4.0567,2.2076,-180.00
471.781,1787663416826,-4.2823,4.0004,2.2076,-180.00
471.881,1787663416926,-4.2825,3.9477,2.2077,-180.00
471.981,1787663417026,-4.2827,3.8810,2.2077,-180.00
472.081,1787663417126,-4.2829,3.8139,2.2078,180.00
472.181,1787663417226,-4.2831,3.7570,2.2078,180.00
472.281,1787663417326,-4.2833,3.6929,2.2079,180.00
472.381,1787663417426,-4.2835,3.6251,2.2079,180.00
472.481,1787663417526,-4.2837,3.5716,2.2079,180.00
472.581,1787663417627,-4.2839,3.5110,2.2080,180.00
472.682,1787663417727,-4.2841,3.4433,2.2080,180.00
472.782,1787663417827,-4.2842,3.3970,2.2080,180.00
472.882,1787663417927,-4.2843,3.3438,2.2081,180.00
472.982,1787663418027,-4.2844,3.2838,2.2081,180.00
473.082,1787663418127,-4.2846,3.2132,2.2081,180.00
473.182,1787663418227,-4.2848,3.1495,2.2081,-180.00
473.282,1787663418328,-4.2849,3.0930,2.2082,-180.00
473.383,1787663418428,-4.2850,3.0470,2.2082,-180.00
473.483,1787663418528,-4.2852,2.9940,2.2082,-180.00
473.583,1787663418628,-4.2853,2.9307,2.2082,-180.00
473.683,1787663418728,-4.2854,2.8920,2.2083,-179.99
473.784,1787663418829,-4.2856,2.8181,2.2083,-179.99
473.884,1787663418929,-4.2857,2.7865,2.2083,-179.99
473.984,1787663419029,-4.2858,2.7301,2.2083,-179.99
474.084,1787663419129,-4.2860,2.6703,2.2083,-180.00
474.184,1787663419229,-4.2861,2.6032,2.2084,-180.00
474.284,1787663419330,-4.2862,2.5571,2.2084,-180.00
474.385,1787663419430,-4.2863,2.5037,2.2084,-180.00
474.485,1787663419530,-4.2864,2.4538,2.2084,-180.00
474.585,1787663419630,-4.2866,2.3930,2.2084,180.00
474.685,1787663419731,-4.2867,2.3427,2.2084,180.00
474.786,1787663419831,-4.2868,2.2850,2.2085,180.00
474.886,1787663419931,-4.2869,2.2380,2.2085,180.00
474.986,1787663420031,-4.2870,2.1873,2.2086,180.00
475.086,1787663420131,-4.2871,2.1217,2.2086,180.00
475.186,1787663420231,-4.2872,2.0594,2.2086,179.99
475.286,1787663420331,-4.2873,2.0113,2.2087,179.99
475.386,1787663420432,-4.2874,1.9519,2.2087,179.99
475.487,1787663420532,-4.2875,1.8924,2.2087,179.99
475.587,1787663420632,-4.2877,1.8250,2.2088,179.99
475.687,1787663420732,-4.2877,1.7800,2.2088,179.99
475.787,1787663420832,-4.2878,1.7274,2.2088,179.99
475.888,1787663420933,-4.2879,1.6559,2.2088,180.00
475.988,1787663421033,-4.2880,1.6219,2.2089,180.00
476.088,1787663421133,-4.2881,1.5500,2.2089,180.00
476.188,1787663421233,-4.2882,1.4739,2.2089,179.99
476.288,1787663421333,-4.2883,1.4051,2.2089,179.99
476.388,1787663421433,-4.2884,1.3477,2.2089,179.99
476.488,1787663421533,-4.2885,1.2747,2.2089,179.99
476.588,1787663421634,-4.2886,1.2210,2.2089,179.99
476.689,1787663421734,-4.2887,1.1368,2.2089,179.99
476.789,1787663421834,-4.2888,1.0681,2.2089,179.99
476.889,1787663421934,-4.2889,1.0035,2.2089,179.99
476.989,1787663422034,-4.2891,0.9430,2.2089,179.99
477.089,1787663422134,-4.2892,0.8715,2.2089,179.99
477.190,1787663422235,-4.2893,0.8004,2.2090,179.99
477.290,1787663422335,-4.2894,0.7224,2.2090,179.99
477.390,1787663422435,-4.2896,0.6672,2.2090,179.99
477.491,1787663422536,-4.2897,0.5942,2.2090,179.99
477.591,1787663422636,-4.2898,0.5363,2.2090,179.99
477.691,1787663422736,-4.2899,0.4719,2.2090,180.00
477.791,1787663422836,-4.2901,0.4187,2.2090,180.00
477.891,1787663422937,-4.2902,0.3621,2.2090,180.00
477.992,1787663423037,-4.2903,0.2989,2.2090,180.00
478.092,1787663423137,-4.2905,0.2398,2.2090,180.00
478.192,1787663423237,-4.2907,0.1741,2.2090,180.00
478.292,1787663423337,-4.2908,0.1122,2.2090,180.00
478.392,1787663423437,-4.2910,0.0506,2.2090,179.99
478.492,1787663423537,-4.2912,-0.0208,2.2089,179.99
478.592,1787663423637,-4.2914,-0.0884,2.2089,179.99
478.692,1787663423737,-4.2915,-0.1423,2.2089,179.99
478.792,1787663423838,-4.2917,-0.1958,2.2089,179.99
478.893,1787663423938,-4.2918,-0.2523,2.2088,179.99
478.993,1787663424038,-4.2920,-0.3017,2.2088,179.99
479.093,1787663424138,-4.2921,-0.3510,2.2088,179.99
479.193,1787663424238,-4.2923,-0.4100,2.2088,179.99
479.293,1787663424338,-4.2924,-0.4593,2.2088,179.99
479.393,1787663424438,-4.2926,-0.5151,2.2088,179.99
479.493,1787663424538,-4.2927,-0.5645,2.2088,179.99
479.593,1787663424638,-4.2928,-0.6140,2.2088,179.99
479.693,1787663424739,-4.2929,-0.6701,2.2089,179.99
479.794,1787663424839,-4.2931,-0.7297,2.2089,179.99
479.894,1787663424939,-4.2932,-0.7797,2.2090,179.99
479.994,1787663425039,-4.2934,-0.8402,2.2090,179.99
480.094,1787663425139,-4.2935,-0.8875,2.2090,179.99
480.194,1787663425239,-4.2937,-0.9519,2.2091,179.99
480.294,1787663425339,-4.2938,-1.0130,2.2091,179.99
480.394,1787663425439,-4.2940,-1.0745,2.2091,179.99
480.494,1787663425539,-4.2941,-1.1261,2.2091,179.99
480.594,1787663425640,-4.2943,-1.1986,2.2091,179.99
480.695,1787663425740,-4.2945,-1.2644,2.2091,179.99
480.795,1787663425840,-4.2947,-1.3269,2.2091,179.99
480.895,1787663425940,-4.2949,-1.3686,2.2090,179.99
480.995,1787663426040,-4.2951,-1.4381,2.2090,179.99
481.095,1787663426140,-4.2954,-1.5006,2.2090,179.99
481.195,1787663426240,-4.2956,-1.5562,2.2090,179.99
481.295,1787663426340,-4.2959,-1.6153,2.2090,179.99
481.396,1787663426441,-4.2962,-1.6846,2.2089,179.99
481.496,1787663426541,-4.2965,-1.7434,2.2089,179.99
481.596,1787663426641,-4.2968,-1.8058,2.2089,179.99
481.696,1787663426741,-4.2971,-1.8683,2.2089,179.99
481.796,1787663426841,-4.2974,-1.9307,2.2089,179.99
481.896,1787663426941,-4.2977,-1.9962,2.2089,179.99
481.996,1787663427041,-4.2980,-2.0479,2.2089,179.99
482.096,1787663427142,-4.2982,-2.0959,2.2089,179.99
482.197,1787663427242,-4.2985,-2.1573,2.2089,179.99
482.297,1787663427342,-4.2988,-2.2221,2.2089,179.99
482.397,1787663427442,-4.2990,-2.2733,2.2088,179.99
482.497,1787663427542,-4.2993,-2.3315,2.2088,179.99
482.597,1787663427642,-4.2995,-2.3965,2.2088,179.99
482.697,1787663427742,-4.2997,-2.4511,2.2089,179.99
482.797,1787663427842,-4.3000,-2.5091,2.2089,179.99
482.897,1787663427942,-4.3002,-2.5740,2.2089,179.99
482.997,1787663428043,-4.3004,-2.6253,2.2090,179.99
483.098,1787663428143,-4.3006,-2.6868,2.2090,179.99
483.198,1787663428243,-4.3008,-2.7446,2.2091,179.99
483.298,1787663428343,-4.3010,-2.7992,2.2092,179.99
483.398,1787663428443,-4.3012,-2.8504,2.2092,179.99
483.498,1787663428543,-4.3014,-2.9016,2.2093,179.99
483.598,1787663428643,-4.3015,-2.9528,2.2094,179.99
483.698,1787663428743,-4.3017,-2.9904,2.2094,179.99
483.799,1787663428844,-4.3019,-3.0585,2.2095,179.99
483.899,1787663428944,-4.3020,-3.0994,2.2096,180.00
483.999,1787663429044,-4.3021,-3.1576,2.2097,180.00
484.099,1787663429144,-4.3023,-3.2165,2.2098,180.00
484.199,1787663429244,-4.3024,-3.2759,2.2099,180.00
484.299,1787663429344,-4.3025,-3.3359,2.2099,180.00
484.399,1787663429444,-4.3026,-3.3927,2.2100,180.00
484.499,1787663429544,-4.3027,-3.4389,2.2100,179.99
484.599,1787663429645,-4.3029,-3.5029,2.2100,179.99
484.700,1787663429745,-4.3030,-3.5601,2.2101,179.99
484.800,1787663429845,-4.3031,-3.6249,2.2101,179.99
484.900,1787663429945,-4.3032,-3.6828,2.2101,179.99
485.000,1787663430045,-4.3033,-3.7299,2.2101,179.99
485.102,1787663430147,-4.3034,-3.7808,2.2101,179.99
485.202,1787663430247,-4.3035,-3.8171,2.2101,179.99
485.302,1787663430347,-4.3036,-3.8716,2.2101,179.99
485.402,1787663430447,-4.3037,-3.9371,2.2101,179.99
485.502,1787663430547,-4.3038,-3.9958,2.2101,179.99
485.602,1787663430647,-4.3039,-4.0589,2.2101,179.99
485.703,1787663430748,-4.3040,-4.1151,2.2101,179.99
485.803,1787663430848,-4.3041,-4.1640,2.2101,179.99
485.903,1787663430948,-4.3043,-4.2318,2.2101,179.99
486.003,1787663431048,-4.3044,-4.2961,2.2101,179.99
486.103,1787663431148,-4.3046,-4.3721,2.2100,179.99
486.203,1787663431248,-4.3047,-4.4409,2.2100,179.99
486.303,1787663431348,-4.3048,-4.4907,2.2100,179.99
486.403,1787663431449,-4.3049,-4.5481,2.2099,179.99
486.504,1787663431549,-4.3050,-4.6015,2.2099,179.99
486.604,1787663431649,-4.3051,-4.6511,2.2099,179.99
486.704,1787663431749,-4.3053,-4.7119,2.2099,179.99
486.804,1787663431849,-4.3054,-4.7727,2.2099,179.99
486.904,1787663431949,-4.3055,-4.8258,2.2099,179.99
487.004,1787663432049,-4.3057,-4.8752,2.2099,180.00
487.104,1787663432149,-4.3058,-4.9208,2.2099,180.00
487.204,1787663432249,-4.3059,-4.9816,2.2100,180.00
487.305,1787663432350,-4.3060,-5.0425,2.2100,180.00
487.405,1787663432450,-4.3061,-5.0960,2.2100,180.00
487.505,1787663432550,-4.3062,-5.1381,2.2100,180.00
487.605,1787663432650,-4.3064,-5.2149,2.2100,-180.00
487.705,1787663432751,-4.3065,-5.2690,2.2100,-180.00
487.806,1787663432851,-4.3066,-5.3155,2.2100,-180.00
487.906,1787663432951,-4.3067,-5.3893,2.2100,-180.00
488.006,1787663433051,-4.3069,-5.4593,2.2099,-180.00
488.106,1787663433151,-4.3070,-5.5298,2.2099,-180.00
488.206,1787663433251,-4.3071,-5.5850,2.2099,-180.00
488.306,1787663433351,-4.3072,-5.6518,2.2098,-180.00
488.406,1787663433451,-4.3073,-5.6910,2.2098,-180.00
488.506,1787663433551,-4.3075,-5.7498,2.2098,-180.00
488.606,1787663433652,-4.3076,-5.8199,2.2098,-180.00
488.707,1787663433752,-4.3077,-5.8588,2.2098,-180.00
488.807,1787663433852,-4.3079,-5.9249,2.2097,-180.00
488.907,1787663433952,-4.3080,-5.9832,2.2097,-180.00
489.007,1787663434052,-4.3081,-6.0300,2.2097,-180.00
489.107,1787663434152,-4.3082,-6.0767,2.2097,-180.00
489.207,1787663434252,-4.3084,-6.1428,2.2097,-180.00
489.307,1787663434352,-4.3085,-6.2052,2.2097,-180.00
489.407,1787663434453,-4.3087,-6.2839,2.2097,-180.00
489.508,1787663434553,-4.3089,-6.3473,2.2097,-180.00
489.608,1787663434653,-4.3090,-6.4107,2.2097,-180.00
489.708,1787663434753,-4.3092,-6.4740,2.2097,-180.00
489.808,1787663434854,-4.3093,-6.5214,2.2097,-180.00
489.909,1787663434954,-4.3095,-6.5724,2.2097,-180.00
490.009,1787663435054,-4.3097,-6.6508,2.2097,-180.00
490.109,1787663435154,-4.3099,-6.7174,2.2098,-180.00
490.209,1787663435254,-4.3101,-6.7882,2.2098,-180.00
490.309,1787663435354,-4.3103,-6.8591,2.2098,-180.00
490.409,1787663435454,-4.3105,-6.9143,2.2098,-180.00
490.509,1787663435554,-4.3107,-6.9848,2.2098,-180.00
490.609,1787663435654,-4.3109,-7.0589,2.2098,-180.00
490.710,1787663435755,-4.3112,-7.1247,2.2098,-180.00
490.810,1787663435855,-4.3113,-7.1824,2.2098,-180.00
490.910,1787663435955,-4.3115,-7.2284,2.2098,-180.00
491.010,1787663436055,-4.3116,-7.2702,2.2098,-180.00
491.110,1787663436155,-4.3118,-7.3231,2.2098,-180.00
491.210,1787663436255,-4.3119,-7.3717,2.2098,-180.00
491.310,1787663436355,-4.3122,-7.4351,2.2098,-180.00
491.410,1787663436456,-4.3124,-7.5024,2.2099,180.00
491.511,1787663436556,-4.3126,-7.5702,2.2099,180.00
491.611,1787663436656,-4.3128,-7.6232,2.2099,180.00
491.711,1787663436756,-4.3129,-7.6762,2.2100,180.00
491.811,1787663436856,-4.3131,-7.7214,2.2100,180.00
491.911,1787663436956,-4.3133,-7.7962,2.2100,180.00
492.011,1787663437056,-4.3135,-7.8598,2.2100,180.00
492.111,1787663437156,-4.3136,-7.9011,2.2100,180.00
492.211,1787663437256,-4.3137,-7.9463,2.2101,180.00
492.311,1787663437357,-4.3138,-7.9877,2.2101,180.00
492.412,1787663437457,-4.3139,-8.0401,2.2101,180.00
492.512,1787663437557,-4.3141,-8.1007,2.2101,180.00
492.612,1787663437657,-4.3142,-8.1545,2.2100,180.00
492.712,1787663437757,-4.3144,-8.2165,2.2100,180.00
492.812,1787663437857,-4.3146,-8.2861,2.2099,180.00
492.912,1787663437957,-4.3147,-8.3206,2.2099,180.00
493.012,1787663438058,-4.3148,-8.3845,2.2100,-180.00
493.113,1787663438158,-4.3149,-8.4284,2.2100,-180.00
493.213,1787663438258,-4.3150,-8.4713,2.2100,-180.00
493.313,1787663438358,-4.3152,-8.5401,2.2101,180.00
493.413,1787663438458,-4.3153,-8.5764,2.2101,180.00
493.513,1787663438558,-4.3154,-8.6178,2.2102,180.00
493.613,1787663438658,-4.3155,-8.6693,2.2103,180.00
493.713,1787663438758,-4.3157,-8.7205,2.2103,180.00
493.813,1787663438858,-4.3158,-8.7604,2.2104,180.00
493.914,1787663438959,-4.3159,-8.7831,2.2104,180.00
494.014,1787663439059,-4.3161,-8.8211,2.2104,180.00
494.114,1787663439159,-4.3162,-8.8498,2.2104,179.99
494.214,1787663439259,-4.3163,-8.8823,2.2104,179.99
494.314,1787663439359,-4.3164,-8.8993,2.2103,179.99
494.414,1787663439460,-4.3166,-8.9272,2.2103,179.99
494.515,1787663439560,-4.3167,-8.9461,2.2102,179.99
494.615,1787663439660,-4.3168,-8.9676,2.2101,179.99
494.715,1787663439760,-4.3169,-8.9830,2.2100,179.99
494.815,1787663439860,-4.3170,-8.9936,2.2100,179.99
494.915,1787663439961,-4.3171,-9.0044,2.2099,179.99
495.016,1787663440061,-4.3172,-9.0214,2.2097,179.99
495.116,1787663440161,-4.3174,-9.0353,2.2095,179.99
495.216,1787663440261,-4.3175,-9.0454,2.2094,179.99
495.316,1787663440361,-4.3176,-9.0530,2.2093,179.99
495.416,1787663440461,-4.3177,-9.0574,2.2092,179.99
495.516,1787663440561,-4.3178,-9.0621,2.2091,179.99
495.617,1787663440662,-4.3179,-9.0650,2.2090,179.99
495.717,1787663440762,-4.3180,-9.0670,2.2090,179.99
495.817,1787663440862,-4.3181,-9.0681,2.2089,179.99
495.917,1787663440962,-4.3182,-9.0680,2.2088,179.99
496.017,1787663441062,-4.3182,-9.0667,2.2088,179.99
496.117,1787663441162,-4.3183,-9.0647,2.2088,179.99
496.217,1787663441262,-4.3183,-9.0623,2.2087,179.99
496.317,1787663441362,-4.3183,-9.0595,2.2087,179.99
496.417,1787663441463,-4.3183,-9.0552,2.2088,180.00
496.518,1787663441563,-4.3183,-9.0509,2.2088,180.00
496.618,1787663441663,-4.3183,-9.0472,2.2088,180.00
496.718,1787663441763,-4.3183,-9.0417,2.2089,180.00
496.818,1787663441863,-4.3183,-9.0363,2.2089,180.00
496.918,1787663441963,-4.3183,-9.0318,2.2090,-180.00
497.019,1787663442064,-4.3182,-9.0255,2.2090,-180.00
497.119,1787663442164,-4.3182,-9.0188,2.2091,-180.00
497.219,1787663442264,-4.3182,-9.0136,2.2092,-180.00
497.319,1787663442364,-4.3181,-9.0078,2.2092,-180.00
497.419,1787663442464,-4.3181,-9.0021,2.2092,-180.00
497.519,1787663442565,-4.3181,-8.9976,2.2092,-180.00
497.620,1787663442665,-4.3181,-8.9917,2.2093,180.00
497.720,1787663442765,-4.3181,-8.9882,2.2093,180.00
497.820,1787663442865,-4.3180,-8.9840,2.2093,180.00
497.920,1787663442965,-4.3180,-8.9811,2.2093,180.00
498.020,1787663443065,-4.3179,-8.9769,2.2093,180.00
498.120,1787663443165,-4.3179,-8.9724,2.2093,179.99
498.220,1787663443265,-4.3178,-8.9687,2.2094,179.99
498.320,1787663443365,-4.3178,-8.9647,2.2094,179.99
498.420,1787663443466,-4.3178,-8.9630,2.2094,179.99
498.521,1787663443566,-4.3178,-8.9607,2.2094,179.99
498.621,1787663443666,-4.3177,-8.9579,2.2095,179.99
498.721,1787663443766,-4.3177,-8.9559,2.2095,179.99
498.821,1787663443866,-4.3177,-8.9537,2.2095,179.99
498.921,1787663443967,-4.3177,-8.9522,2.2095,180.00
499.022,1787663444067,-4.3177,-8.9512,2.2095,180.00
499.122,1787663444167,-4.3177,-8.9502,2.2096,180.00
499.222,1787663444267,-4.3177,-8.9497,2.2096,180.00
499.322,1787663444367,-4.3177,-8.9492,2.2096,180.00
499.422,1787663444467,-4.3177,-8.9488,2.2096,180.00
499.522,1787663444567,-4.3177,-8.9485,2.2096,180.00
499.622,1787663444667,-4.3176,-8.9482,2.2097,-180.00
499.722,1787663444767,-4.3176,-8.9481,2.2097,-180.00
499.822,1787663444868,-4.3176,-8.9481,2.2097,-180.00
499.923,1787663444968,-4.3176,-8.9482,2.2097,-180.00
500.023,1787663445068,-4.3175,-8.9484,2.2097,-180.00
500.123,1787663445168,-4.3175,-8.9486,2.2097,-180.00
500.223,1787663445268,-4.3175,-8.9489,2.2097,-180.00
500.323,1787663445368,-4.3175,-8.9493,2.2097,-180.00
500.423,1787663445468,-4.3174,-8.9496,2.2097,-180.00
500.523,1787663445569,-4.3174,-8.9501,2.2097,-180.00
500.624,1787663445669,-4.3174,-8.9505,2.2098,-180.00
500.724,1787663445769,-4.3174,-8.9509,2.2098,-180.00
500.824,1787663445869,-4.3173,-8.9514,2.2098,-180.00
500.924,1787663445969,-4.3173,-8.9519,2.2098,-180.00
501.024,1787663446069,-4.3172,-8.9524,2.2098,-180.00
501.124,1787663446169,-4.3172,-8.9531,2.2098,-180.00
501.225,1787663446270,-4.3171,-8.9535,2.2098,-180.00
501.325,1787663446370,-4.3171,-8.9541,2.2098,-180.00
501.425,1787663446470,-4.3171,-8.9548,2.2099,-180.00
501.525,1787663446570,-4.3171,-8.9554,2.2099,-180.00
501.626,1787663446671,-4.3171,-8.9561,2.2099,-180.00
501.726,1787663446771,-4.3171,-8.9570,2.2099,-180.00
501.826,1787663446871,-4.3171,-8.9575,2.2099,-180.00
501.926,1787663446971,-4.3171,-8.9584,2.2099,-180.00
502.028,1787663447073,-4.3171,-8.9591,2.2099,-180.00
502.128,1787663447173,-4.3170,-8.9598,2.2099,-180.00
502.228,1787663447273,-4.3170,-8.9605,2.2100,-180.00
502.328,1787663447373,-4.3170,-8.9611,2.2100,-180.00
502.428,1787663447473,-4.3170,-8.9616,2.2100,-180.00
502.528,1787663447574,-4.3170,-8.9621,2.2100,-180.00
502.629,1787663447674,-4.3170,-8.9629,2.2100,-180.00
502.729,1787663447774,-4.3170,-8.9633,2.2100,-180.00
502.829,1787663447874,-4.3170,-8.9639,2.2101,-180.00
502.929,1787663447974,-4.3170,-8.9643,2.2101,-180.00
503.029,1787663448074,-4.3170,-8.9649,2.2101,-180.00
503.129,1787663448174,-4.3170,-8.9657,2.2101,-180.00
503.229,1787663448274,-4.3170,-8.9663,2.2102,-180.00
503.329,1787663448374,-4.3170,-8.9667,2.2102,-180.00
503.429,1787663448475,-4.3169,-8.9674,2.2103,-180.00
503.530,1787663448575,-4.3169,-8.9685,2.2107,-180.00
503.630,1787663448675,-4.3169,-8.9692,2.2114,180.00
503.730,1787663448775,-4.3169,-8.9697,2.2125,180.00
503.830,1787663448875,-4.3168,-8.9701,2.2145,180.00
503.930,1787663448975,-4.3168,-8.9703,2.2167,180.00
504.030,1787663449075,-4.3168,-8.9702,2.2202,180.00
504.130,1787663449175,-4.3167,-8.9699,2.2242,180.00
504.231,1787663449276,-4.3167,-8.9696,2.2288,180.00
504.331,1787663449376,-4.3167,-8.9693,2.2316,180.00
504.431,1787663449476,-4.3166,-8.9688,2.2377,180.00
504.531,1787663449576,-4.3166,-8.9684,2.2420,180.00
504.631,1787663449676,-4.3166,-8.9678,2.2489,180.00
504.731,1787663449776,-4.3165,-8.9673,2.2546,180.00
504.831,1787663449877,-4.3165,-8.9666,2.2620,180.00
504.932,1787663449977,-4.3165,-8.9660,2.2691,180.00
505.032,1787663450077,-4.3165,-8.9651,2.2795,180.00
505.132,1787663450177,-4.3165,-8.9644,2.2869,180.00
505.232,1787663450277,-4.3165,-8.9636,2.2969,180.00
505.332,1787663450377,-4.3164,-8.9626,2.3098,-180.00
505.432,1787663450477,-4.3164,-8.9614,2.3256,-180.00
505.532,1787663450578,-4.3164,-8.9605,2.3376,-180.00
505.633,1787663450678,-4.3164,-8.9596,2.3514,-180.00
505.733,1787663450778,-4.3164,-8.9588,2.3637,-180.00
505.833,1787663450878,-4.3164,-8.9583,2.3734,-180.00
505.933,1787663450978,-4.3164,-8.9576,2.3849,-180.00
506.033,1787663451078,-4.3164,-8.9569,2.3994,-180.00
506.133,1787663451178,-4.3164,-8.9564,2.4094,-180.00
506.233,1787663451278,-4.3164,-8.9560,2.4195,-180.00
506.333,1787663451378,-4.3165,-8.9555,2.4335,-180.00
506.433,1787663451478,-4.3165,-8.9551,2.4457,-180.00
506.534,1787663451579,-4.3166,-8.9546,2.4629,-180.00
506.634,1787663451679,-4.3166,-8.9544,2.4725,-180.00
506.734,1787663451779,-4.3167,-8.9542,2.4880,-180.00
506.834,1787663451879,-4.3168,-8.9540,2.5006,-180.00
506.934,1787663451979,-4.3169,-8.9539,2.5173,-180.00
507.035,1787663452080,-4.3170,-8.9539,2.5338,-180.00
507.135,1787663452180,-4.3171,-8.9540,2.5474,-180.00
507.235,1787663452280,-4.3172,-8.9541,2.5620,-180.00
507.335,1787663452380,-4.3173,-8.9542,2.5736,-179.99
507.435,1787663452480,-4.3174,-8.9544,2.5862,-179.99
507.535,1787663452581,-4.3175,-8.9546,2.6008,-179.99
507.636,1787663452681,-4.3176,-8.9548,2.6106,-179.99
507.736,1787663452781,-4.3178,-8.9553,2.6292,-179.99
507.836,1787663452881,-4.3178,-8.9555,2.6381,-179.99
507.936,1787663452981,-4.3180,-8.9559,2.6528,-179.99
508.036,1787663453081,-4.3181,-8.9564,2.6667,-179.99
508.136,1787663453181,-4.3182,-8.9568,2.6787,-179.99
508.236,1787663453282,-4.3184,-8.9573,2.6917,-180.00
508.337,1787663453382,-4.3185,-8.9578,2.7078,-180.00
508.437,1787663453482,-4.3187,-8.9584,2.7230,-180.00
508.537,1787663453582,-4.3188,-8.9590,2.7393,-180.00
508.637,1787663453682,-4.3190,-8.9595,2.7525,-180.00
508.737,1787663453782,-4.3191,-8.9601,2.7657,-180.00
508.837,1787663453882,-4.3193,-8.9606,2.7789,-179.99
508.937,1787663453982,-4.3194,-8.9610,2.7890,-179.99
509.038,1787663454083,-4.3196,-8.9618,2.8085,-179.99
509.138,1787663454183,-4.3197,-8.9621,2.8146,-179.99
509.238,1787663454283,-4.3199,-8.9628,2.8321,-179.99
509.338,1787663454383,-4.3201,-8.9634,2.8465,-179.99
509.438,1787663454483,-4.3203,-8.9641,2.8631,-179.99
509.538,1787663454583,-4.3204,-8.9646,2.8775,-179.99
509.638,1787663454683,-4.3206,-8.9650,2.8878,-179.99
509.739,1787663454784,-4.3207,-8.9655,2.9002,-179.99
509.839,1787663454884,-4.3209,-8.9660,2.9137,-179.99
509.939,1787663454984,-4.3211,-8.9667,2.9315,-179.99
510.039,1787663455084,-4.3213,-8.9674,2.9504,-179.99
510.139,1787663455184,-4.3215,-8.9679,2.9640,-179.99
510.239,1787663455284,-4.3216,-8.9683,2.9745,-179.99
510.339,1787663455384,-4.3218,-8.9689,2.9912,-179.99
510.440,1787663455485,-4.3220,-8.9697,3.0142,-179.99
510.540,1787663455585,-4.3222,-8.9702,3.0297,-179.99
510.640,1787663455685,-4.3224,-8.9708,3.0482,-179.99
510.740,1787663455785,-4.3225,-8.9715,3.0664,-179.99
510.840,1787663455885,-4.3226,-8.9719,3.0784,-179.99
510.940,1787663455986,-4.3227,-8.9725,3.0942,-179.99
511.041,1787663456086,-4.3229,-8.9731,3.1119,-179.99
511.141,1787663456186,-4.3230,-8.9736,3.1294,-179.99
511.241,1787663456286,-4.3231,-8.9741,3.1429,-179.99
511.341,1787663456386,-4.3232,-8.9746,3.1572,-179.99
511.441,1787663456486,-4.3233,-8.9751,3.1734,-179.99
511.541,1787663456587,-4.3234,-8.9755,3.1867,-179.99
511.642,1787663456687,-4.3235,-8.9759,3.1990,-179.99
511.742,1787663456787,-4.3236,-8.9764,3.2142,-179.99
511.842,1787663456887,-4.3237,-8.9770,3.2323,-179.99
511.942,1787663456987,-4.3238,-8.9775,3.2475,-179.99
512.042,1787663457087,-4.3239,-8.9779,3.2599,-179.99
512.142,1787663457187,-4.3239,-8.9782,3.2713,-179.99
512.242,1787663457287,-4.3240,-8.9786,3.2846,-179.99
512.343,1787663457388,-4.3242,-8.9791,3.3017,-179.99
512.443,1787663457488,-4.3242,-8.9794,3.3113,-179.99
512.543,1787663457588,-4.3243,-8.9798,3.3258,-179.99
512.643,1787663457688,-4.3244,-8.9800,3.3355,-179.99
512.743,1787663457788,-4.3245,-8.9805,3.3541,-179.99
512.843,1787663457888,-4.3246,-8.9809,3.3708,-179.99
512.943,1787663457988,-4.3247,-8.9812,3.3826,-179.99
513.043,1787663458088,-4.3248,-8.9817,3.3993,-179.99
513.143,1787663458189,-4.3249,-8.9821,3.4160,-179.99
513.244,1787663458289,-4.3251,-8.9826,3.4346,-179.99
513.344,1787663458389,-4.3252,-8.9829,3.4492,-179.99
513.444,1787663458489,-4.3253,-8.9834,3.4685,-179.99
513.544,1787663458589,-4.3255,-8.9838,3.4838,-179.99
513.644,1787663458690,-4.3256,-8.9843,3.5028,-180.00
513.745,1787663458790,-4.3258,-8.9848,3.5206,-180.00
513.845,1787663458890,-4.3260,-8.9853,3.5363,-180.00
513.945,1787663458990,-4.3261,-8.9857,3.5510,-180.00
514.045,1787663459090,-4.3262,-8.9860,3.5637,180.00
514.145,1787663459190,-4.3263,-8.9864,3.5772,180.00
514.245,1787663459290,-4.3264,-8.9868,3.5907,180.00
514.345,1787663459390,-4.3266,-8.9873,3.6061,180.00
514.445,1787663459490,-4.3267,-8.9877,3.6206,180.00
514.545,1787663459590,-4.3269,-8.9882,3.6378,180.00
514.645,1787663459691,-4.3271,-8.9886,3.6514,180.00
514.746,1787663459791,-4.3273,-8.9891,3.6695,180.00
514.846,1787663459891,-4.3275,-8.9896,3.6857,180.00
514.946,1787663459991,-4.3276,-8.9900,3.6991,180.00
515.047,1787663460092,-4.3277,-8.9903,3.7097,-180.00
515.147,1787663460192,-4.3279,-8.9907,3.7252,-180.00
515.247,1787663460292,-4.3280,-8.9911,3.7374,-180.00
515.347,1787663460392,-4.3282,-8.9915,3.7496,-180.00
515.447,1787663460492,-4.3283,-8.9920,3.7625,-180.00
515.547,1787663460592,-4.3285,-8.9924,3.7743,-180.00
515.647,1787663460692,-4.3287,-8.9929,3.7857,-180.00
515.747,1787663460792,-4.3288,-8.9933,3.7944,-180.00
515.847,1787663460893,-4.3289,-8.9938,3.8039,-180.00
515.948,1787663460993,-4.3291,-8.9943,3.8125,-180.00
516.048,1787663461093,-4.3292,-8.9946,3.8183,-180.00
516.148,1787663461193,-4.3293,-8.9951,3.8248,-180.00
516.248,1787663461293,-4.3294,-8.9956,3.8316,-180.00
516.348,1787663461393,-4.3296,-8.9960,3.8366,-180.00
516.448,1787663461493,-4.3297,-8.9964,3.8411,-180.00
516.548,1787663461593,-4.3298,-8.9968,3.8460,-180.00
516.648,1787663461693,-4.3300,-8.9972,3.8502,-180.00
516.749,1787663461794,-4.3301,-8.9975,3.8540,-180.00
516.849,1787663461894,-4.3302,-8.9978,3.8569,-180.00
516.949,1787663461994,-4.3304,-8.9981,3.8603,-180.00
517.049,1787663462094,-4.3305,-8.9984,3.8633,-180.00
517.149,1787663462195,-4.3306,-8.9986,3.8660,-180.00
517.250,1787663462295,-4.3308,-8.9987,3.8686,-180.00
517.350,1787663462395,-4.3309,-8.9988,3.8706,180.00
517.450,1787663462495,-4.3311,-8.9990,3.8730,180.00
517.550,1787663462595,-4.3312,-8.9991,3.8745,180.00
517.650,1787663462695,-4.3313,-8.9992,3.8764,180.00
517.750,1787663462795,-4.3314,-8.9993,3.8782,180.00
517.850,1787663462895,-4.3315,-8.9994,3.8797,180.00
517.950,1787663462995,-4.3317,-8.9995,3.8812,180.00
518.050,1787663463095,-4.3318,-8.9995,3.8825,180.00
518.150,1787663463196,-4.3320,-8.9996,3.8838,180.00
518.251,1787663463296,-4.3321,-8.9996,3.8849,180.00
518.351,1787663463396,-4.3322,-8.9997,3.8861,180.00
518.451,1787663463496,-4.3324,-8.9997,3.8873,180.00
518.551,1787663463596,-4.3325,-8.9998,3.8882,180.00
518.651,1787663463696,-4.3326,-8.9999,3.8890,180.00
518.751,1787663463796,-4.3327,-9.0000,3.8900,-180.00
518.851,1787663463896,-4.3328,-9.0002,3.8909,-180.00
518.951,1787663463997,-4.3329,-9.0003,3.8917,-180.00
519.052,1787663464097,-4.3330,-9.0004,3.8926,-180.00
519.152,1787663464197,-4.3330,-9.0006,3.8934,-180.00
519.252,1787663464297,-4.3331,-9.0007,3.8941,-180.00
519.352,1787663464397,-4.3332,-9.0009,3.8949,-180.00
519.452,1787663464497,-4.3333,-9.0010,3.8955,-180.00
519.552,1787663464597,-4.3334,-9.0011,3.8961,-180.00
519.652,1787663464697,-4.3335,-9.0013,3.8968,-180.00
519.752,1787663464797,-4.3335,-9.0014,3.8975,-180.00
519.852,1787663464898,-4.3336,-9.0015,3.8980,-180.00
519.953,1787663464998,-4.3337,-9.0017,3.8986,-180.00
520.053,1787663465098,-4.3337,-9.0018,3.8991,-180.00
520.153,1787663465198,-4.3338,-9.0019,3.8995,-180.00
520.253,1787663465298,-4.3338,-9.0020,3.9000,-180.00
520.353,1787663465398,-4.3339,-9.0021,3.9004,-180.00
520.453,1787663465498,-4.3339,-9.0022,3.9007,-180.00
520.553,1787663465598,-4.3339,-9.0022,3.9010,-180.00
520.653,1787663465698,-4.3339,-9.0023,3.9013,-180.00
520.753,1787663465799,-4.3338,-9.0024,3.9016,-180.00
520.854,1787663465899,-4.3338,-9.0024,3.9019,-180.00
520.954,1787663465999,-4.3338,-9.0024,3.9021,-179.99
521.054,1787663466099,-4.3338,-9.0024,3.9024,-179.99
521.154,1787663466199,-4.3338,-9.0024,3.9026,-179.99
521.254,1787663466299,-4.3338,-9.0023,3.9028,-179.99
521.354,1787663466399,-4.3338,-9.0022,3.9031,-179.99
521.454,1787663466499,-4.3338,-9.0021,3.9033,-179.99
521.554,1787663466600,-4.3337,-9.0021,3.9035,-179.99
521.655,1787663466700,-4.3337,-9.0020,3.9037,-179.99
521.755,1787663466800,-4.3337,-9.0019,3.9039,-179.99
521.855,1787663466900,-4.3337,-9.0017,3.9041,-179.99
521.955,1787663467000,-4.3337,-9.0016,3.9043,-179.99
522.055,1787663467100,-4.3337,-9.0015,3.9045,-179.99
522.156,1787663467201,-4.3337,-9.0014,3.9047,-179.99
522.256,1787663467301,-4.3336,-9.0013,3.9048,-179.99
522.356,1787663467401,-4.3336,-9.0012,3.9050,-180.00
522.456,1787663467501,-4.3336,-9.0011,3.9051,-180.00
522.557,1787663467602,-4.3336,-9.0010,3.9052,-180.00
522.657,1787663467702,-4.3336,-9.0009,3.9054,-180.00
522.757,1787663467802,-4.3336,-9.0008,3.9055,-180.00
522.857,1787663467902,-4.3335,-9.0007,3.9056,-180.00
522.957,1787663468002,-4.3335,-9.0006,3.9057,-180.00
523.057,1787663468103,-4.3335,-9.0005,3.9059,-180.00
523.158,1787663468203,-4.3335,-9.0004,3.9060,-180.00
523.258,1787663468303,-4.3335,-9.0003,3.9061,-179.99
523.358,1787663468403,-4.3335,-9.0003,3.9062,-179.99
523.458,1787663468503,-4.3334,-9.0002,3.9064,-179.99
523.558,1787663468603,-4.3334,-9.0002,3.9065,-179.99
523.658,1787663468703,-4.3334,-9.0002,3.9066,-179.99
523.758,1787663468803,-4.3334,-9.0002,3.9067,-180.00
523.858,1787663468903,-4.3333,-9.0001,3.9068,-180.00
523.958,1787663469004,-4.3333,-9.0001,3.9068,-180.00
524.059,1787663469104,-4.3333,-9.0001,3.9069,-180.00
524.159,1787663469204,-4.3333,-9.0001,3.9070,-180.00
524.259,1787663469304,-4.3333,-9.0001,3.9071,-180.00
524.359,1787663469404,-4.3334,-9.0001,3.9071,-180.00
524.459,1787663469504,-4.3334,-9.0000,3.9072,-180.00
524.559,1787663469604,-4.3334,-9.0000,3.9073,-180.00
524.659,1787663469704,-4.3334,-9.0000,3.9074,-180.00
524.759,1787663469805,-4.3335,-9.0005,3.9075,-180.00
524.860,1787663469905,-4.3335,-9.0017,3.9075,-179.99
524.960,1787663470005,-4.3335,-9.0030,3.9076,-179.99
525.060,1787663470105,-4.3335,-9.0041,3.9077,-179.99
525.160,1787663470205,-4.3335,-9.0039,3.9078,-179.99
525.260,1787663470305,-4.3335,-9.0020,3.9079,-179.99
525.360,1787663470405,-4.3335,-8.9983,3.9081,-179.99
525.460,1787663470505,-4.3335,-8.9929,3.9082,-179.99
525.560,1787663470606,-4.3335,-8.9851,3.9084,-179.99
525.661,1787663470706,-4.3335,-8.9749,3.9086,-179.99
525.761,1787663470806,-4.3335,-8.9622,3.9088,-179.99
525.861,1787663470906,-4.3335,-8.9456,3.9089,-179.99
525.961,1787663471006,-4.3335,-8.9232,3.9090,-179.99
526.061,1787663471106,-4.3336,-8.8998,3.9091,-179.99
526.161,1787663471206,-4.3336,-8.8696,3.9091,-179.99
526.261,1787663471306,-4.3336,-8.8410,3.9091,-180.00
526.361,1787663471406,-4.3337,-8.8077,3.9090,-180.00
526.461,1787663471507,-4.3337,-8.7715,3.9089,-180.00
526.562,1787663471607,-4.3337,-8.7300,3.9088,-180.00
526.662,1787663471707,-4.3337,-8.6879,3.9087,180.00
526.762,1787663471807,-4.3337,-8.6458,3.9085,180.00
526.862,1787663471907,-4.3338,-8.5989,3.9084,180.00
526.962,1787663472007,-4.3338,-8.5528,3.9083,180.00
527.062,1787663472107,-4.3337,-8.4893,3.9081,180.00
527.162,1787663472207,-4.3338,-8.4325,3.9079,180.00
527.262,1787663472307,-4.3338,-8.3736,3.9078,179.99
527.362,1787663472408,-4.3337,-8.3231,3.9076,179.99
527.463,1787663472508,-4.3337,-8.2614,3.9075,179.99
527.563,1787663472608,-4.3337,-8.1949,3.9074,179.99
527.663,1787663472708,-4.3337,-8.1309,3.9073,179.99
527.763,1787663472808,-4.3336,-8.0658,3.9073,179.99
527.863,1787663472908,-4.3336,-7.9927,3.9072,179.99
527.963,1787663473008,-4.3336,-7.9265,3.9072,179.99
528.063,1787663473108,-4.3335,-7.8563,3.9071,179.99
528.163,1787663473208,-4.3335,-7.8044,3.9071,179.99
528.263,1787663473309,-4.3334,-7.7340,3.9071,180.00
528.364,1787663473409,-4.3334,-7.6711,3.9071,180.00
528.464,1787663473509,-4.3333,-7.6194,3.9071,180.00
528.564,1787663473609,-4.3333,-7.5643,3.9071,180.00
528.664,1787663473709,-4.3333,-7.5241,3.9072,-180.00
528.764,1787663473809,-4.3332,-7.4623,3.9072,-180.00
528.864,1787663473909,-4.3332,-7.3935,3.9072,-180.00
528.964,1787663474009,-4.3331,-7.3499,3.9073,-180.00
529.064,1787663474109,-4.3331,-7.2881,3.9073,-180.00
529.164,1787663474210,-4.3331,-7.2152,3.9074,-180.00
529.265,1787663474310,-4.3330,-7.1567,3.9074,-180.00
529.365,1787663474410,-4.3330,-7.0944,3.9074,-180.00
529.465,1787663474510,-4.3329,-7.0358,3.9074,-180.00
529.565,1787663474610,-4.3328,-6.9736,3.9075,-180.00
529.665,1787663474710,-4.3328,-6.9077,3.9075,-180.00
529.765,1787663474810,-4.3327,-6.8308,3.9074,180.00
529.865,1787663474910,-4.3326,-6.7688,3.9074,180.00
529.965,1787663475010,-4.3325,-6.7180,3.9074,180.00
530.065,1787663475111,-4.3324,-6.6565,3.9074,180.00
530.166,1787663475211,-4.3324,-6.5953,3.9073,180.00
530.266,1787663475311,-4.3323,-6.5306,3.9073,180.00
530.366,1787663475411,-4.3322,-6.4624,3.9073,180.00
530.466,1787663475511,-4.3321,-6.3980,3.9073,180.00
530.566,1787663475611,-4.3321,-6.3445,3.9072,180.00
530.666,1787663475711,-4.3320,-6.2699,3.9072,-180.00
530.767,1787663475812,-4.3319,-6.2028,3.9072,-180.00
530.867,1787663475912,-4.3319,-6.1501,3.9071,-180.00
530.967,1787663476012,-4.3318,-6.0871,3.9071,-179.99
531.067,1787663476112,-4.3318,-6.0207,3.9071,-179.99
531.167,1787663476212,-4.3317,-5.9616,3.9071,-179.99
531.267,1787663476312,-4.3317,-5.8993,3.9071,-179.99
531.367,1787663476412,-4.3317,-5.8374,3.9071,-179.99
531.467,1787663476512,-4.3316,-5.7826,3.9071,-179.99
531.567,1787663476612,-4.3316,-5.7313,3.9072,-179.99
531.668,1787663476713,-4.3316,-5.6702,3.9072,-179.99
531.768,1787663476813,-4.3316,-5.6059,3.9072,-179.99
531.868,1787663476913,-4.3315,-5.5486,3.9072,-179.99
531.968,1787663477013,-4.3315,-5.4982,3.9072,-179.99
532.068,1787663477113,-4.3315,-5.4244,3.9072,-179.99
532.168,1787663477213,-4.3315,-5.3675,3.9072,-179.99
532.268,1787663477314,-4.3315,-5.3106,3.9072,-179.99
532.369,1787663477414,-4.3315,-5.2504,3.9073,-179.99
532.469,1787663477514,-4.3315,-5.1935,3.9073,-179.99
532.569,1787663477614,-4.3315,-5.1334,3.9073,-179.99
532.669,1787663477714,-4.3315,-5.0702,3.9073,-179.99
532.769,1787663477814,-4.3315,-5.0038,3.9073,-179.99
532.869,1787663477914,-4.3315,-4.9573,3.9074,-179.99
532.969,1787663478014,-4.3315,-4.8977,3.9074,-179.99
533.069,1787663478115,-4.3316,-4.8350,3.9075,-179.99
533.170,1787663478215,-4.3316,-4.7790,3.9075,-179.99
533.270,1787663478315,-4.3316,-4.7229,3.9076,-179.99
533.370,1787663478415,-4.3316,-4.6570,3.9076,-179.99
533.470,1787663478515,-4.3316,-4.6208,3.9076,-179.99
533.570,1787663478615,-4.3316,-4.5747,3.9077,-179.99
533.670,1787663478715,-4.3316,-4.5191,3.9077,-179.99
533.770,1787663478815,-4.3316,-4.4635,3.9078,-179.99
533.870,1787663478915,-4.3316,-4.4077,3.9078,-180.00
533.970,1787663479016,-4.3317,-4.3481,3.9079,-180.00
534.071,1787663479116,-4.3317,-4.2914,3.9079,-180.00
534.171,1787663479216,-4.3317,-4.2311,3.9079,-180.00
534.271,1787663479316,-4.3317,-4.1807,3.9079,-180.00
534.371,1787663479416,-4.3318,-4.1336,3.9079,-180.00
534.471,1787663479516,-4.3318,-4.0729,3.9079,-180.00
534.571,1787663479616,-4.3318,-4.0085,3.9080,-179.99
534.671,1787663479716,-4.3319,-3.9538,3.9080,-179.99
534.772,1787663479817,-4.3319,-3.8851,3.9079,-179.99
534.872,1787663479917,-4.3320,-3.8334,3.9079,-179.99
534.972,1787663480018,-4.3320,-3.7748,3.9079,-180.00
535.073,1787663480118,-4.3320,-3.7231,3.9079,-180.00
535.173,1787663480218,-4.3321,-3.6608,3.9079,-180.00
535.273,1787663480318,-4.3321,-3.5950,3.9079,-180.00
535.373,1787663480418,-4.3321,-3.5393,3.9079,-180.00
535.473,1787663480518,-4.3321,-3.4870,3.9079,-180.00
535.573,1787663480618,-4.3322,-3.4241,3.9078,-180.00
535.673,1787663480718,-4.3322,-3.3682,3.9078,-180.00
535.773,1787663480818,-4.3322,-3.3054,3.9078,-180.00
535.873,1787663480919,-4.3322,-3.2494,3.9078,-180.00
535.974,1787663481019,-4.3322,-3.1900,3.9078,-180.00
536.074,1787663481119,-4.3322,-3.1446,3.9078,-180.00
536.174,1787663481219,-4.3323,-3.0922,3.9078,-180.00
536.274,1787663481319,-4.3323,-3.0293,3.9078,-180.00
536.374,1787663481420,-4.3323,-2.9909,3.9078,-180.00
536.475,1787663481520,-4.3323,-2.9488,3.9078,-180.00
536.575,1787663481620,-4.3323,-2.8998,3.9078,-180.00
536.675,1787663481720,-4.3323,-2.8613,3.9079,-180.00
536.775,1787663481820,-4.3323,-2.8088,3.9079,-180.00
536.875,1787663481920,-4.3323,-2.7736,3.9079,-180.00
536.975,1787663482020,-4.3323,-2.7027,3.9080,-180.00
537.075,1787663482120,-4.3323,-2.6561,3.9080,-180.00
537.175,1787663482220,-4.3323,-2.5942,3.9080,-180.00
537.275,1787663482320,-4.3322,-2.5276,3.9080,-180.00
537.376,1787663482421,-4.3322,-2.4564,3.9080,-180.00
537.476,1787663482521,-4.3322,-2.3998,3.9080,-180.00
537.576,1787663482621,-4.3322,-2.3316,3.9080,-180.00
537.676,1787663482721,-4.3321,-2.2861,3.9080,-180.00
537.776,1787663482822,-4.3321,-2.2176,3.9080,-180.00
537.877,1787663482922,-4.3321,-2.1567,3.9080,-180.00
537.977,1787663483022,-4.3321,-2.0878,3.9080,-180.00
538.077,1787663483122,-4.3321,-2.0225,3.9080,-180.00
538.177,1787663483222,-4.3320,-1.9534,3.9080,-180.00
538.277,1787663483322,-4.3320,-1.9072,3.9080,-180.00
538.377,1787663483422,-4.3320,-1.8342,3.9079,-180.00
538.477,1787663483522,-4.3320,-1.7691,3.9079,-180.00
538.578,1787663483623,-4.3319,-1.7116,3.9079,-180.00
538.678,1787663483723,-4.3319,-1.6390,3.9078,-180.00
538.778,1787663483823,-4.3318,-1.5664,3.9078,-180.00
538.878,1787663483923,-4.3318,-1.5054,3.9078,180.00
538.978,1787663484023,-4.3317,-1.4485,3.9077,180.00
539.078,1787663484123,-4.3317,-1.3696,3.9077,180.00
539.178,1787663484223,-4.3316,-1.3024,3.9076,180.00
539.278,1787663484323,-4.3315,-1.2466,3.9076,180.00
539.378,1787663484424,-4.3315,-1.1800,3.9076,180.00
539.479,1787663484524,-4.3314,-1.1066,3.9075,180.00
539.579,1787663484624,-4.3314,-1.0555,3.9075,180.00
539.679,1787663484724,-4.3313,-1.0011,3.9075,180.00
539.779,1787663484824,-4.3312,-0.9366,3.9075,180.00
539.879,1787663484924,-4.3311,-0.8795,3.9075,179.99
539.979,1787663485024,-4.3310,-0.8262,3.9076,179.99
540.079,1787663485124,-4.3310,-0.7555,3.9076,179.99
540.179,1787663485224,-4.3309,-0.6920,3.9077,179.99
540.279,1787663485324,-4.3308,-0.6356,3.9077,180.00
540.379,1787663485425,-4.3308,-0.5725,3.9078,180.00
540.480,1787663485525,-4.3307,-0.5202,3.9079,180.00
540.580,1787663485625,-4.3306,-0.4681,3.9080,180.00
540.680,1787663485725,-4.3306,-0.4058,3.9080,180.00
540.780,1787663485825,-4.3305,-0.3334,3.9081,180.00
540.880,1787663485925,-4.3305,-0.2885,3.9082,180.00
540.980,1787663486025,-4.3305,-0.2194,3.9083,180.00
541.080,1787663486126,-4.3305,-0.1573,3.9083,180.00
541.181,1787663486226,-4.3305,-0.1022,3.9083,-180.00
541.281,1787663486326,-4.3304,-0.0438,3.9083,-180.00
541.381,1787663486426,-4.3304,0.0313,3.9084,-180.00
541.481,1787663486526,-4.3304,0.0755,3.9084,-180.00
541.581,1787663486626,-4.3304,0.1367,3.9084,-179.99
541.681,1787663486727,-4.3304,0.1877,3.9084,-179.99
541.782,1787663486827,-4.3304,0.2489,3.9085,-179.99
541.882,1787663486927,-4.3304,0.3032,3.9085,-179.99
541.982,1787663487027,-4.3304,0.3677,3.9086,-179.99
542.082,1787663487127,-4.3305,0.4289,3.9086,-179.99
542.182,1787663487227,-4.3305,0.4698,3.9087,-179.99
542.282,1787663487327,-4.3306,0.5413,3.9087,-179.99
542.382,1787663487428,-4.3306,0.6023,3.9088,-179.99
542.483,1787663487528,-4.3307,0.6634,3.9088,-179.99
542.583,1787663487628,-4.3308,0.7246,3.9088,-179.99
542.683,1787663487728,-4.3309,0.7894,3.9089,-179.99
542.783,1787663487828,-4.3309,0.8541,3.9089,-179.99
542.883,1787663487928,-4.3310,0.9052,3.9089,-179.99
542.984,1787663488029,-4.3311,0.9732,3.9089,-179.99
543.084,1787663488129,-4.3312,1.0172,3.9090,-179.99
543.184,1787663488229,-4.3313,1.0645,3.9090,-179.99
543.284,1787663488329,-4.3313,1.1283,3.9090,-179.99
543.384,1787663488429,-4.3314,1.1855,3.9090,-179.99
543.484,1787663488529,-4.3315,1.2496,3.9091,-179.99
543.584,1787663488629,-4.3316,1.3141,3.9091,-180.00
543.685,1787663488730,-4.3317,1.3721,3.9091,-180.00
543.785,1787663488830,-4.3318,1.4266,3.9091,-180.00
543.885,1787663488930,-4.3318,1.4810,3.9091,-180.00
543.985,1787663489030,-4.3319,1.5316,3.9091,-179.99
544.085,1787663489130,-4.3320,1.5956,3.9091,-179.99
544.185,1787663489230,-4.3320,1.6565,3.9092,-179.99
544.285,1787663489330,-4.3321,1.7177,3.9092,-179.99
544.385,1787663489430,-4.3322,1.7793,3.9092,-179.99
544.485,1787663489530,-4.3323,1.8340,3.9092,-179.99
544.585,1787663489631,-4.3323,1.8955,3.9092,-179.99
544.686,1787663489731,-4.3324,1.9501,3.9092,-179.99
544.786,1787663489831,-4.3325,2.0013,3.9092,-179.99
544.886,1787663489931,-4.3325,2.0627,3.9092,-179.99
544.986,1787663490031,-4.3326,2.1174,3.9092,-179.99
545.086,1787663490131,-4.3326,2.1756,3.9092,-179.99
545.186,1787663490231,-4.3326,2.2340,3.9091,-179.99
545.286,1787663490331,-4.3326,2.2856,3.9091,-179.98
545.386,1787663490431,-4.3326,2.3441,3.9091,-179.98
545.486,1787663490531,-4.3327,2.4062,3.9090,-179.98
545.586,1787663490632,-4.3327,2.4686,3.9090,-179.98
545.687,1787663490732,-4.3327,2.5276,3.9090,-179.98
545.787,1787663490832,-4.3327,2.5831,3.9090,-179.98
545.887,1787663490932,-4.3327,2.6562,3.9090,-179.98
545.987,1787663491032,-4.3328,2.7189,3.9090,-179.98
546.087,1787663491132,-4.3328,2.7712,3.9090,-179.98
546.187,1787663491232,-4.3328,2.8374,3.9090,-179.98
546.287,1787663491333,-4.3328,2.8965,3.9090,-179.98
546.388,1787663491433,-4.3329,2.9555,3.9090,-179.98
546.488,1787663491533,-4.3329,3.0216,3.9090,-179.98
546.588,1787663491633,-4.3329,3.0805,3.9090,-179.98
546.688,1787663491733,-4.3329,3.1464,3.9090,-179.99
546.789,1787663491834,-4.3329,3.2053,3.9090,-179.99
546.889,1787663491934,-4.3329,3.2640,3.9090,-179.99
546.989,1787663492034,-4.3329,3.3192,3.9089,-179.99
547.089,1787663492134,-4.3329,3.3846,3.9089,-179.99
547.189,1787663492234,-4.3329,3.4463,3.9089,-179.99
547.289,1787663492334,-4.3329,3.5078,3.9089,-179.99
547.389,1787663492434,-4.3329,3.5659,3.9089,-179.99
547.489,1787663492535,-4.3329,3.6239,3.9089,-179.99
547.590,1787663492635,-4.3329,3.6782,3.9089,-179.99
547.690,1787663492735,-4.3329,3.7289,3.9089,-179.99
547.790,1787663492835,-4.3329,3.7932,3.9089,-179.99
547.890,1787663492935,-4.3329,3.8506,3.9089,-179.99
547.990,1787663493035,-4.3329,3.9113,3.9089,-179.99
548.090,1787663493135,-4.3329,3.9687,3.9089,-179.99
548.190,1787663493235,-4.3328,4.0226,3.9089,-179.99
548.290,1787663493335,-4.3328,4.0970,3.9089,-179.99
548.390,1787663493435,-4.3327,4.1411,3.9089,-179.99
548.490,1787663493536,-4.3327,4.2021,3.9089,-179.99
548.591,1787663493636,-4.3326,4.2596,3.9089,-179.99
548.691,1787663493736,-4.3325,4.3239,3.9089,-179.99
548.791,1787663493836,-4.3324,4.3882,3.9090,-179.99
548.891,1787663493936,-4.3323,4.4323,3.9090,-179.99
548.991,1787663494036,-4.3321,4.5101,3.9091,-179.99
549.091,1787663494136,-4.3320,4.5609,3.9091,-179.99
549.191,1787663494236,-4.3319,4.6288,3.9091,-179.99
549.291,1787663494336,-4.3317,4.6933,3.9091,-179.99
549.391,1787663494437,-4.3316,4.7543,3.9092,-179.99
549.492,1787663494537,-4.3314,4.8153,3.9092,-179.99
549.592,1787663494637,-4.3313,4.8727,3.9092,-179.99
549.692,1787663494737,-4.3312,4.9265,3.9093,-179.99
549.792,1787663494837,-4.3310,4.9869,3.9093,-179.99
549.892,1787663494937,-4.3309,5.0372,3.9093,-179.99
549.992,1787663495037,-4.3308,5.0941,3.9094,-180.00
550.092,1787663495137,-4.3306,5.1510,3.9094,-180.00
550.192,1787663495237,-4.3305,5.2112,3.9094,-180.00
550.292,1787663495338,-4.3303,5.2613,3.9095,-180.00
550.393,1787663495438,-4.3302,5.3349,3.9095,-179.99
550.493,1787663495538,-4.3301,5.3986,3.9095,-179.99
550.593,1787663495638,-4.3300,5.4557,3.9095,-179.99
550.693,1787663495738,-4.3299,5.5060,3.9095,-179.99
550.793,1787663495838,-4.3298,5.5596,3.9095,-179.99
550.893,1787663495938,-4.3296,5.6299,3.9095,-179.99
550.993,1787663496038,-4.3296,5.6700,3.9095,-179.99
551.093,1787663496139,-4.3295,5.7303,3.9095,-179.99
551.194,1787663496239,-4.3293,5.8006,3.9095,-179.99
551.294,1787663496339,-4.3292,5.8544,3.9096,-179.99
551.394,1787663496439,-4.3291,5.9114,3.9096,-179.99
551.494,1787663496539,-4.3291,5.9687,3.9096,-179.99
551.594,1787663496639,-4.3290,6.0126,3.9096,-179.99
551.694,1787663496740,-4.3290,6.0732,3.9096,-179.99
551.795,1787663496840,-4.3289,6.1304,3.9096,-180.00
551.895,1787663496940,-4.3289,6.1709,3.9096,-180.00
551.995,1787663497040,-4.3288,6.2454,3.9096,-180.00
552.095,1787663497140,-4.3288,6.3031,3.9096,-180.00
552.195,1787663497240,-4.3288,6.3577,3.9097,-180.00
552.295,1787663497340,-4.3287,6.4159,3.9097,-180.00
552.395,1787663497440,-4.3287,6.4776,3.9097,-180.00
552.495,1787663497541,-4.3287,6.5326,3.9097,-180.00
552.596,1787663497641,-4.3288,6.5913,3.9098,-180.00
552.697,1787663497742,-4.3288,6.6533,3.9098,-179.99
552.797,1787663497842,-4.3289,6.7085,3.9099,-179.99
552.897,1787663497942,-4.3289,6.7604,3.9100,-179.99
552.997,1787663498042,-4.3290,6.8296,3.9100,-179.99
553.097,1787663498142,-4.3291,6.8851,3.9101,-179.99
553.197,1787663498242,-4.3291,6.9478,3.9102,-179.99
553.297,1787663498342,-4.3292,7.0072,3.9103,-179.99
553.397,1787663498442,-4.3293,7.0666,3.9103,-179.99
553.497,1787663498542,-4.3294,7.1295,3.9103,-179.99
553.597,1787663498643,-4.3295,7.1926,3.9104,-179.98
553.698,1787663498743,-4.3296,7.2593,3.9104,-179.98
553.798,1787663498843,-4.3296,7.3225,3.9104,-179.98
553.898,1787663498943,-4.3297,7.3856,3.9104,-179.98
553.999,1787663499044,-4.3297,7.4486,3.9104,-179.98
554.099,1787663499144,-4.3298,7.4904,3.9104,-179.98
554.199,1787663499244,-4.3298,7.5529,3.9104,-179.98
554.299,1787663499344,-4.3298,7.6188,3.9103,-179.98
554.400,1787663499445,-4.3298,7.6812,3.9103,-179.98
554.500,1787663499545,-4.3297,7.7402,3.9103,-179.99
554.600,1787663499645,-4.3297,7.8061,3.9103,-179.99
554.700,1787663499745,-4.3296,7.8684,3.9103,-179.99
554.800,1787663499845,-4.3296,7.9374,3.9103,-179.99
554.900,1787663499945,-4.3295,7.9923,3.9103,-179.99
555.000,1787663500045,-4.3295,8.0401,3.9103,-179.99
555.100,1787663500145,-4.3295,8.0911,3.9103,-179.99
555.200,1787663500245,-4.3294,8.1519,3.9102,-179.99
555.301,1787663500346,-4.3294,8.2132,3.9102,-179.99
555.401,1787663500446,-4.3293,8.2685,3.9101,-179.99
555.501,1787663500546,-4.3292,8.3344,3.9100,-179.99
555.601,1787663500646,-4.3292,8.4028,3.9100,-179.99
555.701,1787663500746,-4.3291,8.4562,3.9100,-179.99
555.801,1787663500846,-4.3290,8.5110,3.9099,-179.99
555.901,1787663500947,-4.3290,8.5638,3.9100,-179.99
556.002,1787663501047,-4.3289,8.6142,3.9100,-179.99
556.102,1787663501147,-4.3288,8.6649,3.9100,-179.99
556.202,1787663501247,-4.3288,8.7075,3.9100,-179.99
556.302,1787663501347,-4.3287,8.7524,3.9100,-179.99
556.402,1787663501447,-4.3287,8.7896,3.9101,-179.99
556.502,1787663501547,-4.3286,8.8282,3.9101,-179.99
556.602,1787663501647,-4.3286,8.8635,3.9100,-179.99
556.703,1787663501748,-4.3285,8.8936,3.9100,-179.99
556.803,1787663501848,-4.3285,8.9161,3.9099,-179.99
556.903,1787663501948,-4.3284,8.9449,3.9098,-179.99
557.003,1787663502048,-4.3284,8.9639,3.9098,-179.99
557.103,1787663502148,-4.3283,8.9859,3.9096,-179.99
557.203,1787663502248,-4.3282,9.0026,3.9095,-179.99
557.303,1787663502348,-4.3282,9.0144,3.9094,-179.99
557.403,1787663502448,-4.3282,9.0250,3.9093,-179.99
557.503,1787663502549,-4.3281,9.0352,3.9091,-179.98
557.604,1787663502649,-4.3281,9.0421,3.9090,-179.98
557.704,1787663502749,-4.3281,9.0473,3.9089,-179.98
557.804,1787663502849,-4.3281,9.0512,3.9088,-179.98
557.904,1787663502949,-4.3281,9.0528,3.9087,-179.98
558.004,1787663503049,-4.3280,9.0532,3.9086,-179.98
558.104,1787663503149,-4.3280,9.0525,3.9086,-179.98
558.204,1787663503249,-4.3280,9.0507,3.9085,-179.98
558.304,1787663503349,-4.3280,9.0483,3.9085,-179.98
558.404,1787663503449,-4.3280,9.0452,3.9085,-179.98
558.504,1787663503550,-4.3279,9.0408,3.9085,-179.99
558.605,1787663503650,-4.3279,9.0364,3.9085,-179.99
558.705,1787663503750,-4.3279,9.0314,3.9086,-179.99
558.805,1787663503850,-4.3279,9.0261,3.9086,-180.00
558.905,1787663503951,-4.3280,9.0206,3.9087,180.00
559.006,1787663504051,-4.3280,9.0163,3.9087,180.00
559.106,1787663504151,-4.3280,9.0105,3.9088,180.00
559.206,1787663504251,-4.3280,9.0050,3.9089,179.99
559.306,1787663504351,-4.3281,8.9996,3.9090,179.99
559.406,1787663504451,-4.3282,8.9947,3.9091,179.99
559.506,1787663504551,-4.3282,8.9900,3.9091,179.99
559.606,1787663504651,-4.3283,8.9857,3.9092,179.99
559.706,1787663504751,-4.3284,8.9817,3.9093,179.99
559.806,1787663504852,-4.3285,8.9773,3.9093,180.00
559.907,1787663504952,-4.3286,8.9729,3.9094,180.00
560.007,1787663505052,-4.3287,8.9707,3.9095,180.00
560.107,1787663505152,-4.3288,8.9671,3.9095,180.00
560.207,1787663505252,-4.3290,8.9640,3.9096,-180.00
560.307,1787663505352,-4.3291,8.9612,3.9096,-180.00
560.407,1787663505452,-4.3292,8.9591,3.9097,-179.99
560.507,1787663505553,-4.3294,8.9567,3.9097,-179.99
560.608,1787663505653,-4.3295,8.9551,3.9097,-179.99
560.708,1787663505753,-4.3297,8.9535,3.9098,-179.99
560.808,1787663505853,-4.3299,8.9520,3.9098,-179.99
560.908,1787663505953,-4.3300,8.9510,3.9098,-179.99
561.008,1787663506053,-4.3301,8.9500,3.9099,-179.99
561.108,1787663506153,-4.3303,8.9492,3.9099,-179.99
561.208,1787663506253,-4.3304,8.9487,3.9099,-179.99
561.308,1787663506353,-4.3305,8.9483,3.9099,-179.99
561.408,1787663506453,-4.3306,8.9480,3.9099,-179.99
561.509,1787663506554,-4.3306,8.9479,3.9100,-180.00
561.609,1787663506654,-4.3307,8.9479,3.9100,-180.00
561.709,1787663506754,-4.3308,8.9481,3.9099,-180.00
561.809,1787663506854,-4.3308,8.9483,3.9099,-180.00
561.909,1787663506954,-4.3307,8.9486,3.9099,180.00
562.009,1787663507054,-4.3307,8.9490,3.9099,180.00
562.110,1787663507155,-4.3307,8.9495,3.9099,180.00
562.210,1787663507255,-4.3306,8.9500,3.9099,180.00
562.310,1787663507355,-4.3305,8.9505,3.9099,180.00
562.411,1787663507456,-4.3305,8.9511,3.9099,180.00
562.511,1787663507556,-4.3304,8.9517,3.9099,180.00
562.611,1787663507656,-4.3303,8.9523,3.9099,179.99
562.711,1787663507756,-4.3302,8.9530,3.9099,179.99
562.811,1787663507856,-4.3301,8.9538,3.9099,179.99
562.911,1787663507956,-4.3300,8.9544,3.9099,179.99
563.011,1787663508056,-4.3299,8.9549,3.9098,179.99
563.111,1787663508156,-4.3298,8.9559,3.9098,180.00
563.211,1787663508257,-4.3297,8.9563,3.9098,180.00
563.312,1787663508357,-4.3296,8.9570,3.9098,180.00
563.412,1787663508457,-4.3295,8.9577,3.9098,180.00
563.512,1787663508557,-4.3294,8.9584,3.9098,180.00
563.612,1787663508657,-4.3293,8.9590,3.9097,180.00
563.712,1787663508757,-4.3292,8.9597,3.9097,180.00
563.812,1787663508857,-4.3290,8.9602,3.9097,180.00
563.912,1787663508957,-4.3289,8.9606,3.9097,180.00
564.013,1787663509058,-4.3288,8.9612,3.9097,180.00
564.113,1787663509158,-4.3286,8.9619,3.9097,180.00
564.213,1787663509258,-4.3285,8.9624,3.9097,180.00
564.313,1787663509358,-4.3283,8.9630,3.9097,180.00
564.413,1787663509458,-4.3282,8.9637,3.9098,180.00
564.516,1787663509561,-4.3281,8.9642,3.9098,180.00
564.616,1787663509661,-4.3280,8.9647,3.9098,180.00
564.716,1787663509761,-4.3279,8.9654,3.9099,180.00
564.816,1787663509861,-4.3278,8.9659,3.9099,180.00
564.916,1787663509961,-4.3277,8.9664,3.9099,180.00
565.016,1787663510061,-4.3276,8.9669,3.9099,180.00
565.116,1787663510162,-4.3276,8.9673,3.9100,180.00
565.217,1787663510262,-4.3275,8.9679,3.9100,180.00
565.317,1787663510362,-4.3275,8.9684,3.9100,180.00
565.417,1787663510462,-4.3275,8.9688,3.9100,180.00
565.517,1787663510562,-4.3274,8.9693,3.9101,180.00
565.617,1787663510662,-4.3274,8.9697,3.9101,180.00
565.717,1787663510763,-4.3274,8.9701,3.9101,180.00
565.818,1787663510863,-4.3273,8.9705,3.9100,180.00
565.918,1787663510963,-4.3273,8.9709,3.9100,179.99
566.018,1787663511063,-4.3272,8.9715,3.9101,179.94
566.118,1787663511163,-4.3272,8.9718,3.9103,179.75
566.220,1787663511265,-4.3271,8.9718,3.9108,179.32
566.321,1787663511366,-4.3271,8.9716,3.9114,178.57
566.421,1787663511466,-4.3270,8.9714,3.9121,177.63
566.521,1787663511566,-4.3269,8.9714,3.9129,176.40
566.621,1787663511666,-4.3268,8.9717,3.9140,174.49
566.721,1787663511766,-4.3266,8.9724,3.9152,171.99
566.821,1787663511866,-4.3264,8.9733,3.9161,169.52
566.921,1787663511966,-4.3261,8.9744,3.9170,166.58
567.021,1787663512067,-4.3258,8.9755,3.9176,163.37
567.122,1787663512167,-4.3254,8.9765,3.9179,160.15
567.222,1787663512267,-4.3250,8.9772,3.9181,156.78
567.322,1787663512367,-4.3245,8.9779,3.9180,152.64
567.422,1787663512467,-4.3241,8.9782,3.9177,148.65
567.522,1787663512567,-4.3238,8.9782,3.9172,144.45
567.622,1787663512667,-4.3236,8.9778,3.9167,140.74
567.722,1787663512767,-4.3235,8.9770,3.9160,136.90
567.822,1787663512867,-4.3237,8.9760,3.9154,133.60
567.922,1787663512968,-4.3240,8.9745,3.9148,130.03
568.023,1787663513068,-4.3244,8.9731,3.9142,127.35
568.123,1787663513168,-4.3254,8.9707,3.9134,123.30
568.223,1787663513268,-4.3263,8.9689,3.9129,120.45
568.323,1787663513368,-4.3273,8.9666,3.9122,117.19
568.423,1787663513468,-4.3282,8.9647,3.9117,114.52
568.523,1787663513568,-4.3293,8.9625,3.9112,111.43
568.623,1787663513669,-4.3303,8.9607,3.9108,108.73
568.724,1787663513769,-4.3314,8.9586,3.9103,105.61
568.824,1787663513869,-4.3324,8.9569,3.9100,102.82
568.924,1787663513969,-4.3331,8.9556,3.9097,100.36
569.024,1787663514069,-4.3338,8.9543,3.9095,97.59
569.125,1787663514170,-4.3343,8.9533,3.9093,95.12
569.225,1787663514270,-4.3347,8.9522,3.9091,91.83
569.325,1787663514370,-4.3348,8.9514,3.9089,88.81
569.425,1787663514470,-4.3348,8.9511,3.9089,86.87
569.525,1787663514570,-4.3347,8.9506,3.9088,83.43
569.625,1787663514670,-4.3343,8.9504,3.9088,80.60
569.725,1787663514770,-4.3339,8.9503,3.9087,77.74
569.825,1787663514870,-4.3333,8.9503,3.9087,74.84
569.925,1787663514971,-4.3327,8.9505,3.9086,71.41
570.026,1787663515071,-4.3321,8.9507,3.9086,68.47
570.126,1787663515171,-4.3315,8.9510,3.9086,65.51
570.226,1787663515271,-4.3307,8.9515,3.9085,62.04
570.326,1787663515371,-4.3300,8.9520,3.9085,58.91
570.426,1787663515471,-4.3294,8.9526,3.9085,55.96
570.526,1787663515571,-4.3289,8.9531,3.9085,53.37
570.626,1787663515671,-4.3284,8.9538,3.9085,50.43
570.726,1787663515771,-4.3280,8.9545,3.9085,47.67
570.827,1787663515872,-4.3275,8.9552,3.9085,44.74
570.927,1787663515972,-4.3272,8.9559,3.9085,41.81
571.027,1787663516072,-4.3268,8.9567,3.9085,38.53
571.127,1787663516172,-4.3265,8.9574,3.9085,35.76
571.227,1787663516272,-4.3262,8.9582,3.9086,32.47
571.327,1787663516372,-4.3260,8.9588,3.9086,29.52
571.427,1787663516472,-4.3257,8.9594,3.9087,26.74
571.527,1787663516573,-4.3255,8.9600,3.9087,23.77
571.628,1787663516673,-4.3254,8.9605,3.9087,21.31
571.728,1787663516773,-4.3252,8.9610,3.9088,18.50
571.828,1787663516873,-4.3251,8.9615,3.9088,15.14
571.928,1787663516973,-4.3250,8.9619,3.9089,12.30
572.028,1787663517073,-4.3250,8.9622,3.9090,9.31
572.128,1787663517173,-4.3249,8.9624,3.9093,6.12
572.228,1787663517273,-4.3249,8.9624,3.9097,3.19
572.328,1787663517373,-4.3249,8.9624,3.9101,1.02
572.428,1787663517474,-4.3250,8.9631,3.9110,-1.44
572.529,1787663517574,-4.3251,8.9641,3.9117,-2.95
572.629,1787663517674,-4.3252,8.9655,3.9124,-3.97
572.729,1787663517774,-4.3254,8.9674,3.9132,-4.63
572.829,1787663517874,-4.3254,8.9692,3.9137,-4.85
572.929,1787663517974,-4.3255,8.9712,3.9142,-4.81
573.029,1787663518074,-4.3256,8.9733,3.9146,-4.51
573.129,1787663518174,-4.3256,8.9757,3.9148,-3.90
573.229,1787663518274,-4.3257,8.9776,3.9148,-3.18
573.329,1787663518375,-4.3257,8.9793,3.9147,-2.38
573.430,1787663518475,-4.3258,8.9804,3.9144,-1.64
573.530,1787663518575,-4.3259,8.9812,3.9140,-0.83
573.630,1787663518675,-4.3260,8.9815,3.9136,-0.12
573.730,1787663518775,-4.3261,8.9815,3.9132,0.46
573.830,1787663518875,-4.3262,8.9809,3.9127,1.05
573.930,1787663518975,-4.3263,8.9800,3.9123,1.45
574.030,1787663519075,-4.3264,8.9788,3.9118,1.73
574.130,1787663519175,-4.3265,8.9772,3.9114,1.91
574.230,1787663519275,-4.3266,8.9756,3.9110,1.98
574.330,1787663519376,-4.3267,8.9739,3.9107,1.96
574.431,1787663519476,-4.3268,8.9716,3.9103,1.85
574.531,1787663519576,-4.3269,8.9694,3.9100,1.68
574.631,1787663519676,-4.3270,8.9674,3.9098,1.48
574.731,1787663519776,-4.3270,8.9653,3.9095,1.23
574.831,1787663519876,-4.3271,8.9633,3.9092,0.96
574.931,1787663519976,-4.3272,8.9615,3.9090,0.70
575.031,1787663520076,-4.3280,8.9603,3.9089,0.51
575.134,1787663520179,-4.3294,8.9593,3.9088,0.33
575.234,1787663520279,-4.3309,8.9583,3.9087,0.18
575.334,1787663520379,-4.3320,8.9576,3.9088,0.05
575.434,1787663520479,-4.3320,8.9569,3.9089,-0.06
575.534,1787663520580,-4.3305,8.9564,3.9090,-0.14
575.635,1787663520680,-4.3268,8.9561,3.9092,-0.19
575.735,1787663520780,-4.3204,8.9560,3.9094,-0.21
575.835,1787663520880,-4.3116,8.9562,3.9097,-0.20
575.935,1787663520980,-4.2993,8.9566,3.9099,-0.17
576.035,1787663521081,-4.2848,8.9572,3.9101,-0.12
576.136,1787663521181,-4.2682,8.9580,3.9102,-0.07
576.236,1787663521281,-4.2527,8.9587,3.9103,-0.02
576.336,1787663521381,-4.2281,8.9599,3.9104,0.04
576.436,1787663521481,-4.2045,8.9610,3.9103,0.09
576.536,1787663521581,-4.1798,8.9621,3.9101,0.14
576.636,1787663521681,-4.1410,8.9639,3.9098,0.20
576.736,1787663521781,-4.1055,8.9655,3.9094,0.24
576.836,1787663521881,-4.0684,8.9671,3.9091,0.27
576.937,1787663521982,-4.0301,8.9687,3.9088,0.30
577.037,1787663522082,-3.9957,8.9702,3.9085,0.31
577.137,1787663522182,-3.9449,8.9722,3.9082,0.31
577.237,1787663522282,-3.9127,8.9735,3.9080,0.30
577.337,1787663522382,-3.8741,8.9750,3.9079,0.29
577.437,1787663522482,-3.8384,8.9764,3.9078,0.27
577.537,1787663522582,-3.7995,8.9780,3.9078,0.25
577.637,1787663522683,-3.7641,8.9793,3.9078,0.23
577.738,1787663522783,-3.7342,8.9805,3.9078,0.21
577.838,1787663522883,-3.7001,8.9818,3.9079,0.19
577.938,1787663522983,-3.6750,8.9828,3.9079,0.17
578.038,1787663523083,-3.6432,8.9841,3.9080,0.14
578.138,1787663523183,-3.6140,8.9853,3.9081,0.12
578.238,1787663523283,-3.5902,8.9863,3.9081,0.11
578.338,1787663523383,-3.5697,8.9871,3.9081,0.10
578.438,1787663523484,-3.5479,8.9879,3.9081,0.08
578.539,1787663523584,-3.5277,8.9887,3.9080,0.08
578.639,1787663523684,-3.5120,8.9893,3.9079,0.07
578.739,1787663523784,-3.5020,8.9897,3.9079,0.07
578.839,1787663523884,-3.4907,8.9902,3.9078,0.07
578.939,1787663523984,-3.4817,8.9905,3.9078,0.07
579.039,1787663524084,-3.4738,8.9909,3.9078,0.07
579.139,1787663524184,-3.4662,8.9913,3.9077,0.07
579.239,1787663524284,-3.4617,8.9916,3.9076,0.07
579.340,1787663524385,-3.4587,8.9918,3.9075,0.08
579.440,1787663524485,-3.4568,8.9919,3.9075,0.08
579.540,1787663524585,-3.4557,8.9921,3.9074,0.08
579.640,1787663524686,-3.4556,8.9922,3.9074,0.08
579.741,1787663524786,-3.4563,8.9923,3.9074,0.08
579.841,1787663524886,-3.4576,8.9923,3.9074,0.08
579.941,1787663524986,-3.4598,8.9924,3.9074,0.08
580.041,1787663525086,-3.4624,8.9924,3.9075,0.08
580.141,1787663525186,-3.4659,8.9924,3.9076,0.08
580.241,1787663525286,-3.4697,8.9924,3.9077,0.07
580.341,1787663525386,-3.4736,8.9924,3.9078,0.07
580.441,1787663525486,-3.4767,8.9923,3.9078,0.07
580.541,1787663525586,-3.4813,8.9922,3.9079,0.06
580.641,1787663525687,-3.4853,8.9922,3.9081,0.06
580.742,1787663525787,-3.4896,8.9922,3.9082,0.06
580.842,1787663525887,-3.4940,8.9921,3.9083,0.05
580.942,1787663525987,-3.4964,8.9921,3.9084,0.05
581.042,1787663526087,-3.5009,8.9921,3.9085,0.05
581.142,1787663526187,-3.5045,8.9921,3.9086,0.05
581.242,1787663526287,-3.5076,8.9921,3.9087,0.05
581.342,1787663526387,-3.5109,8.9920,3.9088,0.05
581.442,1787663526487,-3.5142,8.9920,3.9089,0.05
581.542,1787663526588,-3.5168,8.9920,3.9089,0.05
581.643,1787663526688,-3.5194,8.9919,3.9090,0.05
581.743,1787663526788,-3.5217,8.9919,3.9091,0.05
581.843,1787663526888,-3.5238,8.9919,3.9091,0.04
581.943,1787663526988,-3.5258,8.9919,3.9092,0.04
582.043,1787663527088,-3.5274,8.9919,3.9093,0.04
582.143,1787663527188,-3.5288,8.9919,3.9093,0.04
582.243,1787663527288,-3.5299,8.9919,3.9094,0.04
582.343,1787663527388,-3.5310,8.9919,3.9094,0.04
582.443,1787663527489,-3.5320,8.9920,3.9095,0.04
582.544,1787663527589,-3.5328,8.9920,3.9095,0.04
582.644,1787663527689,-3.5334,8.9920,3.9095,0.04
582.744,1787663527789,-3.5340,8.9921,3.9095,0.04
582.844,1787663527889,-3.5344,8.9921,3.9096,0.03
582.944,1787663527989,-3.5346,8.9922,3.9096,0.03
583.044,1787663528089,-3.5349,8.9922,3.9096,0.03
583.144,1787663528189,-3.5351,8.9922,3.9096,0.03
583.244,1787663528289,-3.5351,8.9922,3.9096,0.03
583.345,1787663528390,-3.5352,8.9922,3.9097,0.03
583.445,1787663528490,-3.5352,8.9922,3.9097,0.03
583.545,1787663528590,-3.5351,8.9922,3.9097,0.03
583.645,1787663528690,-3.5350,8.9921,3.9097,0.03
583.745,1787663528790,-3.5349,8.9921,3.9097,0.03
583.845,1787663528890,-3.5347,8.9921,3.9097,0.03
583.945,1787663528990,-3.5345,8.9921,3.9097,0.03
584.045,1787663529090,-3.5343,8.9921,3.9097,0.03
584.145,1787663529190,-3.5342,8.9920,3.9097,0.03
584.245,1787663529291,-3.5339,8.9919,3.9097,0.03
584.346,1787663529391,-3.5337,8.9919,3.9097,0.03
584.446,1787663529491,-3.5334,8.9918,3.9097,0.03
584.546,1787663529591,-3.5332,8.9918,3.9097,0.03
584.646,1787663529691,-3.5330,8.9918,3.9097,0.02
584.746,1787663529791,-3.5328,8.9917,3.9097,0.02
584.846,1787663529891,-3.5326,8.9917,3.9097,0.02
584.946,1787663529991,-3.5323,8.9916,3.9097,0.02
585.046,1787663530091,-3.5321,8.9916,3.9097,0.02
585.146,1787663530192,-3.5319,8.9916,3.9098,0.02
585.247,1787663530292,-3.5317,8.9915,3.9098,0.02
585.347,1787663530392,-3.5315,8.9915,3.9098,0.02
585.447,1787663530492,-3.5314,8.9915,3.9098,0.02
585.547,1787663530592,-3.5312,8.9915,3.9098,0.02
585.648,1787663530693,-3.5310,8.9914,3.9099,0.02
585.748,1787663530793,-3.5308,8.9914,3.9099,0.02
585.848,1787663530893,-3.5306,8.9913,3.9099,0.02
585.948,1787663530993,-3.5304,8.9913,3.9100,0.02
586.048,1787663531093,-3.5302,8.9913,3.9100,0.02
586.148,1787663531193,-3.5301,8.9912,3.9100,0.02
586.248,1787663531293,-3.5299,8.9912,3.9101,0.02
586.348,1787663531393,-3.5297,8.9911,3.9101,0.02
586.448,1787663531494,-3.5295,8.9911,3.9101,0.02
586.549,1787663531594,-3.5294,8.9911,3.9101,0.02
586.649,1787663531694,-3.5292,8.9911,3.9101,0.02
586.749,1787663531794,-3.5291,8.9912,3.9102,0.02
586.849,1787663531894,-3.5289,8.9912,3.9102,0.02
586.949,1787663531994,-3.5288,8.9912,3.9103,0.02
587.049,1787663532094,-3.5286,8.9912,3.9103,0.01
587.149,1787663532195,-3.5285,8.9913,3.9103,0.01
587.250,1787663532295,-3.5282,8.9922,3.9104,0.01
587.350,1787663532395,-3.5281,8.9937,3.9105,0.01
587.450,1787663532495,-3.5280,8.9951,3.9106,0.01
587.550,1787663532595,-3.5280,8.9957,3.9107,0.01
587.650,1787663532695,-3.5280,8.9946,3.9109,0.01
587.750,1787663532795,-3.5280,8.9932,3.9110,0.01
587.850,1787663532895,-3.5281,8.9887,3.9112,0.01
587.950,1787663532995,-3.5281,8.9827,3.9114,0.01
588.050,1787663533095,-3.5282,8.9750,3.9116,0.01
588.150,1787663533196,-3.5283,8.9629,3.9118,0.01
588.251,1787663533296,-3.5284,8.9503,3.9119,0.01
588.351,1787663533396,-3.5285,8.9353,3.9121,0.01
588.451,1787663533496,-3.5286,8.9127,3.9122,0.00
588.551,1787663533596,-3.5287,8.8860,3.9124,0.00
588.651,1787663533696,-3.5288,8.8568,3.9124,0.00
588.751,1787663533796,-3.5289,8.8297,3.9124,0.00
588.851,1787663533896,-3.5290,8.8002,3.9124,0.00
588.952,1787663533997,-3.5291,8.7619,3.9123,-0.00
589.052,1787663534097,-3.5291,8.7180,3.9122,-0.00
589.152,1787663534197,-3.5291,8.6730,3.9120,-0.01
589.252,1787663534297,-3.5291,8.6195,3.9118,-0.01
589.352,1787663534397,-3.5291,8.5713,3.9116,-0.01
589.452,1787663534497,-3.5290,8.5149,3.9114,-0.01
589.552,1787663534597,-3.5289,8.4561,3.9111,-0.01
589.652,1787663534697,-3.5288,8.4051,3.9110,-0.01
589.752,1787663534797,-3.5287,8.3461,3.9108,-0.01
589.852,1787663534898,-3.5286,8.2857,3.9106,-0.01
589.953,1787663534998,-3.5285,8.2241,3.9105,-0.01
590.053,1787663535098,-3.5284,8.1650,3.9104,-0.01
590.153,1787663535198,-3.5282,8.1015,3.9103,-0.01
590.253,1787663535298,-3.5281,8.0550,3.9103,-0.01
590.353,1787663535398,-3.5280,8.0046,3.9102,-0.01
590.453,1787663535498,-3.5278,7.9504,3.9102,-0.01
590.553,1787663535598,-3.5277,7.8852,3.9102,-0.01
590.653,1787663535699,-3.5275,7.8009,3.9101,-0.01
590.754,1787663535799,-3.5273,7.7378,3.9101,-0.01
590.854,1787663535899,-3.5272,7.6745,3.9100,-0.01
590.954,1787663535999,-3.5270,7.6147,3.9100,-0.01
591.054,1787663536099,-3.5269,7.5476,3.9100,-0.01
591.154,1787663536199,-3.5267,7.4770,3.9100,-0.01
591.254,1787663536299,-3.5266,7.4103,3.9099,-0.01
591.354,1787663536399,-3.5264,7.3437,3.9099,-0.01
591.454,1787663536499,-3.5262,7.2774,3.9099,-0.01
591.555,1787663536600,-3.5261,7.2151,3.9098,-0.01
591.655,1787663536700,-3.5260,7.1604,3.9098,-0.01
591.755,1787663536800,-3.5258,7.0878,3.9097,-0.01
591.855,1787663536900,-3.5256,7.0014,3.9097,-0.00
591.955,1787663537000,-3.5255,6.9333,3.9096,-0.00
592.055,1787663537100,-3.5254,6.8798,3.9095,-0.00
592.155,1787663537200,-3.5253,6.8232,3.9095,-0.00
592.255,1787663537300,-3.5251,6.7603,3.9094,-0.00
592.355,1787663537401,-3.5250,6.6979,3.9094,-0.00
592.456,1787663537501,-3.5249,6.6360,3.9093,-0.00
592.556,1787663537601,-3.5247,6.5678,3.9093,-0.00
592.656,1787663537701,-3.5246,6.5068,3.9092,-0.00
592.756,1787663537801,-3.5245,6.4561,3.9092,-0.00
592.856,1787663537901,-3.5244,6.3988,3.9092,-0.00
592.956,1787663538001,-3.5242,6.3386,3.9091,-0.00
593.056,1787663538101,-3.5241,6.2852,3.9091,-0.00
593.156,1787663538201,-3.5239,6.2252,3.9091,-0.00
593.256,1787663538302,-3.5238,6.1687,3.9091,-0.00
593.357,1787663538402,-3.5236,6.1058,3.9092,-0.01
593.457,1787663538502,-3.5235,6.0628,3.9092,-0.01
593.557,1787663538602,-3.5233,6.0033,3.9092,-0.01
593.657,1787663538702,-3.5232,5.9406,3.9093,-0.01
593.757,1787663538802,-3.5230,5.8844,3.9093,-0.01
593.857,1787663538902,-3.5228,5.8316,3.9093,-0.01
593.957,1787663539002,-3.5227,5.7820,3.9094,-0.01
594.057,1787663539103,-3.5225,5.7193,3.9094,-0.01
594.158,1787663539203,-3.5223,5.6564,3.9095,-0.00
594.258,1787663539303,-3.5221,5.6066,3.9096,-0.00
594.358,1787663539403,-3.5220,5.5501,3.9096,-0.00
594.458,1787663539503,-3.5218,5.4866,3.9097,0.00
594.558,1787663539603,-3.5216,5.4263,3.9098,0.00
594.658,1787663539703,-3.5214,5.3657,3.9098,0.00
594.758,1787663539803,-3.5212,5.3152,3.9098,0.01
594.858,1787663539903,-3.5210,5.2543,3.9099,0.01
594.958,1787663540004,-3.5209,5.2037,3.9099,0.01
595.059,1787663540104,-3.5207,5.1430,3.9100,0.01
595.159,1787663540204,-3.5205,5.0788,3.9100,0.01
595.259,1787663540305,-3.5204,5.0315,3.9101,0.01
595.360,1787663540405,-3.5203,4.9741,3.9101,0.01
595.460,1787663540505,-3.5201,4.9130,3.9102,0.01
595.560,1787663540605,-3.5199,4.8449,3.9102,0.01
595.660,1787663540705,-3.5198,4.7833,3.9102,0.01
595.760,1787663540805,-3.5197,4.7217,3.9102,0.01
595.860,1787663540905,-3.5196,4.6770,3.9102,0.01
595.960,1787663541005,-3.5194,4.6120,3.9103,0.00
596.061,1787663541106,-3.5193,4.5470,3.9103,0.00
596.161,1787663541206,-3.5192,4.4819,3.9103,0.00
596.261,1787663541306,-3.5191,4.4340,3.9103,0.00
596.361,1787663541406,-3.5190,4.3794,3.9103,0.00
596.461,1787663541506,-3.5190,4.3182,3.9103,0.00
596.562,1787663541607,-3.5189,4.2605,3.9104,0.00
596.662,1787663541707,-3.5188,4.2061,3.9104,0.00
596.762,1787663541807,-3.5187,4.1415,3.9104,0.00
596.862,1787663541907,-3.5187,4.0902,3.9104,0.00
596.962,1787663542007,-3.5186,4.0287,3.9104,0.00
597.062,1787663542107,-3.5184,3.9637,3.9103,0.00
597.162,1787663542207,-3.5183,3.8987,3.9103,0.00
597.262,1787663542308,-3.5182,3.8370,3.9103,0.00
597.363,1787663542408,-3.5182,3.7857,3.9103,0.00
597.463,1787663542508,-3.5180,3.7244,3.9102,0.00
597.563,1787663542608,-3.5180,3.6631,3.9102,-0.00
597.663,1787663542708,-3.5179,3.6086,3.9102,-0.00
597.763,1787663542808,-3.5178,3.5542,3.9102,-0.00
597.863,1787663542908,-3.5177,3.4897,3.9103,-0.00
597.963,1787663543008,-3.5176,3.4253,3.9102,-0.00
598.063,1787663543108,-3.5175,3.3642,3.9102,-0.00
598.163,1787663543208,-3.5174,3.3030,3.9102,-0.00
598.263,1787663543309,-3.5174,3.2487,3.9103,-0.00
598.364,1787663543409,-3.5172,3.1879,3.9103,-0.00
598.464,1787663543509,-3.5172,3.1341,3.9103,0.00
598.564,1787663543609,-3.5171,3.0802,3.9102,0.00
598.664,1787663543709,-3.5170,3.0229,3.9102,0.00
598.764,1787663543809,-3.5169,2.9724,3.9102,0.00
598.864,1787663543909,-3.5167,2.9118,3.9102,0.00
598.964,1787663544009,-3.5166,2.8511,3.9102,0.00
599.064,1787663544109,-3.5165,2.7938,3.9102,0.00
599.164,1787663544210,-3.5164,2.7363,3.9102,0.00
599.265,1787663544310,-3.5162,2.6821,3.9102,0.00
599.365,1787663544410,-3.5161,2.6210,3.9102,0.00
599.465,1787663544510,-3.5160,2.5599,3.9102,0.00
599.565,1787663544610,-3.5158,2.5022,3.9102,-0.00
599.665,1787663544710,-3.5157,2.4478,3.9102,-0.00
599.765,1787663544810,-3.5155,2.3901,3.9102,-0.00
599.865,1787663544910,-3.5153,2.3290,3.9102,-0.00
599.965,1787663545011,-3.5151,2.2643,3.9102,-0.00
600.066,1787663545111,-3.5149,2.2028,3.9103,-0.00
600.166,1787663545211,-3.5147,2.1618,3.9103,-0.00
600.267,1787663545312,-3.5145,2.0866,3.9103,-0.00
600.367,1787663545412,-3.5143,2.0321,3.9103,-0.00
600.467,1787663545513,-3.5141,1.9776,3.9103,0.00
600.568,1787663545613,-3.5139,1.9126,3.9103,0.00
600.668,1787663545713,-3.5137,1.8579,3.9103,0.00
600.768,1787663545813,-3.5135,1.8031,3.9103,0.00
600.868,1787663545913,-3.5132,1.7446,3.9103,0.00
600.968,1787663546013,-3.5130,1.6897,3.9103,0.00
601.068,1787663546113,-3.5128,1.6381,3.9103,0.00
601.168,1787663546214,-3.5126,1.5764,3.9102,0.00
601.269,1787663546314,-3.5124,1.5250,3.9102,0.00
601.369,1787663546414,-3.5121,1.4667,3.9102,0.00
601.469,1787663546514,-3.5119,1.4047,3.9102,0.00
601.569,1787663546614,-3.5117,1.3458,3.9102,0.00
601.669,1787663546714,-3.5115,1.2799,3.9102,0.00
601.769,1787663546814,-3.5113,1.2102,3.9101,0.00
601.869,1787663546915,-3.5111,1.1441,3.9101,0.00
601.970,1787663547015,-3.5110,1.0813,3.9101,0.00
602.070,1787663547115,-3.5108,1.0291,3.9100,0.00
602.170,1787663547215,-3.5107,0.9563,3.9100,0.00
602.270,1787663547315,-3.5105,0.8940,3.9100,0.00
602.370,1787663547415,-3.5104,0.8389,3.9101,0.00
602.470,1787663547515,-3.5103,0.7805,3.9101,0.00
602.570,1787663547615,-3.5102,0.7189,3.9101,0.00
602.670,1787663547715,-3.5101,0.6607,3.9101,0.00
602.770,1787663547816,-3.5099,0.6025,3.9101,0.00
602.871,1787663547916,-3.5098,0.5378,3.9101,0.00
602.971,1787663548016,-3.5098,0.4834,3.9100,0.00
603.071,1787663548116,-3.5097,0.4189,3.9101,0.00
603.171,1787663548216,-3.5096,0.3580,3.9101,0.00
603.271,1787663548316,-3.5095,0.3007,3.9101,-0.00
603.371,1787663548416,-3.5094,0.2368,3.9101,-0.00
603.471,1787663548516,-3.5093,0.1866,3.9102,0.00
603.571,1787663548616,-3.5092,0.1230,3.9102,0.00
603.671,1787663548717,-3.5091,0.0594,3.9102,0.00
603.772,1787663548817,-3.5090,0.0025,3.9103,0.00
603.872,1787663548917,-3.5089,-0.0477,3.9103,0.00
603.972,1787663549017,-3.5088,-0.1110,3.9103,0.00
604.072,1787663549117,-3.5087,-0.1675,3.9104,0.01
604.172,1787663549217,-3.5087,-0.2174,3.9104,0.01
604.272,1787663549317,-3.5086,-0.2738,3.9105,0.01
604.372,1787663549417,-3.5085,-0.3269,3.9105,0.01
604.472,1787663549517,-3.5084,-0.3835,3.9106,0.01
604.572,1787663549618,-3.5083,-0.4402,3.9106,0.01
604.673,1787663549718,-3.5082,-0.4937,3.9107,0.01
604.773,1787663549818,-3.5081,-0.5439,3.9107,0.01
604.873,1787663549918,-3.5080,-0.5940,3.9108,0.01
604.973,1787663550018,-3.5079,-0.6475,3.9108,0.01
605.073,1787663550118,-3.5078,-0.7082,3.9109,0.01
605.173,1787663550218,-3.5077,-0.7624,3.9109,0.01
605.273,1787663550318,-3.5076,-0.8135,3.9110,0.01
605.373,1787663550419,-3.5075,-0.8718,3.9110,0.01
605.474,1787663550519,-3.5074,-0.9302,3.9110,0.01
605.574,1787663550619,-3.5073,-0.9923,3.9110,0.01
605.674,1787663550719,-3.5071,-1.0619,3.9111,0.01
605.774,1787663550819,-3.5070,-1.1320,3.9111,0.01
605.874,1787663550919,-3.5069,-1.1881,3.9110,0.01
605.974,1787663551019,-3.5068,-1.2302,3.9110,0.01
606.074,1787663551120,-3.5068,-1.2863,3.9110,0.01
606.175,1787663551220,-3.5066,-1.3597,3.9109,0.01
606.275,1787663551320,-3.5065,-1.4123,3.9109,0.01
606.375,1787663551420,-3.5064,-1.4757,3.9108,0.01
606.475,1787663551520,-3.5063,-1.5358,3.9108,0.01
606.575,1787663551620,-3.5062,-1.5888,3.9107,0.01
606.675,1787663551720,-3.5061,-1.6559,3.9107,0.01
606.775,1787663551820,-3.5060,-1.7158,3.9106,0.01
606.875,1787663551921,-3.5059,-1.7685,3.9106,0.01
606.976,1787663552021,-3.5058,-1.8317,3.9106,0.01
607.076,1787663552121,-3.5057,-1.8843,3.9106,0.01
607.176,1787663552221,-3.5056,-1.9438,3.9106,0.01
607.276,1787663552321,-3.5054,-2.0106,3.9106,0.01
607.376,1787663552421,-3.5053,-2.0706,3.9105,0.01
607.476,1787663552521,-3.5051,-2.1342,3.9105,0.01
607.576,1787663552621,-3.5049,-2.2048,3.9105,0.01
607.676,1787663552722,-3.5047,-2.2577,3.9104,0.01
607.777,1787663552822,-3.5045,-2.3244,3.9103,0.01
607.877,1787663552922,-3.5043,-2.3803,3.9103,0.01
607.977,1787663553022,-3.5041,-2.4430,3.9102,0.01
608.077,1787663553122,-3.5039,-2.5023,3.9102,0.01
608.177,1787663553222,-3.5037,-2.5579,3.9101,0.01
608.277,1787663553322,-3.5034,-2.6240,3.9101,0.01
608.377,1787663553423,-3.5032,-2.6759,3.9101,0.01
608.478,1787663553523,-3.5030,-2.7313,3.9101,0.01
608.578,1787663553623,-3.5026,-2.8106,3.9101,0.01
608.678,1787663553723,-3.5024,-2.8658,3.9101,0.01
608.778,1787663553823,-3.5022,-2.9176,3.9101,0.01
608.878,1787663553923,-3.5019,-2.9795,3.9101,0.01
608.978,1787663554023,-3.5017,-3.0276,3.9101,0.01
609.078,1787663554123,-3.5014,-3.0995,3.9102,0.01
609.178,1787663554224,-3.5011,-3.1576,3.9102,0.01
609.279,1787663554324,-3.5009,-3.2192,3.9103,0.01
609.379,1787663554424,-3.5006,-3.2844,3.9104,0.00
609.479,1787663554524,-3.5003,-3.3496,3.9104,0.00
609.579,1787663554624,-3.5000,-3.4113,3.9104,0.00
609.679,1787663554724,-3.4998,-3.4626,3.9105,0.00
609.779,1787663554824,-3.4995,-3.5239,3.9105,0.00
609.879,1787663554924,-3.4992,-3.5884,3.9105,0.00
609.979,1787663555024,-3.4990,-3.6459,3.9105,0.00
610.079,1787663555124,-3.4988,-3.7067,3.9106,0.00
610.179,1787663555225,-3.4986,-3.7706,3.9106,0.00
610.280,1787663555325,-3.4984,-3.8344,3.9106,0.01
610.380,1787663555425,-3.4982,-3.8913,3.9106,0.01
610.481,1787663555526,-3.4981,-3.9515,3.9106,0.01
610.581,1787663555626,-3.4979,-4.0049,3.9106,0.01
610.681,1787663555726,-3.4978,-4.0682,3.9106,0.01
610.781,1787663555826,-3.4976,-4.1148,3.9106,0.01
610.881,1787663555926,-3.4975,-4.1713,3.9106,0.01
610.981,1787663556027,-3.4974,-4.2275,3.9106,0.01
611.082,1787663556127,-3.4973,-4.2804,3.9106,0.01
611.182,1787663556227,-3.4972,-4.3333,3.9107,0.01
611.282,1787663556327,-3.4971,-4.3863,3.9107,0.01
611.382,1787663556427,-3.4970,-4.4525,3.9107,0.01
611.482,1787663556527,-3.4969,-4.5124,3.9108,0.01
611.582,1787663556627,-3.4968,-4.5693,3.9108,0.01
611.682,1787663556727,-3.4967,-4.6263,3.9108,0.01
611.782,1787663556827,-3.4965,-4.6867,3.9108,0.01
611.882,1787663556928,-3.4964,-4.7508,3.9108,0.01
611.983,1787663557028,-3.4963,-4.8151,3.9108,0.01
612.083,1787663557128,-3.4962,-4.8727,3.9108,0.01
612.183,1787663557228,-3.4961,-4.9338,3.9108,0.01
612.283,1787663557328,-3.4960,-4.9981,3.9108,0.01
612.384,1787663557429,-3.4960,-5.0421,3.9108,0.01
612.484,1787663557529,-3.4959,-5.0926,3.9108,0.01
612.584,1787663557629,-3.4958,-5.1531,3.9108,0.01
612.684,1787663557729,-3.4958,-5.2104,3.9108,0.01
612.784,1787663557829,-3.4957,-5.2711,3.9108,0.01
612.884,1787663557930,-3.4957,-5.3152,3.9108,0.01
612.985,1787663558030,-3.4956,-5.3558,3.9108,0.01
613.085,1787663558130,-3.4956,-5.4203,3.9107,0.01
613.185,1787663558230,-3.4956,-5.4679,3.9107,0.01
613.285,1787663558330,-3.4955,-5.5292,3.9107,0.01
613.385,1787663558431,-3.4955,-5.5877,3.9106,0.01
613.486,1787663558531,-3.4954,-5.6500,3.9106,0.01
613.586,1787663558631,-3.4954,-5.7058,3.9106,0.01
613.686,1787663558731,-3.4953,-5.7688,3.9105,0.01
613.786,1787663558831,-3.4952,-5.8355,3.9105,0.01
613.886,1787663558931,-3.4951,-5.8883,3.9105,0.01
613.986,1787663559031,-3.4951,-5.9517,3.9104,0.01
614.086,1787663559131,-3.4950,-6.0189,3.9104,0.01
614.186,1787663559231,-3.4949,-6.0789,3.9103,0.01
614.286,1787663559331,-3.4948,-6.1284,3.9103,0.01
614.387,1787663559432,-3.4947,-6.2026,3.9103,0.01
614.487,1787663559532,-3.4946,-6.2590,3.9103,0.01
614.587,1787663559632,-3.4945,-6.3155,3.9103,0.01
614.687,1787663559733,-3.4944,-6.3825,3.9103,0.01
614.788,1787663559833,-3.4943,-6.4497,3.9102,0.01
614.888,1787663559933,-3.4942,-6.4992,3.9102,0.01
614.988,1787663560033,-3.4940,-6.5625,3.9102,0.00
615.088,1787663560133,-3.4939,-6.6151,3.9102,0.00
615.188,1787663560233,-3.4937,-6.6851,3.9103,0.00
615.288,1787663560333,-3.4936,-6.7444,3.9103,0.00
615.389,1787663560434,-3.4935,-6.8107,3.9103,0.01
615.489,1787663560534,-3.4934,-6.8701,3.9103,0.01
615.589,1787663560634,-3.4932,-6.9259,3.9103,0.01
615.689,1787663560734,-3.4931,-6.9815,3.9103,0.01
615.789,1787663560834,-3.4930,-7.0404,3.9103,0.01
615.889,1787663560934,-3.4929,-7.0924,3.9103,0.01
615.989,1787663561034,-3.4928,-7.1616,3.9104,0.01
616.089,1787663561134,-3.4927,-7.2172,3.9104,0.01
616.189,1787663561235,-3.4925,-7.2830,3.9104,0.01
616.290,1787663561335,-3.4924,-7.3487,3.9104,0.01
616.390,1787663561435,-3.4922,-7.4073,3.9104,0.01
616.490,1787663561535,-3.4921,-7.4728,3.9104,0.01
616.590,1787663561635,-3.4920,-7.5280,3.9104,0.01
616.691,1787663561736,-3.4919,-7.5796,3.9104,0.01
616.791,1787663561836,-3.4918,-7.6345,3.9104,0.01
616.891,1787663561936,-3.4917,-7.6962,3.9104,0.01
616.991,1787663562036,-3.4916,-7.7613,3.9104,0.01
617.091,1787663562136,-3.4914,-7.8231,3.9103,0.01
617.191,1787663562236,-3.4913,-7.8847,3.9103,0.01
617.291,1787663562336,-3.4912,-7.9462,3.9103,0.01
617.391,1787663562436,-3.4911,-7.9974,3.9103,0.01
617.491,1787663562536,-3.4910,-8.0723,3.9103,0.01
617.592,1787663562637,-3.4909,-8.1233,3.9103,0.01
617.692,1787663562737,-3.4908,-8.1813,3.9103,0.01
617.792,1787663562837,-3.4906,-8.2433,3.9102,0.01
617.892,1787663562937,-3.4905,-8.2954,3.9102,0.01
617.992,1787663563037,-3.4904,-8.3576,3.9102,0.01
618.092,1787663563137,-3.4903,-8.4154,3.9102,0.01
618.192,1787663563237,-3.4901,-8.4718,3.9102,0.01
618.292,1787663563337,-3.4900,-8.5295,3.9102,0.01
618.392,1787663563437,-3.4899,-8.5756,3.9103,0.01
618.492,1787663563538,-3.4898,-8.6229,3.9103,0.01
618.593,1787663563638,-3.4896,-8.6679,3.9104,0.01
618.693,1787663563738,-3.4895,-8.7156,3.9104,0.01
618.793,1787663563838,-3.4894,-8.7626,3.9105,0.01
618.893,1787663563938,-3.4892,-8.8037,3.9105,0.01
618.993,1787663564038,-3.4891,-8.8353,3.9105,0.01
619.093,1787663564138,-3.4890,-8.8702,3.9104,0.01
619.193,1787663564238,-3.4889,-8.9082,3.9103,0.01
619.293,1787663564338,-3.4888,-8.9341,3.9102,0.01
619.393,1787663564439,-3.4888,-8.9519,3.9102,0.01
619.494,1787663564539,-3.4888,-8.9762,3.9100,0.01
619.594,1787663564640,-3.4888,-8.9938,3.9099,0.01
619.695,1787663564740,-3.4888,-9.0073,3.9098,0.01
619.795,1787663564840,-3.4888,-9.0217,3.9097,0.01
619.895,1787663564940,-3.4888,-9.0328,3.9096,0.01
619.995,1787663565040,-3.4889,-9.0411,3.9095,0.01
620.095,1787663565140,-3.4889,-9.0461,3.9094,0.01
620.195,1787663565240,-3.4889,-9.0508,3.9093,0.01
620.295,1787663565340,-3.4890,-9.0537,3.9092,0.01
620.395,1787663565440,-3.4891,-9.0558,3.9092,0.02
620.495,1787663565541,-3.4892,-9.0567,3.9091,0.02
620.596,1787663565641,-3.4893,-9.0560,3.9090,0.02
620.696,1787663565741,-3.4894,-9.0541,3.9090,0.02
620.796,1787663565841,-3.4895,-9.0512,3.9089,0.02
620.897,1787663565942,-3.4896,-9.0484,3.9089,0.01
620.997,1787663566042,-3.4897,-9.0448,3.9089,0.01
621.097,1787663566142,-3.4898,-9.0399,3.9090,0.01
621.197,1787663566242,-3.4899,-9.0352,3.9090,0.01
621.297,1787663566342,-3.4900,-9.0306,3.9090,0.01
621.398,1787663566443,-3.4901,-9.0252,3.9090,0.00
621.498,1787663566543,-3.4901,-9.0197,3.9091,0.00
621.598,1787663566643,-3.4902,-9.0154,3.9091,0.00
621.698,1787663566743,-3.4902,-9.0092,3.9092,-0.00
621.798,1787663566843,-3.4902,-9.0041,3.9092,-0.00
621.898,1787663566943,-3.4902,-8.9990,3.9093,-0.00
621.998,1787663567043,-3.4902,-8.9943,3.9093,-0.00
622.098,1787663567143,-3.4902,-8.9898,3.9094,-0.00
622.198,1787663567244,-3.4902,-8.9856,3.9094,-0.00
622.299,1787663567344,-3.4902,-8.9818,3.9094,-0.00
622.399,1787663567444,-3.4902,-8.9781,3.9094,-0.00
622.499,1787663567544,-3.4901,-8.9745,3.9094,-0.00
622.599,1787663567644,-3.4901,-8.9715,3.9095,-0.00
622.699,1787663567744,-3.4900,-8.9683,3.9095,0.00
622.799,1787663567844,-3.4899,-8.9657,3.9095,0.00
622.899,1787663567944,-3.4899,-8.9634,3.9095,0.00
622.999,1787663568045,-3.4898,-8.9613,3.9096,0.00
623.100,1787663568145,-3.4897,-8.9596,3.9096,0.00
623.200,1787663568245,-3.4896,-8.9576,3.9096,0.00
623.300,1787663568345,-3.4895,-8.9562,3.9096,0.00
623.400,1787663568445,-3.4894,-8.9550,3.9097,0.00
623.500,1787663568545,-3.4893,-8.9542,3.9097,0.00
623.600,1787663568645,-3.4892,-8.9534,3.9097,0.00
623.700,1787663568745,-3.4891,-8.9527,3.9097,0.00
623.800,1787663568845,-3.4890,-8.9523,3.9097,0.00
623.900,1787663568945,-3.4889,-8.9521,3.9097,0.00
624.001,1787663569046,-3.4888,-8.9520,3.9097,0.00
624.101,1787663569146,-3.4888,-8.9521,3.9097,0.00
624.201,1787663569246,-3.4887,-8.9522,3.9096,0.00
624.301,1787663569346,-3.4887,-8.9526,3.9096,0.01
624.401,1787663569446,-3.4886,-8.9529,3.9096,0.01
624.501,1787663569546,-3.4885,-8.9533,3.9096,0.01
624.601,1787663569646,-3.4885,-8.9538,3.9096,0.01
624.701,1787663569746,-3.4884,-8.9543,3.9096,0.01
624.801,1787663569846,-3.4884,-8.9550,3.9095,0.01
624.901,1787663569947,-3.4883,-8.9556,3.9095,0.01
625.002,1787663570047,-3.4883,-8.9565,3.9095,0.01
625.102,1787663570147,-3.4882,-8.9573,3.9095,0.01
625.202,1787663570247,-3.4882,-8.9581,3.9095,0.01
625.302,1787663570347,-3.4881,-8.9589,3.9095,0.00
625.402,1787663570447,-3.4881,-8.9597,3.9095,0.00
625.502,1787663570547,-3.4880,-8.9606,3.9096,0.00
625.602,1787663570647,-3.4880,-8.9614,3.9096,0.00
625.702,1787663570747,-3.4879,-8.9622,3.9096,0.00
625.802,1787663570847,-3.4879,-8.9629,3.9096,0.00
625.902,1787663570948,-3.4878,-8.9636,3.9096,0.00
626.003,1787663571048,-3.4877,-8.9644,3.9097,0.00
626.103,1787663571148,-3.4877,-8.9651,3.9097,0.00
626.203,1787663571248,-3.4877,-8.9657,3.9097,0.00
626.303,1787663571348,-3.4876,-8.9664,3.9098,0.00
626.403,1787663571448,-3.4876,-8.9671,3.9098,0.00
626.503,1787663571548,-3.4876,-8.9677,3.9098,0.00
626.603,1787663571648,-3.4875,-8.9684,3.9099,0.00
626.703,1787663571748,-3.4875,-8.9691,3.9099,0.00
626.803,1787663571848,-3.4875,-8.9696,3.9099,0.00
626.904,1787663571949,-3.4874,-8.9703,3.9100,0.00
627.004,1787663572049,-3.4874,-8.9709,3.9100,0.00
627.104,1787663572149,-3.4874,-8.9716,3.9100,0.00
627.204,1787663572249,-3.4873,-8.9722,3.9100,0.00
627.304,1787663572349,-3.4873,-8.9726,3.9100,0.00
627.404,1787663572449,-3.4873,-8.9732,3.9100,0.00
627.504,1787663572549,-3.4872,-8.9738,3.9100,0.00
627.604,1787663572649,-3.4872,-8.9743,3.9100,0.01
627.704,1787663572749,-3.4871,-8.9749,3.9100,0.01
627.805,1787663572850,-3.4871,-8.9754,3.9099,0.01
627.905,1787663572950,-3.4871,-8.9759,3.9099,0.00
628.005,1787663573050,-3.4870,-8.9764,3.9099,0.00
628.105,1787663573150,-3.4870,-8.9769,3.9098,0.00
628.205,1787663573250,-3.4870,-8.9773,3.9098,0.00
628.305,1787663573350,-3.4870,-8.9777,3.9098,0.01
628.405,1787663573450,-3.4870,-8.9781,3.9097,0.01
628.505,1787663573550,-3.4870,-8.9788,3.9092,0.01
628.605,1787663573651,-3.4870,-8.9795,3.9081,0.01
628.706,1787663573751,-3.4870,-8.9798,3.9058,0.01
628.806,1787663573851,-3.4871,-8.9798,3.9023,0.01
628.906,1787663573951,-3.4871,-8.9795,3.8982,0.01
629.006,1787663574051,-3.4872,-8.9791,3.8935,0.01
629.106,1787663574151,-3.4872,-8.9787,3.8898,0.01
629.206,1787663574251,-3.4872,-8.9782,3.8845,0.02
629.306,1787663574351,-3.4873,-8.9776,3.8786,0.02
629.406,1787663574451,-3.4873,-8.9768,3.8706,0.02
629.507,1787663574552,-3.4873,-8.9760,3.8617,0.02
629.607,1787663574652,-3.4874,-8.9752,3.8527,0.02
629.707,1787663574752,-3.4874,-8.9746,3.8471,0.02
629.807,1787663574852,-3.4874,-8.9737,3.8361,0.02
629.907,1787663574952,-3.4874,-8.9728,3.8262,0.02
630.007,1787663575052,-3.4874,-8.9720,3.8153,0.02
630.107,1787663575152,-3.4875,-8.9711,3.8033,0.02
630.207,1787663575252,-3.4875,-8.9704,3.7937,0.01
630.308,1787663575353,-3.4875,-8.9696,3.7810,0.01
630.408,1787663575453,-3.4875,-8.9687,3.7673,0.01
630.508,1787663575553,-3.4875,-8.9680,3.7541,0.01
630.608,1787663575653,-3.4875,-8.9674,3.7400,0.01
630.708,1787663575753,-3.4874,-8.9669,3.7280,0.01
630.808,1787663575853,-3.4874,-8.9664,3.7138,0.01
630.908,1787663575953,-3.4874,-8.9661,3.7025,0.01
631.008,1787663576053,-3.4873,-8.9659,3.6903,0.01
631.108,1787663576154,-3.4873,-8.9657,3.6780,0.01
631.209,1787663576254,-3.4873,-8.9655,3.6671,0.01
631.309,1787663576354,-3.4872,-8.9654,3.6530,0.01
631.409,1787663576454,-3.4872,-8.9654,3.6395,0.01
631.509,1787663576554,-3.4871,-8.9654,3.6251,0.01
631.609,1787663576654,-3.4871,-8.9654,3.6123,0.01
631.709,1787663576754,-3.4870,-8.9655,3.5987,0.01
631.809,1787663576855,-3.4869,-8.9657,3.5818,0.01
631.910,1787663576955,-3.4868,-8.9659,3.5705,0.01
632.010,1787663577055,-3.4868,-8.9661,3.5576,0.01
632.110,1787663577155,-3.4867,-8.9664,3.5429,0.01
632.210,1787663577255,-3.4866,-8.9667,3.5290,0.01
632.310,1787663577355,-3.4865,-8.9670,3.5159,0.01
632.410,1787663577456,-3.4864,-8.9672,3.5027,0.01
632.511,1787663577556,-3.4863,-8.9676,3.4878,0.01
632.611,1787663577656,-3.4861,-8.9679,3.4720,0.01
632.711,1787663577756,-3.4860,-8.9682,3.4612,0.01
632.811,1787663577856,-3.4858,-8.9687,3.4446,0.01
632.911,1787663577956,-3.4857,-8.9690,3.4303,0.01
633.012,1787663578057,-3.4856,-8.9693,3.4186,0.01
633.112,1787663578157,-3.4855,-8.9695,3.4052,0.01
633.212,1787663578257,-3.4854,-8.9698,3.3918,0.01
633.313,1787663578358,-3.4852,-8.9701,3.3765,0.01
633.413,1787663578458,-3.4851,-8.9704,3.3621,0.01
633.513,1787663578558,-3.4850,-8.9707,3.3475,0.01
633.613,1787663578658,-3.4849,-8.9709,3.3372,0.01
633.713,1787663578758,-3.4848,-8.9712,3.3225,0.01
633.814,1787663578859,-3.4846,-8.9715,3.3078,0.00
633.914,1787663578959,-3.4845,-8.9717,3.2948,0.00
634.014,1787663579059,-3.4844,-8.9720,3.2800,0.00
634.114,1787663579159,-3.4843,-8.9723,3.2651,0.00
634.214,1787663579259,-3.4842,-8.9726,3.2502,0.00
634.314,1787663579359,-3.4841,-8.9729,3.2326,0.00
634.414,1787663579459,-3.4839,-8.9732,3.2159,0.00
634.515,1787663579560,-3.4838,-8.9734,3.2002,0.00
634.615,1787663579660,-3.4837,-8.9738,3.1838,0.00
634.715,1787663579760,-3.4835,-8.9741,3.1683,0.00
634.815,1787663579860,-3.4834,-8.9744,3.1529,0.00
634.915,1787663579961,-3.4833,-8.9747,3.1384,0.00
635.016,1787663580061,-3.4832,-8.9750,3.1223,0.00
635.116,1787663580161,-3.4831,-8.9753,3.1088,0.00
635.216,1787663580261,-3.4830,-8.9754,3.1003,0.00
635.316,1787663580361,-3.4829,-8.9758,3.0843,0.00
635.416,1787663580461,-3.4828,-8.9761,3.0691,0.00
635.516,1787663580562,-3.4827,-8.9763,3.0571,0.00
635.617,1787663580662,-3.4827,-8.9766,3.0417,0.00
635.717,1787663580762,-3.4826,-8.9770,3.0254,0.00
635.817,1787663580862,-3.4825,-8.9773,3.0107,0.01
635.917,1787663580962,-3.4824,-8.9776,2.9953,0.01
636.017,1787663581062,-3.4824,-8.9779,2.9798,0.01
636.117,1787663581162,-3.4823,-8.9782,2.9660,0.01
636.217,1787663581262,-3.4823,-8.9785,2.9505,0.00
636.317,1787663581362,-3.4822,-8.9789,2.9351,0.00
636.418,1787663581463,-3.4822,-8.9791,2.9231,0.00
636.518,1787663581563,-3.4821,-8.9794,2.9077,0.00
636.618,1787663581663,-3.4820,-8.9797,2.8924,0.00
636.718,1787663581763,-3.4820,-8.9800,2.8778,0.00
636.818,1787663581863,-3.4819,-8.9803,2.8632,0.00
636.918,1787663581963,-3.4819,-8.9807,2.8477,0.00
637.018,1787663582063,-3.4818,-8.9810,2.8331,-0.00
637.118,1787663582163,-3.4818,-8.9813,2.8193,-0.00
637.218,1787663582263,-3.4818,-8.9816,2.8048,-0.00
637.319,1787663582364,-3.4817,-8.9820,2.7885,-0.00
637.419,1787663582464,-3.4817,-8.9823,2.7741,-0.00
637.519,1787663582564,-3.4817,-8.9826,2.7578,-0.00
637.619,1787663582664,-3.4817,-8.9829,2.7434,-0.00
637.719,1787663582764,-3.4817,-8.9833,2.7255,-0.00
637.819,1787663582864,-3.4816,-8.9837,2.7110,-0.00
637.919,1787663582964,-3.4816,-8.9840,2.6983,-0.00
638.019,1787663583064,-3.4817,-8.9844,2.6814,-0.00
638.119,1787663583165,-3.4817,-8.9848,2.6662,-0.00
638.220,1787663583265,-3.4817,-8.9851,2.6543,-0.00
638.320,1787663583365,-3.4817,-8.9855,2.6383,-0.00
638.420,1787663583465,-3.4817,-8.9858,2.6239,-0.00
638.520,1787663583565,-3.4817,-8.9861,2.6079,-0.00
638.620,1787663583665,-3.4817,-8.9864,2.5935,-0.00
638.720,1787663583765,-3.4817,-8.9867,2.5783,-0.00
638.820,1787663583865,-3.4817,-8.9870,2.5640,-0.00
638.920,1787663583965,-3.4818,-8.9873,2.5488,-0.00
639.020,1787663584065,-3.4818,-8.9875,2.5370,-0.00
639.120,1787663584166,-3.4818,-8.9877,2.5227,-0.00
639.221,1787663584266,-3.4819,-8.9880,2.5084,-0.00
639.321,1787663584366,-3.4819,-8.9882,2.4940,-0.00
639.421,1787663584466,-3.4820,-8.9885,2.4797,-0.00
639.521,1787663584566,-3.4820,-8.9887,2.4652,-0.00
639.621,1787663584666,-3.4820,-8.9889,2.4507,-0.00
639.721,1787663584766,-3.4820,-8.9891,2.4388,-0.00
639.821,1787663584866,-3.4820,-8.9892,2.4242,-0.00
639.921,1787663584966,-3.4820,-8.9895,2.4070,-0.00
640.022,1787663585067,-3.4820,-8.9896,2.3943,-0.00
640.122,1787663585167,-3.4820,-8.9898,2.3774,-0.00
640.222,1787663585267,-3.4819,-8.9899,2.3638,-0.00
640.322,1787663585367,-3.4819,-8.9900,2.3526,-0.00
640.422,1787663585467,-3.4818,-8.9902,2.3416,-0.00
640.522,1787663585567,-3.4818,-8.9903,2.3308,-0.00
640.622,1787663585667,-3.4818,-8.9904,2.3215,-0.00
640.722,1787663585767,-3.4818,-8.9905,2.3144,-0.00
640.822,1787663585868,-3.4818,-8.9906,2.3057,-0.00
640.923,1787663585968,-3.4818,-8.9907,2.2974,-0.00
641.023,1787663586068,-3.4818,-8.9907,2.2924,-0.00
641.123,1787663586168,-3.4818,-8.9908,2.2865,-0.00
641.223,1787663586268,-3.4817,-8.9908,2.2802,-0.00
641.323,1787663586368,-3.4817,-8.9908,2.2754,-0.00
641.423,1787663586468,-3.4817,-8.9909,2.2715,-0.00
641.523,1787663586568,-3.4817,-8.9921,2.2691,-0.00
641.623,1787663586669,-3.4817,-8.9934,2.2687,-0.00
641.724,1787663586769,-3.4817,-8.9945,2.2693,-0.00
641.824,1787663586869,-3.4816,-8.9944,2.2706,-0.00
641.924,1787663586969,-3.4816,-8.9922,2.2722,-0.00
642.024,1787663587069,-3.4816,-8.9878,2.2738,-0.00
642.124,1787663587169,-3.4816,-8.9815,2.2752,-0.00
642.224,1787663587269,-3.4816,-8.9721,2.2768,-0.00
642.324,1787663587369,-3.4815,-8.9607,2.2781,-0.00
642.424,1787663587469,-3.4815,-8.9466,2.2794,-0.00
642.524,1787663587570,-3.4815,-8.9287,2.2805,-0.00
642.625,1787663587670,-3.4815,-8.9086,2.2814,-0.00
642.725,1787663587770,-3.4815,-8.8870,2.2821,-0.00
642.825,1787663587870,-3.4815,-8.8578,2.2827,0.00
642.925,1787663587970,-3.4815,-8.8286,2.2831,0.00
643.025,1787663588070,-3.4815,-8.8024,2.2833,0.00
643.125,1787663588170,-3.4815,-8.7743,2.2834,0.00
643.225,1787663588270,-3.4814,-8.7288,2.2835,0.00
643.325,1787663588370,-3.4814,-8.7056,2.2835,0.00
643.425,1787663588471,-3.4814,-8.6639,2.2833,0.00
643.526,1787663588571,-3.4814,-8.6277,2.2832,0.00
643.626,1787663588671,-3.4814,-8.5813,2.2829,0.01
643.726,1787663588771,-3.4814,-8.5265,2.2826,0.00
643.826,1787663588871,-3.4814,-8.4781,2.2822,0.01
643.926,1787663588971,-3.4814,-8.4181,2.2817,0.01
644.026,1787663589071,-3.4814,-8.3658,2.2813,0.01
644.126,1787663589171,-3.4814,-8.2983,2.2807,0.01
644.226,1787663589271,-3.4814,-8.2429,2.2802,0.01
644.326,1787663589371,-3.4814,-8.1792,2.2797,0.01
644.426,1787663589472,-3.4814,-8.1217,2.2793,0.01
644.527,1787663589572,-3.4814,-8.0560,2.2787,0.01
644.627,1787663589672,-3.4815,-7.9928,2.2783,0.01
644.727,1787663589772,-3.4815,-7.9365,2.2778,0.01
644.827,1787663589872,-3.4815,-7.8836,2.2774,0.01
644.928,1787663589973,-3.4816,-7.8153,2.2769,0.00
645.028,1787663590073,-3.4816,-7.7581,2.2765,0.00
645.128,1787663590173,-3.4816,-7.6856,2.2760,0.00
645.228,1787663590273,-3.4816,-7.6203,2.2755,0.00
645.328,1787663590373,-3.4816,-7.5587,2.2751,0.00
645.428,1787663590473,-3.4816,-7.4894,2.2746,0.00
645.529,1787663590574,-3.4816,-7.4241,2.2742,0.00
645.629,1787663590674,-3.4816,-7.3666,2.2738,0.01
645.729,1787663590774,-3.4815,-7.2901,2.2733,0.01
645.829,1787663590874,-3.4815,-7.2290,2.2729,0.01
645.929,1787663590974,-3.4814,-7.1605,2.2724,0.01
646.029,1787663591074,-3.4814,-7.1074,2.2721,0.01
646.129,1787663591174,-3.4813,-7.0398,2.2717,0.01
646.229,1787663591275,-3.4813,-6.9876,2.2713,0.01
646.330,1787663591375,-3.4812,-6.9208,2.2709,0.01
646.430,1787663591475,-3.4812,-6.8654,2.2706,0.01
646.530,1787663591575,-3.4811,-6.7993,2.2702,0.01
646.630,1787663591675,-3.4810,-6.7371,2.2698,0.01
646.730,1787663591775,-3.4810,-6.6677,2.2694,0.01
646.830,1787663591875,-3.4809,-6.6020,2.2690,0.01
646.930,1787663591975,-3.4808,-6.5436,2.2687,0.01
647.030,1787663592076,-3.4807,-6.4781,2.2684,0.00
647.131,1787663592176,-3.4807,-6.4095,2.2680,0.00
647.231,1787663592276,-3.4806,-6.3628,2.2678,-0.00
647.331,1787663592376,-3.4806,-6.2947,2.2674,-0.00
647.431,1787663592476,-3.4805,-6.2201,2.2671,-0.00
647.531,1787663592576,-3.4804,-6.1705,2.2668,-0.01
647.631,1787663592676,-3.4804,-6.1034,2.2665,-0.01
647.731,1787663592777,-3.4803,-6.0333,2.2662,-0.01
647.832,1787663592877,-3.4802,-5.9740,2.2660,-0.01
647.932,1787663592977,-3.4802,-5.9254,2.2658,-0.01
648.032,1787663593077,-3.4801,-5.8703,2.2656,-0.00
648.132,1787663593177,-3.4801,-5.8087,2.2653,-0.00
648.232,1787663593277,-3.4801,-5.7539,2.2651,-0.00
648.332,1787663593377,-3.4800,-5.6925,2.2649,-0.00
648.432,1787663593477,-3.4799,-5.6311,2.2647,-0.00
648.532,1787663593577,-3.4799,-5.5767,2.2645,-0.00
648.632,1787663593678,-3.4798,-5.5224,2.2643,-0.00
648.733,1787663593778,-3.4798,-5.4615,2.2641,-0.00
648.833,1787663593878,-3.4798,-5.4108,2.2639,-0.00
648.933,1787663593978,-3.4798,-5.3566,2.2636,-0.00
649.033,1787663594078,-3.4797,-5.2822,2.2633,-0.00
649.133,1787663594178,-3.4797,-5.2349,2.2632,-0.00
649.233,1787663594278,-3.4797,-5.1740,2.2629,-0.00
649.333,1787663594378,-3.4797,-5.1097,2.2627,-0.00
649.434,1787663594479,-3.4797,-5.0453,2.2624,-0.01
649.534,1787663594579,-3.4797,-4.9842,2.2622,-0.01
649.634,1787663594679,-3.4797,-4.9263,2.2619,-0.01
649.735,1787663594780,-3.4797,-4.8514,2.2616,-0.01
649.835,1787663594880,-3.4797,-4.7904,2.2614,-0.01
649.935,1787663594980,-3.4797,-4.7465,2.2612,-0.01
650.035,1787663595080,-3.4797,-4.6926,2.2610,-0.01
650.136,1787663595181,-3.4797,-4.6288,2.2608,-0.01
650.236,1787663595281,-3.4797,-4.5754,2.2606,-0.01
650.336,1787663595381,-3.4796,-4.5118,2.2604,-0.01
650.436,1787663595481,-3.4796,-4.4448,2.2601,-0.01
650.536,1787663595581,-3.4796,-4.3944,2.2599,-0.01
650.636,1787663595681,-3.4795,-4.3340,2.2597,-0.00
650.736,1787663595781,-3.4795,-4.2704,2.2594,-0.00
650.836,1787663595881,-3.4795,-4.2135,2.2592,-0.00
650.936,1787663595982,-3.4795,-4.1565,2.2590,-0.00
651.037,1787663596082,-3.4795,-4.1065,2.2588,-0.00
651.137,1787663596182,-3.4795,-4.0432,2.2585,-0.01
651.237,1787663596282,-3.4795,-3.9834,2.2583,-0.01
651.337,1787663596382,-3.4795,-3.9201,2.2580,-0.01
651.437,1787663596482,-3.4795,-3.8565,2.2577,-0.01
651.537,1787663596582,-3.4795,-3.8130,2.2575,-0.01
651.637,1787663596682,-3.4795,-3.7529,2.2572,-0.01
651.737,1787663596783,-3.4795,-3.6863,2.2569,-0.01
651.838,1787663596883,-3.4795,-3.6231,2.2566,-0.01
651.938,1787663596983,-3.4796,-3.5665,2.2564,-0.01
652.038,1787663597083,-3.4796,-3.5035,2.2561,-0.01
652.138,1787663597183,-3.4796,-3.4470,2.2559,-0.01
652.238,1787663597283,-3.4796,-3.3972,2.2556,-0.01
652.338,1787663597383,-3.4796,-3.3342,2.2554,-0.00
652.439,1787663597484,-3.4796,-3.2777,2.2551,-0.00
652.539,1787663597584,-3.4796,-3.2079,2.2548,-0.00
652.639,1787663597684,-3.4796,-3.1680,2.2546,-0.00
652.739,1787663597784,-3.4796,-3.1051,2.2544,-0.00
652.839,1787663597885,-3.4796,-3.0323,2.2541,-0.00
652.940,1787663597985,-3.4796,-2.9859,2.2539,-0.00
653.040,1787663598085,-3.4796,-2.9329,2.2537,-0.00
653.140,1787663598185,-3.4796,-2.8833,2.2535,-0.00
653.240,1787663598285,-3.4796,-2.8205,2.2533,-0.00
653.340,1787663598385,-3.4796,-2.7610,2.2530,-0.00
653.440,1787663598485,-3.4796,-2.7012,2.2528,-0.01
653.540,1787663598585,-3.4796,-2.6444,2.2526,-0.01
653.640,1787663598686,-3.4796,-2.5942,2.2525,-0.01
653.741,1787663598786,-3.4796,-2.5340,2.2522,-0.01
653.841,1787663598886,-3.4796,-2.4871,2.2521,-0.01
653.941,1787663598986,-3.4796,-2.4333,2.2519,-0.01
654.041,1787663599086,-3.4796,-2.3796,2.2517,-0.01
654.141,1787663599187,-3.4796,-2.3359,2.2515,-0.01
654.242,1787663599287,-3.4796,-2.2754,2.2513,-0.01
654.342,1787663599387,-3.4796,-2.2247,2.2511,-0.01
654.442,1787663599487,-3.4795,-2.1601,2.2509,-0.01
654.542,1787663599587,-3.4795,-2.0982,2.2507,-0.00
654.642,1787663599687,-3.4795,-2.0498,2.2505,-0.00
654.742,1787663599787,-3.4795,-1.9976,2.2503,-0.00
654.842,1787663599887,-3.4795,-1.9418,2.2502,-0.00
654.942,1787663599987,-3.4795,-1.8859,2.2500,0.00
655.042,1787663600087,-3.4795,-1.8086,2.2497,0.00
655.143,1787663600188,-3.4795,-1.7450,2.2495,0.00
655.243,1787663600288,-3.4795,-1.7095,2.2494,0.00
655.343,1787663600388,-3.4795,-1.6455,2.2492,0.00
655.443,1787663600488,-3.4795,-1.5851,2.2490,0.00
655.543,1787663600588,-3.4794,-1.5139,2.2487,0.00
655.643,1787663600688,-3.4794,-1.4567,2.2485,0.01
655.743,1787663600788,-3.4794,-1.3887,2.2482,0.01
655.843,1787663600888,-3.4793,-1.3206,2.2479,0.01
655.943,1787663600988,-3.4793,-1.2632,2.2477,0.01
656.044,1787663601089,-3.4793,-1.1953,2.2474,0.01
656.144,1787663601189,-3.4792,-1.1381,2.2472,0.01
656.244,1787663601289,-3.4792,-1.0778,2.2469,0.01
656.344,1787663601389,-3.4791,-1.0142,2.2467,0.01
656.444,1787663601489,-3.4790,-0.9471,2.2464,0.00
656.544,1787663601589,-3.4790,-0.8838,2.2462,0.00
656.644,1787663601689,-3.4789,-0.8240,2.2460,0.00
656.744,1787663601789,-3.4788,-0.7573,2.2457,0.00
656.844,1787663601889,-3.4788,-0.7014,2.2455,0.00
656.945,1787663601990,-3.4787,-0.6561,2.2453,0.00
657.045,1787663602090,-3.4787,-0.5903,2.2451,0.00
657.145,1787663602190,-3.4786,-0.5143,2.2448,0.00
657.245,1787663602290,-3.4786,-0.4626,2.2446,0.00
657.345,1787663602390,-3.4785,-0.4180,2.2445,0.00
657.445,1787663602490,-3.4784,-0.3494,2.2443,0.00
657.545,1787663602590,-3.4784,-0.3050,2.2441,0.00
657.646,1787663602691,-3.4783,-0.2369,2.2439,0.00
657.746,1787663602791,-3.4783,-0.1857,2.2437,0.00
657.846,1787663602891,-3.4782,-0.1243,2.2434,0.00
657.946,1787663602991,-3.4781,-0.0697,2.2432,0.00
658.046,1787663603091,-3.4780,-0.0013,2.2430,0.00
658.146,1787663603191,-3.4779,0.0534,2.2427,0.00
658.247,1787663603292,-3.4779,0.1115,2.2425,0.00
658.347,1787663603392,-3.4778,0.1593,2.2423,0.00
658.447,1787663603492,-3.4777,0.2242,2.2420,0.00
658.547,1787663603592,-3.4776,0.2824,2.2418,0.00
658.647,1787663603692,-3.4775,0.3407,2.2416,0.00
658.747,1787663603792,-3.4775,0.3921,2.2414,0.00
658.847,1787663603893,-3.4774,0.4470,2.2412,0.00
658.948,1787663603993,-3.4774,0.5021,2.2410,0.00
659.048,1787663604093,-3.4773,0.5538,2.2409,0.01
659.148,1787663604193,-3.4772,0.6159,2.2407,0.01
659.248,1787663604293,-3.4771,0.6852,2.2404,0.01
659.348,1787663604393,-3.4771,0.7479,2.2402,0.01
659.448,1787663604493,-3.4770,0.8037,2.2400,0.01
659.548,1787663604593,-3.4769,0.8666,2.2398,0.01
659.648,1787663604693,-3.4769,0.9260,2.2396,0.01
659.748,1787663604794,-3.4768,0.9819,2.2394,0.01
659.849,1787663604894,-3.4767,1.0378,2.2392,0.01
659.949,1787663604994,-3.4766,1.0935,2.2389,0.01
660.049,1787663605094,-3.4765,1.1492,2.2387,0.01
660.149,1787663605194,-3.4764,1.2154,2.2384,0.01
660.249,1787663605294,-3.4763,1.2744,2.2381,0.01
660.349,1787663605394,-3.4762,1.3301,2.2379,0.01
660.449,1787663605494,-3.4760,1.3962,2.2376,0.01
660.549,1787663605594,-3.4759,1.4693,2.2373,0.01
660.649,1787663605694,-3.4758,1.5287,2.2370,0.01
660.750,1787663605795,-3.4756,1.5812,2.2368,0.01
660.850,1787663605895,-3.4755,1.6369,2.2365,0.01
660.950,1787663605995,-3.4754,1.6992,2.2362,0.01
661.050,1787663606095,-3.4753,1.7441,2.2360,0.01
661.150,1787663606195,-3.4752,1.8062,2.2358,0.01
661.250,1787663606295,-3.4751,1.8615,2.2355,0.01
661.350,1787663606395,-3.4750,1.9168,2.2353,0.01
661.450,1787663606495,-3.4749,1.9758,2.2350,0.01
661.550,1787663606596,-3.4747,2.0488,2.2348,0.01
661.651,1787663606696,-3.4747,2.0906,2.2346,0.00
661.751,1787663606796,-3.4745,2.1709,2.2343,0.00
661.851,1787663606896,-3.4745,2.2302,2.2341,0.00
661.951,1787663606996,-3.4744,2.2826,2.2339,0.00
662.052,1787663607097,-3.4743,2.3453,2.2337,0.00
662.152,1787663607197,-3.4743,2.4043,2.2335,0.00
662.252,1787663607297,-3.4742,2.4598,2.2333,0.00
662.352,1787663607397,-3.4741,2.5224,2.2331,0.00
662.452,1787663607498,-3.4741,2.5886,2.2329,0.00
662.553,1787663607598,-3.4740,2.6477,2.2327,0.00
662.653,1787663607698,-3.4740,2.6998,2.2325,0.00
662.753,1787663607798,-3.4739,2.7623,2.2324,0.00
662.853,1787663607898,-3.4739,2.8282,2.2322,0.00
662.953,1787663607998,-3.4739,2.8731,2.2320,0.01
663.053,1787663608098,-3.4738,2.9316,2.2319,0.00
663.153,1787663608198,-3.4738,2.9726,2.2318,0.00
663.253,1787663608298,-3.4738,3.0513,2.2315,0.00
663.353,1787663608399,-3.4738,3.1030,2.2314,0.00
663.454,1787663608499,-3.4739,3.1651,2.2312,0.00
663.554,1787663608599,-3.4739,3.2135,2.2310,0.00
663.654,1787663608699,-3.4739,3.2894,2.2308,-0.00
663.754,1787663608799,-3.4739,3.3550,2.2305,-0.00
663.854,1787663608899,-3.4740,3.4173,2.2303,-0.00
663.954,1787663608999,-3.4740,3.4832,2.2301,-0.00
664.054,1787663609100,-3.4740,3.5316,2.2299,0.00
664.155,1787663609200,-3.4741,3.5903,2.2297,0.00
664.255,1787663609300,-3.4741,3.6418,2.2295,0.00
664.355,1787663609400,-3.4742,3.6968,2.2293,0.00
664.455,1787663609500,-3.4742,3.7516,2.2292,0.00
664.556,1787663609601,-3.4743,3.8133,2.2289,0.00
664.656,1787663609701,-3.4743,3.8717,2.2287,0.01
664.756,1787663609801,-3.4743,3.9268,2.2285,0.01
664.856,1787663609901,-3.4744,3.9820,2.2283,0.01
664.956,1787663610001,-3.4744,4.0373,2.2281,0.01
665.056,1787663610101,-3.4744,4.0960,2.2279,0.01
665.156,1787663610201,-3.4744,4.1583,2.2277,0.01
665.257,1787663610302,-3.4743,4.2244,2.2275,0.01
665.357,1787663610402,-3.4743,4.2908,2.2273,0.01
665.457,1787663610502,-3.4743,4.3536,2.2271,0.01
665.557,1787663610602,-3.4743,4.4166,2.2269,0.01
665.657,1787663610702,-3.4742,4.4690,2.2267,0.01
665.757,1787663610802,-3.4742,4.5317,2.2265,0.01
665.858,1787663610903,-3.4742,4.5872,2.2263,0.01
665.958,1787663611003,-3.4742,4.6391,2.2261,0.01
666.058,1787663611103,-3.4741,4.7048,2.2259,0.01
666.158,1787663611203,-3.4741,4.7671,2.2257,0.01
666.258,1787663611303,-3.4741,4.8260,2.2255,0.00
666.358,1787663611403,-3.4740,4.8779,2.2253,0.00
666.458,1787663611504,-3.4740,4.9367,2.2251,0.00
666.559,1787663611604,-3.4740,4.9953,2.2249,0.00
666.659,1787663611704,-3.4740,5.0573,2.2247,0.00
666.759,1787663611804,-3.4740,5.1159,2.2245,0.00
666.859,1787663611904,-3.4740,5.1608,2.2243,0.01
666.959,1787663612004,-3.4741,5.2229,2.2241,0.01
667.059,1787663612104,-3.4741,5.2885,2.2238,0.01
667.159,1787663612204,-3.4742,5.3509,2.2235,0.01
667.259,1787663612305,-3.4743,5.4237,2.2232,0.01
667.360,1787663612405,-3.4743,5.4862,2.2230,0.01
667.460,1787663612505,-3.4744,5.5486,2.2227,0.01
667.560,1787663612605,-3.4745,5.6143,2.2225,0.01
667.660,1787663612705,-3.4745,5.6798,2.2222,0.01
667.760,1787663612805,-3.4746,5.7418,2.2220,0.01
667.860,1787663612905,-3.4746,5.7933,2.2218,0.01
667.960,1787663613005,-3.4747,5.8411,2.2216,0.01
668.060,1787663613106,-3.4748,5.8986,2.2214,0.00
668.161,1787663613206,-3.4748,5.9524,2.2212,0.00
668.261,1787663613306,-3.4748,6.0094,2.2209,0.00
668.361,1787663613406,-3.4749,6.0633,2.2207,0.00
668.461,1787663613506,-3.4749,6.1342,2.2204,0.00
668.561,1787663613606,-3.4749,6.1816,2.2203,0.00
668.661,1787663613706,-3.4749,6.2426,2.2200,0.00
668.763,1787663613808,-3.4749,6.3070,2.2197,0.00
668.863,1787663613908,-3.4749,6.3580,2.2195,0.00
668.963,1787663614008,-3.4749,6.4092,2.2193,0.00
669.063,1787663614108,-3.4749,6.4604,2.2191,0.00
669.164,1787663614209,-3.4749,6.5149,2.2189,0.00
669.264,1787663614309,-3.4749,6.5832,2.2187,0.00
669.364,1787663614409,-3.4749,6.6449,2.2184,0.00
669.464,1787663614509,-3.4749,6.6861,2.2183,0.00
669.564,1787663614609,-3.4749,6.7551,2.2180,0.00
669.664,1787663614709,-3.4748,6.8070,2.2179,0.00
669.764,1787663614810,-3.4748,6.8591,2.2177,0.00
669.865,1787663614910,-3.4748,6.9217,2.2175,0.00
669.965,1787663615010,-3.4748,6.9881,2.2172,0.00
670.065,1787663615110,-3.4747,7.0407,2.2170,0.00
670.165,1787663615210,-3.4747,7.1109,2.2168,0.00
670.265,1787663615310,-3.4747,7.1743,2.2166,0.00
670.365,1787663615410,-3.4746,7.2378,2.2163,0.00
670.465,1787663615510,-3.4746,7.2977,2.2161,0.01
670.565,1787663615610,-3.4746,7.3610,2.2159,0.01
670.665,1787663615710,-3.4746,7.4174,2.2157,0.01
670.766,1787663615811,-3.4746,7.4843,2.2154,0.00
670.866,1787663615911,-3.4746,7.5263,2.2153,0.00
670.966,1787663616011,-3.4746,7.5824,2.2151,0.00
671.066,1787663616111,-3.4745,7.6419,2.2148,0.00
671.166,1787663616211,-3.4745,7.7013,2.2146,0.00
671.266,1787663616311,-3.4745,7.7607,2.2144,0.00
671.366,1787663616412,-3.4745,7.8272,2.2142,0.00
671.467,1787663616512,-3.4744,7.8868,2.2140,0.00
671.567,1787663616612,-3.4744,7.9500,2.2138,0.00
671.667,1787663616712,-3.4744,7.9886,2.2137,0.00
671.767,1787663616812,-3.4743,8.0515,2.2135,0.00
671.867,1787663616912,-3.4743,8.1250,2.2133,0.00
671.967,1787663617012,-3.4742,8.1707,2.2131,0.00
672.067,1787663617112,-3.4742,8.2422,2.2129,-0.00
672.167,1787663617213,-3.4741,8.3104,2.2126,-0.00
672.268,1787663617313,-3.4741,8.3639,2.2125,-0.00
672.369,1787663617414,-3.4740,8.4268,2.2123,-0.00
672.469,1787663617514,-3.4740,8.4911,2.2121,-0.00
672.569,1787663617614,-3.4739,8.5433,2.2120,-0.01
672.669,1787663617714,-3.4738,8.6025,2.2119,-0.01
672.769,1787663617814,-3.4738,8.6557,2.2118,-0.01
672.869,1787663617914,-3.4737,8.7030,2.2117,-0.01
672.969,1787663618014,-3.4736,8.7475,2.2117,-0.00
673.069,1787663618115,-3.4736,8.7866,2.2116,-0.01
673.170,1787663618215,-3.4736,8.8273,2.2115,-0.01
673.270,1787663618315,-3.4735,8.8566,2.2115,-0.01
673.370,1787663618415,-3.4735,8.8964,2.2114,-0.01
673.470,1787663618515,-3.4735,8.9220,2.2113,-0.01
673.570,1787663618615,-3.4735,8.9495,2.2112,-0.01
673.670,1787663618715,-3.4735,8.9736,2.2111,-0.00
673.770,1787663618815,-3.4735,8.9935,2.2109,-0.00
673.870,1787663618916,-3.4735,9.0098,2.2108,-0.01
673.971,1787663619016,-3.4735,9.0237,2.2107,-0.01
674.071,1787663619116,-3.4736,9.0373,2.2105,-0.01
674.171,1787663619216,-3.4736,9.0475,2.2103,-0.01
674.271,1787663619316,-3.4736,9.0551,2.2102,-0.01
674.371,1787663619416,-3.4736,9.0607,2.2101,-0.01
674.471,1787663619516,-3.4737,9.0649,2.2099,-0.01
674.571,1787663619616,-3.4737,9.0673,2.2098,-0.01
674.671,1787663619716,-3.4738,9.0680,2.2097,-0.01
674.771,1787663619817,-3.4738,9.0673,2.2096,-0.01
674.872,1787663619917,-3.4738,9.0657,2.2096,-0.01
674.972,1787663620017,-3.4739,9.0630,2.2095,-0.01
675.072,1787663620117,-3.4739,9.0596,2.2095,-0.01
675.172,1787663620217,-3.4739,9.0546,2.2095,-0.01
675.272,1787663620317,-3.4739,9.0524,2.2095,-0.01
675.372,1787663620418,-3.4739,9.0470,2.2095,-0.01
675.473,1787663620518,-3.4739,9.0415,2.2095,-0.00
675.573,1787663620618,-3.4739,9.0358,2.2095,-0.00
675.673,1787663620718,-3.4738,9.0300,2.2096,0.00
675.773,1787663620818,-3.4738,9.0233,2.2096,0.01
675.873,1787663620918,-3.4738,9.0175,2.2097,0.01
675.973,1787663621018,-3.4738,9.0122,2.2097,0.01
676.073,1787663621118,-3.4738,9.0073,2.2097,0.01
676.173,1787663621219,-3.4738,9.0023,2.2098,0.01
676.274,1787663621319,-3.4738,8.9984,2.2098,0.02
676.374,1787663621419,-3.4738,8.9944,2.2098,0.02
676.474,1787663621519,-3.4739,8.9890,2.2099,0.02
676.574,1787663621619,-3.4739,8.9851,2.2099,0.02
676.674,1787663621719,-3.4739,8.9818,2.2100,0.01
676.774,1787663621819,-3.4739,8.9792,2.2100,0.01
676.874,1787663621920,-3.4740,8.9767,2.2100,0.01
676.975,1787663622020,-3.4740,8.9736,2.2101,0.01
677.075,1787663622120,-3.4740,8.9712,2.2101,0.01
677.175,1787663622220,-3.4740,8.9688,2.2102,0.00
677.275,1787663622320,-3.4740,8.9668,2.2102,0.00
677.375,1787663622420,-3.4739,8.9652,2.2102,0.00
677.475,1787663622520,-3.4739,8.9640,2.2103,-0.00
677.575,1787663622620,-3.4739,8.9624,2.2103,-0.00
677.675,1787663622721,-3.4738,8.9615,2.2103,-0.00
677.776,1787663622821,-3.4737,8.9608,2.2104,-0.00
677.876,1787663622921,-3.4737,8.9602,2.2104,-0.00
677.976,1787663623021,-3.4736,8.9598,2.2104,-0.00
678.076,1787663623121,-3.4736,8.9595,2.2104,0.00
678.176,1787663623221,-3.4736,8.9594,2.2105,0.00
678.276,1787663623321,-3.4735,8.9595,2.2105,0.00
678.376,1787663623421,-3.4735,8.9596,2.2105,0.00
678.476,1787663623521,-3.4734,8.9599,2.2105,0.00
678.576,1787663623622,-3.4734,8.9602,2.2105,0.00
678.677,1787663623722,-3.4733,8.9607,2.2105,0.00
678.777,1787663623822,-3.4733,8.9612,2.2105,0.00
678.877,1787663623922,-3.4732,8.9617,2.2105,0.00
678.977,1787663624022,-3.4731,8.9623,2.2105,0.00
679.077,1787663624122,-3.4731,8.9630,2.2105,0.00
679.177,1787663624222,-3.4730,8.9636,2.2105,0.00
679.277,1787663624322,-3.4729,8.9642,2.2105,0.00
679.378,1787663624423,-3.4729,8.9648,2.2105,0.00
679.478,1787663624523,-3.4728,8.9656,2.2105,0.00
679.578,1787663624623,-3.4728,8.9663,2.2105,0.00
679.678,1787663624723,-3.4727,8.9669,2.2105,0.00
679.778,1787663624823,-3.4726,8.9677,2.2104,0.00
679.878,1787663624923,-3.4726,8.9682,2.2104,0.00
679.978,1787663625023,-3.4725,8.9688,2.2104,0.00
680.078,1787663625123,-3.4725,8.9696,2.2103,0.00
680.179,1787663625224,-3.4725,8.9702,2.2102,0.00
680.279,1787663625324,-3.4724,8.9708,2.2102,0.00
680.379,1787663625424,-3.4724,8.9714,2.2102,0.00
680.479,1787663625524,-3.4724,8.9720,2.2101,0.00
680.579,1787663625624,-3.4723,8.9727,2.2101,0.00
680.679,1787663625724,-3.4723,8.9733,2.2101,0.00
680.779,1787663625824,-3.4723,8.9739,2.2101,0.01
680.879,1787663625924,-3.4722,8.9745,2.2101,0.01
680.979,1787663626024,-3.4722,8.9751,2.2101,0.01
681.079,1787663626125,-3.4722,8.9756,2.2101,0.01
681.180,1787663626225,-3.4722,8.9762,2.2101,0.01
681.280,1787663626325,-3.4722,8.9768,2.2101,0.01
681.380,1787663626425,-3.4722,8.9773,2.2101,0.01
681.480,1787663626525,-3.4721,8.9779,2.2101,0.01
681.580,1787663626625,-3.4721,8.9783,2.2102,0.01
681.680,1787663626725,-3.4721,8.9787,2.2102,0.01
681.780,1787663626825,-3.4721,8.9793,2.2102,0.01
681.880,1787663626926,-3.4721,8.9797,2.2102,0.00
681.981,1787663627026,-3.4721,8.9802,2.2102,0.00
682.081,1787663627126,-3.4720,8.9807,2.2102,0.00
682.181,1787663627226,-3.4720,8.9812,2.2103,0.01
682.281,1787663627326,-3.4720,8.9817,2.2103,0.01
682.381,1787663627426,-3.4720,8.9821,2.2103,0.01
682.481,1787663627526,-3.4720,8.9826,2.2103,0.01
682.581,1787663627626,-3.4720,8.9831,2.2104,0.01
682.681,1787663627726,-3.4720,8.9837,2.2102,0.01
682.781,1787663627826,-3.4720,8.9845,2.2094,0.01
682.881,1787663627927,-3.4720,8.9850,2.2078,0.01
682.982,1787663628027,-3.4720,8.9852,2.2052,0.01
683.082,1787663628127,-3.4721,8.9851,2.2017,0.00
683.182,1787663628227,-3.4721,8.9847,2.1967,0.00
683.282,1787663628327,-3.4721,8.9842,2.1911,0.00
683.382,1787663628427,-3.4722,8.9837,2.1856,0.00
683.482,1787663628527,-3.4722,8.9832,2.1798,0.00
683.582,1787663628627,-3.4722,8.9825,2.1725,0.00
683.683,1787663628728,-3.4722,8.9817,2.1641,0.00
683.783,1787663628828,-3.4723,8.9809,2.1546,0.00
683.883,1787663628928,-3.4723,8.9800,2.1449,0.00
683.983,1787663629028,-3.4723,8.9792,2.1354,0.00
684.083,1787663629128,-3.4723,8.9786,2.1266,0.00
684.183,1787663629229,-3.4723,8.9778,2.1162,0.00
684.284,1787663629329,-3.4723,8.9772,2.1067,0.00
684.384,1787663629429,-3.4723,8.9764,2.0956,0.00
684.484,1787663629529,-3.4723,8.9756,2.0814,0.00
684.584,1787663629629,-3.4723,8.9751,2.0724,0.00
684.684,1787663629729,-3.4723,8.9745,2.0590,0.00
684.784,1787663629829,-3.4723,8.9739,2.0446,0.00
684.884,1787663629930,-3.4722,8.9735,2.0329,0.00
684.985,1787663630030,-3.4722,8.9731,2.0197,0.00
685.085,1787663630130,-3.4721,8.9728,2.0062,0.00
685.185,1787663630230,-3.4721,8.9726,1.9934,0.00
685.285,1787663630330,-3.4720,8.9724,1.9835,0.00
685.385,1787663630430,-3.4719,8.9723,1.9690,0.00
685.485,1787663630530,-3.4718,8.9723,1.9527,0.00
685.585,1787663630631,-3.4716,8.9723,1.9395,0.00
685.686,1787663630731,-3.4715,8.9724,1.9255,0.00
685.786,1787663630831,-3.4714,8.9726,1.9115,0.00
685.886,1787663630931,-3.4713,8.9727,1.8982,0.00
685.986,1787663631031,-3.4711,8.9730,1.8841,-0.00
686.086,1787663631131,-3.4709,8.9733,1.8699,-0.00
686.186,1787663631231,-3.4707,8.9737,1.8541,0.00
686.286,1787663631331,-3.4706,8.9740,1.8431,0.00
686.386,1787663631431,-3.4704,8.9744,1.8304,0.00
686.486,1787663631531,-3.4702,8.9748,1.8169,0.00
686.586,1787663631632,-3.4700,8.9753,1.8041,0.00
686.687,1787663631732,-3.4698,8.9758,1.7888,0.00
686.787,1787663631832,-3.4696,8.9762,1.7742,0.00
686.887,1787663631932,-3.4694,8.9767,1.7604,0.00
686.987,1787663632032,-3.4691,8.9773,1.7426,0.00
687.087,1787663632132,-3.4689,8.9777,1.7288,-0.00
687.187,1787663632232,-3.4686,8.9782,1.7133,-0.00
687.288,1787663632333,-3.4684,8.9787,1.6987,-0.00
687.388,1787663632433,-3.4683,8.9790,1.6882,-0.00
687.489,1787663632534,-3.4681,8.9795,1.6719,-0.00
687.589,1787663632634,-3.4679,8.9800,1.6572,-0.00
687.689,1787663632734,-3.4678,8.9805,1.6434,-0.01
687.789,1787663632834,-3.4677,8.9810,1.6287,-0.01
687.889,1787663632935,-3.4675,8.9815,1.6140,-0.01
687.990,1787663633035,-3.4675,8.9819,1.6017,-0.01
688.090,1787663633135,-3.4674,8.9824,1.5870,-0.01
688.190,1787663633235,-3.4673,8.9829,1.5730,-0.01
688.290,1787663633335,-3.4673,8.9833,1.5590,-0.01
688.390,1787663633435,-3.4673,8.9838,1.5434,-0.01
688.490,1787663633535,-3.4673,8.9843,1.5277,-0.01
688.590,1787663633635,-3.4673,8.9847,1.5137,-0.01
688.690,1787663633735,-3.4674,8.9851,1.5005,-0.01
688.790,1787663633836,-3.4674,8.9855,1.4857,-0.01
688.891,1787663633936,-3.4675,8.9859,1.4717,-0.00
688.991,1787663634036,-3.4676,8.9863,1.4567,-0.00
689.091,1787663634136,-3.4677,8.9867,1.4442,-0.00
689.191,1787663634236,-3.4678,8.9871,1.4284,-0.00
689.291,1787663634336,-3.4679,8.9874,1.4159,-0.00
689.391,1787663634436,-3.4680,8.9878,1.4016,-0.00
689.491,1787663634536,-3.4681,8.9883,1.3848,-0.00
689.591,1787663634636,-3.4682,8.9887,1.3680,-0.00
689.691,1787663634737,-3.4683,8.9890,1.3571,-0.01
689.792,1787663634837,-3.4684,8.9894,1.3403,-0.01
689.892,1787663634938,-3.4685,8.9897,1.3268,-0.01
689.993,1787663635038,-3.4686,8.9900,1.3141,-0.01
690.093,1787663635138,-3.4687,8.9903,1.2981,-0.01
690.193,1787663635238,-3.4687,8.9907,1.2837,-0.01
690.293,1787663635338,-3.4688,8.9910,1.2693,-0.01
690.394,1787663635439,-3.4689,8.9913,1.2557,-0.01
690.494,1787663635539,-3.4690,8.9915,1.2430,-0.01
690.594,1787663635639,-3.4691,8.9917,1.2302,-0.00
690.694,1787663635739,-3.4692,8.9920,1.2147,-0.00
690.794,1787663635839,-3.4692,8.9922,1.2000,-0.00
690.894,1787663635939,-3.4693,8.9924,1.1854,-0.00
690.994,1787663636039,-3.4694,8.9927,1.1707,-0.00
691.094,1787663636139,-3.4694,8.9929,1.1568,-0.00
691.194,1787663636240,-3.4695,8.9932,1.1403,-0.00
691.295,1787663636340,-3.4696,8.9935,1.1247,-0.00
691.395,1787663636440,-3.4696,8.9936,1.1143,-0.00
691.495,1787663636540,-3.4697,8.9938,1.1039,-0.00
691.595,1787663636640,-3.4697,8.9940,1.0908,-0.00
691.695,1787663636740,-3.4697,8.9942,1.0777,-0.00
691.795,1787663636840,-3.4697,8.9944,1.0652,-0.00
691.895,1787663636940,-3.4698,8.9945,1.0518,-0.00
691.995,1787663637041,-3.4698,8.9947,1.0383,-0.00
692.096,1787663637141,-3.4698,8.9949,1.0256,-0.00
692.196,1787663637241,-3.4699,8.9950,1.0109,-0.00
692.296,1787663637341,-3.4699,8.9952,0.9970,-0.00
692.396,1787663637441,-3.4699,8.9953,0.9868,-0.00
692.496,1787663637541,-3.4699,8.9954,0.9756,-0.00
692.596,1787663637641,-3.4698,8.9956,0.9595,0.00
692.696,1787663637741,-3.4698,8.9957,0.9452,0.00
692.796,1787663637841,-3.4697,8.9959,0.9307,0.00
692.896,1787663637942,-3.4697,8.9960,0.9182,0.00
692.997,1787663638042,-3.4696,8.9961,0.9026,0.00
693.097,1787663638142,-3.4696,8.9963,0.8889,0.00
693.197,1787663638242,-3.4695,8.9964,0.8733,0.00
693.297,1787663638342,-3.4694,8.9966,0.8585,0.00
693.397,1787663638442,-3.4694,8.9967,0.8438,0.00
693.498,1787663638543,-3.4693,8.9969,0.8253,0.00
693.598,1787663638643,-3.4692,8.9970,0.8116,0.00
693.698,1787663638743,-3.4692,8.9972,0.7951,0.00
693.798,1787663638844,-3.4691,8.9974,0.7787,0.00
693.899,1787663638944,-3.4690,8.9975,0.7606,0.00
693.999,1787663639044,-3.4689,8.9977,0.7426,0.00
694.099,1787663639144,-3.4689,8.9979,0.7240,0.00
694.199,1787663639244,-3.4688,8.9980,0.7095,0.00
694.299,1787663639344,-3.4688,8.9982,0.6955,0.00
694.399,1787663639444,-3.4687,8.9983,0.6839,0.00
694.499,1787663639544,-3.4687,8.9984,0.6729,0.00
694.599,1787663639644,-3.4687,8.9986,0.6590,0.00
694.699,1787663639745,-3.4686,8.9988,0.6463,0.00
694.800,1787663639845,-3.4685,8.9989,0.6365,0.00
694.900,1787663639945,-3.4685,8.9991,0.6264,0.00
695.000,1787663640045,-3.4684,8.9992,0.6177,0.00
695.100,1787663640145,-3.4684,8.9994,0.6089,0.00
695.200,1787663640245,-3.4683,8.9995,0.6025,0.00
695.300,1787663640345,-3.4683,8.9997,0.5967,0.00
695.400,1787663640445,-3.4682,8.9998,0.5903,0.00
695.500,1787663640545,-3.4682,9.0000,0.5848,0.00
695.600,1787663640645,-3.4682,9.0002,0.5787,0.00
695.700,1787663640746,-3.4681,9.0012,0.5756,0.00
695.801,1787663640846,-3.4681,9.0027,0.5747,0.00
695.901,1787663640946,-3.4681,9.0038,0.5749,0.00
696.001,1787663641046,-3.4681,9.0049,0.5758,0.00
696.101,1787663641146,-3.4680,9.0042,0.5774,0.00
696.201,1787663641246,-3.4681,9.0022,0.5787,0.00
696.301,1787663641346,-3.4681,8.9966,0.5805,0.00
696.401,1787663641446,-3.4681,8.9898,0.5820,0.00
696.501,1787663641546,-3.4682,8.9815,0.5833,0.01
696.602,1787663641647,-3.4682,8.9689,0.5847,0.01
696.702,1787663641747,-3.4683,8.9540,0.5859,0.01
696.802,1787663641847,-3.4684,8.9361,0.5870,0.01
696.902,1787663641947,-3.4684,8.9165,0.5878,0.01
697.002,1787663642047,-3.4685,8.8940,0.5885,0.01
697.102,1787663642147,-3.4686,8.8654,0.5891,0.01
697.202,1787663642247,-3.4687,8.8390,0.5895,0.01
697.302,1787663642348,-3.4688,8.7978,0.5897,0.01
697.403,1787663642448,-3.4688,8.7679,0.5898,0.01
697.503,1787663642548,-3.4690,8.7266,0.5898,0.01
697.603,1787663642648,-3.4691,8.6796,0.5897,0.01
697.703,1787663642748,-3.4692,8.6265,0.5894,0.01
697.803,1787663642848,-3.4692,8.5816,0.5891,0.01
697.903,1787663642948,-3.4692,8.5229,0.5887,0.01
698.003,1787663643048,-3.4692,8.4707,0.5882,0.00
698.103,1787663643148,-3.4692,8.4201,0.5878,0.00
698.203,1787663643249,-3.4692,8.3681,0.5874,0.00
698.304,1787663643349,-3.4692,8.3081,0.5869,0.00
698.404,1787663643449,-3.4692,8.2536,0.5864,0.00
698.504,1787663643549,-3.4692,8.1946,0.5859,0.00
698.604,1787663643649,-3.4691,8.1169,0.5853,0.00
698.704,1787663643749,-3.4691,8.0557,0.5848,0.00
698.804,1787663643849,-3.4690,8.0086,0.5844,0.00
698.904,1787663643949,-3.4689,7.9280,0.5837,0.00
699.004,1787663644049,-3.4689,7.8579,0.5831,0.00
699.104,1787663644150,-3.4688,7.7984,0.5827,0.00
699.205,1787663644250,-3.4687,7.7388,0.5822,0.00
699.305,1787663644350,-3.4686,7.6681,0.5817,0.00
699.405,1787663644450,-3.4685,7.6310,0.5814,0.00
699.505,1787663644550,-3.4684,7.5644,0.5809,0.00
699.605,1787663644650,-3.4683,7.4981,0.5805,0.00
699.706,1787663644751,-3.4681,7.4244,0.5799,0.00
699.806,1787663644851,-3.4681,7.3764,0.5796,0.00
699.906,1787663644951,-3.4679,7.3137,0.5792,0.01
700.006,1787663645051,-3.4678,7.2513,0.5787,0.01
700.106,1787663645151,-3.4677,7.1816,0.5783,0.01
700.206,1787663645251,-3.4676,7.1194,0.5779,0.01
700.306,1787663645351,-3.4676,7.0719,0.5776,0.01
700.406,1787663645451,-3.4675,7.0101,0.5772,0.01
700.506,1787663645552,-3.4674,6.9450,0.5768,0.01
700.607,1787663645652,-3.4674,6.8908,0.5765,0.01
700.707,1787663645752,-3.4674,6.8293,0.5761,0.01
700.807,1787663645852,-3.4673,6.7679,0.5757,0.01
700.907,1787663645952,-3.4673,6.7031,0.5753,0.01
701.007,1787663646052,-3.4673,6.6492,0.5750,0.01
701.107,1787663646152,-3.4673,6.5810,0.5746,0.01
701.207,1787663646252,-3.4673,6.5275,0.5743,0.01
701.307,1787663646352,-3.4673,6.4707,0.5739,0.01
701.408,1787663646453,-3.4672,6.4031,0.5736,0.01
701.508,1787663646553,-3.4672,6.3428,0.5733,0.01
701.608,1787663646653,-3.4672,6.2825,0.5729,0.01
701.708,1787663646753,-3.4672,6.2114,0.5726,0.01
701.808,1787663646853,-3.4671,6.1653,0.5723,0.01
701.908,1787663646953,-3.4671,6.1052,0.5720,0.01
702.008,1787663647053,-3.4671,6.0383,0.5717,0.01
702.108,1787663647153,-3.4671,5.9611,0.5713,0.01
702.209,1787663647254,-3.4671,5.9049,0.5710,0.01
702.309,1787663647354,-3.4671,5.8524,0.5708,0.01
702.409,1787663647454,-3.4672,5.7826,0.5704,0.01
702.509,1787663647554,-3.4672,5.7200,0.5701,0.01
702.609,1787663647654,-3.4672,5.6680,0.5698,0.01
702.709,1787663647754,-3.4672,5.6022,0.5695,0.01
702.809,1787663647854,-3.4672,5.5366,0.5691,0.01
702.909,1787663647954,-3.4672,5.4783,0.5689,0.01
703.009,1787663648055,-3.4672,5.4271,0.5686,0.01
703.110,1787663648155,-3.4672,5.3862,0.5684,0.01
703.210,1787663648255,-3.4672,5.3252,0.5682,0.01
703.311,1787663648356,-3.4671,5.2542,0.5678,0.01
703.411,1787663648456,-3.4671,5.1933,0.5675,0.01
703.511,1787663648557,-3.4671,5.1426,0.5673,0.01
703.612,1787663648657,-3.4671,5.0748,0.5670,0.01
703.712,1787663648757,-3.4671,5.0103,0.5666,0.01
703.812,1787663648857,-3.4671,4.9561,0.5664,0.01
703.912,1787663648957,-3.4671,4.8952,0.5661,0.01
704.012,1787663649057,-3.4672,4.8276,0.5658,0.01
704.112,1787663649157,-3.4672,4.7702,0.5655,0.01
704.212,1787663649257,-3.4672,4.7162,0.5653,0.01
704.313,1787663649358,-3.4672,4.6591,0.5650,0.01
704.413,1787663649458,-3.4673,4.5986,0.5648,0.01
704.513,1787663649558,-3.4673,4.5451,0.5646,0.01
704.613,1787663649658,-3.4673,4.4950,0.5644,0.01
704.713,1787663649758,-3.4674,4.4482,0.5642,0.01
704.813,1787663649858,-3.4674,4.3917,0.5640,0.01
704.913,1787663649958,-3.4675,4.3285,0.5638,0.01
705.013,1787663650058,-3.4676,4.2649,0.5636,0.01
705.113,1787663650159,-3.4676,4.2111,0.5634,0.01
705.214,1787663650260,-3.4677,4.1436,0.5631,0.01
705.315,1787663650360,-3.4678,4.0828,0.5629,0.01
705.415,1787663650460,-3.4679,4.0288,0.5627,0.01
705.515,1787663650560,-3.4680,3.9747,0.5625,0.01
705.615,1787663650660,-3.4681,3.9173,0.5622,0.00
705.715,1787663650760,-3.4682,3.8733,0.5621,0.00
705.815,1787663650860,-3.4684,3.8091,0.5618,0.00
705.915,1787663650960,-3.4685,3.7447,0.5616,0.00
706.015,1787663651060,-3.4686,3.6834,0.5613,0.00
706.115,1787663651161,-3.4688,3.6287,0.5611,0.00
706.216,1787663651261,-3.4689,3.5636,0.5608,0.00
706.316,1787663651361,-3.4691,3.5019,0.5605,0.00
706.416,1787663651461,-3.4692,3.4436,0.5602,0.00
706.516,1787663651561,-3.4694,3.3887,0.5600,0.00
706.616,1787663651661,-3.4695,3.3304,0.5597,0.00
706.716,1787663651761,-3.4696,3.2723,0.5595,0.00
706.816,1787663651861,-3.4697,3.2211,0.5592,0.00
706.916,1787663651961,-3.4698,3.1633,0.5590,0.00
707.016,1787663652062,-3.4699,3.1054,0.5587,-0.00
707.117,1787663652162,-3.4700,3.0405,0.5585,-0.00
707.217,1787663652262,-3.4701,2.9721,0.5582,-0.00
707.317,1787663652362,-3.4701,2.9103,0.5579,-0.00
707.417,1787663652462,-3.4701,2.8484,0.5577,-0.00
707.517,1787663652562,-3.4701,2.7934,0.5574,-0.00
707.617,1787663652662,-3.4701,2.7248,0.5571,-0.00
707.717,1787663652762,-3.4701,2.6700,0.5569,-0.00
707.817,1787663652863,-3.4701,2.6084,0.5566,-0.00
707.918,1787663652963,-3.4701,2.5570,0.5564,-0.00
708.018,1787663653063,-3.4701,2.5058,0.5562,-0.00
708.118,1787663653163,-3.4700,2.4445,0.5559,-0.00
708.218,1787663653263,-3.4700,2.3801,0.5556,-0.00
708.318,1787663653363,-3.4700,2.3258,0.5553,-0.00
708.418,1787663653463,-3.4700,2.2647,0.5550,-0.00
708.518,1787663653563,-3.4700,2.2102,0.5548,-0.00
708.618,1787663653663,-3.4700,2.1659,0.5546,-0.00
708.718,1787663653763,-3.4699,2.1046,0.5543,-0.00
708.818,1787663653864,-3.4699,2.0398,0.5540,-0.00
708.919,1787663653964,-3.4699,1.9819,0.5537,-0.00
709.019,1787663654064,-3.4699,1.9307,0.5535,-0.00
709.119,1787663654164,-3.4699,1.8725,0.5532,-0.00
709.219,1787663654264,-3.4699,1.8177,0.5530,-0.00
709.319,1787663654364,-3.4699,1.7630,0.5528,-0.00
709.419,1787663654464,-3.4699,1.7013,0.5525,-0.00
709.519,1787663654564,-3.4699,1.6464,0.5523,-0.00
709.619,1787663654664,-3.4698,1.5878,0.5521,-0.00
709.720,1787663654765,-3.4698,1.5256,0.5518,0.00
709.820,1787663654865,-3.4698,1.4563,0.5516,0.00
709.920,1787663654965,-3.4698,1.4041,0.5513,0.00
710.020,1787663655065,-3.4698,1.3521,0.5511,0.00
710.120,1787663655165,-3.4698,1.2931,0.5509,0.00
710.220,1787663655265,-3.4698,1.2306,0.5507,0.00
710.321,1787663655366,-3.4698,1.1715,0.5505,0.00
710.421,1787663655466,-3.4698,1.1228,0.5503,0.00
710.521,1787663655566,-3.4697,1.0500,0.5500,0.00
710.621,1787663655666,-3.4697,0.9945,0.5498,0.00
710.721,1787663655766,-3.4697,0.9283,0.5495,0.00
710.821,1787663655867,-3.4698,0.8691,0.5493,0.00
710.922,1787663655967,-3.4698,0.8064,0.5490,0.00
711.022,1787663656067,-3.4698,0.7471,0.5488,0.00
711.122,1787663656167,-3.4698,0.6913,0.5485,0.00
711.222,1787663656267,-3.4698,0.6251,0.5482,0.00
711.322,1787663656367,-3.4698,0.5592,0.5480,0.00
711.422,1787663656467,-3.4699,0.4969,0.5477,0.00
711.522,1787663656567,-3.4699,0.4347,0.5474,-0.00
711.622,1787663656667,-3.4699,0.3692,0.5472,-0.00
711.722,1787663656768,-3.4699,0.3004,0.5469,-0.00
711.823,1787663656868,-3.4699,0.2524,0.5467,-0.00
711.923,1787663656968,-3.4699,0.2013,0.5465,-0.00
712.023,1787663657068,-3.4699,0.1404,0.5462,-0.00
712.123,1787663657168,-3.4699,0.0796,0.5460,-0.00
712.223,1787663657268,-3.4699,0.0256,0.5458,-0.00
712.323,1787663657368,-3.4699,-0.0384,0.5455,-0.00
712.423,1787663657468,-3.4699,-0.0957,0.5453,-0.00
712.523,1787663657568,-3.4699,-0.1530,0.5451,-0.00
712.623,1787663657668,-3.4698,-0.2202,0.5449,-0.00
712.723,1787663657769,-3.4698,-0.2838,0.5446,-0.00
712.824,1787663657869,-3.4697,-0.3442,0.5444,-0.00
712.924,1787663657969,-3.4697,-0.3878,0.5443,-0.00
713.024,1787663658069,-3.4696,-0.4514,0.5440,0.00
713.124,1787663658169,-3.4696,-0.5015,0.5438,0.00
713.224,1787663658269,-3.4695,-0.5549,0.5436,0.00
713.324,1787663658369,-3.4694,-0.6116,0.5434,-0.00
713.424,1787663658469,-3.4693,-0.6750,0.5432,-0.00
713.524,1787663658569,-3.4693,-0.7320,0.5430,-0.00
713.624,1787663658670,-3.4692,-0.7957,0.5427,-0.00
713.725,1787663658770,-3.4691,-0.8528,0.5425,-0.00
713.825,1787663658870,-3.4690,-0.9166,0.5422,-0.00
713.925,1787663658970,-3.4690,-0.9603,0.5420,-0.00
714.025,1787663659070,-3.4689,-1.0105,0.5418,-0.00
714.125,1787663659170,-3.4688,-1.0741,0.5416,-0.00
714.225,1787663659270,-3.4688,-1.1313,0.5413,-0.00
714.325,1787663659370,-3.4687,-1.1956,0.5411,-0.00
714.425,1787663659470,-3.4686,-1.2466,0.5408,-0.00
714.525,1787663659570,-3.4685,-1.3081,0.5405,-0.00
714.625,1787663659670,-3.4684,-1.3697,0.5402,-0.00
714.726,1787663659771,-3.4684,-1.4279,0.5400,-0.00
714.826,1787663659871,-3.4683,-1.4895,0.5397,-0.00
714.926,1787663659971,-3.4682,-1.5479,0.5394,-0.00
715.026,1787663660071,-3.4682,-1.6027,0.5392,-0.00
715.126,1787663660171,-3.4681,-1.6643,0.5389,-0.00
715.226,1787663660271,-3.4681,-1.7293,0.5386,-0.00
715.326,1787663660371,-3.4680,-1.7911,0.5384,-0.00
715.426,1787663660471,-3.4680,-1.8460,0.5382,-0.00
715.526,1787663660571,-3.4680,-1.9079,0.5379,-0.00
715.627,1787663660672,-3.4680,-1.9696,0.5377,-0.00
715.727,1787663660772,-3.4681,-2.0382,0.5374,-0.00
715.827,1787663660872,-3.4681,-2.0967,0.5371,-0.00
715.927,1787663660972,-3.4681,-2.1551,0.5369,-0.00
716.027,1787663661072,-3.4682,-2.2133,0.5367,-0.00
716.127,1787663661172,-3.4682,-2.2715,0.5364,-0.00
716.227,1787663661272,-3.4683,-2.3297,0.5362,-0.00
716.327,1787663661372,-3.4683,-2.3877,0.5360,-0.00
716.427,1787663661473,-3.4684,-2.4456,0.5358,-0.00
716.528,1787663661573,-3.4684,-2.4999,0.5356,-0.00
716.628,1787663661673,-3.4685,-2.5609,0.5353,-0.00
716.728,1787663661773,-3.4685,-2.6218,0.5351,-0.00
716.828,1787663661873,-3.4685,-2.6792,0.5349,-0.00
716.928,1787663661973,-3.4686,-2.7400,0.5347,-0.00
717.028,1787663662073,-3.4686,-2.7940,0.5345,-0.01
717.128,1787663662173,-3.4686,-2.8548,0.5343,-0.01
717.228,1787663662273,-3.4685,-2.9157,0.5341,-0.01
717.329,1787663662374,-3.4685,-2.9665,0.5339,-0.01
717.429,1787663662474,-3.4684,-3.0241,0.5337,-0.01
717.529,1787663662574,-3.4684,-3.0817,0.5335,-0.01
717.629,1787663662674,-3.4684,-3.1326,0.5333,-0.00
717.729,1787663662774,-3.4683,-3.2073,0.5330,-0.00
717.829,1787663662874,-3.4683,-3.2583,0.5328,-0.00
717.929,1787663662975,-3.4682,-3.3093,0.5326,-0.00
718.030,1787663663075,-3.4681,-3.3672,0.5324,-0.00
718.130,1787663663175,-3.4680,-3.4285,0.5322,-0.00
718.230,1787663663275,-3.4679,-3.4831,0.5319,-0.00
718.330,1787663663375,-3.4678,-3.5446,0.5317,-0.00
718.430,1787663663475,-3.4677,-3.6097,0.5314,-0.00
718.530,1787663663575,-3.4676,-3.6715,0.5311,-0.00
718.630,1787663663675,-3.4675,-3.7302,0.5309,-0.00
718.730,1787663663775,-3.4674,-3.7856,0.5306,-0.00
718.830,1787663663875,-3.4674,-3.8443,0.5304,-0.00
718.931,1787663663976,-3.4673,-3.9029,0.5302,-0.00
719.031,1787663664076,-3.4672,-3.9581,0.5299,-0.00
719.131,1787663664176,-3.4671,-4.0237,0.5297,-0.00
719.231,1787663664276,-3.4670,-4.0755,0.5295,-0.00
719.331,1787663664376,-3.4669,-4.1344,0.5292,-0.00
719.431,1787663664476,-3.4668,-4.2001,0.5290,-0.01
719.531,1787663664577,-3.4667,-4.2484,0.5288,-0.01
719.632,1787663664677,-3.4667,-4.3138,0.5286,-0.01
719.732,1787663664777,-3.4666,-4.3758,0.5284,-0.01
719.832,1787663664877,-3.4666,-4.4345,0.5282,-0.01
719.932,1787663664977,-3.4665,-4.4829,0.5280,-0.01
720.032,1787663665077,-3.4665,-4.5382,0.5278,-0.01
720.132,1787663665177,-3.4664,-4.5969,0.5275,-0.01
720.232,1787663665277,-3.4664,-4.6660,0.5273,-0.00
720.333,1787663665378,-3.4664,-4.7214,0.5270,-0.00
720.433,1787663665478,-3.4663,-4.7699,0.5269,-0.00
720.533,1787663665578,-3.4663,-4.8252,0.5267,-0.00
720.633,1787663665678,-3.4662,-4.8876,0.5264,-0.00
720.733,1787663665778,-3.4662,-4.9396,0.5263,-0.00
720.833,1787663665879,-3.4661,-4.9953,0.5261,0.00
720.934,1787663665979,-3.4661,-5.0651,0.5259,0.00
721.034,1787663666079,-3.4661,-5.1211,0.5257,0.00
721.134,1787663666179,-3.4661,-5.1737,0.5255,0.00
721.234,1787663666279,-3.4661,-5.2369,0.5252,0.00
721.334,1787663666379,-3.4661,-5.2968,0.5250,0.00
721.434,1787663666479,-3.4661,-5.3639,0.5247,-0.00
721.535,1787663666580,-3.4661,-5.4241,0.5244,-0.00
721.635,1787663666680,-3.4662,-5.4879,0.5242,-0.00
721.735,1787663666780,-3.4662,-5.5446,0.5239,-0.00
721.835,1787663666880,-3.4662,-5.6013,0.5237,-0.01
721.935,1787663666980,-3.4663,-5.6616,0.5234,-0.01
722.035,1787663667080,-3.4663,-5.7182,0.5232,-0.01
722.135,1787663667180,-3.4664,-5.7851,0.5229,-0.01
722.235,1787663667280,-3.4664,-5.8415,0.5226,-0.01
722.336,1787663667381,-3.4665,-5.9119,0.5224,-0.00
722.436,1787663667481,-3.4665,-5.9646,0.5222,-0.00
722.536,1787663667581,-3.4666,-6.0314,0.5219,-0.00
722.636,1787663667681,-3.4666,-6.0910,0.5217,-0.00
722.736,1787663667781,-3.4666,-6.1401,0.5215,0.00
722.836,1787663667881,-3.4667,-6.2030,0.5213,0.00
722.936,1787663667982,-3.4667,-6.2622,0.5210,0.00
723.037,1787663668082,-3.4667,-6.3215,0.5208,0.00
723.137,1787663668182,-3.4668,-6.3876,0.5206,0.00
723.237,1787663668282,-3.4668,-6.4504,0.5203,0.00
723.337,1787663668382,-3.4668,-6.4957,0.5202,0.00
723.437,1787663668482,-3.4669,-6.5687,0.5199,0.00
723.537,1787663668582,-3.4669,-6.6347,0.5197,0.00
723.637,1787663668682,-3.4670,-6.6867,0.5195,0.00
723.737,1787663668782,-3.4670,-6.7386,0.5193,-0.00
723.837,1787663668882,-3.4671,-6.8008,0.5191,-0.00
723.938,1787663668983,-3.4671,-6.8595,0.5189,-0.00
724.038,1787663669083,-3.4672,-6.9250,0.5186,-0.00
724.138,1787663669183,-3.4672,-6.9871,0.5183,-0.00
724.238,1787663669283,-3.4673,-7.0422,0.5181,-0.00
724.338,1787663669383,-3.4673,-7.0972,0.5179,-0.00
724.438,1787663669483,-3.4674,-7.1623,0.5176,-0.00
724.538,1787663669583,-3.4674,-7.2240,0.5174,-0.00
724.638,1787663669683,-3.4674,-7.2754,0.5172,-0.00
724.739,1787663669784,-3.4675,-7.3268,0.5170,-0.00
724.839,1787663669884,-3.4675,-7.3780,0.5168,-0.00
724.939,1787663669984,-3.4676,-7.4395,0.5165,-0.00
725.039,1787663670084,-3.4677,-7.5046,0.5163,-0.00
725.139,1787663670185,-3.4677,-7.5664,0.5160,-0.00
725.240,1787663670285,-3.4677,-7.6215,0.5158,-0.00
725.340,1787663670385,-3.4677,-7.6594,0.5156,-0.00
725.440,1787663670485,-3.4678,-7.7212,0.5154,-0.00
725.540,1787663670585,-3.4678,-7.7657,0.5152,-0.00
725.640,1787663670685,-3.4678,-7.8171,0.5150,-0.00
725.740,1787663670785,-3.4678,-7.8686,0.5148,-0.00
725.840,1787663670885,-3.4678,-7.9342,0.5145,0.00
725.940,1787663670985,-3.4678,-8.0074,0.5142,0.00
726.040,1787663671086,-3.4678,-8.0707,0.5139,0.00
726.141,1787663671186,-3.4678,-8.1203,0.5137,0.00
726.241,1787663671286,-3.4678,-8.1884,0.5134,0.00
726.341,1787663671386,-3.4678,-8.2428,0.5132,0.00
726.441,1787663671486,-3.4678,-8.3116,0.5129,0.00
726.541,1787663671586,-3.4678,-8.3758,0.5126,0.00
726.641,1787663671686,-3.4678,-8.4384,0.5124,0.00
726.741,1787663671786,-3.4678,-8.4957,0.5122,0.00
726.842,1787663671887,-3.4678,-8.5507,0.5121,0.00
726.942,1787663671987,-3.4677,-8.6093,0.5119,0.00
727.042,1787663672087,-3.4677,-8.6475,0.5118,0.00
727.142,1787663672187,-3.4677,-8.7058,0.5117,0.00
727.242,1787663672287,-3.4676,-8.7546,0.5116,0.01
727.342,1787663672387,-3.4676,-8.7973,0.5115,0.01
727.442,1787663672487,-3.4675,-8.8365,0.5114,0.01
727.542,1787663672588,-3.4675,-8.8720,0.5112,0.01
727.643,1787663672688,-3.4675,-8.9041,0.5110,0.01
727.743,1787663672788,-3.4675,-8.9296,0.5109,0.01
727.843,1787663672888,-3.4675,-8.9551,0.5106,0.01
727.943,1787663672988,-3.4675,-8.9807,0.5104,0.01
728.043,1787663673088,-3.4674,-8.9963,0.5102,0.01
728.143,1787663673189,-3.4675,-9.0124,0.5100,0.02
728.244,1787663673289,-3.4675,-9.0256,0.5098,0.02
728.344,1787663673389,-3.4675,-9.0367,0.5097,0.02
728.444,1787663673489,-3.4675,-9.0440,0.5095,0.02
728.545,1787663673590,-3.4675,-9.0486,0.5094,0.02
728.645,1787663673690,-3.4675,-9.0525,0.5093,0.02
728.745,1787663673790,-3.4676,-9.0557,0.5091,0.02
728.845,1787663673890,-3.4676,-9.0569,0.5090,0.02
728.945,1787663673991,-3.4676,-9.0570,0.5089,0.02
729.046,1787663674091,-3.4677,-9.0559,0.5088,0.02
729.146,1787663674191,-3.4677,-9.0542,0.5088,0.02
729.246,1787663674291,-3.4678,-9.0520,0.5087,0.02
729.346,1787663674391,-3.4679,-9.0477,0.5087,0.01
729.446,1787663674491,-3.4679,-9.0432,0.5087,0.01
729.546,1787663674591,-3.4680,-9.0387,0.5087,0.01
729.646,1787663674691,-3.4680,-9.0333,0.5087,0.00
729.746,1787663674791,-3.4680,-9.0277,0.5087,0.00
729.846,1787663674892,-3.4681,-9.0225,0.5087,-0.00
729.947,1787663674992,-3.4681,-9.0170,0.5087,-0.00
730.047,1787663675092,-3.4681,-9.0111,0.5088,-0.00
730.147,1787663675192,-3.4681,-9.0056,0.5088,-0.00
730.247,1787663675292,-3.4681,-8.9999,0.5088,0.00
730.347,1787663675392,-3.4681,-8.9947,0.5089,0.00
730.447,1787663675492,-3.4681,-8.9900,0.5089,0.00
730.547,1787663675592,-3.4681,-8.9850,0.5090,0.00
730.647,1787663675692,-3.4680,-8.9803,0.5091,0.00
730.747,1787663675793,-3.4680,-8.9763,0.5091,0.00
730.848,1787663675893,-3.4679,-8.9733,0.5092,0.00
730.948,1787663675993,-3.4678,-8.9692,0.5093,0.00
731.048,1787663676093,-3.4677,-8.9657,0.5094,0.00
731.148,1787663676193,-3.4677,-8.9629,0.5094,0.01
731.248,1787663676293,-3.4676,-8.9600,0.5095,0.01
731.349,1787663676394,-3.4675,-8.9572,0.5095,0.01
731.449,1787663676494,-3.4674,-8.9554,0.5095,0.01
731.549,1787663676594,-3.4673,-8.9535,0.5096,0.01
731.649,1787663676694,-3.4672,-8.9518,0.5096,0.02
731.749,1787663676795,-3.4670,-8.9506,0.5097,0.02
731.850,1787663676895,-3.4669,-8.9494,0.5097,0.02
731.950,1787663676995,-3.4668,-8.9483,0.5098,0.02
732.050,1787663677095,-3.4667,-8.9475,0.5098,0.02
732.150,1787663677195,-3.4667,-8.9468,0.5099,0.02
732.250,1787663677295,-3.4666,-8.9465,0.5099,0.02
732.350,1787663677395,-3.4665,-8.9462,0.5100,0.02
732.450,1787663677495,-3.4665,-8.9460,0.5100,0.01
732.550,1787663677596,-3.4664,-8.9460,0.5101,0.01
732.651,1787663677696,-3.4664,-8.9461,0.5101,0.01
732.751,1787663677796,-3.4663,-8.9463,0.5101,0.01
732.851,1787663677896,-3.4662,-8.9466,0.5102,0.01
732.951,1787663677996,-3.4662,-8.9469,0.5102,0.01
733.051,1787663678096,-3.4662,-8.9473,0.5102,0.01
733.151,1787663678196,-3.4662,-8.9477,0.5102,0.01
733.251,1787663678296,-3.4662,-8.9484,0.5103,0.01
733.352,1787663678397,-3.4662,-8.9489,0.5103,0.01
733.452,1787663678497,-3.4663,-8.9496,0.5103,0.02
733.552,1787663678597,-3.4663,-8.9504,0.5104,0.02
733.652,1787663678697,-3.4664,-8.9511,0.5104,0.02
733.752,1787663678797,-3.4664,-8.9518,0.5104,0.02
733.852,1787663678897,-3.4665,-8.9524,0.5104,0.02
733.952,1787663678997,-3.4665,-8.9532,0.5104,0.02
734.052,1787663679097,-3.4666,-8.9540,0.5104,0.02
734.152,1787663679197,-3.4666,-8.9547,0.5104,0.02
734.252,1787663679298,-3.4667,-8.9556,0.5104,0.02
734.353,1787663679398,-3.4667,-8.9563,0.5104,0.02
734.453,1787663679498,-3.4668,-8.9570,0.5104,0.02
734.553,1787663679598,-3.4668,-8.9577,0.5103,0.02
734.653,1787663679698,-3.4669,-8.9584,0.5103,0.02
734.753,1787663679798,-3.4669,-8.9591,0.5103,0.02
734.853,1787663679898,-3.4669,-8.9598,0.5102,0.01
734.953,1787663679998,-3.4670,-8.9605,0.5102,0.01
735.053,1787663680099,-3.4670,-8.9611,0.5102,0.01
735.154,1787663680199,-3.4670,-8.9618,0.5101,0.01
735.254,1787663680299,-3.4670,-8.9625,0.5101,0.01
735.354,1787663680399,-3.4670,-8.9631,0.5100,0.01
735.454,1787663680499,-3.4671,-8.9636,0.5100,0.01
735.554,1787663680599,-3.4671,-8.9644,0.5100,0.01
735.654,1787663680700,-3.4671,-8.9650,0.5099,0.02
735.755,1787663680800,-3.4671,-8.9657,0.5099,0.02
735.855,1787663680900,-3.4672,-8.9664,0.5099,0.02
735.955,1787663681000,-3.4672,-8.9670,0.5099,0.02
736.055,1787663681100,-3.4672,-8.9676,0.5099,0.02
736.155,1787663681200,-3.4672,-8.9682,0.5099,0.02
736.255,1787663681300,-3.4673,-8.9689,0.5099,0.02
736.355,1787663681400,-3.4673,-8.9694,0.5098,0.02
736.455,1787663681500,-3.4673,-8.9700,0.5098,0.02
736.555,1787663681600,-3.4674,-8.9706,0.5098,0.02
736.655,1787663681700,-3.4674,-8.9711,0.5098,0.02
736.756,1787663681801,-3.4675,-8.9718,0.5098,0.02
736.856,1787663681901,-3.4675,-8.9725,0.5099,0.01
736.956,1787663682001,-3.4675,-8.9732,0.5100,-0.07
737.056,1787663682101,-3.4676,-8.9737,0.5104,-0.34
737.156,1787663682201,-3.4677,-8.9738,0.5109,-0.84
737.256,1787663682301,-3.4678,-8.9738,0.5114,-1.37
737.356,1787663682401,-3.4678,-8.9739,0.5124,-2.73
737.456,1787663682501,-3.4679,-8.9742,0.5135,-4.36
737.557,1787663682602,-3.4679,-8.9746,0.5142,-5.70
737.657,1787663682702,-3.4681,-8.9754,0.5152,-8.07
737.758,1787663682803,-3.4684,-8.9766,0.5163,-11.19
737.858,1787663682903,-3.4686,-8.9775,0.5169,-13.63
737.958,1787663683003,-3.4689,-8.9787,0.5174,-16.85
738.058,1787663683103,-3.4694,-8.9798,0.5178,-20.71
738.158,1787663683203,-3.4698,-8.9806,0.5178,-24.55
738.258,1787663683303,-3.4702,-8.9812,0.5177,-28.05
738.359,1787663683404,-3.4706,-8.9814,0.5174,-31.58
738.459,1787663683504,-3.4708,-8.9814,0.5169,-34.67
738.559,1787663683604,-3.4710,-8.9809,0.5162,-38.85
738.659,1787663683704,-3.4710,-8.9800,0.5155,-42.74
738.759,1787663683804,-3.4709,-8.9789,0.5148,-46.34
738.859,1787663683904,-3.4706,-8.9774,0.5140,-50.04
738.959,1787663684004,-3.4702,-8.9759,0.5134,-53.22
739.059,1787663684104,-3.4695,-8.9740,0.5126,-56.66
739.160,1787663684205,-3.4688,-8.9720,0.5120,-59.97
739.260,1787663684305,-3.4681,-8.9704,0.5115,-62.29
739.360,1787663684405,-3.4671,-8.9684,0.5110,-65.24
739.460,1787663684505,-3.4660,-8.9662,0.5105,-68.28
739.560,1787663684605,-3.4648,-8.9641,0.5101,-71.27
739.660,1787663684705,-3.4638,-8.9622,0.5097,-74.05
739.760,1787663684805,-3.4629,-8.9606,0.5094,-76.66
739.860,1787663684905,-3.4621,-8.9590,0.5091,-79.42
739.960,1787663685005,-3.4613,-8.9572,0.5089,-82.84
740.060,1787663685106,-3.4609,-8.9563,0.5087,-84.96
740.161,1787663685206,-3.4605,-8.9552,0.5086,-87.76
740.261,1787663685306,-3.4603,-8.9542,0.5084,-91.09
740.361,1787663685406,-3.4602,-8.9535,0.5084,-93.96
740.461,1787663685506,-3.4602,-8.9531,0.5083,-95.83
740.561,1787663685606,-3.4604,-8.9525,0.5083,-99.09
740.661,1787663685706,-3.4606,-8.9523,0.5082,-101.70
740.761,1787663685806,-3.4609,-8.9520,0.5082,-104.69
740.861,1787663685906,-3.4613,-8.9519,0.5082,-107.55
740.961,1787663686007,-3.4618,-8.9519,0.5082,-110.26
741.062,1787663686107,-3.4624,-8.9520,0.5083,-113.56
741.162,1787663686207,-3.4631,-8.9522,0.5083,-116.92
741.262,1787663686307,-3.4638,-8.9524,0.5083,-120.11
741.362,1787663686407,-3.4646,-8.9527,0.5084,-123.32
741.462,1787663686507,-3.4656,-8.9530,0.5084,-127.26
741.562,1787663686607,-3.4661,-8.9533,0.5084,-129.88
741.662,1787663686707,-3.4666,-8.9537,0.5084,-132.47
741.762,1787663686807,-3.4672,-8.9543,0.5084,-135.97
741.862,1787663686907,-3.4678,-8.9550,0.5083,-139.62
741.962,1787663687007,-3.4680,-8.9554,0.5083,-141.78
742.063,1787663687108,-3.4684,-8.9561,0.5083,-145.18
742.163,1787663687208,-3.4687,-8.9569,0.5083,-148.55
742.263,1787663687308,-3.4689,-8.9575,0.5083,-151.01
742.363,1787663687408,-3.4691,-8.9583,0.5083,-154.15
742.463,1787663687508,-3.4692,-8.9590,0.5083,-156.77
742.563,1787663687608,-3.4693,-8.9598,0.5083,-159.90
742.663,1787663687708,-3.4694,-8.9605,0.5084,-163.04
742.763,1787663687808,-3.4695,-8.9613,0.5084,-166.70
742.863,1787663687908,-3.4696,-8.9618,0.5085,-169.12
742.963,1787663688009,-3.4697,-8.9622,0.5086,-171.99
743.064,1787663688109,-3.4698,-8.9625,0.5089,-175.32
743.164,1787663688209,-3.4698,-8.9627,0.5092,-177.19
743.264,1787663688309,-3.4698,-8.9631,0.5097,-179.60
743.364,1787663688409,-3.4698,-8.9639,0.5104,178.36
743.464,1787663688509,-3.4697,-8.9652,0.5112,176.91
743.564,1787663688610,-3.4696,-8.9667,0.5119,176.04
743.665,1787663688710,-3.4695,-8.9686,0.5126,175.51
743.766,1787663688811,-3.4695,-8.9709,0.5132,175.37
743.866,1787663688911,-3.4695,-8.9730,0.5136,175.55
743.966,1787663689011,-3.4694,-8.9749,0.5139,175.92
744.066,1787663689111,-3.4694,-8.9769,0.5140,176.52
744.166,1787663689211,-3.4694,-8.9785,0.5140,177.21
744.266,1787663689311,-3.4693,-8.9799,0.5138,177.99
744.366,1787663689412,-3.4693,-8.9809,0.5135,178.70
744.467,1787663689512,-3.4692,-8.9815,0.5132,179.47
744.567,1787663689612,-3.4691,-8.9816,0.5128,-179.88
744.667,1787663689712,-3.4689,-8.9813,0.5124,-179.24
744.767,1787663689812,-3.4688,-8.9804,0.5120,-178.74
744.867,1787663689912,-3.4687,-8.9795,0.5116,-178.45
744.967,1787663690012,-3.4686,-8.9779,0.5112,-178.20
745.067,1787663690112,-3.4685,-8.9760,0.5108,-178.08
745.167,1787663690213,-3.4684,-8.9740,0.5105,-178.06
745.267,1787663690313,-3.4683,-8.9719,0.5102,-178.14
745.368,1787663690413,-3.4681,-8.9698,0.5100,-178.27
745.468,1787663690513,-3.4680,-8.9678,0.5098,-178.45
745.568,1787663690613,-3.4679,-8.9657,0.5096,-178.67
745.668,1787663690713,-3.4678,-8.9639,0.5094,-178.88
745.768,1787663690813,-3.4677,-8.9619,0.5092,-179.14
745.868,1787663690913,-3.4677,-8.9604,0.5091,-179.34
745.968,1787663691013,-3.4683,-8.9591,0.5090,-179.53
746.068,1787663691113,-3.4694,-8.9581,0.5089,-179.69
746.168,1787663691214,-3.4711,-8.9570,0.5089,-179.85
746.269,1787663691314,-3.4718,-8.9562,0.5090,-179.95
746.369,1787663691414,-3.4711,-8.9553,0.5091,179.93
746.469,1787663691514,-3.4679,-8.9546,0.5092,179.87
746.569,1787663691614,-3.4638,-8.9543,0.5093,179.85
746.669,1787663691714,-3.4562,-8.9540,0.5095,179.84
746.769,1787663691814,-3.4443,-8.9539,0.5096,179.86
746.869,1787663691914,-3.4305,-8.9539,0.5097,179.90
746.969,1787663692015,-3.4143,-8.9540,0.5099,179.95
747.070,1787663692115,-3.3940,-8.9542,0.5099,-180.00
747.170,1787663692215,-3.3732,-8.9544,0.5100,-179.95
747.270,1787663692315,-3.3467,-8.9547,0.5100,-179.89
747.370,1787663692415,-3.3166,-8.9551,0.5100,-179.84
747.470,1787663692515,-3.2832,-8.9555,0.5099,-179.79
747.570,1787663692615,-3.2446,-8.9561,0.5098,-179.75
747.670,1787663692715,-3.2093,-8.9565,0.5097,-179.73
747.770,1787663692815,-3.1765,-8.9570,0.5096,-179.72
747.870,1787663692916,-3.1268,-8.9576,0.5095,-179.71
747.971,1787663693016,-3.0901,-8.9580,0.5094,-179.71
748.071,1787663693116,-3.0404,-8.9586,0.5092,-179.71
748.171,1787663693216,-2.9971,-8.9590,0.5091,-179.72
748.271,1787663693316,-2.9431,-8.9596,0.5089,-179.74
748.371,1787663693416,-2.8964,-8.9602,0.5087,-179.75
748.471,1787663693517,-2.8355,-8.9608,0.5086,-179.78
748.572,1787663693617,-2.7828,-8.9614,0.5085,-179.80
748.672,1787663693717,-2.7252,-8.9620,0.5084,-179.82
748.772,1787663693817,-2.6839,-8.9625,0.5084,-179.83
748.872,1787663693917,-2.6420,-8.9630,0.5083,-179.85
748.972,1787663694017,-2.6032,-8.9634,0.5083,-179.86
749.072,1787663694117,-2.5676,-8.9638,0.5083,-179.87
749.172,1787663694218,-2.5066,-8.9645,0.5083,-179.88
749.273,1787663694318,-2.4369,-8.9652,0.5084,-179.90
749.373,1787663694418,-2.3768,-8.9659,0.5084,-179.91
749.473,1787663694518,-2.3156,-8.9667,0.5085,-179.91
749.573,1787663694618,-2.2457,-8.9675,0.5085,-179.92
749.673,1787663694718,-2.1788,-8.9682,0.5085,-179.92
749.773,1787663694818,-2.1035,-8.9691,0.5085,-179.92
749.873,1787663694918,-2.0316,-8.9699,0.5085,-179.92
749.974,1787663695019,-1.9595,-8.9706,0.5086,-179.92
750.074,1787663695119,-1.9034,-8.9712,0.5086,-179.92
750.174,1787663695219,-1.8312,-8.9720,0.5086,-179.91
750.274,1787663695319,-1.7553,-8.9728,0.5086,-179.91
750.374,1787663695419,-1.6874,-8.9735,0.5087,-179.91
750.474,1787663695519,-1.6317,-8.9741,0.5087,-179.91
750.574,1787663695619,-1.5765,-8.9747,0.5087,-179.90
750.674,1787663695720,-1.5177,-8.9753,0.5087,-179.90
750.775,1787663695820,-1.4435,-8.9761,0.5087,-179.90
750.875,1787663695920,-1.3812,-8.9767,0.5088,-179.90
750.975,1787663696020,-1.3308,-8.9772,0.5088,-179.90
751.075,1787663696120,-1.2846,-8.9777,0.5088,-179.91
751.175,1787663696220,-1.2348,-8.9782,0.5088,-179.91
751.275,1787663696320,-1.1703,-8.9788,0.5088,-179.91
751.376,1787663696421,-1.1211,-8.9793,0.5088,-179.91
751.476,1787663696521,-1.0643,-8.9799,0.5088,-179.91
751.576,1787663696621,-1.0152,-8.9804,0.5088,-179.92
751.676,1787663696721,-0.9624,-8.9809,0.5088,-179.92
751.776,1787663696821,-0.9097,-8.9815,0.5087,-179.92
751.876,1787663696921,-0.8607,-8.9820,0.5087,-179.92
751.976,1787663697021,-0.8154,-8.9824,0.5087,-179.93
752.076,1787663697121,-0.7470,-8.9831,0.5087,-179.93
752.176,1787663697222,-0.6898,-8.9836,0.5087,-179.93
752.277,1787663697322,-0.6323,-8.9842,0.5087,-179.94
752.377,1787663697422,-0.5779,-8.9847,0.5087,-179.94
752.477,1787663697522,-0.5187,-8.9853,0.5086,-179.94
752.577,1787663697622,-0.4750,-8.9857,0.5086,-179.94
752.677,1787663697722,-0.4193,-8.9862,0.5085,-179.94
752.777,1787663697822,-0.3837,-8.9865,0.5084,-179.94
752.877,1787663697922,-0.3405,-8.9869,0.5084,-179.95
752.978,1787663698023,-0.2824,-8.9875,0.5083,-179.95
753.078,1787663698123,-0.2294,-8.9879,0.5083,-179.95
753.178,1787663698223,-0.1887,-8.9883,0.5083,-179.95
753.278,1787663698323,-0.1347,-8.9888,0.5084,-179.95
753.378,1787663698423,-0.0963,-8.9891,0.5084,-179.95
753.478,1787663698523,-0.0490,-8.9896,0.5084,-179.95
753.578,1787663698623,-0.0101,-8.9899,0.5085,-179.95
753.678,1787663698723,0.0456,-8.9905,0.5085,-179.96
753.778,1787663698824,0.0749,-8.9908,0.5086,-179.96
753.879,1787663698924,0.1141,-8.9912,0.5086,-179.96
753.979,1787663699024,0.1611,-8.9916,0.5086,-179.96
754.079,1787663699124,0.2041,-8.9919,0.5087,-179.96
754.179,1787663699224,0.2412,-8.9922,0.5087,-179.96
754.279,1787663699324,0.2671,-8.9925,0.5086,-179.96
754.379,1787663699424,0.2928,-8.9927,0.5086,-179.96
754.479,1787663699524,0.3146,-8.9929,0.5085,-179.96
754.579,1787663699624,0.3401,-8.9932,0.5084,-179.96
754.679,1787663699725,0.3623,-8.9934,0.5083,-179.96
754.780,1787663699825,0.3803,-8.9936,0.5082,-179.96
754.880,1787663699925,0.3939,-8.9938,0.5081,-179.96
754.980,1787663700025,0.4079,-8.9940,0.5079,-179.96
755.080,1787663700125,0.4148,-8.9941,0.5079,-179.96
755.180,1787663700225,0.4257,-8.9942,0.5077,-179.96
755.280,1787663700325,0.4335,-8.9944,0.5076,-179.96
755.380,1787663700426,0.4382,-8.9945,0.5075,-179.97
755.481,1787663700526,0.4410,-8.9946,0.5074,-179.97
755.581,1787663700626,0.4420,-8.9947,0.5073,-179.97
755.681,1787663700726,0.4421,-8.9947,0.5073,-179.97
755.781,1787663700826,0.4416,-8.9948,0.5073,-179.97
755.881,1787663700926,0.4401,-8.9948,0.5072,-179.97
755.981,1787663701026,0.4385,-8.9948,0.5072,-179.97
756.081,1787663701127,0.4355,-8.9948,0.5072,-179.97
756.182,1787663701227,0.4326,-8.9948,0.5072,-179.97
756.282,1787663701327,0.4286,-8.9948,0.5073,-179.97
756.382,1787663701427,0.4252,-8.9948,0.5073,-179.97
756.482,1787663701527,0.4201,-8.9948,0.5074,-179.97
756.582,1787663701627,0.4147,-8.9948,0.5074,-179.97
756.682,1787663701727,0.4074,-8.9948,0.5075,-179.97
756.782,1787663701827,0.4001,-8.9948,0.5076,-179.97
756.883,1787663701928,0.3928,-8.9947,0.5076,-179.97
756.983,1787663702028,0.3862,-8.9947,0.5077,-179.97
757.085,1787663702130,0.3800,-8.9947,0.5078,-179.97
757.185,1787663702230,0.3736,-8.9946,0.5079,-179.97
757.285,1787663702330,0.3701,-8.9946,0.5080,-179.97
757.385,1787663702430,0.3647,-8.9945,0.5080,-179.97
757.485,1787663702531,0.3584,-8.9945,0.5081,-179.97
757.586,1787663702631,0.3527,-8.9944,0.5082,-179.97
757.686,1787663702731,0.3473,-8.9943,0.5083,-179.97
757.786,1787663702831,0.3437,-8.9943,0.5084,-179.97
757.886,1787663702931,0.3385,-8.9943,0.5085,-179.97
757.986,1787663703031,0.3347,-8.9943,0.5086,-179.98
758.086,1787663703131,0.3304,-8.9943,0.5087,-179.98
758.186,1787663703231,0.3283,-8.9943,0.5087,-179.98
758.287,1787663703332,0.3242,-8.9944,0.5088,-179.98
758.387,1787663703432,0.3202,-8.9944,0.5088,-179.98
758.487,1787663703532,0.3168,-8.9945,0.5089,-179.98
758.587,1787663703632,0.3143,-8.9945,0.5089,-179.98
758.687,1787663703732,0.3118,-8.9946,0.5089,-179.98
758.787,1787663703832,0.3097,-8.9946,0.5090,-179.98
758.887,1787663703932,0.3078,-8.9947,0.5090,-179.98
758.987,1787663704032,0.3065,-8.9947,0.5090,-179.98
759.088,1787663704133,0.3047,-8.9948,0.5090,-179.98
759.188,1787663704233,0.3039,-8.9948,0.5090,-179.98
759.288,1787663704333,0.3028,-8.9948,0.5090,-179.98
759.388,1787663704433,0.3017,-8.9948,0.5090,-179.98
759.488,1787663704533,0.3007,-8.9949,0.5090,-179.98
759.588,1787663704633,0.3001,-8.9949,0.5090,-179.98
759.688,1787663704733,0.2994,-8.9949,0.5090,-179.98
759.788,1787663704834,0.2986,-8.9948,0.5090,-179.98
759.889,1787663704934,0.2981,-8.9948,0.5090,-179.98
759.989,1787663705034,0.2978,-8.9948,0.5090,-179.98
760.089,1787663705134,0.2976,-8.9948,0.5090,-179.98
760.189,1787663705234,0.2976,-8.9947,0.5091,-179.98
760.289,1787663705334,0.2976,-8.9947,0.5091,-179.98
760.389,1787663705434,0.2977,-8.9946,0.5091,-179.98
760.489,1787663705534,0.2979,-8.9946,0.5091,-179.98
760.590,1787663705635,0.2983,-8.9945,0.5091,-179.98
760.690,1787663705735,0.2987,-8.9945,0.5091,-179.98
760.790,1787663705835,0.2990,-8.9944,0.5091,-179.98
760.890,1787663705935,0.2995,-8.9944,0.5092,-179.98
760.990,1787663706035,0.3001,-8.9943,0.5092,-179.98
761.090,1787663706135,0.3007,-8.9943,0.5092,-179.98
761.190,1787663706236,0.3013,-8.9942,0.5092,-179.98
761.291,1787663706336,0.3018,-8.9942,0.5092,-179.98
761.391,1787663706436,0.3026,-8.9941,0.5093,-179.98
761.491,1787663706536,0.3033,-8.9941,0.5093,-179.98
761.591,1787663706636,0.3039,-8.9941,0.5093,-179.98
761.691,1787663706736,0.3046,-8.9940,0.5094,-179.98
761.791,1787663706836,0.3052,-8.9940,0.5094,-179.98
761.891,1787663706936,0.3058,-8.9939,0.5094,-179.98
761.991,1787663707036,0.3065,-8.9939,0.5094,-179.98
762.091,1787663707136,0.3072,-8.9939,0.5094,-179.98
762.192,1787663707237,0.3076,-8.9938,0.5095,-179.98
762.292,1787663707337,0.3081,-8.9938,0.5095,-179.98
762.392,1787663707437,0.3087,-8.9938,0.5095,-179.99
762.492,1787663707537,0.3091,-8.9937,0.5096,-179.99
762.592,1787663707637,0.3097,-8.9937,0.5096,-179.99
762.692,1787663707737,0.3103,-8.9936,0.5096,-179.99
762.792,1787663707837,0.3109,-8.9936,0.5096,-179.99
762.892,1787663707938,0.3114,-8.9935,0.5097,-179.99
762.993,1787663708038,0.3120,-8.9935,0.5097,-179.99
763.093,1787663708138,0.3125,-8.9934,0.5097,-179.99
763.193,1787663708238,0.3129,-8.9934,0.5097,-179.99
763.293,1787663708338,0.3134,-8.9934,0.5097,-179.99
763.393,1787663708438,0.3139,-8.9934,0.5097,-179.99
763.493,1787663708538,0.3146,-8.9941,0.5097,-179.99
763.594,1787663708639,0.3151,-8.9955,0.5098,-179.99
763.694,1787663708739,0.3154,-8.9969,0.5099,-179.99
763.794,1787663708839,0.3155,-8.9976,0.5100,-179.99
763.894,1787663708939,0.3155,-8.9976,0.5102,-179.99
763.994,1787663709039,0.3154,-8.9966,0.5103,-179.99
764.094,1787663709139,0.3152,-8.9940,0.5105,-179.99
764.194,1787663709239,0.3149,-8.9887,0.5108,-179.99
764.294,1787663709339,0.3145,-8.9812,0.5110,-179.99
764.394,1787663709440,0.3141,-8.9725,0.5112,-179.99
764.495,1787663709540,0.3137,-8.9626,0.5114,-179.99
764.595,1787663709640,0.3134,-8.9547,0.5115,-179.99
764.695,1787663709740,0.3128,-8.9397,0.5117,-179.99
764.795,1787663709840,0.3122,-8.9209,0.5119,-179.99
764.895,1787663709940,0.3116,-8.9032,0.5120,-179.99
764.995,1787663710040,0.3108,-8.8734,0.5122,-179.99
765.095,1787663710140,0.3103,-8.8484,0.5123,-179.99
765.195,1787663710240,0.3095,-8.8145,0.5123,-179.99
765.296,1787663710341,0.3088,-8.7747,0.5122,-179.99
765.396,1787663710441,0.3080,-8.7334,0.5121,-179.99
765.496,1787663710541,0.3076,-8.7048,0.5120,-179.99
765.596,1787663710641,0.3070,-8.6639,0.5118,-179.99
765.696,1787663710741,0.3066,-8.6354,0.5117,-180.00
765.796,1787663710841,0.3060,-8.5911,0.5116,-179.99
765.896,1787663710941,0.3057,-8.5635,0.5115,-179.99
765.996,1787663711042,0.3052,-8.5162,0.5114,-179.99
766.097,1787663711142,0.3047,-8.4736,0.5113,-179.99
766.197,1787663711242,0.3042,-8.4154,0.5111,-179.99
766.297,1787663711342,0.3038,-8.3581,0.5110,-179.99
766.397,1787663711442,0.3035,-8.3173,0.5109,-179.99
766.497,1787663711542,0.3031,-8.2640,0.5107,-179.99
766.597,1787663711642,0.3028,-8.1977,0.5105,-179.99
766.697,1787663711742,0.3025,-8.1376,0.5103,-179.99
766.797,1787663711842,0.3024,-8.0926,0.5102,-179.99
766.898,1787663711943,0.3021,-8.0219,0.5100,-179.99
766.998,1787663712043,0.3020,-7.9797,0.5100,-179.99
767.098,1787663712143,0.3019,-7.9244,0.5098,-179.99
767.198,1787663712243,0.3018,-7.8686,0.5097,-179.99
767.298,1787663712343,0.3017,-7.8168,0.5097,-179.99
767.398,1787663712443,0.3016,-7.7514,0.5096,-179.99
767.498,1787663712543,0.3016,-7.6987,0.5096,-179.99
767.598,1787663712643,0.3017,-7.6321,0.5095,-179.99
767.698,1787663712744,0.3017,-7.5648,0.5095,-179.99
767.799,1787663712844,0.3018,-7.5196,0.5095,-180.00
767.899,1787663712944,0.3019,-7.4558,0.5094,-180.00
767.999,1787663713044,0.3020,-7.4147,0.5094,-180.00
768.100,1787663713145,0.3021,-7.3461,0.5094,-180.00
768.200,1787663713245,0.3022,-7.2957,0.5094,-180.00
768.300,1787663713345,0.3024,-7.2406,0.5094,-180.00
768.400,1787663713445,0.3025,-7.1992,0.5094,-180.00
768.500,1787663713546,0.3027,-7.1485,0.5095,180.00
768.601,1787663713646,0.3029,-7.1071,0.5095,180.00
768.701,1787663713746,0.3031,-7.0381,0.5095,180.00
768.801,1787663713846,0.3033,-6.9827,0.5096,180.00
768.901,1787663713946,0.3036,-6.9174,0.5096,180.00
769.001,1787663714046,0.3038,-6.8611,0.5096,180.00
769.101,1787663714146,0.3041,-6.7997,0.5097,180.00
769.201,1787663714247,0.3043,-6.7570,0.5097,180.00
769.302,1787663714347,0.3046,-6.7046,0.5097,180.00
769.402,1787663714447,0.3048,-6.6427,0.5097,180.00
769.502,1787663714548,0.3051,-6.5806,0.5098,180.00
769.603,1787663714648,0.3054,-6.5279,0.5098,180.00
769.703,1787663714748,0.3057,-6.4605,0.5098,180.00
769.803,1787663714848,0.3060,-6.4074,0.5099,180.00
769.903,1787663714948,0.3062,-6.3541,0.5099,180.00
770.003,1787663715048,0.3065,-6.2910,0.5099,180.00
770.103,1787663715148,0.3068,-6.2277,0.5099,180.00
770.203,1787663715248,0.3071,-6.1643,0.5099,180.00
770.304,1787663715349,0.3073,-6.1202,0.5099,180.00
770.404,1787663715449,0.3076,-6.0567,0.5099,180.00
770.504,1787663715549,0.3078,-6.0125,0.5099,180.00
770.604,1787663715649,0.3080,-5.9537,0.5099,180.00
770.704,1787663715749,0.3083,-5.8800,0.5099,180.00
770.804,1787663715849,0.3085,-5.8258,0.5099,180.00
770.904,1787663715949,0.3087,-5.7764,0.5099,180.00
771.004,1787663716049,0.3089,-5.7171,0.5099,180.00
771.105,1787663716150,0.3092,-5.6478,0.5099,180.00
771.205,1787663716250,0.3094,-5.5884,0.5099,180.00
771.305,1787663716350,0.3096,-5.5188,0.5099,180.00
771.405,1787663716450,0.3097,-5.4641,0.5098,180.00
771.505,1787663716550,0.3099,-5.4043,0.5098,180.00
771.605,1787663716650,0.3101,-5.3346,0.5098,180.00
771.705,1787663716750,0.3103,-5.2800,0.5097,180.00
771.805,1787663716850,0.3105,-5.1856,0.5097,180.00
771.906,1787663716951,0.3107,-5.1359,0.5096,180.00
772.006,1787663717051,0.3108,-5.0764,0.5096,180.00
772.106,1787663717151,0.3109,-5.0269,0.5096,180.00
772.206,1787663717251,0.3111,-4.9627,0.5095,180.00
772.306,1787663717351,0.3112,-4.9035,0.5095,180.00
772.406,1787663717451,0.3114,-4.8347,0.5095,180.00
772.506,1787663717551,0.3115,-4.7611,0.5094,179.99
772.606,1787663717651,0.3117,-4.6876,0.5094,179.99
772.706,1787663717752,0.3118,-4.6435,0.5094,179.99
772.807,1787663717852,0.3120,-4.5555,0.5093,179.99
772.907,1787663717952,0.3122,-4.5068,0.5092,179.99
773.007,1787663718052,0.3124,-4.4244,0.5092,179.99
773.107,1787663718152,0.3126,-4.3423,0.5091,179.99
773.207,1787663718252,0.3127,-4.2846,0.5091,179.99
773.307,1787663718353,0.3129,-4.2176,0.5090,179.99
773.408,1787663718453,0.3131,-4.1512,0.5090,179.99
773.508,1787663718553,0.3133,-4.0617,0.5089,180.00
773.608,1787663718653,0.3135,-3.9870,0.5088,180.00
773.708,1787663718753,0.3137,-3.9175,0.5088,180.00
773.808,1787663718853,0.3140,-3.8348,0.5088,180.00
773.908,1787663718953,0.3142,-3.7575,0.5087,180.00
774.008,1787663719053,0.3144,-3.6855,0.5087,180.00
774.108,1787663719153,0.3146,-3.6099,0.5087,180.00
774.209,1787663719254,0.3148,-3.5354,0.5087,180.00
774.309,1787663719354,0.3150,-3.4619,0.5087,180.00
774.409,1787663719454,0.3153,-3.3810,0.5088,180.00
774.509,1787663719554,0.3155,-3.3016,0.5088,180.00
774.609,1787663719654,0.3157,-3.2317,0.5088,180.00
774.709,1787663719754,0.3159,-3.1629,0.5088,180.00
774.809,1787663719855,0.3161,-3.0991,0.5088,180.00
774.910,1787663719955,0.3163,-3.0402,0.5088,180.00
775.010,1787663720055,0.3165,-2.9707,0.5088,180.00
775.110,1787663720155,0.3167,-2.9062,0.5088,180.00
775.210,1787663720255,0.3169,-2.8464,0.5088,180.00
775.310,1787663720355,0.3172,-2.7874,0.5088,180.00
775.410,1787663720455,0.3174,-2.7182,0.5088,179.99
775.510,1787663720555,0.3177,-2.6461,0.5088,179.99
775.610,1787663720655,0.3179,-2.5856,0.5088,179.99
775.710,1787663720756,0.3181,-2.5327,0.5089,179.99
775.811,1787663720856,0.3183,-2.4596,0.5089,179.99
775.911,1787663720956,0.3185,-2.4113,0.5089,179.99
776.011,1787663721056,0.3188,-2.3497,0.5090,179.99
776.111,1787663721156,0.3190,-2.2852,0.5090,179.99
776.211,1787663721256,0.3192,-2.2313,0.5090,179.99
776.311,1787663721356,0.3194,-2.1844,0.5090,180.00
776.412,1787663721457,0.3197,-2.1210,0.5091,180.00
776.512,1787663721557,0.3199,-2.0580,0.5091,180.00
776.612,1787663721657,0.3201,-2.0150,0.5091,179.99
776.712,1787663721757,0.3203,-1.9656,0.5092,179.99
776.812,1787663721857,0.3204,-1.9361,0.5092,179.99
776.912,1787663721957,0.3205,-1.8905,0.5092,179.99
777.012,1787663722057,0.3207,-1.8417,0.5093,179.99
777.112,1787663722158,0.3209,-1.7796,0.5094,179.99
777.213,1787663722258,0.3210,-1.7333,0.5094,179.99
777.313,1787663722358,0.3212,-1.6768,0.5095,179.99
777.413,1787663722458,0.3212,-1.6365,0.5095,179.99
777.513,1787663722558,0.3213,-1.6095,0.5095,179.99
777.613,1787663722658,0.3214,-1.5587,0.5096,179.99
777.713,1787663722758,0.3215,-1.4940,0.5097,179.99
777.813,1787663722858,0.3216,-1.4318,0.5098,179.99
777.913,1787663722958,0.3217,-1.3720,0.5098,179.99
778.013,1787663723059,0.3217,-1.3115,0.5098,179.99
778.114,1787663723159,0.3218,-1.2503,0.5099,179.99
778.214,1787663723259,0.3219,-1.1851,0.5099,179.99
778.314,1787663723359,0.3219,-1.1268,0.5099,179.99
778.414,1787663723459,0.3220,-1.0681,0.5098,179.99
778.514,1787663723559,0.3220,-0.9947,0.5098,179.99
778.614,1787663723659,0.3221,-0.9393,0.5098,179.99
778.714,1787663723759,0.3221,-0.8764,0.5098,179.99
778.814,1787663723859,0.3222,-0.8134,0.5098,180.00
778.915,1787663723960,0.3222,-0.7577,0.5098,180.00
779.015,1787663724060,0.3223,-0.6872,0.5098,180.00
779.115,1787663724160,0.3223,-0.6242,0.5099,180.00
779.215,1787663724260,0.3223,-0.5686,0.5099,180.00
779.315,1787663724360,0.3222,-0.5057,0.5099,180.00
779.417,1787663724462,0.3222,-0.4395,0.5099,180.00
779.517,1787663724563,0.3222,-0.3844,0.5099,180.00
779.618,1787663724663,0.3222,-0.3148,0.5100,180.00
779.718,1787663724763,0.3222,-0.2562,0.5100,180.00
779.818,1787663724863,0.3222,-0.1940,0.5099,180.00
779.918,1787663724963,0.3223,-0.1356,0.5099,180.00
780.018,1787663725063,0.3223,-0.0738,0.5099,180.00
780.118,1787663725163,0.3223,-0.0088,0.5099,179.99
780.218,1787663725263,0.3223,0.0380,0.5099,179.99
780.318,1787663725363,0.3224,0.1098,0.5098,179.99
780.418,1787663725463,0.3224,0.1741,0.5098,179.99
780.519,1787663725564,0.3224,0.2098,0.5098,179.99
780.619,1787663725664,0.3224,0.2775,0.5097,180.00
780.719,1787663725764,0.3225,0.3271,0.5097,180.00
780.819,1787663725864,0.3225,0.3836,0.5097,180.00
780.919,1787663725964,0.3226,0.4403,0.5096,179.99
781.019,1787663726064,0.3226,0.4827,0.5096,179.99
781.119,1787663726164,0.3227,0.5463,0.5096,179.99
781.220,1787663726265,0.3227,0.6064,0.5096,179.99
781.320,1787663726365,0.3228,0.6633,0.5095,179.99
781.420,1787663726465,0.3230,0.7277,0.5095,179.99
781.520,1787663726565,0.3231,0.7814,0.5095,179.99
781.620,1787663726665,0.3233,0.8460,0.5095,180.00
781.720,1787663726765,0.3234,0.8855,0.5095,180.00
781.820,1787663726865,0.3235,0.9357,0.5095,180.00
781.920,1787663726965,0.3236,0.9894,0.5095,180.00
782.020,1787663727066,0.3237,1.0430,0.5095,180.00
782.121,1787663727166,0.3239,1.1076,0.5095,180.00
782.221,1787663727266,0.3240,1.1617,0.5095,180.00
782.321,1787663727366,0.3241,1.1944,0.5096,180.00
782.421,1787663727466,0.3243,1.2489,0.5096,180.00
782.521,1787663727566,0.3244,1.2999,0.5096,180.00
782.621,1787663727666,0.3246,1.3547,0.5096,180.00
782.721,1787663727767,0.3247,1.3989,0.5097,180.00
782.822,1787663727867,0.3248,1.4505,0.5097,180.00
782.922,1787663727967,0.3250,1.5027,0.5097,180.00
783.022,1787663728067,0.3251,1.5664,0.5097,180.00
783.123,1787663728168,0.3253,1.6385,0.5098,180.00
783.223,1787663728268,0.3253,1.6768,0.5098,180.00
783.323,1787663728368,0.3254,1.7191,0.5098,180.00
783.423,1787663728468,0.3255,1.7691,0.5098,180.00
783.523,1787663728568,0.3256,1.8269,0.5099,179.99
783.623,1787663728669,0.3257,1.8851,0.5099,179.99
783.724,1787663728769,0.3258,1.9517,0.5100,179.99
783.824,1787663728869,0.3258,2.0070,0.5100,179.99
783.924,1787663728969,0.3259,2.0429,0.5100,179.99
784.024,1787663729069,0.3259,2.1027,0.5101,179.99
784.124,1787663729169,0.3259,2.1587,0.5101,179.99
784.224,1787663729269,0.3260,2.2269,0.5101,179.99
784.324,1787663729369,0.3260,2.2755,0.5102,179.99
784.425,1787663729470,0.3260,2.3489,0.5102,179.99
784.525,1787663729570,0.3260,2.3941,0.5102,179.99
784.625,1787663729670,0.3259,2.4601,0.5102,179.99
784.725,1787663729770,0.3259,2.5222,0.5102,179.98
784.825,1787663729870,0.3259,2.5719,0.5102,179.98
784.925,1787663729971,0.3259,2.6343,0.5102,179.98
785.026,1787663730071,0.3258,2.6969,0.5102,179.98
785.126,1787663730171,0.3258,2.7470,0.5102,179.98
785.226,1787663730271,0.3257,2.7929,0.5102,179.98
785.326,1787663730371,0.3257,2.8555,0.5101,179.98
785.426,1787663730471,0.3257,2.9098,0.5101,179.98
785.526,1787663730571,0.3256,2.9684,0.5101,179.98
785.626,1787663730671,0.3256,3.0187,0.5101,179.98
785.726,1787663730771,0.3256,3.0608,0.5101,179.99
785.826,1787663730872,0.3256,3.1239,0.5100,179.99
785.927,1787663730972,0.3255,3.1660,0.5100,179.99
786.027,1787663731072,0.3256,3.2208,0.5100,179.99
786.127,1787663731172,0.3256,3.2715,0.5100,179.99
786.227,1787663731272,0.3256,3.3310,0.5100,179.99
786.327,1787663731372,0.3256,3.3822,0.5100,179.99
786.427,1787663731472,0.3256,3.4336,0.5101,179.99
786.527,1787663731572,0.3257,3.4808,0.5101,179.99
786.628,1787663731673,0.3257,3.5368,0.5101,179.99
786.728,1787663731773,0.3257,3.5714,0.5101,179.99
786.828,1787663731873,0.3258,3.6147,0.5101,179.99
786.928,1787663731973,0.3259,3.6755,0.5102,179.99
787.028,1787663732073,0.3259,3.7324,0.5102,179.99
787.128,1787663732173,0.3260,3.7899,0.5102,179.99
787.228,1787663732273,0.3261,3.8480,0.5102,180.00
787.328,1787663732374,0.3262,3.9111,0.5103,180.00
787.429,1787663732474,0.3263,3.9702,0.5103,179.99
787.529,1787663732574,0.3263,4.0158,0.5103,179.99
787.629,1787663732674,0.3264,4.0570,0.5103,179.99
787.729,1787663732774,0.3265,4.1396,0.5103,179.99
787.829,1787663732874,0.3266,4.1996,0.5103,179.99
787.929,1787663732974,0.3268,4.2694,0.5103,179.99
788.029,1787663733075,0.3269,4.3398,0.5103,179.99
788.130,1787663733175,0.3270,4.4153,0.5103,179.99
788.230,1787663733275,0.3270,4.4911,0.5103,179.99
788.330,1787663733375,0.3271,4.5718,0.5103,179.99
788.430,1787663733475,0.3272,4.6523,0.5103,179.99
788.530,1787663733575,0.3273,4.7374,0.5102,179.99
788.630,1787663733675,0.3274,4.8080,0.5102,179.99
788.730,1787663733775,0.3275,4.8781,0.5102,179.99
788.830,1787663733875,0.3276,4.9567,0.5102,179.99
788.930,1787663733976,0.3277,5.0392,0.5101,179.99
789.031,1787663734076,0.3278,5.1073,0.5101,179.99
789.131,1787663734176,0.3279,5.1792,0.5101,179.99
789.231,1787663734276,0.3279,5.2503,0.5101,179.99
789.331,1787663734376,0.3280,5.3117,0.5101,179.99
789.431,1787663734476,0.3281,5.3980,0.5100,179.99
789.531,1787663734576,0.3281,5.4491,0.5100,179.99
789.631,1787663734676,0.3282,5.5250,0.5100,179.99
789.731,1787663734777,0.3283,5.5998,0.5100,179.99
789.832,1787663734877,0.3283,5.6819,0.5100,179.99
789.932,1787663734977,0.3284,5.7508,0.5101,179.99
790.032,1787663735077,0.3285,5.8226,0.5101,179.99
790.132,1787663735178,0.3285,5.8856,0.5101,180.00
790.233,1787663735278,0.3286,5.9515,0.5101,180.00
790.333,1787663735378,0.3286,6.0166,0.5101,180.00
790.433,1787663735478,0.3287,6.0772,0.5101,180.00
790.533,1787663735578,0.3287,6.1444,0.5101,-180.00
790.633,1787663735678,0.3288,6.2069,0.5101,-180.00
790.733,1787663735778,0.3289,6.2615,0.5101,-180.00
790.833,1787663735878,0.3289,6.3227,0.5101,-180.00
790.933,1787663735979,0.3290,6.3905,0.5102,-180.00
791.034,1787663736079,0.3291,6.4471,0.5102,-180.00
791.134,1787663736179,0.3292,6.5034,0.5102,-180.00
791.234,1787663736279,0.3293,6.5594,0.5102,-180.00
791.334,1787663736379,0.3293,6.6045,0.5102,-180.00
791.434,1787663736479,0.3294,6.6629,0.5103,180.00
791.534,1787663736580,0.3294,6.7210,0.5103,180.00
791.635,1787663736680,0.3295,6.7552,0.5103,180.00
791.735,1787663736780,0.3295,6.8099,0.5103,180.00
791.835,1787663736880,0.3296,6.8782,0.5103,180.00
791.935,1787663736980,0.3296,6.9228,0.5103,180.00
792.035,1787663737080,0.3297,6.9988,0.5103,180.00
792.135,1787663737180,0.3297,7.0646,0.5103,180.00
792.235,1787663737280,0.3298,7.1238,0.5103,180.00
792.335,1787663737380,0.3298,7.1832,0.5102,180.00
792.435,1787663737480,0.3298,7.2390,0.5102,180.00
792.536,1787663737581,0.3298,7.3016,0.5102,180.00
792.636,1787663737681,0.3299,7.3502,0.5101,180.00
792.736,1787663737781,0.3299,7.4092,0.5101,180.00
792.836,1787663737881,0.3299,7.4612,0.5101,180.00
792.936,1787663737981,0.3299,7.5132,0.5101,180.00
793.036,1787663738081,0.3299,7.5619,0.5101,180.00
793.136,1787663738181,0.3300,7.6106,0.5100,180.00
793.236,1787663738281,0.3300,7.6665,0.5100,180.00
793.337,1787663738382,0.3300,7.7296,0.5100,180.00
793.437,1787663738482,0.3301,7.7895,0.5100,180.00
793.537,1787663738582,0.3301,7.8534,0.5099,180.00
793.637,1787663738682,0.3302,7.9176,0.5099,180.00
793.737,1787663738782,0.3303,7.9785,0.5098,180.00
793.837,1787663738882,0.3304,8.0433,0.5098,180.00
793.937,1787663738982,0.3305,8.1007,0.5097,180.00
794.037,1787663739082,0.3306,8.1440,0.5097,180.00
794.137,1787663739183,0.3307,8.1987,0.5096,179.99
794.238,1787663739283,0.3307,8.2537,0.5096,179.99
794.338,1787663739383,0.3308,8.3124,0.5095,180.00
794.438,1787663739483,0.3310,8.3667,0.5095,180.00
794.539,1787663739584,0.3311,8.4304,0.5094,180.00
794.639,1787663739684,0.3312,8.4853,0.5095,180.00
794.739,1787663739784,0.3313,8.5252,0.5095,180.00
794.839,1787663739884,0.3315,8.5827,0.5095,180.00
794.939,1787663739984,0.3316,8.6285,0.5096,180.00
795.039,1787663740084,0.3317,8.6777,0.5097,180.00
795.140,1787663740185,0.3318,8.7134,0.5097,180.00
795.240,1787663740285,0.3318,8.7345,0.5098,-180.00
795.340,1787663740385,0.3319,8.7746,0.5098,-180.00
795.440,1787663740485,0.3320,8.8051,0.5099,-180.00
795.540,1787663740585,0.3321,8.8400,0.5099,-180.00
795.640,1787663740685,0.3321,8.8759,0.5099,-180.00
795.740,1787663740785,0.3322,8.9065,0.5098,-180.00
795.840,1787663740886,0.3322,8.9370,0.5098,-180.00
795.941,1787663740986,0.3323,8.9623,0.5096,-180.00
796.041,1787663741086,0.3323,8.9821,0.5095,180.00
796.141,1787663741186,0.3324,8.9982,0.5094,180.00
796.241,1787663741286,0.3324,9.0140,0.5092,-180.00
796.341,1787663741386,0.3325,9.0243,0.5091,-180.00
796.441,1787663741486,0.3325,9.0363,0.5090,-180.00
796.541,1787663741586,0.3325,9.0462,0.5088,-180.00
796.641,1787663741686,0.3325,9.0511,0.5087,-180.00
796.742,1787663741787,0.3325,9.0559,0.5085,-180.00
796.842,1787663741887,0.3324,9.0589,0.5085,-180.00
796.942,1787663741987,0.3324,9.0613,0.5084,-180.00
797.042,1787663742087,0.3324,9.0624,0.5083,-180.00
797.142,1787663742187,0.3324,9.0624,0.5082,-180.00
797.242,1787663742288,0.3324,9.0612,0.5082,-180.00
797.343,1787663742388,0.3324,9.0593,0.5082,-180.00
797.443,1787663742488,0.3324,9.0570,0.5082,180.00
797.543,1787663742588,0.3324,9.0530,0.5082,180.00
797.643,1787663742688,0.3324,9.0488,0.5082,180.00
797.743,1787663742788,0.3325,9.0438,0.5082,179.99
797.843,1787663742888,0.3325,9.0394,0.5083,179.99
797.943,1787663742989,0.3325,9.0357,0.5083,179.99
798.044,1787663743089,0.3325,9.0299,0.5084,179.99
798.144,1787663743189,0.3326,9.0231,0.5085,179.99
798.244,1787663743289,0.3326,9.0172,0.5085,179.99
798.344,1787663743389,0.3326,9.0130,0.5086,179.99
798.444,1787663743489,0.3326,9.0063,0.5087,179.99
798.544,1787663743589,0.3327,9.0002,0.5088,179.99
798.644,1787663743689,0.3327,8.9966,0.5088,179.99
798.744,1787663743789,0.3327,8.9918,0.5089,179.99
798.844,1787663743889,0.3327,8.9870,0.5090,180.00
798.945,1787663743990,0.3328,8.9828,0.5090,180.00
799.045,1787663744090,0.3328,8.9791,0.5091,180.00
799.145,1787663744190,0.3328,8.9752,0.5092,-180.00
799.245,1787663744290,0.3329,8.9723,0.5092,-180.00
799.345,1787663744390,0.3329,8.9692,0.5093,-180.00
799.445,1787663744490,0.3329,8.9656,0.5094,-180.00
799.545,1787663744590,0.3329,8.9634,0.5094,-180.00
799.645,1787663744690,0.3329,8.9619,0.5095,-180.00
799.745,1787663744790,0.3329,8.9600,0.5095,-180.00
799.845,1787663744891,0.3329,8.9584,0.5096,-180.00
799.946,1787663744991,0.3329,8.9568,0.5096,-180.00
800.046,1787663745091,0.3329,8.9559,0.5096,-179.99
800.146,1787663745191,0.3329,8.9551,0.5096,-179.99
800.246,1787663745291,0.3329,8.9543,0.5097,-179.99
800.347,1787663745392,0.3329,8.9538,0.5097,-179.99
800.447,1787663745492,0.3329,8.9532,0.5097,-180.00
800.547,1787663745592,0.3329,8.9528,0.5097,-180.00
800.647,1787663745692,0.3329,8.9527,0.5097,-180.00
800.747,1787663745792,0.3328,8.9526,0.5098,-180.00
800.847,1787663745892,0.3328,8.9527,0.5098,-180.00
800.947,1787663745992,0.3328,8.9528,0.5098,-180.00
801.047,1787663746092,0.3328,8.9531,0.5098,180.00
801.147,1787663746193,0.3328,8.9534,0.5099,180.00
801.248,1787663746293,0.3328,8.9539,0.5099,180.00
801.348,1787663746393,0.3327,8.9544,0.5099,180.00
801.449,1787663746495,0.3327,8.9551,0.5100,180.00
801.550,1787663746595,0.3326,8.9556,0.5100,180.00
801.650,1787663746695,0.3326,8.9563,0.5101,180.00
801.750,1787663746795,0.3325,8.9569,0.5101,180.00
801.850,1787663746895,0.3325,8.9576,0.5101,180.00
801.950,1787663746995,0.3324,8.9583,0.5102,180.00
802.050,1787663747095,0.3324,8.9590,0.5102,180.00
802.150,1787663747195,0.3323,8.9596,0.5102,180.00
802.250,1787663747295,0.3323,8.9602,0.5103,180.00
802.350,1787663747396,0.3322,8.9609,0.5103,180.00
802.451,1787663747496,0.3321,8.9616,0.5103,180.00
802.551,1787663747596,0.3321,8.9622,0.5103,-180.00
802.651,1787663747696,0.3320,8.9631,0.5102,-180.00
802.751,1787663747796,0.3319,8.9640,0.5102,-180.00
802.851,1787663747896,0.3318,8.9645,0.5102,-180.00
802.951,1787663747996,0.3318,8.9652,0.5102,-180.00
803.051,1787663748096,0.3317,8.9660,0.5101,-180.00
803.151,1787663748196,0.3317,8.9666,0.5101,-180.00
803.251,1787663748297,0.3317,8.9674,0.5101,-180.00
803.352,1787663748397,0.3317,8.9680,0.5100,-180.00
803.452,1787663748497,0.3317,8.9688,0.5100,-180.00
803.552,1787663748597,0.3316,8.9696,0.5099,-180.00
803.653,1787663748698,0.3316,8.9703,0.5099,-180.00
803.753,1787663748798,0.3316,8.9710,0.5099,-180.00
803.853,1787663748898,0.3316,8.9715,0.5098,-180.00
803.953,1787663748998,0.3316,8.9721,0.5098,-180.00
804.053,1787663749098,0.3316,8.9727,0.5098,-180.00
804.153,1787663749198,0.3316,8.9732,0.5098,-180.00
804.254,1787663749299,0.3316,8.9738,0.5099,180.00
804.354,1787663749399,0.3316,8.9743,0.5099,180.00
804.455,1787663749500,0.3316,8.9749,0.5099,180.00
804.555,1787663749600,0.3316,8.9753,0.5100,180.00
804.655,1787663749700,0.3317,8.9757,0.5100,180.00
804.755,1787663749800,0.3317,8.9761,0.5100,180.00
804.855,1787663749900,0.3317,8.9770,0.5105,179.99
804.955,1787663750000,0.3318,8.9778,0.5116,179.99
805.055,1787663750101,0.3318,8.9781,0.5135,179.99
805.156,1787663750201,0.3318,8.9781,0.5165,179.99
805.256,1787663750301,0.3319,8.9777,0.5204,179.99
805.356,1787663750401,0.3319,8.9772,0.5246,179.99
805.456,1787663750501,0.3319,8.9765,0.5300,179.99
805.556,1787663750601,0.3319,8.9759,0.5342,179.99
805.656,1787663750701,0.3320,8.9750,0.5412,179.99
805.756,1787663750801,0.3320,8.9740,0.5490,179.99
805.856,1787663750902,0.3320,8.9731,0.5566,179.99
805.957,1787663751002,0.3319,8.9722,0.5638,179.99
806.057,1787663751102,0.3319,8.9711,0.5736,179.99
806.157,1787663751202,0.3319,8.9700,0.5840,180.00
806.257,1787663751302,0.3319,8.9690,0.5932,180.00
806.357,1787663751402,0.3319,8.9679,0.6052,180.00
806.457,1787663751503,0.3319,8.9670,0.6163,180.00
806.558,1787663751603,0.3319,8.9660,0.6276,180.00
806.658,1787663751703,0.3319,8.9651,0.6400,180.00
806.759,1787663751804,0.3318,8.9642,0.6546,179.99
806.859,1787663751904,0.3318,8.9637,0.6639,179.99
806.959,1787663752004,0.3317,8.9631,0.6783,179.99
807.059,1787663752104,0.3317,8.9626,0.6916,179.99
807.159,1787663752204,0.3316,8.9623,0.7026,179.99
807.259,1787663752304,0.3315,8.9620,0.7161,179.99
807.359,1787663752404,0.3314,8.9618,0.7296,179.99
807.459,1787663752505,0.3314,8.9618,0.7387,179.99
807.560,1787663752605,0.3313,8.9618,0.7540,179.99
807.660,1787663752705,0.3312,8.9619,0.7688,179.99
807.760,1787663752805,0.3312,8.9621,0.7829,179.99
807.860,1787663752905,0.3311,8.9624,0.7963,179.99
807.960,1787663753005,0.3311,8.9627,0.8098,179.99
808.061,1787663753106,0.3310,8.9630,0.8232,179.99
808.161,1787663753206,0.3309,8.9635,0.8367,179.99
808.261,1787663753306,0.3309,8.9639,0.8494,179.99
808.361,1787663753406,0.3308,8.9644,0.8631,179.99
808.461,1787663753506,0.3307,8.9648,0.8760,179.99
808.561,1787663753606,0.3307,8.9656,0.8946,180.00
808.661,1787663753706,0.3306,8.9660,0.9051,180.00
808.761,1787663753806,0.3306,8.9664,0.9148,180.00
808.861,1787663753907,0.3305,8.9669,0.9271,180.00
808.962,1787663754007,0.3305,8.9675,0.9402,180.00
809.062,1787663754107,0.3304,8.9681,0.9527,180.00
809.162,1787663754207,0.3304,8.9688,0.9703,180.00
809.262,1787663754307,0.3303,8.9694,0.9839,180.00
809.362,1787663754407,0.3303,8.9697,0.9915,180.00
809.462,1787663754507,0.3302,8.9702,1.0052,180.00
809.562,1787663754607,0.3301,8.9708,1.0199,180.00
809.662,1787663754708,0.3301,8.9713,1.0330,180.00
809.763,1787663754808,0.3300,8.9718,1.0471,180.00
809.863,1787663754908,0.3300,8.9722,1.0577,180.00
809.963,1787663755008,0.3299,8.9728,1.0737,180.00
810.063,1787663755108,0.3298,8.9733,1.0889,180.00
810.163,1787663755208,0.3297,8.9740,1.1077,180.00
810.264,1787663755309,0.3296,8.9744,1.1211,180.00
810.364,1787663755409,0.3295,8.9749,1.1362,180.00
810.464,1787663755510,0.3294,8.9754,1.1530,180.00
810.565,1787663755610,0.3292,8.9759,1.1680,180.00
810.665,1787663755710,0.3291,8.9764,1.1820,179.99
810.765,1787663755810,0.3291,8.9769,1.1968,179.99
810.865,1787663755910,0.3290,8.9774,1.2134,179.99
810.965,1787663756010,0.3289,8.9780,1.2291,179.99
811.065,1787663756110,0.3288,8.9784,1.2413,179.99
811.165,1787663756210,0.3288,8.9789,1.2560,179.99
811.265,1787663756311,0.3287,8.9793,1.2708,179.99
811.366,1787663756411,0.3286,8.9797,1.2830,179.98
811.466,1787663756511,0.3286,8.9801,1.2951,179.98
811.566,1787663756611,0.3285,8.9805,1.3083,179.98
811.666,1787663756711,0.3285,8.9810,1.3241,179.98
811.766,1787663756811,0.3285,8.9815,1.3383,179.98
811.866,1787663756911,0.3285,8.9819,1.3516,179.98
811.966,1787663757011,0.3285,8.9823,1.3650,179.98
812.066,1787663757112,0.3285,8.9828,1.3811,179.98
812.167,1787663757212,0.3285,8.9830,1.3910,179.98
812.267,1787663757312,0.3286,8.9835,1.4072,179.98
812.367,1787663757412,0.3286,8.9839,1.4218,179.98
812.467,1787663757512,0.3287,8.9843,1.4373,179.98
812.567,1787663757612,0.3288,8.9848,1.4537,179.98
812.667,1787663757712,0.3289,8.9852,1.4683,179.98
812.767,1787663757812,0.3290,8.9856,1.4829,179.98
812.867,1787663757912,0.3291,8.9861,1.4993,179.98
812.967,1787663758013,0.3292,8.9864,1.5129,179.98
813.068,1787663758113,0.3292,8.9869,1.5292,179.98
813.168,1787663758213,0.3293,8.9873,1.5455,179.98
813.268,1787663758313,0.3294,8.9877,1.5599,179.98
813.368,1787663758413,0.3294,8.9882,1.5752,179.99
813.468,1787663758513,0.3295,8.9885,1.5895,179.99
813.568,1787663758613,0.3295,8.9888,1.6002,179.99
813.668,1787663758713,0.3296,8.9892,1.6136,179.99
813.768,1787663758813,0.3296,8.9894,1.6225,179.99
813.868,1787663758913,0.3296,8.9897,1.6325,179.99
813.968,1787663759014,0.3297,8.9900,1.6435,179.99
814.069,1787663759114,0.3297,8.9903,1.6546,179.99
814.169,1787663759214,0.3297,8.9906,1.6669,179.99
814.269,1787663759314,0.3297,8.9910,1.6822,179.99
814.370,1787663759415,0.3298,8.9913,1.6919,179.99
814.470,1787663759515,0.3298,8.9916,1.7056,179.99
814.570,1787663759615,0.3298,8.9919,1.7165,179.99
814.670,1787663759715,0.3298,8.9921,1.7276,179.99
814.770,1787663759815,0.3298,8.9924,1.7387,179.99
814.871,1787663759916,0.3299,8.9927,1.7501,179.99
814.971,1787663760016,0.3299,8.9929,1.7594,179.99
815.071,1787663760116,0.3299,8.9932,1.7753,179.99
815.171,1787663760216,0.3299,8.9936,1.7892,179.99
815.271,1787663760316,0.3300,8.9939,1.8044,179.99
815.371,1787663760416,0.3300,8.9943,1.8197,179.99
815.471,1787663760516,0.3300,8.9947,1.8383,179.99
815.571,1787663760617,0.3301,8.9951,1.8537,179.99
815.672,1787663760717,0.3301,8.9954,1.8701,179.99
815.772,1787663760817,0.3301,8.9959,1.8908,179.99
815.872,1787663760917,0.3302,8.9962,1.9048,179.99
815.972,1787663761017,0.3302,8.9967,1.9271,179.99
816.072,1787663761117,0.3302,8.9971,1.9439,179.99
816.172,1787663761217,0.3303,8.9976,1.9646,179.99
816.272,1787663761317,0.3303,8.9980,1.9799,179.99
816.372,1787663761417,0.3303,8.9985,1.9986,179.99
816.472,1787663761517,0.3304,8.9990,2.0164,179.99
816.572,1787663761618,0.3304,8.9993,2.0305,179.99
816.673,1787663761718,0.3305,8.9997,2.0444,179.99
816.773,1787663761818,0.3306,9.0001,2.0579,179.99
816.873,1787663761918,0.3307,9.0004,2.0696,179.99
816.973,1787663762018,0.3307,9.0008,2.0797,179.98
817.073,1787663762118,0.3308,9.0011,2.0913,179.98
817.173,1787663762218,0.3309,9.0014,2.1006,179.98
817.273,1787663762318,0.3310,9.0016,2.1081,179.98
817.373,1787663762418,0.3311,9.0018,2.1142,179.98
817.473,1787663762519,0.3312,9.0019,2.1206,179.98
817.574,1787663762619,0.3314,9.0021,2.1265,179.98
817.674,1787663762719,0.3315,9.0022,2.1312,179.98
817.774,1787663762819,0.3316,9.0023,2.1373,179.98
817.874,1787663762920,0.3317,9.0024,2.1404,179.98
817.975,1787663763020,0.3318,9.0025,2.1425,179.98
818.075,1787663763120,0.3319,9.0026,2.1465,179.98
818.175,1787663763220,0.3320,9.0026,2.1495,179.98
818.275,1787663763320,0.3321,9.0026,2.1534,179.98
818.375,1787663763420,0.3323,9.0027,2.1571,179.98
818.475,1787663763520,0.3323,9.0027,2.1587,179.98
818.575,1787663763620,0.3324,9.0027,2.1606,179.98
818.676,1787663763721,0.3325,9.0028,2.1618,179.98
818.776,1787663763821,0.3326,9.0028,2.1641,179.98
818.876,1787663763921,0.3326,9.0029,2.1656,179.98
818.976,1787663764021,0.3327,9.0029,2.1679,179.98
819.076,1787663764121,0.3329,9.0030,2.1701,179.98
819.176,1787663764221,0.3330,9.0030,2.1718,179.98
819.276,1787663764322,0.3331,9.0030,2.1737,179.98
819.377,1787663764422,0.3333,9.0031,2.1756,179.98
819.477,1787663764522,0.3334,9.0031,2.1774,179.98
819.577,1787663764623,0.3335,9.0031,2.1788,179.98
819.678,1787663764723,0.3335,9.0031,2.1797,179.98
819.778,1787663764823,0.3335,9.0032,2.1810,179.98
819.878,1787663764923,0.3336,9.0032,2.1822,179.98
819.978,1787663765023,0.3336,9.0032,2.1833,179.98
820.078,1787663765123,0.3336,9.0033,2.1841,179.98
820.178,1787663765223,0.3337,9.0033,2.1851,179.98
820.278,1787663765324,0.3337,9.0033,2.1863,179.98
820.379,1787663765424,0.3337,9.0033,2.1871,179.98
820.479,1787663765524,0.3338,9.0034,2.1879,179.98
820.579,1787663765624,0.3338,9.0033,2.1883,179.98
820.679,1787663765724,0.3338,9.0033,2.1892,179.98
820.779,1787663765824,0.3338,9.0033,2.1900,179.98
820.879,1787663765924,0.3338,9.0033,2.1909,179.98
820.980,1787663766025,0.3338,9.0033,2.1918,179.98
821.080,1787663766125,0.3338,9.0033,2.1923,179.98
821.180,1787663766225,0.3338,9.0033,2.1930,179.98
821.280,1787663766325,0.3337,9.0033,2.1934,179.98
821.380,1787663766426,0.3337,9.0033,2.1941,179.98
821.481,1787663766526,0.3337,9.0033,2.1947,179.98
821.581,1787663766626,0.3336,9.0033,2.1954,179.98
821.681,1787663766726,0.3336,9.0033,2.1960,179.98
821.781,1787663766826,0.3336,9.0032,2.1964,179.98
821.881,1787663766926,0.3336,9.0032,2.1968,179.98
821.981,1787663767026,0.3336,9.0032,2.1974,179.98
822.082,1787663767127,0.3336,9.0032,2.1980,179.98
822.182,1787663767227,0.3336,9.0032,2.1985,179.98
822.282,1787663767327,0.3336,9.0032,2.1990,179.98
822.382,1787663767427,0.3336,9.0032,2.1995,179.98
822.482,1787663767527,0.3336,9.0031,2.1999,179.98
822.582,1787663767627,0.3336,9.0030,2.2003,179.98
822.682,1787663767727,0.3336,9.0030,2.2007,179.98
822.782,1787663767827,0.3336,9.0029,2.2010,179.98
822.882,1787663767928,0.3336,9.0029,2.2013,179.98
822.983,1787663768028,0.3336,9.0028,2.2015,179.98
823.083,1787663768128,0.3336,9.0028,2.2018,179.98
823.183,1787663768228,0.3336,9.0027,2.2021,179.98
823.283,1787663768328,0.3337,9.0027,2.2024,179.98
823.383,1787663768428,0.3337,9.0027,2.2026,179.98
823.483,1787663768528,0.3337,9.0026,2.2028,179.99
823.583,1787663768628,0.3337,9.0025,2.2031,179.99
823.683,1787663768728,0.3338,9.0025,2.2033,179.99
823.783,1787663768829,0.3338,9.0024,2.2035,179.99
823.884,1787663768929,0.3338,9.0023,2.2037,179.99
823.984,1787663769029,0.3339,9.0022,2.2039,179.99
824.084,1787663769129,0.3340,9.0022,2.2041,179.99
824.184,1787663769229,0.3340,9.0021,2.2042,179.99
824.284,1787663769329,0.3340,9.0021,2.2044,179.99
824.384,1787663769429,0.3341,9.0020,2.2045,179.99
824.484,1787663769529,0.3342,9.0019,2.2047,179.99
824.584,1787663769629,0.3342,9.0019,2.2048,179.99
824.684,1787663769730,0.3342,9.0019,2.2049,179.99
824.785,1787663769830,0.3343,9.0019,2.2051,179.99
824.885,1787663769930,0.3343,9.0019,2.2052,179.99
824.985,1787663770030,0.3343,9.0019,2.2053,179.99
825.085,1787663770130,0.3343,9.0019,2.2054,179.99
825.185,1787663770230,0.3344,9.0019,2.2055,179.99
825.285,1787663770330,0.3344,9.0020,2.2056,179.99
825.385,1787663770430,0.3344,9.0020,2.2057,179.99
825.485,1787663770530,0.3344,9.0020,2.2058,179.98
825.586,1787663770631,0.3344,9.0020,2.2059,179.98
825.686,1787663770731,0.3343,9.0020,2.2060,179.98
825.786,1787663770831,0.3343,9.0021,2.2061,179.98
825.886,1787663770931,0.3342,9.0021,2.2062,179.98
825.986,1787663771031,0.3342,9.0022,2.2064,179.98
826.086,1787663771131,0.3341,9.0027,2.2065,179.98
826.186,1787663771231,0.3340,9.0035,2.2065,179.98
826.286,1787663771332,0.3339,9.0054,2.2066,179.98
826.387,1787663771432,0.3339,9.0068,2.2067,179.98
826.487,1787663771532,0.3339,9.0074,2.2068,179.98
826.587,1787663771632,0.3338,9.0069,2.2069,179.98
826.687,1787663771732,0.3338,9.0048,2.2070,179.98
826.787,1787663771832,0.3338,9.0006,2.2071,179.98
826.887,1787663771932,0.3338,8.9959,2.2073,179.98
826.987,1787663772032,0.3338,8.9883,2.2074,179.98
827.087,1787663772133,0.3338,8.9783,2.2076,179.98
827.188,1787663772233,0.3338,8.9669,2.2077,179.98
827.288,1787663772333,0.3338,8.9533,2.2078,179.98
827.389,1787663772434,0.3339,8.9363,2.2080,179.98
827.489,1787663772534,0.3339,8.9221,2.2081,179.98
827.589,1787663772634,0.3339,8.9050,2.2082,179.98
827.689,1787663772734,0.3339,8.8742,2.2083,179.98
827.789,1787663772835,0.3339,8.8445,2.2084,179.98
827.890,1787663772935,0.3340,8.8156,2.2083,179.98
827.990,1787663773035,0.3340,8.7888,2.2083,179.98
828.090,1787663773135,0.3340,8.7653,2.2082,179.98
828.190,1787663773235,0.3340,8.7279,2.2081,179.99
828.291,1787663773336,0.3340,8.7044,2.2081,179.99
828.391,1787663773436,0.3340,8.6631,2.2080,179.99
828.491,1787663773536,0.3340,8.6222,2.2079,179.99
828.593,1787663773638,0.3340,8.5823,2.2077,179.99
828.693,1787663773738,0.3340,8.5404,2.2076,179.99
828.793,1787663773838,0.3341,8.4966,2.2075,179.99
828.893,1787663773939,0.3341,8.4547,2.2074,179.99
828.994,1787663774039,0.3341,8.4078,2.2072,179.99
829.094,1787663774139,0.3341,8.3782,2.2071,179.99
829.194,1787663774239,0.3341,8.3404,2.2070,179.99
829.295,1787663774340,0.3341,8.3020,2.2070,179.99
829.395,1787663774440,0.3341,8.2708,2.2069,179.99
829.495,1787663774541,0.3341,8.2431,2.2069,179.99
829.596,1787663774641,0.3341,8.2070,2.2069,179.99
829.696,1787663774741,0.3341,8.1745,2.2069,179.99
829.796,1787663774841,0.3340,8.1332,2.2069,179.99
829.896,1787663774941,0.3340,8.0911,2.2070,179.99
829.996,1787663775041,0.3340,8.0479,2.2070,180.00
830.096,1787663775142,0.3340,8.0126,2.2070,180.00
830.197,1787663775242,0.3340,7.9722,2.2070,180.00
830.297,1787663775342,0.3339,7.9218,2.2071,180.00
830.397,1787663775442,0.3339,7.8891,2.2071,180.00
830.497,1787663775542,0.3338,7.8272,2.2071,180.00
830.597,1787663775642,0.3338,7.7590,2.2071,180.00
830.697,1787663775742,0.3337,7.6889,2.2071,180.00
830.797,1787663775843,0.3336,7.6377,2.2070,180.00
830.898,1787663775943,0.3336,7.5646,2.2069,180.00
830.998,1787663776043,0.3335,7.4902,2.2068,180.00
831.098,1787663776143,0.3334,7.4309,2.2067,180.00
831.199,1787663776244,0.3333,7.3765,2.2067,180.00
831.299,1787663776344,0.3332,7.3328,2.2066,180.00
831.399,1787663776444,0.3330,7.2502,2.2065,180.00
831.499,1787663776544,0.3330,7.2115,2.2065,180.00
831.599,1787663776644,0.3328,7.1391,2.2064,180.00
831.699,1787663776744,0.3326,7.0609,2.2064,180.00
831.799,1787663776845,0.3324,6.9820,2.2063,180.00
831.900,1787663776945,0.3323,6.9197,2.2063,180.00
832.000,1787663777045,0.3320,6.8342,2.2062,180.00
832.100,1787663777145,0.3318,6.7483,2.2061,180.00
832.200,1787663777245,0.3316,6.6738,2.2061,-180.00
832.300,1787663777345,0.3313,6.5878,2.2061,-180.00
832.400,1787663777445,0.3311,6.5307,2.2060,-180.00
832.500,1787663777545,0.3309,6.4624,2.2060,-180.00
832.600,1787663777646,0.3307,6.3946,2.2060,-180.00
832.701,1787663777746,0.3305,6.3328,2.2060,-180.00
832.801,1787663777846,0.3302,6.2604,2.2060,-180.00
832.901,1787663777946,0.3300,6.1885,2.2060,-180.00
833.001,1787663778046,0.3297,6.1060,2.2060,-179.99
833.101,1787663778146,0.3294,6.0348,2.2060,-179.99
833.201,1787663778246,0.3292,5.9750,2.2060,-179.99
833.301,1787663778346,0.3290,5.9100,2.2060,-180.00
833.402,1787663778447,0.3287,5.8349,2.2061,-180.00
833.502,1787663778547,0.3285,5.7818,2.2061,-180.00
833.602,1787663778647,0.3282,5.7186,2.2061,-180.00
833.702,1787663778747,0.3280,5.6559,2.2061,-180.00
833.802,1787663778847,0.3278,5.5886,2.2061,-180.00
833.902,1787663778947,0.3276,5.5320,2.2062,-180.00
834.002,1787663779047,0.3273,5.4657,2.2062,-180.00
834.102,1787663779148,0.3272,5.4250,2.2062,-180.00
834.203,1787663779248,0.3269,5.3643,2.2063,180.00
834.303,1787663779348,0.3268,5.3192,2.2063,180.00
834.403,1787663779448,0.3265,5.2494,2.2064,180.00
834.503,1787663779548,0.3263,5.2047,2.2064,180.00
834.603,1787663779648,0.3262,5.1553,2.2065,180.00
834.703,1787663779749,0.3260,5.1158,2.2065,180.00
834.804,1787663779849,0.3259,5.0814,2.2065,180.00
834.904,1787663779949,0.3257,5.0325,2.2066,180.00
835.004,1787663780049,0.3255,4.9692,2.2066,179.99
835.105,1787663780150,0.3254,4.9400,2.2067,179.99
835.205,1787663780250,0.3253,4.8914,2.2067,179.99
835.305,1787663780350,0.3251,4.8428,2.2068,179.99
835.405,1787663780450,0.3250,4.8184,2.2068,179.99
835.505,1787663780551,0.3249,4.7647,2.2069,179.99
835.606,1787663780651,0.3247,4.7011,2.2070,180.00
835.706,1787663780751,0.3246,4.6468,2.2070,180.00
835.806,1787663780851,0.3244,4.5869,2.2071,180.00
835.906,1787663780951,0.3243,4.5467,2.2072,180.00
836.007,1787663781052,0.3241,4.4758,2.2072,180.00
836.107,1787663781152,0.3241,4.4503,2.2072,180.00
836.207,1787663781252,0.3239,4.3683,2.2073,-180.00
836.307,1787663781352,0.3238,4.3168,2.2073,-180.00
836.407,1787663781452,0.3236,4.2337,2.2074,-180.00
836.507,1787663781552,0.3236,4.1919,2.2074,-180.00
836.607,1787663781652,0.3234,4.1235,2.2074,-180.00
836.707,1787663781752,0.3233,4.0654,2.2074,-180.00
836.807,1787663781853,0.3232,4.0017,2.2074,-179.99
836.908,1787663781953,0.3231,3.9272,2.2074,-179.99
837.008,1787663782053,0.3230,3.8632,2.2073,-179.99
837.108,1787663782153,0.3229,3.8097,2.2073,-179.99
837.208,1787663782253,0.3229,3.7562,2.2073,-179.99
837.308,1787663782353,0.3228,3.6973,2.2073,-179.99
837.409,1787663782454,0.3227,3.6705,2.2072,-179.99
837.509,1787663782554,0.3227,3.6064,2.2072,-179.99
837.609,1787663782654,0.3226,3.5692,2.2072,-179.99
837.709,1787663782754,0.3226,3.5319,2.2072,-179.99
837.809,1787663782854,0.3225,3.4572,2.2072,-179.99
837.909,1787663782954,0.3224,3.3824,2.2072,-179.99
838.009,1787663783054,0.3223,3.3232,2.2072,-179.99
838.109,1787663783155,0.3222,3.2745,2.2072,-179.99
838.210,1787663783255,0.3221,3.2203,2.2072,-180.00
838.310,1787663783355,0.3221,3.1768,2.2073,-180.00
838.410,1787663783455,0.3220,3.1387,2.2073,-180.00
838.510,1787663783555,0.3220,3.0787,2.2073,-180.00
838.610,1787663783656,0.3219,3.0244,2.2073,-180.00
838.711,1787663783756,0.3218,2.9918,2.2074,-180.00
838.811,1787663783856,0.3217,2.9208,2.2074,-180.00
838.911,1787663783956,0.3217,2.8880,2.2075,-180.00
839.012,1787663784057,0.3216,2.8607,2.2075,-180.00
839.113,1787663784158,0.3215,2.8169,2.2075,-180.00
839.213,1787663784258,0.3214,2.7622,2.2076,180.00
839.313,1787663784358,0.3213,2.7128,2.2077,180.00
839.413,1787663784458,0.3212,2.6466,2.2078,180.00
839.515,1787663784560,0.3211,2.5798,2.2079,180.00
839.615,1787663784660,0.3210,2.5292,2.2079,180.00
839.715,1787663784760,0.3210,2.4896,2.2080,180.00
839.815,1787663784860,0.3209,2.4384,2.2080,180.00
839.915,1787663784960,0.3208,2.3756,2.2080,180.00
840.015,1787663785060,0.3207,2.3182,2.2081,180.00
840.115,1787663785161,0.3206,2.2836,2.2081,180.00
840.216,1787663785261,0.3205,2.1969,2.2082,180.00
840.316,1787663785361,0.3204,2.1329,2.2082,180.00
840.416,1787663785461,0.3203,2.0332,2.2082,180.00
840.516,1787663785561,0.3202,1.9798,2.2082,180.00
840.616,1787663785661,0.3200,1.8844,2.2082,180.00
840.716,1787663785761,0.3199,1.7884,2.2081,180.00
840.816,1787663785861,0.3198,1.7343,2.2081,-180.00
840.916,1787663785961,0.3198,1.6982,2.2081,-180.00
841.016,1787663786062,0.3197,1.6202,2.2080,-180.00
841.117,1787663786162,0.3196,1.5606,2.2080,-180.00
841.217,1787663786262,0.3195,1.4836,2.2080,-180.00
841.317,1787663786362,0.3195,1.4305,2.2080,-180.00
841.417,1787663786462,0.3194,1.3718,2.2079,-180.00
841.517,1787663786562,0.3193,1.2838,2.2079,-180.00
841.617,1787663786662,0.3192,1.2136,2.2078,-180.00
841.718,1787663786763,0.3191,1.1435,2.2078,-180.00
841.818,1787663786863,0.3190,1.0562,2.2078,-179.99
841.918,1787663786963,0.3189,0.9693,2.2077,-179.99
842.018,1787663787063,0.3188,0.8657,2.2077,-179.99
842.118,1787663787163,0.3187,0.8085,2.2077,-179.99
842.218,1787663787263,0.3186,0.7630,2.2077,-180.00
842.318,1787663787364,0.3185,0.7009,2.2077,-180.00
842.419,1787663787464,0.3184,0.6286,2.2076,-180.00
842.519,1787663787564,0.3183,0.5516,2.2076,-180.00
842.619,1787663787664,0.3182,0.4971,2.2076,-180.00
842.719,1787663787764,0.3182,0.4484,2.2076,-180.00
842.819,1787663787864,0.3181,0.4214,2.2076,-180.00
842.920,1787663787965,0.3180,0.3573,2.2075,180.00
843.020,1787663788065,0.3179,0.2993,2.2075,180.00
843.120,1787663788165,0.3179,0.2730,2.2075,180.00
843.220,1787663788265,0.3178,0.2050,2.2075,180.00
843.320,1787663788365,0.3176,0.1478,2.2075,180.00
843.420,1787663788465,0.3175,0.0855,2.2075,180.00
843.521,1787663788566,0.3174,0.0285,2.2076,179.99
843.621,1787663788666,0.3173,-0.0285,2.2076,179.99
843.721,1787663788766,0.3172,-0.0802,2.2076,179.99
843.821,1787663788866,0.3171,-0.1423,2.2076,179.99
843.921,1787663788966,0.3170,-0.1887,2.2076,179.99
844.021,1787663789066,0.3169,-0.2403,2.2076,179.99
844.121,1787663789166,0.3168,-0.3022,2.2076,179.99
844.222,1787663789267,0.3168,-0.3536,2.2077,179.99
844.322,1787663789367,0.3167,-0.4204,2.2077,179.99
844.422,1787663789467,0.3165,-0.4821,2.2077,179.99
844.522,1787663789567,0.3165,-0.5233,2.2078,179.99
844.622,1787663789667,0.3164,-0.5748,2.2078,179.99
844.722,1787663789767,0.3163,-0.6315,2.2078,179.99
844.822,1787663789867,0.3161,-0.7090,2.2079,179.99
844.923,1787663789968,0.3160,-0.7557,2.2079,179.99
845.023,1787663790068,0.3159,-0.7921,2.2079,180.00
845.123,1787663790168,0.3158,-0.8596,2.2080,180.00
845.223,1787663790268,0.3157,-0.8960,2.2080,180.00
845.323,1787663790368,0.3156,-0.9686,2.2081,180.00
845.423,1787663790468,0.3155,-1.0154,2.2081,180.00
845.523,1787663790568,0.3154,-1.0727,2.2082,180.00
845.623,1787663790669,0.3152,-1.1458,2.2082,180.00
845.724,1787663790769,0.3151,-1.1982,2.2083,-180.00
845.824,1787663790869,0.3150,-1.2613,2.2083,-180.00
845.924,1787663790969,0.3149,-1.3299,2.2084,-180.00
846.024,1787663791069,0.3148,-1.3829,2.2084,-180.00
846.124,1787663791169,0.3146,-1.4414,2.2084,-180.00
846.224,1787663791269,0.3145,-1.5105,2.2085,-180.00
846.325,1787663791370,0.3145,-1.5318,2.2085,-180.00
846.425,1787663791470,0.3144,-1.5796,2.2085,-180.00
846.525,1787663791570,0.3143,-1.6430,2.2085,-180.00
846.625,1787663791671,0.3141,-1.6957,2.2085,-180.00
846.726,1787663791771,0.3140,-1.7538,2.2086,-179.99
846.826,1787663791871,0.3139,-1.8014,2.2086,-179.99
846.926,1787663791971,0.3139,-1.8331,2.2086,-179.99
847.026,1787663792071,0.3137,-1.9127,2.2086,-179.99
847.126,1787663792171,0.3137,-1.9393,2.2086,-179.99
847.226,1787663792272,0.3135,-2.0194,2.2087,-179.99
847.327,1787663792372,0.3134,-2.0730,2.2087,-179.99
847.427,1787663792472,0.3133,-2.1376,2.2088,-179.99
847.527,1787663792572,0.3132,-2.1917,2.2088,-179.99
847.627,1787663792672,0.3131,-2.2351,2.2088,-179.99
847.727,1787663792772,0.3130,-2.2894,2.2088,-179.99
847.827,1787663792872,0.3129,-2.3439,2.2089,-179.99
847.927,1787663792973,0.3127,-2.4095,2.2089,-179.99
848.028,1787663793073,0.3126,-2.4698,2.2090,-179.99
848.128,1787663793173,0.3125,-2.5192,2.2090,-179.99
848.228,1787663793273,0.3123,-2.5854,2.2090,-179.99
848.328,1787663793373,0.3122,-2.6297,2.2091,-179.99
848.428,1787663793473,0.3121,-2.7128,2.2091,-179.99
848.528,1787663793573,0.3120,-2.7740,2.2091,-179.99
848.628,1787663793674,0.3118,-2.8466,2.2092,-179.99
848.729,1787663793774,0.3117,-2.9082,2.2092,-180.00
848.829,1787663793874,0.3115,-2.9756,2.2092,-180.00
848.929,1787663793974,0.3114,-3.0261,2.2092,-180.00
849.029,1787663794074,0.3113,-3.0990,2.2092,-180.00
849.129,1787663794174,0.3111,-3.1661,2.2092,-180.00
849.229,1787663794274,0.3110,-3.2387,2.2092,-180.00
849.330,1787663794375,0.3109,-3.2834,2.2093,-180.00
849.430,1787663794475,0.3108,-3.3392,2.2093,-180.00
849.530,1787663794575,0.3106,-3.4338,2.2093,-180.00
849.630,1787663794675,0.3104,-3.4837,2.2093,-180.00
849.730,1787663794775,0.3103,-3.5447,2.2093,-180.00
849.830,1787663794875,0.3102,-3.5889,2.2093,-180.00
849.930,1787663794975,0.3101,-3.6603,2.2093,-180.00
850.030,1787663795076,0.3099,-3.7206,2.2093,-180.00
850.131,1787663795176,0.3097,-3.7862,2.2093,-180.00
850.231,1787663795276,0.3096,-3.8573,2.2093,-180.00
850.331,1787663795376,0.3095,-3.8956,2.2093,-180.00
850.431,1787663795476,0.3093,-3.9665,2.2093,-180.00
850.531,1787663795576,0.3091,-4.0480,2.2092,180.00
850.631,1787663795676,0.3090,-4.1022,2.2092,180.00
850.732,1787663795777,0.3089,-4.1401,2.2092,180.00
850.832,1787663795877,0.3087,-4.1941,2.2092,180.00
850.932,1787663795977,0.3085,-4.2585,2.2092,180.00
851.032,1787663796077,0.3084,-4.3012,2.2092,180.00
851.132,1787663796178,0.3082,-4.3705,2.2092,180.00
851.233,1787663796278,0.3081,-4.4290,2.2092,180.00
851.333,1787663796378,0.3079,-4.4875,2.2092,180.00
851.433,1787663796478,0.3078,-4.5354,2.2092,180.00
851.534,1787663796579,0.3076,-4.5939,2.2092,180.00
851.634,1787663796679,0.3074,-4.6895,2.2092,179.99
851.734,1787663796779,0.3072,-4.7747,2.2093,179.99
851.834,1787663796879,0.3071,-4.8176,2.2093,179.99
851.934,1787663796979,0.3069,-4.9032,2.2093,179.99
852.034,1787663797079,0.3067,-4.9565,2.2093,180.00
852.134,1787663797179,0.3066,-5.0202,2.2093,180.00
852.235,1787663797281,0.3065,-5.0731,2.2094,180.00
852.336,1787663797381,0.3064,-5.1151,2.2094,180.00
852.436,1787663797481,0.3063,-5.1570,2.2094,180.00
852.536,1787663797581,0.3062,-5.1986,2.2094,180.00
852.636,1787663797681,0.3061,-5.2453,2.2094,180.00
852.736,1787663797781,0.3059,-5.3020,2.2094,180.00
852.837,1787663797883,0.3059,-5.3380,2.2095,180.00
852.938,1787663797983,0.3058,-5.3791,2.2095,180.00
853.038,1787663798083,0.3057,-5.4510,2.2095,180.00
853.138,1787663798183,0.3056,-5.4975,2.2096,180.00
853.238,1787663798283,0.3055,-5.5649,2.2096,180.00
853.338,1787663798383,0.3054,-5.6014,2.2096,180.00
853.438,1787663798484,0.3053,-5.6853,2.2097,180.00
853.539,1787663798584,0.3052,-5.7381,2.2097,180.00
853.639,1787663798684,0.3051,-5.7857,2.2097,180.00
853.739,1787663798784,0.3050,-5.8334,2.2097,180.00
853.839,1787663798884,0.3050,-5.8651,2.2097,180.00
853.939,1787663798984,0.3048,-5.9551,2.2098,180.00
854.039,1787663799084,0.3047,-6.0242,2.2098,180.00
854.139,1787663799184,0.3046,-6.1317,2.2098,180.00
854.239,1787663799285,0.3045,-6.2295,2.2098,180.00
854.340,1787663799385,0.3043,-6.3280,2.2098,180.00
854.440,1787663799485,0.3042,-6.4154,2.2098,179.99
854.540,1787663799586,0.3041,-6.5132,2.2098,179.99
854.641,1787663799686,0.3040,-6.6047,2.2098,179.99
854.741,1787663799786,0.3039,-6.6739,2.2098,179.99
854.841,1787663799886,0.3038,-6.7685,2.2098,179.99
854.941,1787663799986,0.3037,-6.8511,2.2097,179.99
855.041,1787663800086,0.3036,-6.9224,2.2097,180.00
855.141,1787663800186,0.3035,-6.9977,2.2097,180.00
855.241,1787663800286,0.3034,-7.0767,2.2097,180.00
855.341,1787663800386,0.3033,-7.1640,2.2097,180.00
855.441,1787663800487,0.3032,-7.2260,2.2096,-180.00
855.542,1787663800587,0.3031,-7.3104,2.2096,-180.00
855.642,1787663800687,0.3030,-7.3794,2.2096,-180.00
855.742,1787663800787,0.3029,-7.4383,2.2095,-180.00
855.842,1787663800887,0.3028,-7.5051,2.2095,-180.00
855.942,1787663800987,0.3027,-7.5576,2.2095,-180.00
856.042,1787663801088,0.3026,-7.6223,2.2094,-180.00
856.143,1787663801188,0.3025,-7.6902,2.2093,-180.00
856.243,1787663801288,0.3024,-7.7529,2.2093,-180.00
856.343,1787663801388,0.3023,-7.8149,2.2093,-180.00
856.443,1787663801488,0.3022,-7.8763,2.2092,180.00
856.543,1787663801588,0.3021,-7.9410,2.2092,180.00
856.643,1787663801688,0.3019,-8.0090,2.2092,180.00
856.743,1787663801788,0.3018,-8.0682,2.2092,180.00
856.844,1787663801889,0.3017,-8.1315,2.2092,180.00
856.944,1787663801989,0.3016,-8.1870,2.2092,180.00
857.044,1787663802089,0.3015,-8.2424,2.2092,180.00
857.144,1787663802189,0.3014,-8.2972,2.2093,179.99
857.244,1787663802289,0.3014,-8.3242,2.2093,179.99
857.344,1787663802389,0.3013,-8.3699,2.2094,179.99
857.444,1787663802489,0.3013,-8.4254,2.2095,179.99
857.544,1787663802590,0.3012,-8.4789,2.2096,179.99
857.645,1787663802690,0.3011,-8.5270,2.2097,179.99
857.745,1787663802790,0.3011,-8.5700,2.2098,179.99
857.845,1787663802890,0.3011,-8.6143,2.2099,179.99
857.945,1787663802990,0.3010,-8.6506,2.2099,179.99
858.045,1787663803091,0.3010,-8.6740,2.2100,180.00
858.146,1787663803191,0.3010,-8.7130,2.2100,180.00
858.246,1787663803291,0.3009,-8.7447,2.2100,180.00
858.346,1787663803391,0.3009,-8.7772,2.2100,180.00
858.446,1787663803491,0.3009,-8.8099,2.2100,180.00
858.546,1787663803591,0.3009,-8.8339,2.2100,180.00
858.646,1787663803691,0.3008,-8.8585,2.2100,180.00
858.746,1787663803792,0.3008,-8.8777,2.2099,180.00
858.847,1787663803892,0.3008,-8.8992,2.2099,180.00
858.947,1787663803992,0.3007,-8.9190,2.2098,180.00
859.047,1787663804092,0.3007,-8.9400,2.2098,180.00
859.147,1787663804192,0.3006,-8.9576,2.2097,180.00
859.247,1787663804292,0.3005,-8.9711,2.2096,180.00
859.347,1787663804392,0.3005,-8.9855,2.2095,180.00
859.447,1787663804492,0.3004,-8.9964,2.2094,179.99
859.547,1787663804592,0.3003,-9.0061,2.2093,179.99
859.648,1787663804693,0.3003,-9.0132,2.2092,179.99
859.748,1787663804793,0.3003,-9.0175,2.2092,179.99
859.848,1787663804893,0.3002,-9.0259,2.2091,179.99
859.948,1787663804993,0.3002,-9.0319,2.2090,179.99
860.048,1787663805093,0.3001,-9.0366,2.2089,179.99
860.148,1787663805193,0.3000,-9.0429,2.2088,179.99
860.248,1787663805293,0.3000,-9.0469,2.2087,179.99
860.348,1787663805393,0.3000,-9.0494,2.2087,179.99
860.448,1787663805494,0.2999,-9.0504,2.2086,179.99
860.549,1787663805594,0.2999,-9.0510,2.2086,179.99
860.649,1787663805694,0.2999,-9.0507,2.2085,179.99
860.749,1787663805794,0.2999,-9.0498,2.2085,179.99
860.849,1787663805894,0.2999,-9.0488,2.2084,179.99
860.949,1787663805994,0.2999,-9.0471,2.2084,179.99
861.049,1787663806094,0.2999,-9.0452,2.2084,179.99
861.149,1787663806195,0.2999,-9.0426,2.2084,179.99
861.250,1787663806295,0.2999,-9.0397,2.2084,179.99
861.350,1787663806395,0.3000,-9.0359,2.2084,179.99
861.450,1787663806495,0.3000,-9.0317,2.2084,179.99
861.550,1787663806595,0.3000,-9.0276,2.2084,180.00
861.650,1787663806695,0.3001,-9.0233,2.2085,180.00
861.750,1787663806795,0.3001,-9.0195,2.2085,180.00
861.851,1787663806896,0.3001,-9.0160,2.2085,180.00
861.952,1787663806997,0.3001,-9.0122,2.2086,-180.00
862.052,1787663807097,0.3002,-9.0090,2.2086,-180.00
862.152,1787663807197,0.3002,-9.0057,2.2086,-180.00
862.252,1787663807297,0.3002,-9.0022,2.2087,-180.00
862.352,1787663807397,0.3002,-8.9986,2.2087,-180.00
862.452,1787663807497,0.3003,-8.9951,2.2087,-180.00
862.552,1787663807598,0.3003,-8.9906,2.2088,-180.00
862.653,1787663807698,0.3003,-8.9866,2.2088,-180.00
862.753,1787663807798,0.3004,-8.9827,2.2088,-180.00
862.853,1787663807898,0.3004,-8.9785,2.2089,-180.00
862.953,1787663807998,0.3005,-8.9740,2.2089,-180.00
863.053,1787663808098,0.3006,-8.9688,2.2090,-180.00
863.153,1787663808198,0.3006,-8.9660,2.2090,180.00
863.253,1787663808298,0.3006,-8.9623,2.2091,180.00
863.353,1787663808399,0.3007,-8.9584,2.2091,180.00
863.454,1787663808499,0.3007,-8.9560,2.2092,180.00
863.554,1787663808599,0.3008,-8.9528,2.2092,180.00
863.654,1787663808699,0.3008,-8.9506,2.2092,180.00
863.754,1787663808799,0.3008,-8.9478,2.2093,179.99
863.854,1787663808899,0.3009,-8.9457,2.2093,179.99
863.954,1787663808999,0.3009,-8.9433,2.2094,179.99
864.054,1787663809099,0.3009,-8.9419,2.2094,179.99
864.154,1787663809199,0.3009,-8.9400,2.2095,179.99
864.255,1787663809300,0.3009,-8.9393,2.2095,179.99
864.355,1787663809400,0.3010,-8.9378,2.2095,179.99
864.455,1787663809500,0.3010,-8.9367,2.2095,179.99
864.555,1787663809600,0.3010,-8.9356,2.2096,179.99
864.655,1787663809700,0.3010,-8.9351,2.2096,179.99
864.755,1787663809800,0.3010,-8.9346,2.2096,179.99
864.855,1787663809901,0.3010,-8.9339,2.2096,179.99
864.957,1787663810002,0.3010,-8.9333,2.2096,179.99
865.057,1787663810102,0.3010,-8.9329,2.2097,179.99
865.157,1787663810202,0.3009,-8.9324,2.2097,179.98
865.258,1787663810303,0.3009,-8.9321,2.2097,179.98
865.358,1787663810403,0.3009,-8.9319,2.2097,179.99
865.458,1787663810503,0.3009,-8.9318,2.2097,179.99
865.558,1787663810603,0.3009,-8.9317,2.2097,179.99
865.658,1787663810703,0.3009,-8.9318,2.2097,179.99
865.758,1787663810803,0.3008,-8.9319,2.2096,179.99
865.860,1787663810906,0.3008,-8.9320,2.2096,179.99
865.961,1787663811006,0.3008,-8.9321,2.2096,179.99
866.061,1787663811106,0.3008,-8.9324,2.2096,179.99
866.161,1787663811206,0.3007,-8.9326,2.2096,179.99
866.261,1787663811306,0.3007,-8.9330,2.2096,179.99
866.361,1787663811406,0.3007,-8.9333,2.2096,179.99
866.461,1787663811506,0.3007,-8.9338,2.2096,179.99
866.561,1787663811606,0.3007,-8.9342,2.2096,179.99
866.661,1787663811706,0.3006,-8.9347,2.2096,179.99
866.761,1787663811807,0.3006,-8.9351,2.2096,179.99
866.862,1787663811907,0.3006,-8.9356,2.2096,179.99
866.962,1787663812007,0.3006,-8.9362,2.2096,179.99
867.062,1787663812107,0.3005,-8.9366,2.2096,179.99
867.162,1787663812207,0.3005,-8.9373,2.2096,179.99
867.262,1787663812307,0.3005,-8.9377,2.2096,179.99
867.362,1787663812407,0.3005,-8.9384,2.2096,179.99
867.462,1787663812508,0.3004,-8.9391,2.2096,179.99
867.563,1787663812608,0.3004,-8.9398,2.2096,179.99
867.663,1787663812708,0.3004,-8.9404,2.2096,179.99
867.763,1787663812808,0.3003,-8.9413,2.2096,179.99
867.863,1787663812908,0.3003,-8.9424,2.2098,179.99
867.963,1787663813008,0.3002,-8.9437,2.2101,179.99
868.063,1787663813108,0.3002,-8.9446,2.2107,179.99
868.163,1787663813209,0.3002,-8.9455,2.2119,179.99
868.264,1787663813309,0.3002,-8.9461,2.2137,179.99
868.364,1787663813409,0.3002,-8.9463,2.2153,179.99
868.464,1787663813509,0.3001,-8.9462,2.2191,179.99
868.564,1787663813609,0.3001,-8.9458,2.2228,179.99
868.664,1787663813709,0.3001,-8.9451,2.2280,179.99
868.764,1787663813809,0.3001,-8.9445,2.2318,179.99
868.865,1787663813910,0.3001,-8.9437,2.2368,179.99
868.965,1787663814010,0.3001,-8.9428,2.2428,179.99
869.065,1787663814110,0.3001,-8.9423,2.2460,179.99
869.165,1787663814210,0.3000,-8.9416,2.2500,179.99
869.265,1787663814311,0.3000,-8.9408,2.2554,179.99
869.366,1787663814411,0.3000,-8.9395,2.2638,179.99
869.466,1787663814511,0.2999,-8.9381,2.2730,179.99
869.566,1787663814611,0.2999,-8.9364,2.2844,179.99
869.666,1787663814711,0.2997,-8.9348,2.2957,179.99
869.766,1787663814811,0.2997,-8.9334,2.3058,180.00
869.866,1787663814911,0.2996,-8.9318,2.3169,180.00
869.966,1787663815012,0.2995,-8.9303,2.3283,180.00
870.067,1787663815112,0.2994,-8.9292,2.3373,180.00
870.167,1787663815212,0.2993,-8.9279,2.3482,180.00
870.267,1787663815312,0.2992,-8.9268,2.3575,180.00
870.367,1787663815412,0.2991,-8.9260,2.3641,180.00
870.467,1787663815512,0.2990,-8.9245,2.3786,180.00
870.567,1787663815612,0.2989,-8.9238,2.3854,180.00
870.668,1787663815713,0.2988,-8.9228,2.3954,180.00
870.768,1787663815813,0.2987,-8.9219,2.4056,180.00
870.868,1787663815913,0.2986,-8.9212,2.4139,180.00
870.968,1787663816013,0.2984,-8.9201,2.4287,180.00
871.068,1787663816113,0.2983,-8.9196,2.4363,180.00
871.168,1787663816213,0.2982,-8.9189,2.4483,180.00
871.268,1787663816314,0.2981,-8.9183,2.4583,180.00
871.369,1787663816414,0.2979,-8.9179,2.4673,180.00
871.469,1787663816514,0.2978,-8.9173,2.4822,-180.00
871.569,1787663816614,0.2975,-8.9166,2.5021,-180.00
871.669,1787663816714,0.2973,-8.9162,2.5198,-180.00
871.769,1787663816814,0.2971,-8.9159,2.5352,-180.00
871.869,1787663816914,0.2969,-8.9158,2.5528,-180.00
871.969,1787663817014,0.2967,-8.9158,2.5703,-180.00
872.070,1787663817115,0.2965,-8.9159,2.5807,-180.00
872.170,1787663817215,0.2964,-8.9160,2.5923,-180.00
872.270,1787663817315,0.2962,-8.9162,2.6072,-180.00
872.370,1787663817415,0.2960,-8.9165,2.6210,-179.99
872.470,1787663817515,0.2958,-8.9169,2.6359,-179.99
872.571,1787663817616,0.2957,-8.9172,2.6451,-179.99
872.671,1787663817716,0.2956,-8.9175,2.6543,-179.99
872.771,1787663817816,0.2954,-8.9181,2.6694,-179.99
872.871,1787663817916,0.2952,-8.9186,2.6800,-179.99
872.971,1787663818016,0.2950,-8.9194,2.6977,-179.99
873.072,1787663818117,0.2949,-8.9202,2.7119,-179.99
873.172,1787663818217,0.2948,-8.9207,2.7214,-180.00
873.272,1787663818317,0.2947,-8.9211,2.7286,-180.00
873.372,1787663818417,0.2945,-8.9219,2.7430,-180.00
873.472,1787663818517,0.2944,-8.9226,2.7551,-180.00
873.572,1787663818617,0.2942,-8.9235,2.7686,-180.00
873.672,1787663818717,0.2941,-8.9243,2.7821,-180.00
873.772,1787663818818,0.2940,-8.9248,2.7896,-180.00
873.873,1787663818918,0.2939,-8.9258,2.8058,-180.00
873.973,1787663819018,0.2938,-8.9266,2.8171,-180.00
874.074,1787663819119,0.2937,-8.9271,2.8247,-180.00
874.174,1787663819219,0.2935,-8.9287,2.8490,180.00
874.274,1787663819319,0.2934,-8.9295,2.8606,180.00
874.374,1787663819419,0.2933,-8.9304,2.8736,180.00
874.474,1787663819520,0.2932,-8.9311,2.8840,180.00
874.575,1787663819620,0.2931,-8.9317,2.8931,180.00
874.675,1787663819720,0.2930,-8.9329,2.9100,180.00
874.775,1787663819820,0.2929,-8.9337,2.9219,180.00
874.875,1787663819920,0.2928,-8.9345,2.9338,180.00
874.975,1787663820020,0.2927,-8.9355,2.9484,180.00
875.075,1787663820120,0.2925,-8.9367,2.9658,179.99
875.175,1787663820221,0.2924,-8.9374,2.9765,179.99
875.276,1787663820321,0.2923,-8.9379,2.9846,179.99
875.376,1787663820421,0.2922,-8.9387,2.9967,179.99
875.478,1787663820523,0.2921,-8.9400,3.0157,179.99
875.578,1787663820623,0.2920,-8.9406,3.0252,179.99
875.678,1787663820723,0.2918,-8.9418,3.0444,179.99
875.778,1787663820823,0.2917,-8.9423,3.0527,179.99
875.878,1787663820923,0.2916,-8.9430,3.0637,179.99
875.978,1787663821023,0.2915,-8.9439,3.0789,179.99
876.078,1787663821123,0.2914,-8.9445,3.0887,179.99
876.179,1787663821224,0.2913,-8.9453,3.1027,180.00
876.279,1787663821324,0.2912,-8.9462,3.1167,180.00
876.379,1787663821424,0.2911,-8.9469,3.1294,180.00
876.479,1787663821524,0.2910,-8.9479,3.1465,180.00
876.579,1787663821624,0.2908,-8.9487,3.1607,180.00
876.680,1787663821725,0.2907,-8.9499,3.1821,180.00
876.780,1787663821825,0.2906,-8.9507,3.1963,180.00
876.880,1787663821925,0.2904,-8.9518,3.2175,180.00
876.980,1787663822025,0.2903,-8.9525,3.2288,180.00
877.080,1787663822126,0.2902,-8.9530,3.2386,180.00
877.181,1787663822226,0.2901,-8.9540,3.2569,180.00
877.281,1787663822326,0.2899,-8.9550,3.2750,180.00
877.381,1787663822426,0.2898,-8.9562,3.2960,180.00
877.481,1787663822526,0.2896,-8.9573,3.3167,180.00
877.581,1787663822626,0.2894,-8.9581,3.3318,180.00
877.681,1787663822726,0.2893,-8.9588,3.3439,180.00
877.781,1787663822827,0.2892,-8.9597,3.3600,180.00
877.882,1787663822927,0.2891,-8.9603,3.3707,180.00
877.982,1787663823027,0.2889,-8.9615,3.3933,180.00
878.082,1787663823127,0.2887,-8.9627,3.4144,180.00
878.182,1787663823227,0.2885,-8.9637,3.4328,-180.00
878.282,1787663823327,0.2883,-8.9647,3.4509,-180.00
878.383,1787663823428,0.2882,-8.9658,3.4701,-180.00
878.483,1787663823528,0.2880,-8.9667,3.4865,-180.00
878.583,1787663823628,0.2879,-8.9676,3.5027,-180.00
878.683,1787663823728,0.2877,-8.9687,3.5212,-180.00
878.784,1787663823829,0.2877,-8.9691,3.5298,-180.00
878.884,1787663823929,0.2876,-8.9697,3.5396,-180.00
878.984,1787663824029,0.2875,-8.9705,3.5530,-180.00
879.085,1787663824130,0.2874,-8.9711,3.5640,-180.00
879.185,1787663824230,0.2871,-8.9721,3.5824,-180.00
879.285,1787663824330,0.2870,-8.9725,3.5911,-180.00
879.385,1787663824430,0.2869,-8.9733,3.6059,180.00
879.485,1787663824531,0.2867,-8.9740,3.6195,180.00
879.586,1787663824631,0.2866,-8.9747,3.6342,180.00
879.686,1787663824731,0.2864,-8.9756,3.6498,180.00
879.786,1787663824831,0.2863,-8.9762,3.6614,180.00
879.886,1787663824931,0.2861,-8.9769,3.6737,180.00
879.986,1787663825031,0.2860,-8.9773,3.6812,180.00
880.086,1787663825131,0.2859,-8.9780,3.6927,180.00
880.187,1787663825232,0.2858,-8.9785,3.7006,180.00
880.287,1787663825332,0.2856,-8.9790,3.7083,180.00
880.387,1787663825432,0.2854,-8.9799,3.7229,180.00
880.487,1787663825532,0.2853,-8.9805,3.7322,180.00
880.587,1787663825632,0.2850,-8.9813,3.7442,180.00
880.687,1787663825732,0.2849,-8.9817,3.7501,180.00
880.788,1787663825833,0.2847,-8.9824,3.7593,180.00
880.888,1787663825933,0.2845,-8.9828,3.7640,180.00
880.988,1787663826033,0.2843,-8.9834,3.7723,180.00
881.088,1787663826134,0.2842,-8.9838,3.7777,180.00
881.189,1787663826234,0.2840,-8.9842,3.7834,180.00
881.289,1787663826334,0.2838,-8.9849,3.7913,180.00
881.389,1787663826434,0.2838,-8.9852,3.7948,180.00
881.489,1787663826534,0.2836,-8.9858,3.8019,180.00
881.589,1787663826634,0.2835,-8.9861,3.8054,180.00
881.689,1787663826734,0.2833,-8.9865,3.8104,180.00
881.789,1787663826834,0.2832,-8.9869,3.8148,180.00
881.890,1787663826935,0.2831,-8.9873,3.8189,180.00
881.990,1787663827035,0.2830,-8.9876,3.8227,180.00
882.090,1787663827135,0.2828,-8.9881,3.8273,180.00
882.190,1787663827235,0.2827,-8.9885,3.8316,180.00
882.290,1787663827335,0.2826,-8.9889,3.8350,180.00
882.390,1787663827436,0.2825,-8.9892,3.8385,180.00
882.491,1787663827536,0.2824,-8.9895,3.8412,180.00
882.591,1787663827636,0.2823,-8.9898,3.8441,180.00
882.691,1787663827736,0.2823,-8.9901,3.8466,180.00
882.791,1787663827837,0.2822,-8.9903,3.8493,180.00
882.892,1787663827937,0.2821,-8.9905,3.8513,180.00
882.992,1787663828037,0.2820,-8.9908,3.8543,180.00
883.092,1787663828137,0.2820,-8.9910,3.8568,180.00
883.192,1787663828237,0.2820,-8.9911,3.8582,180.00
883.292,1787663828337,0.2820,-8.9912,3.8595,180.00
883.392,1787663828437,0.2820,-8.9914,3.8609,180.00
883.493,1787663828538,0.2820,-8.9915,3.8624,180.00
883.593,1787663828638,0.2820,-8.9917,3.8642,180.00
883.693,1787663828738,0.2820,-8.9918,3.8660,179.99
883.793,1787663828838,0.2821,-8.9919,3.8674,179.99
883.893,1787663828939,0.2821,-8.9919,3.8687,179.99
883.994,1787663829039,0.2822,-8.9920,3.8693,179.99
884.094,1787663829139,0.2822,-8.9921,3.8707,179.99
884.194,1787663829239,0.2823,-8.9922,3.8720,179.99
884.294,1787663829339,0.2823,-8.9922,3.8728,179.99
884.395,1787663829440,0.2824,-8.9923,3.8741,179.99
884.496,1787663829541,0.2824,-8.9923,3.8748,179.99
884.596,1787663829641,0.2825,-8.9923,3.8761,179.99
884.696,1787663829741,0.2826,-8.9924,3.8777,179.99
884.796,1787663829841,0.2827,-8.9924,3.8788,179.99
884.897,1787663829942,0.2827,-8.9924,3.8796,179.99
884.997,1787663830042,0.2827,-8.9924,3.8804,179.99
885.097,1787663830142,0.2828,-8.9924,3.8809,179.99
885.198,1787663830243,0.2828,-8.9924,3.8818,179.99
885.300,1787663830345,0.2829,-8.9924,3.8832,179.99
885.401,1787663830447,0.2830,-8.9924,3.8842,180.00
885.502,1787663830547,0.2831,-8.9924,3.8850,180.00
885.602,1787663830647,0.2832,-8.9924,3.8859,180.00
885.702,1787663830747,0.2832,-8.9924,3.8866,180.00
885.802,1787663830847,0.2833,-8.9924,3.8873,180.00
885.902,1787663830947,0.2834,-8.9924,3.8880,180.00
886.002,1787663831047,0.2835,-8.9924,3.8886,180.00
886.103,1787663831148,0.2836,-8.9924,3.8892,180.00
886.203,1787663831248,0.2837,-8.9924,3.8896,180.00
886.303,1787663831349,0.2838,-8.9924,3.8904,180.00
886.404,1787663831449,0.2839,-8.9924,3.8908,180.00
886.504,1787663831549,0.2840,-8.9923,3.8913,180.00
886.604,1787663831649,0.2841,-8.9923,3.8918,180.00
886.704,1787663831749,0.2842,-8.9923,3.8923,180.00
886.804,1787663831849,0.2842,-8.9922,3.8928,-180.00
886.904,1787663831950,0.2843,-8.9922,3.8933,-180.00
887.005,1787663832050,0.2844,-8.9921,3.8939,-180.00
887.105,1787663832150,0.2844,-8.9921,3.8943,-180.00
887.205,1787663832250,0.2845,-8.9921,3.8948,-180.00
887.305,1787663832350,0.2846,-8.9920,3.8954,-180.00
887.405,1787663832450,0.2846,-8.9920,3.8958,-180.00
887.505,1787663832550,0.2847,-8.9919,3.8962,-180.00
887.605,1787663832651,0.2847,-8.9919,3.8965,-180.00
887.706,1787663832751,0.2847,-8.9919,3.8969,-180.00
887.806,1787663832851,0.2848,-8.9918,3.8971,-180.00
887.906,1787663832951,0.2848,-8.9918,3.8974,-180.00
888.006,1787663833051,0.2848,-8.9918,3.8977,-180.00
888.106,1787663833151,0.2848,-8.9918,3.8979,-180.00
888.206,1787663833251,0.2848,-8.9917,3.8982,-180.00
888.306,1787663833351,0.2848,-8.9917,3.8985,-180.00
888.407,1787663833452,0.2848,-8.9917,3.8986,-180.00
888.507,1787663833552,0.2848,-8.9917,3.8991,180.00
888.607,1787663833652,0.2848,-8.9917,3.8994,180.00
888.707,1787663833752,0.2848,-8.9917,3.8998,180.00
888.807,1787663833852,0.2848,-8.9917,3.9001,180.00
888.908,1787663833953,0.2847,-8.9917,3.9003,180.00
889.008,1787663834053,0.2847,-8.9917,3.9006,180.00
889.108,1787663834153,0.2847,-8.9917,3.9008,180.00
889.208,1787663834253,0.2847,-8.9917,3.9008,180.00
889.309,1787663834354,0.2847,-8.9919,3.9010,180.00
889.409,1787663834454,0.2846,-8.9925,3.9011,180.00
889.509,1787663834554,0.2846,-8.9937,3.9012,180.00
889.609,1787663834654,0.2845,-8.9958,3.9013,180.00
889.709,1787663834754,0.2845,-8.9976,3.9013,180.00
889.809,1787663834854,0.2844,-8.9993,3.9014,180.00
889.911,1787663834957,0.2844,-8.9999,3.9015,180.00
890.012,1787663835057,0.2844,-8.9991,3.9017,180.00
890.112,1787663835157,0.2844,-8.9974,3.9018,180.00
890.212,1787663835257,0.2844,-8.9956,3.9019,180.00
890.312,1787663835357,0.2843,-8.9899,3.9020,-180.00
890.412,1787663835457,0.2843,-8.9863,3.9021,-180.00
890.512,1787663835558,0.2843,-8.9800,3.9023,-180.00
890.613,1787663835658,0.2843,-8.9716,3.9025,-180.00
890.713,1787663835758,0.2843,-8.9663,3.9026,-180.00
890.813,1787663835858,0.2843,-8.9541,3.9028,-180.00
890.913,1787663835958,0.2843,-8.9357,3.9032,-180.00
891.013,1787663836058,0.2843,-8.9195,3.9034,-180.00
891.113,1787663836159,0.2842,-8.9010,3.9035,-180.00
891.214,1787663836259,0.2842,-8.8862,3.9036,-180.00
891.314,1787663836359,0.2842,-8.8598,3.9037,-180.00
891.414,1787663836459,0.2842,-8.8306,3.9037,-180.00
891.514,1787663836559,0.2842,-8.8009,3.9037,-180.00
891.614,1787663836659,0.2842,-8.7743,3.9037,-180.00
891.714,1787663836760,0.2841,-8.7311,3.9036,180.00
891.815,1787663836860,0.2841,-8.7034,3.9035,180.00
891.915,1787663836960,0.2841,-8.6744,3.9034,180.00
892.015,1787663837060,0.2840,-8.6339,3.9032,180.00
892.115,1787663837160,0.2840,-8.5912,3.9030,180.00
892.215,1787663837260,0.2839,-8.5387,3.9027,180.00
892.316,1787663837361,0.2839,-8.4994,3.9025,180.00
892.416,1787663837461,0.2838,-8.4627,3.9023,180.00
892.516,1787663837561,0.2838,-8.4377,3.9021,180.00
892.616,1787663837661,0.2838,-8.3953,3.9019,180.00
892.716,1787663837761,0.2838,-8.3476,3.9017,180.00
892.816,1787663837861,0.2837,-8.3299,3.9016,180.00
892.917,1787663837962,0.2837,-8.2713,3.9014,180.00
893.017,1787663838062,0.2836,-8.2109,3.9013,180.00
893.117,1787663838162,0.2836,-8.1435,3.9011,180.00
893.217,1787663838262,0.2836,-8.1139,3.9010,180.00
893.317,1787663838362,0.2835,-8.0533,3.9008,180.00
893.417,1787663838463,0.2835,-7.9966,3.9006,180.00
893.518,1787663838563,0.2835,-7.9546,3.9005,180.00
893.618,1787663838663,0.2834,-7.8907,3.9003,180.00
893.718,1787663838763,0.2834,-7.8366,3.9002,180.00
893.818,1787663838863,0.2833,-7.7765,3.9000,179.99
893.918,1787663838963,0.2833,-7.7044,3.8999,179.99
894.018,1787663839063,0.2832,-7.6707,3.8998,179.99
894.119,1787663839164,0.2832,-7.5630,3.8996,179.99
894.219,1787663839264,0.2832,-7.5170,3.8996,179.99
894.319,1787663839365,0.2832,-7.4766,3.8995,179.99
894.420,1787663839465,0.2831,-7.4009,3.8995,179.99
894.520,1787663839565,0.2831,-7.3305,3.8994,179.99
894.620,1787663839665,0.2831,-7.2597,3.8994,179.99
894.720,1787663839765,0.2831,-7.2004,3.8994,179.99
894.820,1787663839865,0.2831,-7.1470,3.8994,179.99
894.920,1787663839965,0.2831,-7.1113,3.8994,179.99
895.020,1787663840065,0.2830,-7.0637,3.8994,179.99
895.120,1787663840165,0.2830,-7.0222,3.8995,179.99
895.220,1787663840266,0.2830,-6.9453,3.8995,179.99
895.321,1787663840366,0.2830,-6.8802,3.8996,179.99
895.421,1787663840466,0.2830,-6.8326,3.8997,179.99
895.521,1787663840566,0.2830,-6.7849,3.8997,179.99
895.621,1787663840666,0.2830,-6.7250,3.8998,179.99
895.721,1787663840766,0.2831,-6.6771,3.8999,180.00
895.821,1787663840866,0.2831,-6.6109,3.9000,180.00
895.922,1787663840967,0.2831,-6.5749,3.9000,180.00
896.022,1787663841067,0.2831,-6.5387,3.9001,180.00
896.122,1787663841167,0.2831,-6.4905,3.9002,180.00
896.222,1787663841267,0.2831,-6.4061,3.9003,180.00
896.322,1787663841367,0.2832,-6.3152,3.9004,180.00
896.422,1787663841467,0.2832,-6.2361,3.9005,-180.00
896.522,1787663841567,0.2832,-6.1810,3.9005,-180.00
896.622,1787663841667,0.2832,-6.0950,3.9006,-180.00
896.722,1787663841768,0.2832,-6.0148,3.9007,-180.00
896.823,1787663841868,0.2832,-5.9036,3.9008,-180.00
896.923,1787663841968,0.2832,-5.8479,3.9008,-180.00
897.023,1787663842068,0.2832,-5.7737,3.9009,-180.00
897.123,1787663842168,0.2832,-5.7368,3.9009,-180.00
897.223,1787663842268,0.2832,-5.6573,3.9010,-180.00
897.323,1787663842369,0.2832,-5.6148,3.9010,-180.00
897.424,1787663842469,0.2832,-5.5845,3.9011,-180.00
897.524,1787663842569,0.2831,-5.5065,3.9011,180.00
897.624,1787663842669,0.2831,-5.4588,3.9012,180.00
897.724,1787663842769,0.2831,-5.4113,3.9012,180.00
897.824,1787663842869,0.2831,-5.3699,3.9012,180.00
897.924,1787663842969,0.2831,-5.2931,3.9013,180.00
898.024,1787663843070,0.2831,-5.2165,3.9013,180.00
898.125,1787663843170,0.2830,-5.1693,3.9014,180.00
898.225,1787663843270,0.2830,-5.1338,3.9014,180.00
898.325,1787663843370,0.2830,-5.0748,3.9014,180.00
898.425,1787663843470,0.2830,-5.0394,3.9015,180.00
898.525,1787663843570,0.2830,-4.9982,3.9015,180.00
898.625,1787663843670,0.2830,-4.9219,3.9016,180.00
898.725,1787663843770,0.2829,-4.8634,3.9016,180.00
898.825,1787663843871,0.2829,-4.7695,3.9017,180.00
898.926,1787663843971,0.2828,-4.7105,3.9017,180.00
899.026,1787663844071,0.2827,-4.6335,3.9018,180.00
899.126,1787663844171,0.2827,-4.5801,3.9018,180.00
899.226,1787663844271,0.2826,-4.5147,3.9018,180.00
899.326,1787663844371,0.2826,-4.4613,3.9019,180.00
899.427,1787663844472,0.2825,-4.4139,3.9019,180.00
899.527,1787663844572,0.2825,-4.3430,3.9019,180.00
899.627,1787663844672,0.2824,-4.2900,3.9020,180.00
899.727,1787663844772,0.2824,-4.2606,3.9020,180.00
899.827,1787663844872,0.2824,-4.1902,3.9021,180.00
899.927,1787663844972,0.2823,-4.1375,3.9021,180.00
900.027,1787663845073,0.2823,-4.0966,3.9021,180.00
900.128,1787663845173,0.2822,-4.0207,3.9022,180.00
900.228,1787663845273,0.2821,-3.9740,3.9023,180.00
900.328,1787663845373,0.2821,-3.9390,3.9023,180.00
900.428,1787663845473,0.2821,-3.8747,3.9024,180.00
900.528,1787663845573,0.2820,-3.8339,3.9024,180.00
900.628,1787663845674,0.2819,-3.7637,3.9025,180.00
900.729,1787663845774,0.2818,-3.6641,3.9026,180.00
900.829,1787663845874,0.2817,-3.5754,3.9027,180.00
900.929,1787663845974,0.2817,-3.5397,3.9027,180.00
901.029,1787663846074,0.2817,-3.4681,3.9028,180.00
901.129,1787663846174,0.2816,-3.3909,3.9029,180.00
901.229,1787663846274,0.2816,-3.3315,3.9029,180.00
901.330,1787663846375,0.2815,-3.2486,3.9030,180.00
901.431,1787663846476,0.2815,-3.1717,3.9030,-180.00
901.531,1787663846576,0.2815,-3.1362,3.9031,-180.00
901.631,1787663846676,0.2815,-3.1008,3.9031,-180.00
901.731,1787663846776,0.2815,-3.0596,3.9031,-180.00
901.831,1787663846876,0.2814,-2.9781,3.9032,-180.00
901.931,1787663846976,0.2814,-2.9319,3.9033,-180.00
902.031,1787663847077,0.2814,-2.8625,3.9033,-180.00
902.132,1787663847177,0.2814,-2.8048,3.9034,-180.00
902.232,1787663847277,0.2814,-2.7527,3.9035,-180.00
902.333,1787663847378,0.2814,-2.6717,3.9035,-180.00
902.433,1787663847478,0.2814,-2.6195,3.9036,-180.00
902.533,1787663847578,0.2814,-2.5558,3.9036,-180.00
902.634,1787663847679,0.2814,-2.5095,3.9037,-180.00
902.734,1787663847779,0.2814,-2.4575,3.9037,-180.00
902.834,1787663847879,0.2814,-2.4058,3.9037,180.00
902.934,1787663847979,0.2814,-2.3714,3.9037,180.00
903.034,1787663848079,0.2814,-2.3085,3.9038,180.00
903.134,1787663848179,0.2814,-2.2344,3.9038,180.00
903.235,1787663848280,0.2814,-2.1831,3.9039,180.00
903.335,1787663848380,0.2814,-2.1032,3.9039,180.00
903.435,1787663848480,0.2814,-2.0402,3.9040,180.00
903.536,1787663848581,0.2815,-1.9770,3.9040,179.99
903.636,1787663848681,0.2815,-1.9251,3.9040,179.99
903.736,1787663848781,0.2815,-1.8387,3.9040,179.99
903.837,1787663848882,0.2815,-1.7754,3.9041,179.99
903.937,1787663848982,0.2816,-1.7065,3.9041,179.99
904.037,1787663849082,0.2816,-1.6550,3.9041,179.99
904.137,1787663849182,0.2816,-1.5979,3.9041,179.99
904.237,1787663849282,0.2816,-1.5411,3.9041,179.99
904.337,1787663849382,0.2816,-1.4958,3.9041,179.99
904.437,1787663849482,0.2816,-1.4110,3.9041,179.99
904.538,1787663849583,0.2817,-1.3548,3.9042,180.00
904.638,1787663849683,0.2817,-1.2985,3.9042,180.00
904.738,1787663849783,0.2817,-1.2536,3.9042,180.00
904.838,1787663849883,0.2818,-1.2032,3.9042,180.00
904.938,1787663849983,0.2818,-1.1194,3.9042,180.00
905.038,1787663850083,0.2819,-1.0747,3.9042,-180.00
905.138,1787663850184,0.2819,-1.0021,3.9043,-180.00
905.239,1787663850284,0.2819,-0.9629,3.9043,-180.00
905.339,1787663850384,0.2820,-0.9183,3.9043,-180.00
905.439,1787663850485,0.2820,-0.8516,3.9043,-180.00
905.540,1787663850585,0.2820,-0.8073,3.9043,-180.00
905.640,1787663850685,0.2820,-0.7354,3.9043,-180.00
905.740,1787663850785,0.2821,-0.6912,3.9044,-180.00
905.840,1787663850885,0.2821,-0.6192,3.9044,-180.00
905.940,1787663850985,0.2821,-0.5583,3.9044,-180.00
906.040,1787663851085,0.2821,-0.5029,3.9044,-180.00
906.141,1787663851186,0.2822,-0.4473,3.9044,-180.00
906.241,1787663851286,0.2822,-0.4029,3.9044,-180.00
906.342,1787663851387,0.2822,-0.3475,3.9045,-180.00
906.442,1787663851487,0.2822,-0.2978,3.9045,-180.00
906.542,1787663851587,0.2822,-0.2646,3.9045,-180.00
906.642,1787663851687,0.2822,-0.2315,3.9045,-180.00
906.742,1787663851787,0.2822,-0.1653,3.9045,-180.00
906.842,1787663851887,0.2822,-0.1158,3.9046,-180.00
906.942,1787663851987,0.2822,-0.0495,3.9046,180.00
907.044,1787663852089,0.2822,-0.0163,3.9046,180.00
907.144,1787663852189,0.2822,0.0114,3.9047,180.00
907.244,1787663852289,0.2822,0.0668,3.9047,-180.00
907.344,1787663852389,0.2822,0.1333,3.9048,-180.00
907.444,1787663852489,0.2822,0.1834,3.9049,-180.00
907.545,1787663852590,0.2822,0.2677,3.9050,-180.00
907.645,1787663852690,0.2822,0.2961,3.9050,-180.00
907.745,1787663852790,0.2822,0.3532,3.9051,-180.00
907.845,1787663852890,0.2822,0.3876,3.9051,180.00
907.945,1787663852990,0.2822,0.4392,3.9052,180.00
908.045,1787663853091,0.2823,0.5082,3.9053,180.00
908.146,1787663853191,0.2823,0.5601,3.9053,180.00
908.246,1787663853291,0.2823,0.5890,3.9053,180.00
908.346,1787663853391,0.2823,0.6529,3.9054,180.00
908.446,1787663853491,0.2823,0.7171,3.9054,180.00
908.546,1787663853591,0.2823,0.7698,3.9055,180.00
908.646,1787663853691,0.2823,0.8227,3.9055,180.00
908.747,1787663853792,0.2823,0.8700,3.9055,180.00
908.847,1787663853892,0.2823,0.9351,3.9056,180.00
908.947,1787663853992,0.2824,0.9945,3.9056,180.00
909.047,1787663854092,0.2824,1.0720,3.9056,180.00
909.147,1787663854192,0.2825,1.1618,3.9056,180.00
909.247,1787663854292,0.2825,1.1918,3.9056,180.00
909.347,1787663854393,0.2825,1.2519,3.9057,180.00
909.448,1787663854493,0.2825,1.3121,3.9057,180.00
909.548,1787663854593,0.2825,1.3723,3.9057,180.00
909.648,1787663854693,0.2826,1.4508,3.9058,-180.00
909.748,1787663854793,0.2826,1.5233,3.9058,180.00
909.848,1787663854893,0.2826,1.5839,3.9059,180.00
909.948,1787663854993,0.2826,1.6384,3.9059,180.00
910.048,1787663855094,0.2826,1.6930,3.9059,180.00
910.149,1787663855194,0.2826,1.7415,3.9060,180.00
910.249,1787663855294,0.2826,1.7839,3.9060,180.00
910.349,1787663855394,0.2826,1.8384,3.9061,180.00
910.449,1787663855494,0.2826,1.8929,3.9061,180.00
910.549,1787663855594,0.2826,1.9533,3.9061,180.00
910.649,1787663855694,0.2826,2.0259,3.9062,180.00
910.750,1787663855795,0.2826,2.0682,3.9062,180.00
910.850,1787663855895,0.2826,2.1106,3.9062,180.00
910.950,1787663855995,0.2826,2.1954,3.9063,-180.00
911.051,1787663856096,0.2826,2.2378,3.9063,-180.00
911.151,1787663856196,0.2826,2.2803,3.9063,-180.00
911.251,1787663856296,0.2826,2.3349,3.9064,-180.00
911.351,1787663856396,0.2826,2.4077,3.9064,-180.00
911.451,1787663856497,0.2825,2.4927,3.9064,-180.00
911.552,1787663856597,0.2825,2.5291,3.9065,-180.00
911.652,1787663856697,0.2825,2.5899,3.9065,-180.00
911.752,1787663856797,0.2824,2.6871,3.9065,-180.00
911.852,1787663856898,0.2824,2.7722,3.9066,-180.00
911.953,1787663856998,0.2823,2.8636,3.9067,-180.00
912.053,1787663857098,0.2823,2.9310,3.9067,-180.00
912.153,1787663857198,0.2822,2.9984,3.9068,-180.00
912.253,1787663857298,0.2822,3.0596,3.9068,-180.00
912.353,1787663857398,0.2822,3.1328,3.9069,-180.00
912.453,1787663857499,0.2822,3.1874,3.9070,-180.00
912.554,1787663857599,0.2821,3.2598,3.9070,-180.00
912.654,1787663857699,0.2821,3.3078,3.9071,-180.00
912.754,1787663857799,0.2821,3.3735,3.9071,-180.00
912.854,1787663857899,0.2821,3.4329,3.9072,-180.00
912.954,1787663857999,0.2820,3.4743,3.9072,-180.00
913.054,1787663858099,0.2820,3.5448,3.9073,-180.00
913.155,1787663858200,0.2820,3.6033,3.9073,-180.00
913.255,1787663858300,0.2820,3.6792,3.9074,-180.00
913.355,1787663858400,0.2820,3.7259,3.9074,-180.00
913.455,1787663858500,0.2820,3.7725,3.9075,-180.00
913.555,1787663858600,0.2819,3.8364,3.9075,-180.00
913.655,1787663858700,0.2819,3.8885,3.9075,-180.00
913.756,1787663858801,0.2819,3.9347,3.9076,180.00
913.856,1787663858901,0.2819,4.0096,3.9076,180.00
913.956,1787663859001,0.2818,4.0556,3.9076,180.00
914.056,1787663859101,0.2818,4.1303,3.9077,180.00
914.156,1787663859201,0.2818,4.1705,3.9077,180.00
914.256,1787663859302,0.2817,4.2682,3.9077,180.00
914.357,1787663859402,0.2816,4.3085,3.9078,180.00
914.457,1787663859502,0.2816,4.3546,3.9078,180.00
914.557,1787663859602,0.2815,4.4466,3.9078,180.00
914.657,1787663859702,0.2814,4.5270,3.9079,180.00
914.757,1787663859802,0.2813,4.6130,3.9079,-180.00
914.857,1787663859903,0.2812,4.6589,3.9079,-180.00
914.958,1787663860003,0.2811,4.7390,3.9080,-180.00
915.058,1787663860103,0.2810,4.8188,3.9080,-180.00
915.158,1787663860203,0.2809,4.8983,3.9080,-180.00
915.258,1787663860303,0.2807,4.9718,3.9081,-180.00
915.359,1787663860404,0.2807,5.0225,3.9081,-180.00
915.459,1787663860504,0.2805,5.0896,3.9082,-180.00
915.559,1787663860605,0.2805,5.1285,3.9082,-180.00
915.660,1787663860705,0.2804,5.1893,3.9082,-180.00
915.760,1787663860805,0.2803,5.2496,3.9083,-180.00
915.860,1787663860905,0.2802,5.2931,3.9083,-180.00
915.960,1787663861005,0.2801,5.3365,3.9083,-180.00
916.060,1787663861105,0.2800,5.4063,3.9084,-180.00
916.160,1787663861205,0.2799,5.4598,3.9084,-180.00
916.260,1787663861306,0.2798,5.5185,3.9085,-180.00
916.361,1787663861406,0.2797,5.5773,3.9085,-180.00
916.461,1787663861506,0.2796,5.6253,3.9085,-180.00
916.561,1787663861606,0.2795,5.6944,3.9086,-180.00
916.661,1787663861707,0.2794,5.7262,3.9086,-180.00
916.762,1787663861807,0.2793,5.8003,3.9087,-180.00
916.862,1787663861907,0.2792,5.8426,3.9087,-180.00
916.962,1787663862007,0.2791,5.9062,3.9088,-180.00
917.062,1787663862107,0.2791,5.9593,3.9088,-180.00
917.162,1787663862207,0.2790,5.9805,3.9088,-180.00
917.262,1787663862307,0.2789,6.0756,3.9089,-180.00
917.362,1787663862408,0.2789,6.1126,3.9089,-180.00
917.463,1787663862508,0.2788,6.2026,3.9090,-180.00
917.563,1787663862608,0.2787,6.2665,3.9091,-180.00
917.663,1787663862708,0.2787,6.3146,3.9091,-180.00
917.764,1787663862809,0.2786,6.3735,3.9091,-180.00
917.864,1787663862909,0.2786,6.4483,3.9092,-180.00
917.965,1787663863010,0.2785,6.5017,3.9092,-180.00
918.065,1787663863110,0.2785,6.5444,3.9092,-180.00
918.165,1787663863210,0.2785,6.6031,3.9092,-180.00
918.265,1787663863310,0.2785,6.6403,3.9092,-180.00
918.365,1787663863410,0.2785,6.6934,3.9093,-180.00
918.465,1787663863510,0.2785,6.7622,3.9093,-180.00
918.566,1787663863611,0.2785,6.8099,3.9093,-180.00
918.666,1787663863711,0.2785,6.8895,3.9094,-180.00
918.766,1787663863811,0.2785,6.9696,3.9094,-180.00
918.866,1787663863911,0.2786,7.0341,3.9094,-180.00
918.966,1787663864011,0.2786,7.0933,3.9094,-180.00
919.066,1787663864111,0.2786,7.1580,3.9095,-180.00
919.166,1787663864211,0.2786,7.2172,3.9095,-180.00
919.266,1787663864312,0.2787,7.2763,3.9095,-180.00
919.367,1787663864412,0.2787,7.3191,3.9095,-180.00
919.467,1787663864512,0.2787,7.3778,3.9095,-179.99
919.568,1787663864613,0.2787,7.4363,3.9095,-179.99
919.668,1787663864713,0.2787,7.4735,3.9096,-179.99
919.768,1787663864813,0.2787,7.5582,3.9096,-180.00
919.868,1787663864913,0.2787,7.6006,3.9096,-180.00
919.968,1787663865013,0.2787,7.6698,3.9096,-180.00
920.068,1787663865114,0.2787,7.7018,3.9097,-180.00
920.169,1787663865214,0.2787,7.7719,3.9096,-180.00
920.269,1787663865314,0.2787,7.8317,3.9096,-180.00
920.369,1787663865414,0.2787,7.8917,3.9096,-180.00
920.469,1787663865514,0.2786,7.9735,3.9096,180.00
920.569,1787663865614,0.2786,8.0275,3.9096,180.00
920.669,1787663865714,0.2786,8.0861,3.9097,180.00
920.769,1787663865814,0.2786,8.1281,3.9097,180.00
920.869,1787663865914,0.2786,8.2052,3.9098,180.00
920.970,1787663866015,0.2785,8.2848,3.9100,180.00
921.070,1787663866115,0.2785,8.3566,3.9102,180.00
921.170,1787663866215,0.2785,8.3845,3.9102,180.00
921.270,1787663866315,0.2785,8.4564,3.9104,180.00
921.370,1787663866415,0.2785,8.5122,3.9105,180.00
921.470,1787663866515,0.2785,8.5535,3.9106,180.00
921.570,1787663866615,0.2785,8.5892,3.9107,180.00
921.671,1787663866716,0.2785,8.6237,3.9108,180.00
921.771,1787663866816,0.2786,8.6641,3.9109,-180.00
921.871,1787663866916,0.2786,8.7025,3.9109,-180.00
921.971,1787663867016,0.2786,8.7390,3.9110,-180.00
922.071,1787663867116,0.2786,8.7704,3.9110,-180.00
922.173,1787663867218,0.2787,8.8030,3.9109,-180.00
922.273,1787663867318,0.2787,8.8199,3.9109,-180.00
922.373,1787663867418,0.2788,8.8309,3.9109,-180.00
922.473,1787663867518,0.2788,8.8597,3.9109,-180.00
922.573,1787663867618,0.2788,8.8794,3.9108,-180.00
922.673,1787663867719,0.2789,8.8959,3.9108,-180.00
922.774,1787663867819,0.2789,8.9223,3.9107,-180.00
922.874,1787663867919,0.2789,8.9346,3.9106,-180.00
922.974,1787663868019,0.2790,8.9426,3.9106,-180.00
923.074,1787663868119,0.2790,8.9631,3.9104,-180.00
923.174,1787663868219,0.2790,8.9819,3.9103,-179.99
923.274,1787663868319,0.2791,8.9883,3.9102,-179.99
923.376,1787663868421,0.2791,9.0129,3.9100,-179.99
923.477,1787663868522,0.2792,9.0232,3.9098,-179.99
923.577,1787663868622,0.2792,9.0326,3.9097,-179.99
923.677,1787663868722,0.2793,9.0442,3.9095,-179.99
923.778,1787663868823,0.2793,9.0490,3.9095,-179.99
923.878,1787663868923,0.2794,9.0577,3.9093,-179.99
923.978,1787663869023,0.2795,9.0694,3.9090,-179.99
924.078,1787663869123,0.2796,9.0768,3.9088,-179.99
924.178,1787663869224,0.2796,9.0814,3.9087,-179.99
924.279,1787663869324,0.2797,9.0857,3.9085,-179.99
924.379,1787663869424,0.2798,9.0895,3.9084,-179.99
924.479,1787663869524,0.2799,9.0913,3.9082,-179.99
924.579,1787663869624,0.2800,9.0916,3.9082,-179.99
924.679,1787663869724,0.2800,9.0913,3.9081,-179.99
924.779,1787663869824,0.2801,9.0900,3.9080,-179.99
924.879,1787663869924,0.2802,9.0879,3.9080,-179.99
924.980,1787663870025,0.2803,9.0852,3.9079,-179.99
925.080,1787663870125,0.2803,9.0831,3.9079,-179.99
925.180,1787663870225,0.2804,9.0773,3.9079,-179.99
925.280,1787663870325,0.2804,9.0729,3.9079,-179.99
925.380,1787663870425,0.2805,9.0689,3.9080,-179.99
925.481,1787663870526,0.2805,9.0664,3.9080,-179.99
925.581,1787663870626,0.2805,9.0598,3.9080,-180.00
925.682,1787663870727,0.2806,9.0561,3.9081,-180.00
925.782,1787663870827,0.2806,9.0514,3.9081,-180.00
925.882,1787663870927,0.2806,9.0476,3.9082,-180.00
925.982,1787663871028,0.2806,9.0428,3.9082,-180.00
926.083,1787663871128,0.2806,9.0374,3.9083,-179.99
926.183,1787663871228,0.2806,9.0314,3.9083,-179.99
926.283,1787663871328,0.2806,9.0250,3.9084,-179.99
926.383,1787663871428,0.2806,9.0205,3.9084,-179.99
926.483,1787663871528,0.2805,9.0166,3.9085,-179.99
926.583,1787663871628,0.2805,9.0123,3.9085,-179.99
926.683,1787663871728,0.2805,9.0075,3.9086,-179.99
926.783,1787663871829,0.2805,9.0023,3.9086,-179.99
926.884,1787663871929,0.2804,8.9973,3.9087,-179.99
926.984,1787663872029,0.2804,8.9950,3.9087,-179.99
927.084,1787663872129,0.2804,8.9889,3.9088,-179.99
927.184,1787663872229,0.2803,8.9846,3.9088,-179.99
927.284,1787663872329,0.2803,8.9806,3.9088,-179.99
927.385,1787663872430,0.2802,8.9758,3.9089,-179.99
927.485,1787663872530,0.2802,8.9728,3.9089,-179.99
927.585,1787663872630,0.2802,8.9684,3.9090,-179.99
927.685,1787663872730,0.2801,8.9653,3.9090,-179.99
927.785,1787663872830,0.2801,8.9613,3.9090,-179.99
927.885,1787663872930,0.2800,8.9576,3.9090,-179.99
927.985,1787663873030,0.2800,8.9540,3.9091,-179.99
928.085,1787663873131,0.2799,8.9507,3.9091,-179.99
928.186,1787663873231,0.2798,8.9467,3.9091,-179.99
928.286,1787663873331,0.2798,8.9445,3.9091,-179.99
928.386,1787663873431,0.2797,8.9415,3.9091,-179.99
928.486,1787663873531,0.2797,8.9389,3.9091,-179.99
928.586,1787663873631,0.2796,8.9371,3.9091,-179.99
928.686,1787663873731,0.2796,8.9353,3.9092,-179.99
928.786,1787663873832,0.2795,8.9333,3.9092,-179.99
928.887,1787663873932,0.2794,8.9315,3.9092,-179.99
928.987,1787663874032,0.2793,8.9305,3.9092,-179.99
929.087,1787663874132,0.2792,8.9289,3.9092,-179.99
929.187,1787663874232,0.2791,8.9280,3.9092,-179.99
929.287,1787663874332,0.2790,8.9269,3.9093,-179.99
929.387,1787663874432,0.2789,8.9263,3.9093,-179.99
929.487,1787663874532,0.2788,8.9255,3.9093,-179.99
929.587,1787663874633,0.2788,8.9252,3.9093,-179.99
929.688,1787663874733,0.2787,8.9247,3.9093,-179.99
929.788,1787663874833,0.2786,8.9244,3.9093,-179.99
929.889,1787663874934,0.2786,8.9242,3.9094,-179.99
929.989,1787663875034,0.2785,8.9241,3.9094,-179.99
930.089,1787663875135,0.2784,8.9240,3.9094,-179.99
930.190,1787663875235,0.2783,8.9241,3.9094,-179.99
930.290,1787663875335,0.2783,8.9242,3.9094,-179.99
930.390,1787663875435,0.2782,8.9245,3.9094,-179.99
930.490,1787663875535,0.2781,8.9247,3.9094,-179.99
930.590,1787663875635,0.2781,8.9252,3.9095,-179.99
930.690,1787663875735,0.2780,8.9256,3.9095,-179.99
930.790,1787663875836,0.2780,8.9260,3.9095,-179.99
930.893,1787663875938,0.2780,8.9263,3.9095,-179.99
930.993,1787663876038,0.2779,8.9266,3.9095,-179.99
931.093,1787663876138,0.2779,8.9275,3.9095,-179.99
931.193,1787663876238,0.2779,8.9280,3.9095,-179.99
931.293,1787663876338,0.2779,8.9290,3.9096,-179.99
931.393,1787663876438,0.2779,8.9295,3.9096,-179.99
931.493,1787663876539,0.2779,8.9304,3.9096,-179.99
931.594,1787663876639,0.2779,8.9318,3.9096,180.00
931.694,1787663876739,0.2779,8.9336,3.9098,179.92
931.794,1787663876839,0.2779,8.9348,3.9100,179.74
931.894,1787663876939,0.2779,8.9354,3.9104,179.46
931.994,1787663877039,0.2779,8.9355,3.9109,178.90
932.094,1787663877139,0.2779,8.9352,3.9116,178.17
932.194,1787663877239,0.2778,8.9349,3.9120,177.68
932.294,1787663877340,0.2778,8.9346,3.9127,176.83
932.395,1787663877440,0.2777,8.9341,3.9137,175.59
932.495,1787663877540,0.2776,8.9337,3.9151,173.80
932.595,1787663877640,0.2776,8.9333,3.9170,171.11
932.695,1787663877740,0.2776,8.9333,3.9178,169.85
932.795,1787663877840,0.2776,8.9333,3.9192,167.28
932.895,1787663877940,0.2777,8.9335,3.9203,164.88
932.995,1787663878040,0.2779,8.9337,3.9212,162.54
933.095,1787663878141,0.2780,8.9338,3.9219,160.56
933.196,1787663878241,0.2782,8.9339,3.9225,158.23
933.296,1787663878341,0.2785,8.9339,3.9230,155.52
933.396,1787663878441,0.2788,8.9339,3.9235,152.40
933.497,1787663878542,0.2790,8.9338,3.9237,149.74
933.597,1787663878642,0.2794,8.9335,3.9239,145.77
933.697,1787663878742,0.2797,8.9331,3.9239,142.61
933.797,1787663878842,0.2800,8.9328,3.9239,140.03
933.897,1787663878942,0.2803,8.9323,3.9237,136.76
933.997,1787663879042,0.2806,8.9317,3.9234,133.44
934.097,1787663879142,0.2809,8.9310,3.9229,130.09
934.198,1787663879243,0.2812,8.9302,3.9224,126.71
934.298,1787663879343,0.2815,8.9290,3.9216,122.29
934.398,1787663879443,0.2817,8.9278,3.9209,118.55
934.498,1787663879543,0.2818,8.9268,3.9203,115.84
934.598,1787663879643,0.2818,8.9251,3.9194,111.46
934.698,1787663879744,0.2817,8.9237,3.9186,108.11
934.799,1787663879844,0.2814,8.9215,3.9174,103.16
934.899,1787663879944,0.2810,8.9194,3.9164,98.95
934.999,1787663880044,0.2808,8.9186,3.9160,97.35
935.099,1787663880144,0.2802,8.9167,3.9151,93.58
935.199,1787663880244,0.2795,8.9145,3.9142,89.59
935.299,1787663880344,0.2789,8.9131,3.9135,86.88
935.400,1787663880445,0.2782,8.9116,3.9129,84.23
935.500,1787663880545,0.2769,8.9092,3.9120,79.92
935.600,1787663880645,0.2759,8.9077,3.9114,77.11
935.700,1787663880745,0.2744,8.9056,3.9105,73.00
935.800,1787663880845,0.2735,8.9043,3.9101,70.59
935.900,1787663880946,0.2720,8.9026,3.9094,66.91
936.001,1787663881046,0.2714,8.9018,3.9091,65.36
936.101,1787663881146,0.2700,8.9003,3.9086,61.79
936.201,1787663881246,0.2692,8.8995,3.9083,59.77
936.301,1787663881346,0.2685,8.8988,3.9081,58.02
936.402,1787663881447,0.2675,8.8978,3.9077,55.29
936.502,1787663881547,0.2669,8.8972,3.9075,53.55
936.602,1787663881647,0.2659,8.8963,3.9073,50.32
936.703,1787663881748,0.2647,8.8953,3.9070,46.32
936.805,1787663881850,0.2642,8.8948,3.9069,43.79
936.905,1787663881950,0.2638,8.8943,3.9068,41.75
937.005,1787663882050,0.2634,8.8937,3.9067,38.68
937.105,1787663882150,0.2632,8.8929,3.9066,34.54
937.205,1787663882251,0.2631,8.8925,3.9065,32.45
937.306,1787663882351,0.2632,8.8917,3.9065,28.25
937.406,1787663882451,0.2633,8.8914,3.9064,26.14
937.506,1787663882551,0.2637,8.8909,3.9064,22.16
937.606,1787663882651,0.2639,8.8905,3.9063,19.49
937.706,1787663882751,0.2645,8.8901,3.9064,15.78
937.807,1787663882852,0.2647,8.8900,3.9064,14.46
937.907,1787663882952,0.2653,8.8895,3.9066,10.87
938.007,1787663883052,0.2659,8.8891,3.9068,8.17
938.107,1787663883152,0.2666,8.8887,3.9072,5.40
938.207,1787663883252,0.2674,8.8885,3.9079,2.24
938.307,1787663883352,0.2679,8.8886,3.9085,0.18
938.407,1787663883453,0.2684,8.8889,3.9092,-1.33
938.508,1787663883553,0.2690,8.8896,3.9101,-3.08
938.608,1787663883653,0.2697,8.8908,3.9113,-4.63
938.708,1787663883753,0.2704,8.8924,3.9125,-5.84
938.809,1787663883854,0.2711,8.8943,3.9136,-6.64
938.909,1787663883954,0.2716,8.8956,3.9144,-7.01
939.009,1787663884054,0.2724,8.8981,3.9155,-7.38
939.109,1787663884154,0.2730,8.9001,3.9162,-7.46
939.209,1787663884254,0.2738,8.9028,3.9171,-7.33
939.309,1787663884354,0.2744,8.9048,3.9175,-7.11
939.410,1787663884455,0.2752,8.9075,3.9180,-6.63
939.510,1787663884555,0.2758,8.9094,3.9182,-6.21
939.610,1787663884655,0.2766,8.9125,3.9182,-5.36
939.710,1787663884755,0.2773,8.9147,3.9181,-4.59
939.810,1787663884855,0.2780,8.9168,3.9178,-3.78
939.910,1787663884955,0.2786,8.9188,3.9173,-2.88
940.010,1787663885056,0.2792,8.9204,3.9167,-1.98
940.111,1787663885156,0.2797,8.9215,3.9161,-1.25
940.211,1787663885256,0.2800,8.9222,3.9156,-0.68
940.311,1787663885356,0.2804,8.9229,3.9149,0.04
940.411,1787663885456,0.2806,8.9231,3.9146,0.37
940.512,1787663885557,0.2809,8.9233,3.9141,0.78
940.612,1787663885657,0.2812,8.9232,3.9134,1.38
940.712,1787663885757,0.2813,8.9229,3.9128,1.84
940.812,1787663885857,0.2806,8.9223,3.9122,2.22
940.912,1787663885957,0.2800,8.9218,3.9119,2.40
941.012,1787663886058,0.2787,8.9208,3.9116,2.63
941.113,1787663886158,0.2773,8.9194,3.9113,2.80
941.213,1787663886258,0.2763,8.9177,3.9111,2.89
941.313,1787663886358,0.2763,8.9165,3.9110,2.90
941.413,1787663886458,0.2766,8.9156,3.9109,2.89
941.513,1787663886558,0.2784,8.9135,3.9109,2.79
941.613,1787663886658,0.2802,8.9124,3.9109,2.70
941.713,1787663886759,0.2849,8.9107,3.9109,2.51
941.814,1787663886859,0.2887,8.9098,3.9109,2.37
941.914,1787663886959,0.2938,8.9089,3.9109,2.21
942.014,1787663887059,0.3029,8.9078,3.9109,1.95
942.114,1787663887159,0.3080,8.9074,3.9109,1.82
942.214,1787663887259,0.3202,8.9068,3.9108,1.57
942.314,1787663887359,0.3366,8.9066,3.9106,1.29
942.415,1787663887460,0.3496,8.9066,3.9103,1.11
942.515,1787663887560,0.3623,8.9068,3.9100,0.95
942.615,1787663887660,0.3775,8.9073,3.9097,0.78
942.715,1787663887760,0.4032,8.9083,3.9091,0.53
942.816,1787663887861,0.4227,8.9093,3.9087,0.37
942.916,1787663887961,0.4536,8.9112,3.9081,0.16
943.016,1787663888061,0.4773,8.9129,3.9076,0.03
943.117,1787663888162,0.5086,8.9153,3.9070,-0.10
943.218,1787663888263,0.5200,8.9162,3.9068,-0.14
943.318,1787663888363,0.5385,8.9177,3.9065,-0.20
943.418,1787663888464,0.5642,8.9200,3.9061,-0.25
943.519,1787663888564,0.5760,8.9210,3.9060,-0.27
943.619,1787663888664,0.5903,8.9223,3.9058,-0.29
943.719,1787663888764,0.6165,8.9248,3.9054,-0.32
943.819,1787663888864,0.6429,8.9274,3.9051,-0.32
943.919,1787663888964,0.6572,8.9288,3.9050,-0.32
944.019,1787663889064,0.6905,8.9323,3.9047,-0.30
944.119,1787663889165,0.7117,8.9345,3.9045,-0.28
944.220,1787663889265,0.7443,8.9380,3.9043,-0.23
944.320,1787663889365,0.7626,8.9401,3.9042,-0.20
944.420,1787663889465,0.7962,8.9439,3.9041,-0.13
944.520,1787663889565,0.8245,8.9471,3.9041,-0.07
944.620,1787663889665,0.8539,8.9505,3.9040,0.00
944.720,1787663889765,0.8682,8.9522,3.9040,0.04
944.820,1787663889865,0.8938,8.9552,3.9041,0.10
944.921,1787663889966,0.9090,8.9571,3.9041,0.14
945.021,1787663890066,0.9165,8.9580,3.9041,0.16
945.121,1787663890166,0.9416,8.9610,3.9042,0.22
945.221,1787663890266,0.9587,8.9631,3.9042,0.26
945.321,1787663890366,0.9782,8.9656,3.9043,0.30
945.421,1787663890467,0.9951,8.9677,3.9043,0.33
945.522,1787663890567,1.0039,8.9689,3.9043,0.34
945.622,1787663890667,1.0235,8.9714,3.9044,0.37
945.722,1787663890767,1.0339,8.9727,3.9044,0.38
945.822,1787663890867,1.0439,8.9740,3.9044,0.39
945.922,1787663890967,1.0557,8.9756,3.9045,0.40
946.022,1787663891067,1.0646,8.9767,3.9045,0.40
946.122,1787663891168,1.0780,8.9785,3.9046,0.40
946.223,1787663891268,1.0846,8.9794,3.9046,0.40
946.323,1787663891368,1.0910,8.9803,3.9047,0.40
946.423,1787663891468,1.1002,8.9815,3.9047,0.39
946.523,1787663891568,1.1079,8.9826,3.9048,0.38
946.623,1787663891668,1.1181,8.9841,3.9049,0.36
946.723,1787663891768,1.1224,8.9847,3.9049,0.35
946.823,1787663891868,1.1263,8.9853,3.9049,0.34
946.924,1787663891969,1.1328,8.9863,3.9050,0.31
947.025,1787663892070,1.1376,8.9870,3.9051,0.29
947.125,1787663892170,1.1424,8.9878,3.9051,0.27
947.225,1787663892270,1.1451,8.9883,3.9052,0.25
947.325,1787663892370,1.1486,8.9890,3.9052,0.23
947.425,1787663892470,1.1507,8.9895,3.9053,0.21
947.525,1787663892570,1.1521,8.9898,3.9053,0.19
947.625,1787663892671,1.1531,8.9901,3.9054,0.18
947.726,1787663892771,1.1535,8.9902,3.9054,0.17
947.826,1787663892871,1.1539,8.9904,3.9054,0.16
947.926,1787663892971,1.1542,8.9907,3.9055,0.14
948.026,1787663893071,1.1537,8.9910,3.9056,0.13
948.126,1787663893171,1.1532,8.9911,3.9056,0.12
948.226,1787663893271,1.1526,8.9911,3.9056,0.11
948.326,1787663893372,1.1513,8.9912,3.9057,0.11
948.427,1787663893472,1.1495,8.9913,3.9057,0.10
948.527,1787663893572,1.1473,8.9913,3.9058,0.10
948.627,1787663893672,1.1455,8.9913,3.9058,0.10
948.727,1787663893772,1.1434,8.9913,3.9059,0.10
948.827,1787663893872,1.1407,8.9913,3.9060,0.10
948.927,1787663893972,1.1391,8.9913,3.9060,0.10
949.027,1787663894073,1.1360,8.9912,3.9061,0.10
949.128,1787663894173,1.1343,8.9912,3.9062,0.10
949.228,1787663894273,1.1308,8.9910,3.9062,0.11
949.328,1787663894373,1.1288,8.9909,3.9063,0.11
949.428,1787663894473,1.1249,8.9908,3.9064,0.12
949.528,1787663894573,1.1222,8.9906,3.9065,0.12
949.629,1787663894674,1.1198,8.9905,3.9065,0.12
949.729,1787663894774,1.1176,8.9904,3.9066,0.12
949.829,1787663894874,1.1149,8.9902,3.9067,0.13
949.929,1787663894974,1.1121,8.9901,3.9067,0.13
950.029,1787663895074,1.1100,8.9900,3.9068,0.13
950.129,1787663895174,1.1073,8.9898,3.9069,0.13
950.229,1787663895274,1.1053,8.9897,3.9069,0.13
950.329,1787663895375,1.1036,8.9896,3.9070,0.13
950.430,1787663895475,1.1015,8.9895,3.9070,0.13
950.530,1787663895575,1.0996,8.9894,3.9071,0.13
950.630,1787663895675,1.0978,8.9893,3.9072,0.13
950.731,1787663895776,1.0950,8.9891,3.9073,0.13
950.831,1787663895876,1.0926,8.9889,3.9074,0.12
950.932,1787663895977,1.0908,8.9888,3.9074,0.12
951.032,1787663896077,1.0891,8.9887,3.9075,0.12
951.132,1787663896177,1.0879,8.9886,3.9075,0.12
951.232,1787663896277,1.0868,8.9886,3.9076,0.11
951.333,1787663896378,1.0850,8.9884,3.9076,0.11
951.433,1787663896478,1.0839,8.9884,3.9076,0.11
951.533,1787663896578,1.0822,8.9882,3.9077,0.10
951.633,1787663896678,1.0805,8.9881,3.9077,0.10
951.733,1787663896778,1.0791,8.9880,3.9077,0.10
951.833,1787663896878,1.0781,8.9880,3.9078,0.09
951.933,1787663896978,1.0772,8.9880,3.9078,0.09
952.033,1787663897079,1.0760,8.9879,3.9078,0.09
952.134,1787663897179,1.0752,8.9879,3.9078,0.09
952.234,1787663897279,1.0742,8.9879,3.9079,0.09
952.334,1787663897379,1.0738,8.9879,3.9079,0.09
952.434,1787663897479,1.0731,8.9879,3.9079,0.09
952.534,1787663897579,1.0725,8.9880,3.9079,0.09
952.635,1787663897680,1.0719,8.9880,3.9079,0.08
952.735,1787663897781,1.0714,8.9881,3.9079,0.08
952.836,1787663897881,1.0710,8.9881,3.9080,0.08
952.936,1787663897981,1.0703,8.9883,3.9080,0.08
953.036,1787663898081,1.0701,8.9884,3.9080,0.08
953.136,1787663898181,1.0698,8.9885,3.9080,0.08
953.236,1787663898281,1.0696,8.9886,3.9080,0.08
953.336,1787663898381,1.0694,8.9887,3.9080,0.08
953.436,1787663898481,1.0692,8.9888,3.9080,0.08
953.537,1787663898582,1.0691,8.9889,3.9081,0.08
953.637,1787663898682,1.0690,8.9890,3.9081,0.08
953.737,1787663898782,1.0689,8.9891,3.9081,0.08
953.837,1787663898882,1.0689,8.9893,3.9081,0.08
953.938,1787663898983,1.0689,8.9894,3.9081,0.08
954.038,1787663899083,1.0689,8.9894,3.9081,0.08
954.138,1787663899183,1.0689,8.9898,3.9082,0.08
954.238,1787663899283,1.0691,8.9907,3.9082,0.08
954.338,1787663899383,1.0692,8.9924,3.9082,0.08
954.438,1787663899483,1.0693,8.9939,3.9083,0.08
954.538,1787663899583,1.0693,8.9957,3.9084,0.08
954.638,1787663899683,1.0693,8.9962,3.9085,0.08
954.739,1787663899784,1.0693,8.9966,3.9086,0.08
954.839,1787663899884,1.0693,8.9965,3.9087,0.08
954.939,1787663899984,1.0692,8.9958,3.9089,0.08
955.040,1787663900085,1.0691,8.9935,3.9092,0.08
955.140,1787663900185,1.0689,8.9880,3.9097,0.07
955.241,1787663900286,1.0688,8.9828,3.9100,0.07
955.341,1787663900386,1.0687,8.9768,3.9102,0.07
955.441,1787663900486,1.0686,8.9705,3.9104,0.07
955.541,1787663900587,1.0683,8.9555,3.9108,0.07
955.642,1787663900687,1.0683,8.9488,3.9110,0.07
955.742,1787663900787,1.0681,8.9339,3.9113,0.07
955.842,1787663900887,1.0680,8.9228,3.9115,0.07
955.942,1787663900987,1.0678,8.9009,3.9118,0.07
956.042,1787663901087,1.0676,8.8794,3.9121,0.07
956.142,1787663901188,1.0674,8.8511,3.9123,0.07
956.243,1787663901288,1.0672,8.8264,3.9124,0.06
956.343,1787663901388,1.0671,8.8071,3.9124,0.06
956.444,1787663901489,1.0670,8.7762,3.9124,0.06
956.544,1787663901589,1.0669,8.7572,3.9124,0.06
956.644,1787663901689,1.0668,8.7197,3.9123,0.06
956.744,1787663901789,1.0666,8.6797,3.9122,0.06
956.844,1787663901889,1.0665,8.6571,3.9122,0.06
956.944,1787663901989,1.0664,8.6095,3.9120,0.06
957.044,1787663902090,1.0663,8.5626,3.9118,0.05
957.145,1787663902190,1.0663,8.5325,3.9117,0.05
957.245,1787663902290,1.0662,8.5092,3.9115,0.05
957.345,1787663902390,1.0662,8.4612,3.9113,0.05
957.445,1787663902490,1.0661,8.4158,3.9111,0.05
957.545,1787663902590,1.0661,8.3817,3.9109,0.05
957.645,1787663902691,1.0661,8.3203,3.9107,0.05
957.746,1787663902791,1.0662,8.2656,3.9104,0.05
957.847,1787663902892,1.0662,8.1947,3.9101,0.05
957.947,1787663902992,1.0662,8.1655,3.9100,0.05
958.047,1787663903092,1.0663,8.0861,3.9096,0.05
958.147,1787663903192,1.0664,8.0300,3.9094,0.05
958.247,1787663903292,1.0665,7.9624,3.9091,0.05
958.348,1787663903393,1.0666,7.9254,3.9090,0.05
958.448,1787663903493,1.0667,7.8451,3.9087,0.05
958.548,1787663903593,1.0669,7.7855,3.9085,0.05
958.648,1787663903693,1.0670,7.7140,3.9083,0.05
958.748,1787663903793,1.0671,7.6586,3.9081,0.05
958.848,1787663903894,1.0673,7.6083,3.9080,0.05
958.949,1787663903994,1.0674,7.5521,3.9079,0.05
959.049,1787663904094,1.0675,7.5013,3.9078,0.05
959.149,1787663904194,1.0677,7.4278,3.9077,0.05
959.249,1787663904294,1.0679,7.3595,3.9076,0.05
959.349,1787663904394,1.0681,7.2966,3.9075,0.05
959.449,1787663904494,1.0683,7.2334,3.9074,0.05
959.549,1787663904594,1.0685,7.1583,3.9074,0.05
959.650,1787663904695,1.0686,7.0945,3.9073,0.05
959.750,1787663904795,1.0688,7.0364,3.9073,0.05
959.850,1787663904895,1.0689,6.9841,3.9073,0.05
959.950,1787663904995,1.0691,6.9261,3.9073,0.05
960.050,1787663905095,1.0693,6.8683,3.9072,0.05
960.151,1787663905196,1.0694,6.8222,3.9072,0.05
960.251,1787663905296,1.0695,6.7934,3.9072,0.05
960.351,1787663905396,1.0696,6.7474,3.9072,0.05
960.451,1787663905496,1.0698,6.6731,3.9073,0.05
960.551,1787663905596,1.0699,6.6273,3.9073,0.05
960.651,1787663905696,1.0700,6.5586,3.9074,0.05
960.752,1787663905797,1.0701,6.5126,3.9074,0.05
960.852,1787663905897,1.0703,6.4204,3.9074,0.05
960.952,1787663905997,1.0704,6.3683,3.9075,0.05
961.052,1787663906097,1.0705,6.2985,3.9075,0.05
961.152,1787663906197,1.0707,6.2225,3.9075,0.04
961.252,1787663906297,1.0708,6.1639,3.9075,0.04
961.352,1787663906398,1.0708,6.1171,3.9075,0.04
961.453,1787663906498,1.0709,6.0761,3.9075,0.04
961.553,1787663906598,1.0710,6.0002,3.9075,0.04
961.654,1787663906699,1.0711,5.9305,3.9076,0.04
961.754,1787663906799,1.0711,5.8842,3.9076,0.04
961.854,1787663906899,1.0712,5.8262,3.9076,0.04
961.954,1787663906999,1.0713,5.7856,3.9076,0.04
962.054,1787663907099,1.0714,5.7162,3.9076,0.04
962.155,1787663907200,1.0714,5.6411,3.9077,0.04
962.255,1787663907300,1.0715,5.5832,3.9077,0.04
962.355,1787663907400,1.0716,5.5194,3.9077,0.03
962.455,1787663907500,1.0717,5.4613,3.9077,0.03
962.555,1787663907600,1.0718,5.3624,3.9077,0.03
962.656,1787663907701,1.0719,5.3100,3.9078,0.03
962.756,1787663907801,1.0719,5.2634,3.9078,0.03
962.856,1787663907901,1.0720,5.2111,3.9078,0.03
962.956,1787663908001,1.0721,5.1591,3.9078,0.03
963.056,1787663908101,1.0722,5.0615,3.9078,0.03
963.157,1787663908202,1.0723,5.0213,3.9078,0.02
963.257,1787663908302,1.0724,4.9467,3.9079,0.02
963.357,1787663908402,1.0724,4.9123,3.9079,0.02
963.457,1787663908502,1.0725,4.8550,3.9079,0.02
963.557,1787663908602,1.0726,4.7866,3.9079,0.02
963.657,1787663908702,1.0727,4.7525,3.9079,0.02
963.757,1787663908803,1.0728,4.6787,3.9079,0.02
963.858,1787663908903,1.0729,4.6276,3.9080,0.02
963.958,1787663909003,1.0730,4.5653,3.9080,0.02
964.058,1787663909103,1.0731,4.4972,3.9080,0.02
964.158,1787663909203,1.0732,4.4347,3.9080,0.02
964.258,1787663909303,1.0733,4.3779,3.9080,0.02
964.359,1787663909404,1.0734,4.3381,3.9080,0.02
964.459,1787663909504,1.0736,4.2644,3.9080,0.02
964.559,1787663909604,1.0736,4.2362,3.9080,0.02
964.659,1787663909704,1.0737,4.2023,3.9080,0.02
964.759,1787663909804,1.0738,4.1459,3.9080,0.02
964.859,1787663909904,1.0739,4.1011,3.9081,0.02
964.959,1787663910005,1.0741,4.0563,3.9081,0.02
965.060,1787663910105,1.0742,4.0003,3.9081,0.02
965.160,1787663910205,1.0743,3.9387,3.9081,0.02
965.260,1787663910305,1.0745,3.8711,3.9082,0.02
965.360,1787663910405,1.0746,3.8201,3.9082,0.02
965.460,1787663910505,1.0748,3.7517,3.9082,0.02
965.560,1787663910605,1.0750,3.6597,3.9082,0.02
965.660,1787663910705,1.0751,3.6193,3.9082,0.02
965.760,1787663910806,1.0754,3.5383,3.9082,0.02
965.861,1787663910906,1.0755,3.4977,3.9082,0.02
965.961,1787663911006,1.0756,3.4456,3.9081,0.02
966.061,1787663911106,1.0758,3.3937,3.9081,0.02
966.163,1787663911208,1.0759,3.3361,3.9081,0.02
966.263,1787663911308,1.0761,3.2901,3.9081,0.02
966.363,1787663911408,1.0763,3.2099,3.9081,0.01
966.463,1787663911508,1.0764,3.1525,3.9082,0.01
966.564,1787663911609,1.0766,3.0835,3.9082,0.01
966.664,1787663911709,1.0768,3.0316,3.9082,0.01
966.764,1787663911809,1.0772,2.9218,3.9082,0.01
966.864,1787663911909,1.0774,2.8403,3.9082,0.01
966.965,1787663912010,1.0777,2.7586,3.9081,0.01
967.065,1787663912110,1.0779,2.7003,3.9081,0.01
967.165,1787663912210,1.0782,2.6248,3.9081,0.01
967.265,1787663912310,1.0784,2.5497,3.9081,0.01
967.365,1787663912410,1.0786,2.4865,3.9081,0.01
967.465,1787663912511,1.0788,2.4182,3.9081,0.01
967.566,1787663912611,1.0790,2.3449,3.9080,0.01
967.666,1787663912711,1.0792,2.2775,3.9080,0.01
967.766,1787663912811,1.0794,2.2050,3.9080,0.01
967.866,1787663912911,1.0796,2.1441,3.9080,0.01
967.966,1787663913011,1.0798,2.0891,3.9080,0.01
968.066,1787663913112,1.0799,2.0290,3.9080,0.01
968.167,1787663913212,1.0801,1.9586,3.9080,0.01
968.267,1787663913312,1.0802,1.8940,3.9079,0.01
968.367,1787663913412,1.0803,1.8245,3.9079,0.01
968.467,1787663913512,1.0804,1.7712,3.9079,0.01
968.567,1787663913612,1.0805,1.7128,3.9079,0.01
968.667,1787663913712,1.0806,1.6811,3.9079,0.01
968.767,1787663913813,1.0806,1.6548,3.9079,0.01
968.868,1787663913913,1.0807,1.5924,3.9079,0.01
968.971,1787663914016,1.0808,1.5358,3.9079,0.01
969.071,1787663914116,1.0809,1.4847,3.9079,0.01
969.171,1787663914216,1.0810,1.4131,3.9079,0.01
969.271,1787663914316,1.0811,1.3362,3.9079,0.01
969.371,1787663914416,1.0812,1.2949,3.9079,0.01
969.471,1787663914517,1.0812,1.2535,3.9079,0.01
969.572,1787663914617,1.0813,1.1555,3.9079,0.01
969.672,1787663914717,1.0813,1.0936,3.9079,0.01
969.772,1787663914817,1.0814,1.0316,3.9079,0.01
969.872,1787663914917,1.0815,0.9851,3.9079,0.01
969.972,1787663915017,1.0816,0.9181,3.9080,0.01
970.072,1787663915117,1.0816,0.8564,3.9080,0.01
970.172,1787663915217,1.0817,0.7795,3.9080,0.01
970.273,1787663915318,1.0818,0.7385,3.9080,0.01
970.373,1787663915418,1.0819,0.6824,3.9080,0.01
970.473,1787663915518,1.0819,0.6366,3.9080,0.01
970.573,1787663915618,1.0820,0.5809,3.9080,0.01
970.673,1787663915718,1.0821,0.5104,3.9081,0.01
970.773,1787663915818,1.0822,0.4601,3.9081,0.01
970.874,1787663915919,1.0823,0.3844,3.9081,0.01
970.974,1787663916019,1.0823,0.3389,3.9082,0.01
971.074,1787663916119,1.0825,0.2681,3.9082,0.01
971.174,1787663916219,1.0825,0.2276,3.9082,0.01
971.274,1787663916319,1.0826,0.1668,3.9083,0.01
971.374,1787663916420,1.0827,0.1163,3.9083,0.01
971.475,1787663916520,1.0828,0.0709,3.9083,0.01
971.575,1787663916620,1.0829,0.0257,3.9084,0.01
971.675,1787663916720,1.0830,-0.0093,3.9084,0.01
971.775,1787663916820,1.0831,-0.0592,3.9085,0.01
971.875,1787663916920,1.0833,-0.1190,3.9085,0.01
971.975,1787663917021,1.0835,-0.1891,3.9086,0.01
972.076,1787663917121,1.0836,-0.2496,3.9087,0.01
972.176,1787663917221,1.0838,-0.3106,3.9087,0.01
972.276,1787663917321,1.0839,-0.3516,3.9088,0.01
972.376,1787663917421,1.0840,-0.3823,3.9088,0.01
972.476,1787663917521,1.0841,-0.4386,3.9088,0.01
972.576,1787663917622,1.0842,-0.4897,3.9089,0.01
972.677,1787663917722,1.0843,-0.5204,3.9089,0.01
972.777,1787663917822,1.0845,-0.5817,3.9090,0.01
972.877,1787663917922,1.0847,-0.6587,3.9091,0.01
972.977,1787663918022,1.0849,-0.7417,3.9092,0.01
973.077,1787663918122,1.0852,-0.8207,3.9093,0.01
973.177,1787663918223,1.0853,-0.8685,3.9093,0.01
973.278,1787663918323,1.0854,-0.9112,3.9093,0.01
973.378,1787663918423,1.0856,-0.9805,3.9093,0.01
973.478,1787663918523,1.0857,-1.0336,3.9094,0.01
973.578,1787663918623,1.0859,-1.1080,3.9094,0.01
973.678,1787663918723,1.0860,-1.1505,3.9094,0.00
973.778,1787663918823,1.0861,-1.2037,3.9094,0.00
973.878,1787663918924,1.0863,-1.2835,3.9094,0.00
973.979,1787663919024,1.0864,-1.3155,3.9094,0.00
974.079,1787663919124,1.0866,-1.3903,3.9094,0.00
974.181,1787663919226,1.0867,-1.4276,3.9094,0.00
974.281,1787663919326,1.0868,-1.4864,3.9094,0.00
974.381,1787663919426,1.0870,-1.5397,3.9094,0.00
974.482,1787663919527,1.0871,-1.5932,3.9094,0.00
974.582,1787663919627,1.0873,-1.6520,3.9093,0.00
974.682,1787663919727,1.0874,-1.6895,3.9093,0.00
974.782,1787663919827,1.0876,-1.7485,3.9093,0.00
974.882,1787663919927,1.0877,-1.7913,3.9093,0.00
974.982,1787663920027,1.0878,-1.8395,3.9094,0.00
975.082,1787663920127,1.0880,-1.9200,3.9094,0.00
975.182,1787663920227,1.0881,-1.9631,3.9094,-0.00
975.283,1787663920328,1.0883,-2.0226,3.9094,-0.00
975.383,1787663920428,1.0883,-2.0551,3.9094,-0.00
975.483,1787663920528,1.0885,-2.0986,3.9094,-0.00
975.583,1787663920628,1.0886,-2.1636,3.9094,-0.00
975.683,1787663920728,1.0888,-2.2232,3.9095,-0.00
975.783,1787663920828,1.0890,-2.2941,3.9095,-0.00
975.883,1787663920929,1.0891,-2.3325,3.9096,-0.00
975.984,1787663921029,1.0892,-2.3654,3.9096,-0.00
976.084,1787663921129,1.0894,-2.4371,3.9096,-0.00
976.185,1787663921230,1.0895,-2.4922,3.9097,-0.00
976.285,1787663921330,1.0896,-2.5310,3.9097,-0.00
976.385,1787663921430,1.0898,-2.5976,3.9097,-0.00
976.485,1787663921530,1.0899,-2.6311,3.9098,-0.00
976.586,1787663921631,1.0901,-2.6983,3.9098,-0.00
976.686,1787663921731,1.0902,-2.7545,3.9098,-0.00
976.786,1787663921831,1.0904,-2.8052,3.9099,-0.00
976.886,1787663921931,1.0905,-2.8561,3.9099,-0.00
976.986,1787663922031,1.0907,-2.9129,3.9099,-0.00
977.086,1787663922131,1.0908,-2.9585,3.9099,-0.00
977.187,1787663922232,1.0909,-3.0099,3.9100,-0.00
977.287,1787663922332,1.0911,-3.0673,3.9100,-0.00
977.387,1787663922432,1.0912,-3.1249,3.9100,-0.00
977.487,1787663922532,1.0914,-3.1828,3.9100,-0.00
977.587,1787663922633,1.0915,-3.2467,3.9100,-0.00
977.688,1787663922733,1.0917,-3.3051,3.9100,-0.00
977.788,1787663922833,1.0918,-3.3578,3.9100,-0.00
977.888,1787663922933,1.0920,-3.4342,3.9100,-0.00
977.988,1787663923033,1.0922,-3.5050,3.9100,-0.00
978.088,1787663923133,1.0924,-3.5939,3.9099,-0.00
978.188,1787663923233,1.0925,-3.6475,3.9099,-0.00
978.289,1787663923334,1.0927,-3.6953,3.9099,-0.00
978.389,1787663923434,1.0928,-3.7611,3.9100,-0.00
978.489,1787663923534,1.0929,-3.8088,3.9100,-0.00
978.589,1787663923635,1.0931,-3.8923,3.9100,-0.01
978.690,1787663923736,1.0932,-3.9517,3.9100,-0.00
978.791,1787663923836,1.0934,-4.0290,3.9100,-0.00
978.891,1787663923936,1.0935,-4.1004,3.9100,-0.00
978.991,1787663924036,1.0936,-4.1540,3.9100,-0.00
979.091,1787663924136,1.0938,-4.2196,3.9100,-0.00
979.191,1787663924236,1.0939,-4.2969,3.9100,-0.00
979.291,1787663924336,1.0941,-4.3859,3.9100,-0.00
979.391,1787663924436,1.0942,-4.4452,3.9100,-0.00
979.491,1787663924537,1.0944,-4.5219,3.9099,-0.00
979.592,1787663924637,1.0945,-4.5925,3.9099,-0.00
979.692,1787663924737,1.0947,-4.6745,3.9099,-0.00
979.792,1787663924837,1.0949,-4.7618,3.9099,-0.00
979.892,1787663924937,1.0950,-4.8081,3.9099,-0.00
979.992,1787663925037,1.0951,-4.8715,3.9098,-0.00
980.092,1787663925137,1.0952,-4.9516,3.9098,-0.00
980.192,1787663925238,1.0954,-5.0309,3.9098,-0.00
980.293,1787663925338,1.0955,-5.1095,3.9098,-0.00
980.393,1787663925438,1.0956,-5.1821,3.9097,-0.00
980.493,1787663925538,1.0957,-5.2539,3.9097,-0.00
980.593,1787663925638,1.0957,-5.2869,3.9097,-0.00
980.694,1787663925739,1.0958,-5.3415,3.9097,-0.00
980.794,1787663925839,1.0959,-5.3847,3.9097,-0.00
980.894,1787663925940,1.0960,-5.4329,3.9097,-0.00
980.995,1787663926040,1.0960,-5.5068,3.9097,-0.00
981.095,1787663926140,1.0961,-5.5383,3.9097,-0.00
981.195,1787663926240,1.0962,-5.6217,3.9097,0.00
981.295,1787663926340,1.0962,-5.6685,3.9097,0.00
981.395,1787663926440,1.0963,-5.7464,3.9098,0.00
981.495,1787663926540,1.0964,-5.7932,3.9098,0.00
981.595,1787663926640,1.0965,-5.8709,3.9098,0.00
981.695,1787663926741,1.0965,-5.9226,3.9098,0.00
981.796,1787663926841,1.0966,-5.9742,3.9098,0.00
981.896,1787663926941,1.0966,-6.0205,3.9098,0.00
981.996,1787663927041,1.0967,-6.0819,3.9099,0.00
982.096,1787663927141,1.0967,-6.1582,3.9099,0.01
982.197,1787663927242,1.0968,-6.2090,3.9099,0.01
982.297,1787663927342,1.0969,-6.2648,3.9100,0.01
982.397,1787663927442,1.0969,-6.3053,3.9100,0.00
982.497,1787663927542,1.0970,-6.3761,3.9101,0.00
982.597,1787663927642,1.0970,-6.4215,3.9101,0.00
982.697,1787663927742,1.0971,-6.4568,3.9102,0.00
982.797,1787663927842,1.0972,-6.5424,3.9103,0.00
982.898,1787663927943,1.0972,-6.5827,3.9103,0.00
982.998,1787663928043,1.0973,-6.6485,3.9104,0.00
983.098,1787663928143,1.0974,-6.6991,3.9105,0.00
983.198,1787663928243,1.0975,-6.7701,3.9105,0.00
983.298,1787663928343,1.0976,-6.8362,3.9106,0.00
983.398,1787663928443,1.0977,-6.9075,3.9107,0.00
983.498,1787663928543,1.0978,-6.9586,3.9107,0.00
983.598,1787663928643,1.0979,-7.0197,3.9107,0.00
983.699,1787663928744,1.0979,-7.0656,3.9107,0.00
983.800,1787663928845,1.0981,-7.1468,3.9108,0.00
983.900,1787663928945,1.0981,-7.1823,3.9108,0.00
984.000,1787663929045,1.0982,-7.2431,3.9108,0.00
984.100,1787663929145,1.0983,-7.2937,3.9108,0.00
984.200,1787663929246,1.0984,-7.3391,3.9109,0.00
984.301,1787663929346,1.0985,-7.3896,3.9109,0.00
984.401,1787663929446,1.0986,-7.4554,3.9109,0.00
984.501,1787663929546,1.0988,-7.5317,3.9109,0.00
984.601,1787663929646,1.0989,-7.5675,3.9109,0.00
984.701,1787663929746,1.0990,-7.6288,3.9109,0.00
984.801,1787663929846,1.0990,-7.6595,3.9109,0.00
984.901,1787663929946,1.0991,-7.7005,3.9109,0.00
985.001,1787663930047,1.0993,-7.7779,3.9109,0.00
985.102,1787663930147,1.0995,-7.8300,3.9109,0.00
985.202,1787663930247,1.0996,-7.8930,3.9108,0.00
985.302,1787663930347,1.0997,-7.9561,3.9108,0.00
985.402,1787663930447,1.0999,-8.0138,3.9107,0.00
985.502,1787663930547,1.1000,-8.0709,3.9108,0.00
985.602,1787663930647,1.1001,-8.1222,3.9108,0.00
985.702,1787663930747,1.1002,-8.1826,3.9108,0.00
985.802,1787663930848,1.1003,-8.2271,3.9109,0.00
985.903,1787663930948,1.1005,-8.2993,3.9110,0.00
986.003,1787663931048,1.1007,-8.3552,3.9111,-0.00
986.103,1787663931148,1.1008,-8.4182,3.9112,-0.00
986.203,1787663931248,1.1009,-8.4487,3.9113,-0.00
986.303,1787663931348,1.1010,-8.5037,3.9114,-0.00
986.403,1787663931448,1.1011,-8.5562,3.9115,-0.00
986.503,1787663931548,1.1012,-8.5835,3.9115,-0.00
986.603,1787663931648,1.1013,-8.6212,3.9116,-0.00
986.703,1787663931749,1.1014,-8.6609,3.9117,-0.00
986.804,1787663931849,1.1015,-8.7054,3.9117,-0.01
986.905,1787663931950,1.1016,-8.7251,3.9117,-0.01
987.005,1787663932050,1.1017,-8.7596,3.9117,-0.01
987.105,1787663932150,1.1018,-8.7979,3.9117,-0.00
987.205,1787663932250,1.1019,-8.8174,3.9117,-0.00
987.305,1787663932350,1.1020,-8.8566,3.9116,-0.00
987.405,1787663932450,1.1020,-8.8784,3.9115,-0.00
987.505,1787663932551,1.1021,-8.9012,3.9114,-0.00
987.606,1787663932651,1.1021,-8.9225,3.9113,-0.00
987.706,1787663932751,1.1022,-8.9497,3.9111,0.00
987.806,1787663932852,1.1022,-8.9708,3.9109,0.00
987.907,1787663932952,1.1023,-8.9898,3.9107,0.01
988.007,1787663933052,1.1023,-9.0108,3.9104,0.01
988.107,1787663933152,1.1023,-9.0266,3.9102,0.01
988.207,1787663933252,1.1023,-9.0432,3.9099,0.01
988.307,1787663933352,1.1023,-9.0576,3.9096,0.01
988.407,1787663933452,1.1022,-9.0683,3.9093,0.01
988.507,1787663933552,1.1022,-9.0751,3.9090,0.01
988.607,1787663933653,1.1021,-9.0816,3.9087,0.01
988.708,1787663933753,1.1020,-9.0851,3.9085,0.00
988.808,1787663933853,1.1019,-9.0872,3.9083,0.00
988.908,1787663933953,1.1019,-9.0878,3.9081,-0.00
989.008,1787663934053,1.1018,-9.0870,3.9079,-0.00
989.108,1787663934153,1.1018,-9.0852,3.9078,-0.00
989.208,1787663934253,1.1017,-9.0822,3.9077,-0.00
989.308,1787663934353,1.1016,-9.0794,3.9077,-0.00
989.408,1787663934453,1.1016,-9.0755,3.9076,-0.00
989.508,1787663934554,1.1015,-9.0703,3.9076,-0.00
989.609,1787663934654,1.1014,-9.0646,3.9076,-0.01
989.709,1787663934754,1.1013,-9.0574,3.9076,-0.01
989.809,1787663934854,1.1013,-9.0526,3.9077,-0.01
989.910,1787663934955,1.1013,-9.0480,3.9077,-0.01
990.010,1787663935055,1.1013,-9.0438,3.9078,-0.01
990.110,1787663935155,1.1012,-9.0367,3.9079,-0.01
990.211,1787663935256,1.1012,-9.0305,3.9079,-0.01
990.311,1787663935356,1.1012,-9.0252,3.9080,-0.01
990.411,1787663935456,1.1012,-9.0195,3.9081,-0.01
990.511,1787663935556,1.1013,-9.0129,3.9082,-0.01
990.611,1787663935656,1.1013,-9.0078,3.9083,-0.01
990.711,1787663935756,1.1013,-9.0009,3.9084,-0.00
990.811,1787663935856,1.1014,-8.9944,3.9085,-0.00
990.911,1787663935957,1.1014,-8.9901,3.9086,-0.00
991.012,1787663936057,1.1014,-8.9856,3.9087,0.00
991.112,1787663936157,1.1015,-8.9808,3.9087,0.00
991.212,1787663936257,1.1015,-8.9778,3.9088,0.00
991.312,1787663936357,1.1015,-8.9723,3.9089,0.01
991.412,1787663936457,1.1016,-8.9695,3.9089,0.01
991.512,1787663936558,1.1016,-8.9658,3.9090,0.01
991.613,1787663936658,1.1016,-8.9617,3.9090,0.01
991.713,1787663936758,1.1017,-8.9575,3.9091,0.01
991.813,1787663936858,1.1017,-8.9539,3.9092,0.01
991.913,1787663936958,1.1018,-8.9506,3.9092,0.01
992.013,1787663937058,1.1018,-8.9480,3.9093,0.01
992.113,1787663937158,1.1018,-8.9455,3.9093,0.01
992.213,1787663937258,1.1019,-8.9428,3.9094,0.01
992.313,1787663937358,1.1019,-8.9406,3.9094,0.01
992.413,1787663937459,1.1020,-8.9385,3.9094,0.01
992.514,1787663937559,1.1020,-8.9364,3.9094,0.01
992.614,1787663937659,1.1021,-8.9350,3.9095,0.01
992.714,1787663937759,1.1021,-8.9339,3.9095,0.01
992.814,1787663937859,1.1021,-8.9325,3.9095,0.01
992.914,1787663937959,1.1022,-8.9312,3.9095,0.01
993.014,1787663938059,1.1023,-8.9299,3.9095,0.01
993.114,1787663938160,1.1023,-8.9291,3.9095,0.01
993.215,1787663938260,1.1023,-8.9284,3.9095,0.00
993.315,1787663938360,1.1024,-8.9277,3.9095,0.00
993.415,1787663938460,1.1024,-8.9273,3.9095,0.00
993.515,1787663938560,1.1025,-8.9270,3.9095,-0.00
993.615,1787663938660,1.1026,-8.9268,3.9095,-0.00
993.715,1787663938760,1.1026,-8.9268,3.9095,-0.00
993.815,1787663938860,1.1027,-8.9269,3.9095,-0.00
993.916,1787663938961,1.1027,-8.9271,3.9095,-0.01
994.016,1787663939061,1.1027,-8.9273,3.9095,-0.01
994.116,1787663939161,1.1028,-8.9276,3.9095,-0.01
994.216,1787663939261,1.1028,-8.9279,3.9096,-0.01
994.316,1787663939361,1.1029,-8.9285,3.9096,-0.01
994.416,1787663939461,1.1029,-8.9289,3.9096,-0.01
994.516,1787663939561,1.1030,-8.9295,3.9097,-0.01
994.616,1787663939661,1.1030,-8.9299,3.9097,-0.01
994.717,1787663939762,1.1031,-8.9306,3.9097,-0.01
994.817,1787663939862,1.1031,-8.9310,3.9098,-0.01
994.917,1787663939962,1.1031,-8.9317,3.9098,-0.01
995.017,1787663940062,1.1032,-8.9325,3.9098,-0.00
995.117,1787663940162,1.1033,-8.9334,3.9099,-0.00
995.217,1787663940262,1.1033,-8.9341,3.9099,-0.00
995.317,1787663940362,1.1034,-8.9351,3.9099,-0.00
995.417,1787663940463,1.1034,-8.9359,3.9099,-0.00
995.518,1787663940563,1.1034,-8.9366,3.9099,-0.00
995.618,1787663940663,1.1034,-8.9370,3.9099,-0.00
995.718,1787663940763,1.1035,-8.9380,3.9100,0.00
995.818,1787663940863,1.1035,-8.9390,3.9100,0.00
995.918,1787663940963,1.1035,-8.9397,3.9100,0.00
996.019,1787663941064,1.1035,-8.9404,3.9100,0.00
996.119,1787663941164,1.1035,-8.9411,3.9100,-0.00
996.219,1787663941264,1.1035,-8.9419,3.9100,-0.00
996.319,1787663941364,1.1035,-8.9425,3.9100,-0.00
996.419,1787663941464,1.1035,-8.9435,3.9100,-0.00
996.520,1787663941565,1.1035,-8.9443,3.9100,-0.00
996.620,1787663941665,1.1035,-8.9454,3.9097,-0.00
996.720,1787663941765,1.1035,-8.9462,3.9094,-0.00
996.820,1787663941865,1.1035,-8.9469,3.9090,-0.00
996.920,1787663941965,1.1035,-8.9480,3.9073,-0.01
997.020,1787663942065,1.1035,-8.9485,3.9058,-0.01
997.120,1787663942165,1.1034,-8.9487,3.9031,-0.01
997.220,1787663942266,1.1034,-8.9486,3.9003,-0.01
997.321,1787663942366,1.1033,-8.9484,3.8974,-0.01
997.421,1787663942466,1.1033,-8.9479,3.8920,-0.01
997.521,1787663942566,1.1033,-8.9471,3.8852,-0.01
997.621,1787663942666,1.1032,-8.9464,3.8796,-0.01
997.721,1787663942766,1.1032,-8.9455,3.8730,-0.01
997.821,1787663942867,1.1032,-8.9447,3.8665,-0.01
997.922,1787663942967,1.1031,-8.9443,3.8634,-0.01
998.022,1787663943067,1.1031,-8.9430,3.8542,-0.01
998.122,1787663943167,1.1031,-8.9422,3.8479,-0.01
998.222,1787663943267,1.1031,-8.9413,3.8413,-0.01
998.322,1787663943367,1.1031,-8.9401,3.8320,-0.01
998.422,1787663943467,1.1031,-8.9391,3.8239,-0.01
998.522,1787663943568,1.1031,-8.9378,3.8138,-0.01
998.623,1787663943668,1.1031,-8.9372,3.8086,-0.01
998.723,1787663943768,1.1031,-8.9361,3.7998,-0.01
998.823,1787663943868,1.1031,-8.9346,3.7868,-0.01
998.923,1787663943968,1.1031,-8.9339,3.7811,-0.01
999.023,1787663944068,1.1031,-8.9324,3.7674,-0.01
999.124,1787663944169,1.1032,-8.9317,3.7604,-0.01
999.224,1787663944269,1.1032,-8.9302,3.7450,-0.01
999.324,1787663944369,1.1032,-8.9293,3.7355,-0.00
999.424,1787663944469,1.1033,-8.9282,3.7226,-0.00
999.524,1787663944569,1.1033,-8.9275,3.7139,-0.00
999.625,1787663944670,1.1034,-8.9264,3.6995,-0.00
999.725,1787663944770,1.1035,-8.9255,3.6861,-0.00
999.825,1787663944870,1.1036,-8.9249,3.6758,-0.00
999.926,1787663944971,1.1037,-8.9241,3.6621,-0.00
1000.026,1787663945071,1.1038,-8.9236,3.6529,-0.00
1000.126,1787663945171,1.1039,-8.9229,3.6402,-0.00
1000.226,1787663945271,1.1040,-8.9223,3.6237,-0.00
1000.326,1787663945371,1.1042,-8.9217,3.6082,-0.00
1000.426,1787663945471,1.1043,-8.9214,3.5963,-0.00
1000.528,1787663945573,1.1044,-8.9212,3.5867,-0.00
1000.628,1787663945673,1.1045,-8.9209,3.5735,-0.00
1000.728,1787663945773,1.1046,-8.9207,3.5639,-0.00
1000.828,1787663945873,1.1048,-8.9206,3.5469,-0.00
1000.929,1787663945974,1.1050,-8.9205,3.5334,-0.00
1001.029,1787663946074,1.1052,-8.9206,3.5138,-0.01
1001.129,1787663946174,1.1054,-8.9207,3.5028,-0.01
1001.229,1787663946274,1.1056,-8.9209,3.4856,-0.01
1001.329,1787663946374,1.1058,-8.9213,3.4661,-0.01
1001.429,1787663946474,1.1060,-8.9217,3.4502,-0.01
1001.530,1787663946575,1.1062,-8.9220,3.4393,-0.01
1001.630,1787663946675,1.1063,-8.9223,3.4297,-0.01
1001.730,1787663946775,1.1065,-8.9227,3.4177,-0.01
1001.830,1787663946875,1.1067,-8.9232,3.4032,-0.01
1001.930,1787663946975,1.1068,-8.9238,3.3886,-0.01
1002.030,1787663947075,1.1070,-8.9243,3.3752,-0.01
1002.130,1787663947176,1.1072,-8.9250,3.3593,-0.01
1002.231,1787663947276,1.1073,-8.9256,3.3483,-0.01
1002.331,1787663947376,1.1075,-8.9263,3.3336,-0.01
1002.431,1787663947476,1.1076,-8.9269,3.3214,-0.01
1002.531,1787663947576,1.1078,-8.9278,3.3054,-0.01
1002.631,1787663947676,1.1079,-8.9285,3.2919,-0.01
1002.731,1787663947776,1.1080,-8.9289,3.2845,-0.01
1002.832,1787663947877,1.1082,-8.9298,3.2684,-0.01
1002.932,1787663947977,1.1083,-8.9303,3.2609,-0.01
1003.032,1787663948077,1.1084,-8.9310,3.2484,-0.01
1003.132,1787663948177,1.1086,-8.9320,3.2308,-0.01
1003.232,1787663948277,1.1087,-8.9326,3.2206,-0.01
1003.332,1787663948377,1.1089,-8.9338,3.2015,-0.01
1003.432,1787663948478,1.1091,-8.9351,3.1798,-0.01
1003.533,1787663948578,1.1093,-8.9364,3.1581,-0.01
1003.633,1787663948678,1.1096,-8.9380,3.1330,-0.01
1003.733,1787663948778,1.1098,-8.9393,3.1120,-0.01
1003.833,1787663948879,1.1099,-8.9401,3.0999,-0.01
1003.934,1787663948979,1.1100,-8.9410,3.0856,-0.01
1004.034,1787663949079,1.1102,-8.9418,3.0726,-0.01
1004.134,1787663949179,1.1103,-8.9427,3.0586,-0.01
1004.234,1787663949280,1.1104,-8.9432,3.0504,-0.01
1004.335,1787663949380,1.1105,-8.9438,3.0410,-0.01
1004.435,1787663949480,1.1107,-8.9445,3.0293,-0.01
1004.535,1787663949580,1.1108,-8.9452,3.0174,-0.01
1004.635,1787663949680,1.1109,-8.9455,3.0114,-0.01
1004.735,1787663949780,1.1110,-8.9462,2.9993,-0.01
1004.835,1787663949880,1.1111,-8.9467,2.9908,-0.01
1004.936,1787663949981,1.1112,-8.9472,2.9821,-0.01
1005.036,1787663950081,1.1113,-8.9478,2.9722,-0.01
1005.136,1787663950181,1.1114,-8.9485,2.9581,-0.01
1005.236,1787663950281,1.1115,-8.9493,2.9439,-0.01
1005.336,1787663950381,1.1117,-8.9500,2.9281,-0.01
1005.436,1787663950481,1.1118,-8.9508,2.9134,-0.02
1005.536,1787663950582,1.1120,-8.9516,2.8974,-0.02
1005.638,1787663950683,1.1121,-8.9522,2.8839,-0.02
1005.738,1787663950783,1.1122,-8.9528,2.8705,-0.02
1005.838,1787663950883,1.1123,-8.9534,2.8584,-0.02
1005.938,1787663950983,1.1124,-8.9539,2.8489,-0.02
1006.038,1787663951084,1.1125,-8.9545,2.8339,-0.02
1006.139,1787663951184,1.1126,-8.9552,2.8202,-0.02
1006.239,1787663951284,1.1127,-8.9557,2.8079,-0.02
1006.339,1787663951384,1.1129,-8.9565,2.7899,-0.02
1006.439,1787663951484,1.1130,-8.9570,2.7774,-0.02
1006.539,1787663951584,1.1131,-8.9578,2.7579,-0.02
1006.639,1787663951684,1.1132,-8.9585,2.7413,-0.02
1006.739,1787663951784,1.1134,-8.9595,2.7191,-0.02
1006.839,1787663951885,1.1136,-8.9602,2.6999,-0.02
1006.940,1787663951985,1.1137,-8.9609,2.6849,-0.02
1007.040,1787663952085,1.1138,-8.9613,2.6742,-0.02
1007.140,1787663952185,1.1139,-8.9622,2.6540,-0.02
1007.240,1787663952285,1.1140,-8.9630,2.6340,-0.02
1007.340,1787663952385,1.1141,-8.9637,2.6169,-0.02
1007.440,1787663952485,1.1142,-8.9644,2.5999,-0.01
1007.540,1787663952586,1.1143,-8.9651,2.5856,-0.01
1007.641,1787663952686,1.1143,-8.9657,2.5714,-0.01
1007.741,1787663952786,1.1144,-8.9662,2.5599,-0.01
1007.841,1787663952886,1.1145,-8.9669,2.5421,-0.01
1007.941,1787663952986,1.1146,-8.9675,2.5281,-0.01
1008.041,1787663953086,1.1147,-8.9681,2.5141,-0.01
1008.142,1787663953187,1.1148,-8.9685,2.5040,-0.01
1008.242,1787663953287,1.1149,-8.9691,2.4902,-0.01
1008.342,1787663953387,1.1149,-8.9695,2.4804,-0.01
1008.442,1787663953487,1.1150,-8.9700,2.4684,-0.01
1008.542,1787663953588,1.1150,-8.9704,2.4590,-0.01
1008.643,1787663953688,1.1151,-8.9708,2.4488,-0.01
1008.743,1787663953788,1.1151,-8.9713,2.4379,-0.01
1008.843,1787663953888,1.1151,-8.9717,2.4294,-0.01
1008.943,1787663953988,1.1152,-8.9721,2.4213,-0.01
1009.043,1787663954088,1.1153,-8.9725,2.4135,-0.01
1009.143,1787663954189,1.1153,-8.9730,2.4041,-0.01
1009.244,1787663954289,1.1154,-8.9734,2.3969,-0.01
1009.344,1787663954389,1.1154,-8.9738,2.3899,-0.01
1009.444,1787663954489,1.1155,-8.9742,2.3817,-0.01
1009.545,1787663954590,1.1156,-8.9747,2.3746,-0.01
1009.645,1787663954690,1.1157,-8.9752,2.3664,-0.01
1009.745,1787663954790,1.1157,-8.9754,2.3621,-0.01
1009.845,1787663954890,1.1158,-8.9759,2.3546,-0.01
1009.945,1787663954990,1.1159,-8.9766,2.3494,-0.01
1010.046,1787663955091,1.1159,-8.9772,2.3469,-0.01
1010.146,1787663955191,1.1160,-8.9790,2.3434,-0.01
1010.246,1787663955291,1.1161,-8.9813,2.3419,-0.01
1010.346,1787663955392,1.1161,-8.9834,2.3417,-0.01
1010.447,1787663955492,1.1162,-8.9848,2.3424,-0.01
1010.547,1787663955592,1.1162,-8.9852,2.3432,-0.01
1010.647,1787663955692,1.1163,-8.9851,2.3444,-0.01
1010.747,1787663955792,1.1163,-8.9845,2.3455,-0.01
1010.847,1787663955892,1.1163,-8.9838,2.3463,-0.01
1010.947,1787663955992,1.1163,-8.9819,2.3478,-0.02
1011.047,1787663956093,1.1163,-8.9785,2.3497,-0.02
1011.148,1787663956193,1.1163,-8.9752,2.3512,-0.02
1011.248,1787663956293,1.1163,-8.9684,2.3534,-0.02
1011.348,1787663956393,1.1163,-8.9627,2.3549,-0.02
1011.448,1787663956493,1.1163,-8.9489,2.3575,-0.02
1011.548,1787663956593,1.1163,-8.9374,2.3591,-0.02
1011.648,1787663956693,1.1162,-8.9240,2.3606,-0.02
1011.748,1787663956794,1.1162,-8.8898,2.3634,-0.02
1011.849,1787663956894,1.1161,-8.8602,2.3650,-0.02
1011.949,1787663956994,1.1160,-8.8287,2.3662,-0.02
1012.049,1787663957094,1.1159,-8.8015,2.3669,-0.02
1012.149,1787663957194,1.1158,-8.7669,2.3676,-0.02
1012.249,1787663957294,1.1158,-8.7299,2.3681,-0.02
1012.349,1787663957394,1.1157,-8.6966,2.3684,-0.01
1012.450,1787663957495,1.1157,-8.6747,2.3685,-0.01
1012.550,1787663957595,1.1156,-8.6521,2.3686,-0.01
1012.650,1787663957695,1.1156,-8.6322,2.3687,-0.01
1012.750,1787663957795,1.1155,-8.6052,2.3687,-0.01
1012.850,1787663957895,1.1154,-8.5562,2.3688,-0.01
1012.950,1787663957995,1.1153,-8.5084,2.3687,-0.01
1013.050,1787663958096,1.1153,-8.4619,2.3685,-0.01
1013.151,1787663958196,1.1152,-8.4088,2.3681,-0.01
1013.251,1787663958296,1.1151,-8.3663,2.3678,-0.01
1013.351,1787663958396,1.1151,-8.3313,2.3674,-0.01
1013.451,1787663958496,1.1150,-8.2636,2.3667,-0.00
1013.551,1787663958596,1.1150,-8.2312,2.3663,-0.00
1013.651,1787663958696,1.1150,-8.1648,2.3655,-0.00
1013.751,1787663958796,1.1149,-8.0866,2.3645,-0.00
1013.852,1787663958897,1.1149,-8.0516,2.3641,-0.00
1013.952,1787663958997,1.1149,-8.0213,2.3637,0.00
1014.052,1787663959097,1.1149,-7.9959,2.3633,0.00
1014.152,1787663959197,1.1149,-7.9136,2.3623,0.00
1014.252,1787663959298,1.1149,-7.8719,2.3618,0.00
1014.353,1787663959398,1.1149,-7.7923,2.3608,0.00
1014.453,1787663959498,1.1149,-7.7329,2.3600,0.00
1014.553,1787663959598,1.1149,-7.6560,2.3591,0.00
1014.654,1787663959699,1.1150,-7.6059,2.3584,0.00
1014.754,1787663959799,1.1150,-7.5722,2.3580,0.00
1014.854,1787663959899,1.1150,-7.5214,2.3574,0.00
1014.954,1787663959999,1.1151,-7.4761,2.3568,0.00
1015.054,1787663960099,1.1151,-7.4363,2.3564,0.00
1015.155,1787663960200,1.1152,-7.3681,2.3556,0.00
1015.255,1787663960300,1.1152,-7.3052,2.3548,0.00
1015.355,1787663960400,1.1153,-7.2534,2.3542,0.00
1015.456,1787663960501,1.1153,-7.1955,2.3536,0.00
1015.556,1787663960602,1.1154,-7.1311,2.3528,0.00
1015.657,1787663960702,1.1155,-7.0722,2.3522,0.00
1015.757,1787663960802,1.1155,-7.0308,2.3517,0.00
1015.857,1787663960902,1.1156,-6.9774,2.3511,0.00
1015.957,1787663961002,1.1157,-6.9060,2.3503,0.00
1016.057,1787663961102,1.1157,-6.8642,2.3498,0.00
1016.158,1787663961203,1.1159,-6.7685,2.3488,0.00
1016.258,1787663961303,1.1159,-6.7324,2.3484,0.00
1016.358,1787663961403,1.1160,-6.6601,2.3476,0.00
1016.459,1787663961504,1.1161,-6.6117,2.3471,0.00
1016.559,1787663961604,1.1161,-6.5571,2.3465,0.00
1016.659,1787663961704,1.1163,-6.4782,2.3457,0.00
1016.759,1787663961804,1.1163,-6.4235,2.3452,0.00
1016.859,1787663961904,1.1165,-6.3258,2.3442,-0.00
1016.960,1787663962005,1.1166,-6.2707,2.3436,-0.00
1017.060,1787663962105,1.1167,-6.1787,2.3427,-0.00
1017.160,1787663962205,1.1168,-6.1051,2.3420,-0.00
1017.260,1787663962305,1.1169,-6.0437,2.3414,-0.00
1017.360,1787663962405,1.1170,-5.9578,2.3406,-0.00
1017.460,1787663962505,1.1171,-5.9027,2.3400,-0.00
1017.561,1787663962606,1.1172,-5.8295,2.3393,-0.01
1017.661,1787663962706,1.1173,-5.7809,2.3389,-0.01
1017.761,1787663962806,1.1175,-5.6966,2.3381,-0.01
1017.861,1787663962906,1.1176,-5.6366,2.3375,-0.01
1017.961,1787663963006,1.1177,-5.5530,2.3368,-0.01
1018.061,1787663963106,1.1177,-5.5173,2.3365,-0.01
1018.161,1787663963206,1.1178,-5.4522,2.3359,-0.01
1018.262,1787663963307,1.1179,-5.3758,2.3352,-0.01
1018.362,1787663963407,1.1180,-5.3056,2.3345,-0.01
1018.462,1787663963507,1.1181,-5.2707,2.3342,-0.01
1018.562,1787663963607,1.1181,-5.2069,2.3337,-0.01
1018.662,1787663963707,1.1182,-5.1261,2.3329,-0.01
1018.762,1787663963807,1.1183,-5.0743,2.3325,-0.01
1018.862,1787663963907,1.1184,-4.9941,2.3318,-0.01
1018.963,1787663964008,1.1184,-4.9314,2.3312,-0.01
1019.063,1787663964108,1.1186,-4.8461,2.3304,-0.01
1019.163,1787663964208,1.1186,-4.7895,2.3299,-0.01
1019.263,1787663964308,1.1187,-4.7387,2.3295,-0.01
1019.363,1787663964408,1.1188,-4.6658,2.3288,-0.01
1019.463,1787663964508,1.1188,-4.6158,2.3284,-0.01
1019.563,1787663964609,1.1189,-4.5440,2.3277,-0.01
1019.664,1787663964709,1.1190,-4.4780,2.3271,-0.01
1019.764,1787663964809,1.1191,-4.3960,2.3264,-0.01
1019.864,1787663964909,1.1191,-4.3524,2.3260,-0.01
1019.964,1787663965009,1.1192,-4.2871,2.3254,-0.01
1020.064,1787663965109,1.1192,-4.2275,2.3249,-0.01
1020.164,1787663965210,1.1193,-4.1736,2.3244,-0.01
1020.265,1787663965310,1.1193,-4.1306,2.3240,-0.01
1020.365,1787663965410,1.1193,-4.1039,2.3237,-0.01
1020.465,1787663965510,1.1194,-4.0299,2.3231,-0.01
1020.565,1787663965610,1.1195,-3.9616,2.3224,-0.01
1020.665,1787663965710,1.1195,-3.8778,2.3216,-0.01
1020.766,1787663965811,1.1196,-3.8306,2.3212,-0.01
1020.866,1787663965911,1.1196,-3.7833,2.3208,-0.01
1020.966,1787663966011,1.1197,-3.7518,2.3205,-0.01
1021.066,1787663966111,1.1197,-3.7151,2.3201,-0.01
1021.166,1787663966211,1.1198,-3.6423,2.3194,-0.01
1021.266,1787663966311,1.1198,-3.6009,2.3190,-0.01
1021.366,1787663966411,1.1198,-3.5698,2.3187,-0.01
1021.466,1787663966512,1.1199,-3.4923,2.3180,-0.01
1021.567,1787663966612,1.1199,-3.4613,2.3177,-0.01
1021.667,1787663966712,1.1200,-3.3887,2.3170,-0.01
1021.767,1787663966812,1.1201,-3.3157,2.3163,-0.00
1021.867,1787663966912,1.1201,-3.2315,2.3155,-0.00
1021.967,1787663967012,1.1202,-3.1891,2.3151,-0.00
1022.068,1787663967113,1.1202,-3.1251,2.3145,-0.00
1022.168,1787663967213,1.1203,-3.0612,2.3139,-0.00
1022.268,1787663967313,1.1203,-2.9972,2.3132,-0.00
1022.368,1787663967413,1.1203,-2.9440,2.3127,-0.00
1022.468,1787663967513,1.1203,-2.8963,2.3123,-0.00
1022.568,1787663967613,1.1204,-2.8115,2.3115,-0.00
1022.668,1787663967713,1.1204,-2.7850,2.3112,-0.00
1022.769,1787663967814,1.1204,-2.6950,2.3103,-0.00
1022.869,1787663967914,1.1204,-2.6474,2.3099,-0.00
1022.969,1787663968014,1.1205,-2.5837,2.3093,-0.00
1023.069,1787663968114,1.1205,-2.5201,2.3087,-0.00
1023.169,1787663968214,1.1206,-2.4617,2.3081,-0.00
1023.269,1787663968314,1.1206,-2.4087,2.3076,-0.00
1023.370,1787663968415,1.1207,-2.3557,2.3071,-0.01
1023.470,1787663968515,1.1207,-2.2977,2.3066,-0.01
1023.570,1787663968615,1.1208,-2.2449,2.3061,-0.01
1023.670,1787663968715,1.1209,-2.1605,2.3054,-0.01
1023.770,1787663968815,1.1209,-2.1077,2.3049,-0.01
1023.870,1787663968915,1.1210,-2.0337,2.3042,-0.01
1023.970,1787663969015,1.1211,-1.9861,2.3038,-0.01
1024.071,1787663969116,1.1211,-1.9437,2.3035,-0.01
1024.171,1787663969216,1.1212,-1.8805,2.3029,-0.01
1024.271,1787663969316,1.1213,-1.8068,2.3023,-0.01
1024.373,1787663969418,1.1214,-1.7436,2.3017,-0.01
1024.473,1787663969518,1.1214,-1.7068,2.3014,-0.01
1024.573,1787663969618,1.1215,-1.6333,2.3008,-0.01
1024.673,1787663969718,1.1216,-1.6019,2.3005,-0.01
1024.773,1787663969818,1.1217,-1.5392,2.3000,-0.01
1024.873,1787663969919,1.1218,-1.4818,2.2995,-0.01
1024.974,1787663970019,1.1219,-1.4141,2.2989,-0.01
1025.074,1787663970119,1.1220,-1.3621,2.2985,-0.01
1025.174,1787663970219,1.1221,-1.3151,2.2981,-0.01
1025.274,1787663970319,1.1222,-1.2315,2.2974,-0.01
1025.374,1787663970419,1.1223,-1.1948,2.2970,-0.01
1025.474,1787663970519,1.1223,-1.1423,2.2966,-0.01
1025.575,1787663970620,1.1224,-1.0899,2.2961,-0.01
1025.675,1787663970720,1.1225,-1.0532,2.2958,-0.01
1025.775,1787663970820,1.1227,-0.9696,2.2951,-0.01
1025.875,1787663970920,1.1227,-0.9120,2.2946,-0.01
1025.975,1787663971020,1.1229,-0.8331,2.2940,-0.01
1026.076,1787663971121,1.1229,-0.8014,2.2937,-0.01
1026.176,1787663971221,1.1230,-0.7432,2.2932,-0.01
1026.276,1787663971321,1.1231,-0.6904,2.2928,-0.01
1026.376,1787663971421,1.1233,-0.6218,2.2922,-0.01
1026.476,1787663971521,1.1233,-0.5902,2.2919,-0.01
1026.577,1787663971622,1.1234,-0.5533,2.2916,-0.01
1026.677,1787663971722,1.1235,-0.4847,2.2911,-0.01
1026.777,1787663971822,1.1235,-0.4372,2.2907,-0.01
1026.877,1787663971922,1.1236,-0.4002,2.2904,-0.00
1026.977,1787663972022,1.1237,-0.3420,2.2899,-0.00
1027.077,1787663972122,1.1237,-0.2944,2.2895,-0.00
1027.177,1787663972223,1.1238,-0.2359,2.2891,-0.00
1027.278,1787663972323,1.1239,-0.1933,2.2887,-0.00
1027.378,1787663972423,1.1239,-0.1452,2.2883,-0.00
1027.478,1787663972524,1.1240,-0.0915,2.2879,-0.00
1027.579,1787663972624,1.1241,-0.0160,2.2873,-0.00
1027.679,1787663972724,1.1241,0.0328,2.2869,-0.00
1027.779,1787663972824,1.1242,0.0875,2.2864,-0.00
1027.879,1787663972924,1.1242,0.1369,2.2860,-0.00
1027.979,1787663973024,1.1243,0.2361,2.2851,-0.00
1028.079,1787663973125,1.1243,0.2916,2.2846,-0.00
1028.180,1787663973225,1.1243,0.3474,2.2841,-0.00
1028.280,1787663973325,1.1244,0.4202,2.2835,-0.00
1028.380,1787663973425,1.1244,0.4764,2.2830,-0.00
1028.485,1787663973530,1.1244,0.5270,2.2825,-0.00
1028.585,1787663973630,1.1244,0.5776,2.2820,-0.00
1028.685,1787663973730,1.1244,0.6281,2.2816,-0.00
1028.786,1787663973831,1.1245,0.6729,2.2812,-0.00
1028.887,1787663973932,1.1245,0.7288,2.2807,-0.00
1028.987,1787663974033,1.1245,0.8126,2.2799,-0.00
1029.088,1787663974133,1.1245,0.8799,2.2793,-0.00
1029.188,1787663974233,1.1245,0.9194,2.2790,-0.00
1029.288,1787663974333,1.1245,0.9759,2.2785,-0.00
1029.389,1787663974434,1.1245,1.0492,2.2778,-0.00
1029.489,1787663974534,1.1245,1.1001,2.2774,-0.00
1029.589,1787663974634,1.1245,1.1848,2.2766,-0.00
1029.689,1787663974734,1.1245,1.2471,2.2761,-0.00
1029.789,1787663974834,1.1245,1.3152,2.2755,-0.00
1029.890,1787663974935,1.1246,1.3719,2.2750,-0.00
1029.990,1787663975035,1.1245,1.4117,2.2746,-0.00
1030.090,1787663975135,1.1245,1.4627,2.2742,0.00
1030.190,1787663975235,1.1245,1.5191,2.2737,0.00
1030.290,1787663975335,1.1245,1.5810,2.2731,0.00
1030.390,1787663975435,1.1245,1.6482,2.2725,0.00
1030.491,1787663975536,1.1245,1.7268,2.2719,0.00
1030.591,1787663975636,1.1245,1.7999,2.2712,0.00
1030.691,1787663975736,1.1245,1.8506,2.2708,0.00
1030.792,1787663975837,1.1244,1.8956,2.2704,0.00
1030.892,1787663975937,1.1244,1.9519,2.2699,0.00
1030.992,1787663976037,1.1244,2.0417,2.2692,0.00
1031.092,1787663976137,1.1244,2.1145,2.2686,-0.00
1031.192,1787663976237,1.1244,2.1986,2.2679,-0.00
1031.292,1787663976337,1.1243,2.2825,2.2672,-0.00
1031.392,1787663976437,1.1243,2.3552,2.2666,-0.00
1031.492,1787663976537,1.1243,2.4166,2.2661,-0.00
1031.592,1787663976638,1.1243,2.4942,2.2655,-0.01
1031.693,1787663976738,1.1242,2.5439,2.2651,-0.01
1031.793,1787663976838,1.1242,2.6205,2.2644,-0.01
1031.893,1787663976938,1.1242,2.6639,2.2641,-0.01
1031.993,1787663977038,1.1242,2.7178,2.2637,-0.01
1032.093,1787663977138,1.1242,2.7714,2.2632,-0.01
1032.193,1787663977238,1.1241,2.8405,2.2626,-0.01
1032.294,1787663977339,1.1241,2.9303,2.2619,-0.01
1032.394,1787663977439,1.1241,2.9936,2.2614,-0.01
1032.494,1787663977539,1.1241,3.0726,2.2608,-0.01
1032.594,1787663977639,1.1241,3.1146,2.2604,-0.01
1032.694,1787663977740,1.1241,3.1566,2.2601,-0.01
1032.795,1787663977840,1.1241,3.2189,2.2596,-0.01
1032.895,1787663977940,1.1241,3.2549,2.2593,-0.01
1032.995,1787663978040,1.1241,3.2856,2.2590,-0.01
1033.095,1787663978140,1.1241,3.3213,2.2587,-0.01
1033.196,1787663978241,1.1242,3.3819,2.2582,-0.01
1033.296,1787663978341,1.1242,3.4221,2.2579,-0.01
1033.396,1787663978441,1.1242,3.4724,2.2574,-0.01
1033.496,1787663978541,1.1243,3.5276,2.2569,-0.01
1033.596,1787663978642,1.1243,3.5931,2.2564,-0.01
1033.698,1787663978743,1.1244,3.6640,2.2558,-0.01
1033.798,1787663978843,1.1245,3.7253,2.2552,-0.01
1033.898,1787663978943,1.1246,3.7973,2.2546,-0.01
1033.998,1787663979044,1.1247,3.8697,2.2539,-0.01
1034.099,1787663979144,1.1247,3.9215,2.2534,-0.01
1034.199,1787663979244,1.1248,3.9681,2.2530,-0.01
1034.299,1787663979344,1.1249,4.0199,2.2525,-0.01
1034.399,1787663979444,1.1250,4.0714,2.2520,-0.01
1034.499,1787663979544,1.1251,4.1537,2.2513,-0.01
1034.599,1787663979644,1.1252,4.2103,2.2508,-0.01
1034.700,1787663979745,1.1253,4.2619,2.2503,-0.01
1034.800,1787663979845,1.1254,4.3084,2.2499,-0.01
1034.900,1787663979945,1.1254,4.3497,2.2495,-0.01
1035.000,1787663980045,1.1255,4.3962,2.2491,-0.01
1035.100,1787663980145,1.1256,4.4375,2.2488,-0.01
1035.201,1787663980246,1.1257,4.5146,2.2481,-0.01
1035.302,1787663980347,1.1258,4.5713,2.2476,-0.01
1035.402,1787663980447,1.1259,4.6283,2.2471,-0.01
1035.502,1787663980547,1.1260,4.7012,2.2465,-0.01
1035.602,1787663980647,1.1261,4.7380,2.2462,-0.01
1035.703,1787663980748,1.1262,4.8117,2.2456,-0.01
1035.803,1787663980848,1.1263,4.8434,2.2453,-0.01
1035.903,1787663980948,1.1264,4.9278,2.2446,-0.01
1036.004,1787663981049,1.1265,4.9701,2.2442,-0.01
1036.104,1787663981149,1.1266,5.0441,2.2436,-0.01
1036.204,1787663981249,1.1267,5.1023,2.2431,-0.01
1036.304,1787663981349,1.1268,5.1818,2.2424,-0.01
1036.404,1787663981449,1.1269,5.2350,2.2420,-0.01
1036.504,1787663981550,1.1270,5.3150,2.2413,-0.01
1036.605,1787663981650,1.1270,5.3630,2.2409,-0.01
1036.705,1787663981750,1.1271,5.4269,2.2404,-0.01
1036.805,1787663981850,1.1272,5.5014,2.2397,-0.01
1036.905,1787663981950,1.1273,5.5705,2.2391,-0.01
1037.005,1787663982050,1.1273,5.6183,2.2387,-0.01
1037.105,1787663982150,1.1274,5.6661,2.2383,-0.01
1037.205,1787663982251,1.1274,5.7349,2.2377,-0.01
1037.306,1787663982351,1.1275,5.7718,2.2374,-0.01
1037.406,1787663982451,1.1275,5.8614,2.2366,-0.01
1037.506,1787663982551,1.1276,5.9244,2.2361,-0.01
1037.606,1787663982651,1.1276,6.0138,2.2353,-0.01
1037.706,1787663982751,1.1276,6.0771,2.2348,-0.01
1037.806,1787663982851,1.1277,6.1298,2.2343,-0.01
1037.906,1787663982952,1.1277,6.1561,2.2341,-0.01
1038.007,1787663983052,1.1277,6.2241,2.2335,-0.01
1038.107,1787663983152,1.1277,6.2552,2.2333,-0.01
1038.207,1787663983253,1.1277,6.2811,2.2331,-0.01
1038.308,1787663983353,1.1278,6.3478,2.2325,-0.01
1038.408,1787663983453,1.1278,6.3938,2.2321,-0.01
1038.508,1787663983553,1.1278,6.4295,2.2318,-0.01
1038.608,1787663983653,1.1279,6.4855,2.2314,-0.01
1038.708,1787663983753,1.1279,6.5263,2.2311,-0.01
1038.809,1787663983854,1.1279,6.5519,2.2309,-0.01
1038.909,1787663983954,1.1279,6.6134,2.2304,-0.01
1039.010,1787663984055,1.1279,6.6752,2.2299,-0.01
1039.110,1787663984155,1.1279,6.7270,2.2295,-0.01
1039.210,1787663984255,1.1279,6.7688,2.2291,-0.01
1039.311,1787663984356,1.1280,6.8108,2.2288,-0.01
1039.411,1787663984456,1.1280,6.8953,2.2280,-0.01
1039.511,1787663984556,1.1281,6.9484,2.2276,-0.01
1039.611,1787663984656,1.1281,7.0073,2.2271,-0.01
1039.711,1787663984757,1.1282,7.0828,2.2264,-0.01
1039.812,1787663984857,1.1282,7.1480,2.2259,-0.01
1039.912,1787663984957,1.1282,7.2081,2.2253,-0.01
1040.012,1787663985057,1.1283,7.2739,2.2248,-0.01
1040.112,1787663985157,1.1283,7.3398,2.2242,-0.01
1040.212,1787663985257,1.1284,7.4113,2.2235,-0.01
1040.312,1787663985357,1.1284,7.4887,2.2228,-0.01
1040.413,1787663985458,1.1285,7.5720,2.2220,-0.01
1040.514,1787663985559,1.1285,7.6164,2.2216,-0.01
1040.614,1787663985659,1.1286,7.6777,2.2211,-0.01
1040.714,1787663985759,1.1286,7.7223,2.2206,-0.01
1040.814,1787663985859,1.1287,7.7614,2.2203,-0.01
1040.914,1787663985959,1.1287,7.8232,2.2197,-0.01
1041.014,1787663986059,1.1288,7.9019,2.2190,-0.01
1041.114,1787663986160,1.1289,7.9858,2.2184,-0.01
1041.215,1787663986260,1.1289,8.0356,2.2180,-0.01
1041.315,1787663986360,1.1290,8.0795,2.2177,-0.01
1041.415,1787663986460,1.1291,8.1708,2.2172,-0.01
1041.515,1787663986560,1.1292,8.2437,2.2168,-0.01
1041.615,1787663986660,1.1292,8.2993,2.2165,-0.01
1041.715,1787663986761,1.1293,8.3533,2.2163,-0.01
1041.816,1787663986861,1.1294,8.3963,2.2161,-0.01
1041.916,1787663986961,1.1294,8.4243,2.2160,-0.01
1042.016,1787663987061,1.1294,8.4788,2.2158,-0.01
1042.116,1787663987161,1.1295,8.5182,2.2157,-0.01
1042.216,1787663987261,1.1295,8.5605,2.2155,-0.01
1042.316,1787663987361,1.1296,8.6012,2.2154,-0.02
1042.417,1787663987462,1.1296,8.6402,2.2152,-0.02
1042.517,1787663987562,1.1297,8.6957,2.2150,-0.02
1042.617,1787663987662,1.1297,8.7339,2.2148,-0.02
1042.717,1787663987762,1.1298,8.7797,2.2146,-0.02
1042.817,1787663987862,1.1298,8.8191,2.2144,-0.02
1042.919,1787663987964,1.1298,8.8502,2.2142,-0.02
1043.019,1787663988064,1.1298,8.8767,2.2140,-0.02
1043.119,1787663988164,1.1298,8.9157,2.2136,-0.02
1043.219,1787663988264,1.1298,8.9422,2.2134,-0.02
1043.320,1787663988365,1.1298,8.9664,2.2131,-0.02
1043.420,1787663988465,1.1298,8.9901,2.2128,-0.02
1043.520,1787663988566,1.1298,9.0066,2.2125,-0.02
1043.621,1787663988666,1.1298,9.0216,2.2122,-0.02
1043.721,1787663988766,1.1298,9.0378,2.2119,-0.02
1043.823,1787663988868,1.1298,9.0554,2.2115,-0.02
1043.923,1787663988968,1.1298,9.0625,2.2113,-0.02
1044.023,1787663989068,1.1298,9.0775,2.2109,-0.02
1044.123,1787663989168,1.1298,9.0866,2.2105,-0.02
1044.225,1787663989270,1.1297,9.0930,2.2103,-0.02
1044.325,1787663989370,1.1297,9.0959,2.2101,-0.02
1044.426,1787663989471,1.1297,9.1018,2.2098,-0.02
1044.526,1787663989572,1.1297,9.1035,2.2097,-0.02
1044.627,1787663989672,1.1296,9.1062,2.2094,-0.02
1044.727,1787663989772,1.1296,9.1078,2.2092,-0.02
1044.827,1787663989872,1.1295,9.1080,2.2090,-0.02
1044.927,1787663989972,1.1295,9.1071,2.2088,-0.02
1045.027,1787663990072,1.1295,9.1047,2.2086,-0.02
1045.127,1787663990172,1.1294,9.1025,2.2086,-0.02
1045.227,1787663990272,1.1294,9.0987,2.2085,-0.02
1045.328,1787663990373,1.1293,9.0952,2.2084,-0.02
1045.428,1787663990473,1.1292,9.0900,2.2084,-0.02
1045.528,1787663990573,1.1292,9.0868,2.2083,-0.02
1045.628,1787663990673,1.1291,9.0821,2.2083,-0.02
1045.728,1787663990773,1.1291,9.0786,2.2083,-0.02
1045.828,1787663990874,1.1291,9.0740,2.2083,-0.02
1045.929,1787663990974,1.1290,9.0682,2.2084,-0.02
1046.029,1787663991074,1.1290,9.0643,2.2084,-0.02
1046.129,1787663991174,1.1289,9.0588,2.2084,-0.01
1046.229,1787663991274,1.1289,9.0517,2.2085,-0.01
1046.329,1787663991374,1.1289,9.0487,2.2085,-0.01
1046.429,1787663991474,1.1288,9.0431,2.2086,-0.01
1046.529,1787663991575,1.1288,9.0395,2.2086,-0.01
1046.630,1787663991675,1.1288,9.0370,2.2087,-0.01
1046.730,1787663991775,1.1287,9.0304,2.2087,-0.01
1046.830,1787663991875,1.1287,9.0259,2.2088,-0.01
1046.930,1787663991975,1.1287,9.0215,2.2088,-0.01
1047.031,1787663992076,1.1286,9.0147,2.2089,-0.01
1047.131,1787663992176,1.1286,9.0119,2.2089,-0.01
1047.231,1787663992276,1.1285,9.0064,2.2090,-0.01
1047.331,1787663992376,1.1285,9.0019,2.2091,-0.01
1047.431,1787663992476,1.1284,8.9958,2.2091,-0.01
1047.532,1787663992577,1.1284,8.9925,2.2092,-0.01
1047.633,1787663992678,1.1283,8.9872,2.2092,-0.01
1047.735,1787663992780,1.1283,8.9823,2.2092,-0.01
1047.835,1787663992880,1.1283,8.9794,2.2093,-0.01
1047.935,1787663992980,1.1282,8.9755,2.2093,-0.01
1048.035,1787663993080,1.1281,8.9715,2.2093,-0.01
1048.135,1787663993180,1.1280,8.9669,2.2093,-0.02
1048.235,1787663993280,1.1279,8.9632,2.2094,-0.02
1048.335,1787663993380,1.1278,8.9592,2.2094,-0.02
1048.436,1787663993481,1.1278,8.9568,2.2094,-0.02
1048.536,1787663993581,1.1277,8.9552,2.2095,-0.02
1048.636,1787663993681,1.1277,8.9534,2.2095,-0.02
1048.736,1787663993781,1.1277,8.9520,2.2095,-0.02
1048.836,1787663993881,1.1276,8.9498,2.2095,-0.02
1048.936,1787663993981,1.1276,8.9484,2.2095,-0.02
1049.037,1787663994082,1.1276,8.9470,2.2096,-0.02
1049.137,1787663994182,1.1275,8.9451,2.2096,-0.02
1049.237,1787663994282,1.1275,8.9434,2.2096,-0.02
1049.337,1787663994382,1.1275,8.9418,2.2096,-0.02
1049.437,1787663994482,1.1274,8.9404,2.2096,-0.01
1049.537,1787663994582,1.1274,8.9392,2.2096,-0.01
1049.637,1787663994683,1.1274,8.9388,2.2096,-0.01
1049.738,1787663994783,1.1274,8.9377,2.2096,-0.01
1049.838,1787663994883,1.1274,8.9370,2.2096,-0.01
1049.938,1787663994983,1.1274,8.9362,2.2096,-0.01
1050.038,1787663995083,1.1274,8.9359,2.2096,-0.01
1050.138,1787663995183,1.1274,8.9355,2.2096,-0.01
1050.239,1787663995284,1.1274,8.9352,2.2096,-0.01
1050.339,1787663995385,1.1274,8.9352,2.2096,-0.01
1050.440,1787663995485,1.1274,8.9351,2.2096,-0.01
1050.540,1787663995585,1.1274,8.9350,2.2095,-0.01
1050.640,1787663995685,1.1274,8.9351,2.2095,-0.01
1050.741,1787663995786,1.1274,8.9352,2.2095,-0.01
1050.841,1787663995886,1.1274,8.9353,2.2095,-0.01
1050.941,1787663995986,1.1275,8.9357,2.2095,-0.01
1051.041,1787663996086,1.1275,8.9359,2.2094,-0.01
1051.141,1787663996187,1.1275,8.9363,2.2094,-0.01
1051.242,1787663996287,1.1275,8.9366,2.2094,-0.01
1051.342,1787663996387,1.1275,8.9371,2.2094,-0.02
1051.442,1787663996487,1.1275,8.9377,2.2093,-0.02
1051.542,1787663996588,1.1275,8.9384,2.2093,-0.02
1051.643,1787663996688,1.1275,8.9391,2.2093,-0.02
1051.743,1787663996788,1.1275,8.9400,2.2092,-0.02
1051.843,1787663996888,1.1275,8.9407,2.2092,-0.02
1051.943,1787663996988,1.1275,8.9414,2.2092,-0.02
1052.043,1787663997088,1.1275,8.9423,2.2092,-0.02
1052.143,1787663997188,1.1275,8.9427,2.2092,-0.02
1052.243,1787663997289,1.1275,8.9432,2.2092,-0.02
1052.344,1787663997389,1.1275,8.9440,2.2091,-0.02
1052.444,1787663997489,1.1275,8.9453,2.2089,-0.02
1052.544,1787663997589,1.1276,8.9466,2.2083,-0.02
1052.644,1787663997689,1.1276,8.9475,2.2075,-0.02
1052.744,1787663997789,1.1276,8.9483,2.2062,-0.02
1052.844,1787663997890,1.1275,8.9487,2.2046,-0.02
1052.945,1787663997990,1.1275,8.9488,2.2038,-0.02
1053.045,1787663998090,1.1275,8.9489,2.2006,-0.02
1053.145,1787663998190,1.1275,8.9487,2.1974,-0.02
1053.245,1787663998290,1.1275,8.9485,2.1956,-0.02
1053.345,1787663998390,1.1274,8.9480,2.1916,-0.02
1053.445,1787663998491,1.1274,8.9472,2.1849,-0.02
1053.546,1787663998591,1.1273,8.9459,2.1755,-0.02
1053.646,1787663998691,1.1272,8.9448,2.1669,-0.02
1053.746,1787663998791,1.1272,8.9435,2.1577,-0.02
1053.846,1787663998891,1.1271,8.9427,2.1521,-0.02
1053.946,1787663998991,1.1271,8.9419,2.1464,-0.02
1054.046,1787663999091,1.1270,8.9405,2.1368,-0.02
1054.146,1787663999191,1.1270,8.9395,2.1298,-0.02
1054.246,1787663999292,1.1269,8.9383,2.1217,-0.02
1054.347,1787663999392,1.1269,8.9368,2.1108,-0.01
1054.447,1787663999492,1.1269,8.9349,2.0976,-0.01
1054.547,1787663999592,1.1268,8.9342,2.0922,-0.01
1054.647,1787663999692,1.1268,8.9330,2.0830,-0.01
1054.747,1787663999793,1.1268,8.9317,2.0726,-0.01
1054.848,1787663999893,1.1268,8.9302,2.0599,-0.01
1054.948,1787663999993,1.1268,8.9288,2.0480,-0.01
1055.048,1787664000093,1.1268,8.9274,2.0348,-0.01
1055.148,1787664000193,1.1268,8.9259,2.0204,-0.01
1055.249,1787664000294,1.1268,8.9246,2.0069,-0.01
1055.349,1787664000394,1.1268,8.9238,1.9985,-0.01
1055.449,1787664000494,1.1269,8.9229,1.9879,-0.01
1055.549,1787664000594,1.1269,8.9218,1.9729,-0.02
1055.649,1787664000694,1.1270,8.9212,1.9653,-0.02
1055.749,1787664000795,1.1271,8.9202,1.9489,-0.02
1055.850,1787664000895,1.1271,8.9197,1.9401,-0.02
1055.950,1787664000995,1.1272,8.9191,1.9279,-0.02
1056.050,1787664001095,1.1273,8.9185,1.9133,-0.02
1056.150,1787664001195,1.1274,8.9180,1.8986,-0.02
1056.250,1787664001295,1.1275,8.9176,1.8826,-0.02
1056.351,1787664001396,1.1276,8.9174,1.8688,-0.02
1056.451,1787664001496,1.1277,8.9173,1.8596,-0.02
1056.551,1787664001596,1.1278,8.9172,1.8470,-0.02
1056.651,1787664001696,1.1279,8.9172,1.8319,-0.02
1056.751,1787664001796,1.1281,8.9173,1.8156,-0.02
1056.851,1787664001897,1.1282,8.9174,1.8039,-0.02
1056.952,1787664001997,1.1282,8.9176,1.7946,-0.02
1057.052,1787664002097,1.1284,8.9179,1.7793,-0.02
1057.152,1787664002197,1.1285,8.9183,1.7652,-0.02
1057.252,1787664002297,1.1286,8.9187,1.7510,-0.02
1057.352,1787664002397,1.1287,8.9192,1.7391,-0.03
1057.452,1787664002497,1.1288,8.9198,1.7237,-0.03
1057.553,1787664002598,1.1289,8.9203,1.7118,-0.03
1057.653,1787664002698,1.1290,8.9209,1.6998,-0.03
1057.753,1787664002798,1.1290,8.9213,1.6915,-0.03
1057.854,1787664002899,1.1291,8.9219,1.6806,-0.03
1057.954,1787664002999,1.1292,8.9225,1.6697,-0.03
1058.054,1787664003099,1.1293,8.9234,1.6551,-0.03
1058.154,1787664003199,1.1294,8.9242,1.6402,-0.03
1058.254,1787664003299,1.1294,8.9252,1.6253,-0.03
1058.354,1787664003399,1.1295,8.9262,1.6090,-0.03
1058.454,1787664003499,1.1296,8.9275,1.5890,-0.02
1058.554,1787664003599,1.1296,8.9280,1.5814,-0.02
1058.654,1787664003700,1.1297,8.9292,1.5639,-0.02
1058.755,1787664003800,1.1298,8.9298,1.5564,-0.02
1058.855,1787664003900,1.1298,8.9310,1.5389,-0.02
1058.956,1787664004001,1.1299,8.9319,1.5263,-0.02
1059.056,1787664004101,1.1299,8.9330,1.5124,-0.02
1059.156,1787664004201,1.1300,8.9340,1.4984,-0.02
1059.256,1787664004301,1.1300,8.9347,1.4882,-0.02
1059.356,1787664004402,1.1301,8.9360,1.4717,-0.02
1059.457,1787664004502,1.1301,8.9371,1.4563,-0.02
1059.557,1787664004602,1.1302,8.9380,1.4448,-0.02
1059.657,1787664004702,1.1302,8.9392,1.4282,-0.02
1059.757,1787664004802,1.1303,8.9402,1.4141,-0.02
1059.857,1787664004902,1.1303,8.9413,1.3987,-0.02
1059.957,1787664005003,1.1303,8.9422,1.3871,-0.02
1060.058,1787664005103,1.1303,8.9433,1.3703,-0.02
1060.158,1787664005203,1.1303,8.9440,1.3613,-0.02
1060.258,1787664005303,1.1304,8.9452,1.3432,-0.02
1060.358,1787664005403,1.1304,8.9460,1.3316,-0.03
1060.458,1787664005503,1.1304,8.9469,1.3174,-0.03
1060.558,1787664005604,1.1304,8.9481,1.2991,-0.03
1060.659,1787664005704,1.1304,8.9493,1.2809,-0.03
1060.759,1787664005804,1.1303,8.9501,1.2679,-0.03
1060.859,1787664005904,1.1303,8.9510,1.2549,-0.03
1060.959,1787664006004,1.1303,8.9521,1.2368,-0.03
1061.059,1787664006104,1.1303,8.9525,1.2303,-0.03
1061.160,1787664006205,1.1303,8.9535,1.2148,-0.03
1061.260,1787664006305,1.1303,8.9544,1.2005,-0.03
1061.360,1787664006405,1.1303,8.9551,1.1888,-0.03
1061.460,1787664006505,1.1303,8.9563,1.1693,-0.03
1061.560,1787664006605,1.1303,8.9572,1.1550,-0.03
1061.661,1787664006706,1.1302,8.9582,1.1381,-0.03
1061.761,1787664006806,1.1302,8.9593,1.1212,-0.03
1061.861,1787664006906,1.1301,8.9604,1.1031,-0.03
1061.961,1787664007006,1.1301,8.9614,1.0864,-0.03
1062.062,1787664007107,1.1301,8.9623,1.0724,-0.03
1062.162,1787664007207,1.1301,8.9632,1.0572,-0.03
1062.262,1787664007307,1.1301,8.9642,1.0420,-0.03
1062.362,1787664007407,1.1301,8.9652,1.0256,-0.03
1062.462,1787664007507,1.1301,8.9658,1.0143,-0.03
1062.562,1787664007607,1.1301,8.9664,1.0055,-0.03
1062.662,1787664007708,1.1301,8.9673,0.9892,-0.03
1062.763,1787664007808,1.1300,8.9679,0.9792,-0.03
1062.863,1787664007908,1.1300,8.9688,0.9653,-0.03
1062.963,1787664008008,1.1300,8.9698,0.9475,-0.02
1063.063,1787664008108,1.1300,8.9705,0.9347,-0.02
1063.163,1787664008208,1.1300,8.9714,0.9194,-0.02
1063.263,1787664008308,1.1300,8.9719,0.9105,-0.02
1063.363,1787664008408,1.1300,8.9731,0.8900,-0.02
1063.463,1787664008509,1.1300,8.9739,0.8746,-0.02
1063.565,1787664008610,1.1301,8.9748,0.8593,-0.02
1063.665,1787664008710,1.1301,8.9752,0.8516,-0.02
1063.765,1787664008811,1.1301,8.9757,0.8426,-0.02
1063.866,1787664008911,1.1301,8.9767,0.8232,-0.02
1063.966,1787664009011,1.1301,8.9772,0.8141,-0.03
1064.066,1787664009111,1.1301,8.9780,0.8000,-0.03
1064.166,1787664009211,1.1301,8.9788,0.7848,-0.03
1064.266,1787664009311,1.1301,8.9798,0.7666,-0.03
1064.366,1787664009411,1.1302,8.9806,0.7537,-0.03
1064.466,1787664009511,1.1302,8.9815,0.7392,-0.03
1064.566,1787664009611,1.1302,8.9823,0.7265,-0.03
1064.667,1787664009712,1.1303,8.9832,0.7125,-0.03
1064.767,1787664009812,1.1303,8.9839,0.7022,-0.03
1064.867,1787664009912,1.1303,8.9846,0.6907,-0.03
1064.967,1787664010012,1.1303,8.9850,0.6856,-0.03
1065.067,1787664010112,1.1304,8.9855,0.6775,-0.03
1065.167,1787664010212,1.1304,8.9862,0.6683,-0.03
1065.267,1787664010313,1.1305,8.9866,0.6625,-0.03
1065.368,1787664010413,1.1305,8.9871,0.6562,-0.03
1065.468,1787664010513,1.1306,8.9878,0.6477,-0.03
1065.568,1787664010613,1.1306,8.9881,0.6434,-0.03
1065.668,1787664010713,1.1307,8.9889,0.6341,-0.03
1065.768,1787664010813,1.1308,8.9893,0.6297,-0.03
1065.869,1787664010914,1.1309,8.9903,0.6239,-0.03
1065.969,1787664011014,1.1310,8.9916,0.6208,-0.03
1066.069,1787664011114,1.1310,8.9933,0.6191,-0.02
1066.169,1787664011215,1.1311,8.9952,0.6185,-0.02
1066.270,1787664011315,1.1312,8.9974,0.6188,-0.02
1066.370,1787664011415,1.1312,8.9983,0.6196,-0.02
1066.470,1787664011515,1.1313,8.9983,0.6209,-0.02
1066.570,1787664011615,1.1313,8.9966,0.6226,-0.02
1066.670,1787664011715,1.1313,8.9932,0.6244,-0.02
1066.770,1787664011816,1.1313,8.9879,0.6262,-0.02
1066.871,1787664011916,1.1313,8.9812,0.6278,-0.03
1066.971,1787664012016,1.1313,8.9727,0.6294,-0.03
1067.071,1787664012116,1.1313,8.9595,0.6313,-0.03
1067.171,1787664012216,1.1312,8.9501,0.6323,-0.03
1067.271,1787664012316,1.1312,8.9335,0.6339,-0.03
1067.372,1787664012417,1.1312,8.9186,0.6350,-0.03
1067.472,1787664012517,1.1311,8.9005,0.6361,-0.03
1067.572,1787664012617,1.1310,8.8803,0.6371,-0.03
1067.672,1787664012717,1.1310,8.8618,0.6378,-0.03
1067.772,1787664012817,1.1309,8.8400,0.6384,-0.03
1067.873,1787664012918,1.1309,8.8273,0.6388,-0.03
1067.973,1787664013018,1.1308,8.8005,0.6394,-0.03
1068.073,1787664013118,1.1307,8.7666,0.6399,-0.03
1068.173,1787664013218,1.1306,8.7323,0.6403,-0.04
1068.273,1787664013318,1.1306,8.7010,0.6405,-0.04
1068.373,1787664013418,1.1305,8.6770,0.6405,-0.04
1068.473,1787664013518,1.1304,8.6328,0.6405,-0.04
1068.573,1787664013619,1.1304,8.6062,0.6404,-0.04
1068.674,1787664013719,1.1303,8.5506,0.6401,-0.04
1068.774,1787664013819,1.1302,8.5178,0.6399,-0.04
1068.874,1787664013919,1.1301,8.4607,0.6394,-0.04
1068.974,1787664014019,1.1301,8.4291,0.6391,-0.04
1069.074,1787664014119,1.1300,8.3883,0.6387,-0.04
1069.174,1787664014219,1.1299,8.3422,0.6382,-0.04
1069.274,1787664014320,1.1298,8.2907,0.6376,-0.04
1069.375,1787664014420,1.1297,8.2377,0.6370,-0.04
1069.475,1787664014520,1.1297,8.1785,0.6363,-0.04
1069.576,1787664014621,1.1296,8.1128,0.6355,-0.04
1069.676,1787664014721,1.1295,8.0646,0.6349,-0.04
1069.776,1787664014821,1.1295,8.0107,0.6342,-0.04
1069.876,1787664014921,1.1294,7.9457,0.6334,-0.04
1069.976,1787664015021,1.1294,7.8745,0.6325,-0.04
1070.076,1787664015121,1.1293,7.8074,0.6317,-0.04
1070.176,1787664015222,1.1293,7.7446,0.6310,-0.04
1070.277,1787664015322,1.1292,7.6812,0.6303,-0.04
1070.377,1787664015422,1.1292,7.6333,0.6297,-0.04
1070.477,1787664015522,1.1291,7.5743,0.6291,-0.04
1070.577,1787664015622,1.1291,7.5150,0.6284,-0.04
1070.677,1787664015722,1.1290,7.4555,0.6278,-0.04
1070.777,1787664015822,1.1290,7.4066,0.6273,-0.03
1070.877,1787664015923,1.1290,7.3359,0.6266,-0.03
1070.978,1787664016023,1.1289,7.2703,0.6259,-0.03
1071.078,1787664016123,1.1289,7.2045,0.6253,-0.03
1071.178,1787664016223,1.1288,7.1384,0.6247,-0.03
1071.278,1787664016323,1.1288,7.0888,0.6243,-0.03
1071.378,1787664016423,1.1287,7.0169,0.6236,-0.03
1071.478,1787664016523,1.1287,6.9449,0.6230,-0.03
1071.578,1787664016623,1.1286,6.9061,0.6226,-0.03
1071.678,1787664016724,1.1286,6.8230,0.6219,-0.03
1071.779,1787664016824,1.1286,6.7787,0.6215,-0.03
1071.879,1787664016924,1.1286,6.7344,0.6212,-0.03
1071.979,1787664017024,1.1285,6.6573,0.6205,-0.03
1072.079,1787664017124,1.1285,6.5804,0.6198,-0.03
1072.179,1787664017224,1.1285,6.5200,0.6193,-0.03
1072.279,1787664017325,1.1285,6.4594,0.6188,-0.03
1072.382,1787664017427,1.1284,6.3990,0.6183,-0.03
1072.482,1787664017527,1.1284,6.3551,0.6179,-0.03
1072.582,1787664017627,1.1284,6.2676,0.6172,-0.03
1072.682,1787664017727,1.1284,6.2129,0.6167,-0.03
1072.782,1787664017827,1.1284,6.1420,0.6161,-0.03
1072.882,1787664017928,1.1284,6.0929,0.6157,-0.03
1072.983,1787664018028,1.1283,6.0278,0.6152,-0.03
1073.083,1787664018128,1.1283,5.9683,0.6147,-0.03
1073.183,1787664018228,1.1283,5.9035,0.6141,-0.03
1073.283,1787664018328,1.1283,5.8604,0.6137,-0.03
1073.383,1787664018428,1.1283,5.8065,0.6133,-0.02
1073.483,1787664018528,1.1283,5.7207,0.6126,-0.02
1073.583,1787664018628,1.1283,5.6458,0.6120,-0.02
1073.683,1787664018728,1.1283,5.5761,0.6115,-0.02
1073.784,1787664018829,1.1283,5.5278,0.6111,-0.02
1073.884,1787664018929,1.1283,5.4530,0.6105,-0.03
1073.984,1787664019029,1.1283,5.3998,0.6101,-0.02
1074.084,1787664019129,1.1283,5.3205,0.6094,-0.02
1074.184,1787664019229,1.1283,5.2625,0.6090,-0.02
1074.284,1787664019329,1.1283,5.2098,0.6086,-0.02
1074.385,1787664019430,1.1283,5.1626,0.6082,-0.02
1074.485,1787664019530,1.1283,5.1157,0.6078,-0.02
1074.585,1787664019630,1.1283,5.0430,0.6073,-0.02
1074.686,1787664019731,1.1283,5.0068,0.6070,-0.02
1074.786,1787664019831,1.1283,4.9553,0.6066,-0.02
1074.886,1787664019931,1.1284,4.9039,0.6062,-0.02
1074.986,1787664020031,1.1284,4.8628,0.6058,-0.02
1075.086,1787664020132,1.1284,4.8014,0.6054,-0.02
1075.187,1787664020232,1.1284,4.7348,0.6048,-0.02
1075.287,1787664020332,1.1285,4.6577,0.6043,-0.02
1075.387,1787664020432,1.1285,4.6217,0.6040,-0.02
1075.487,1787664020532,1.1285,4.5700,0.6036,-0.02
1075.587,1787664020632,1.1285,4.5234,0.6032,-0.02
1075.688,1787664020733,1.1286,4.4563,0.6027,-0.02
1075.788,1787664020833,1.1286,4.3892,0.6022,-0.02
1075.888,1787664020933,1.1287,4.3168,0.6016,-0.03
1075.988,1787664021033,1.1287,4.2596,0.6012,-0.03
1076.089,1787664021134,1.1287,4.1970,0.6007,-0.03
1076.189,1787664021234,1.1288,4.1395,0.6003,-0.03
1076.289,1787664021334,1.1288,4.0820,0.5999,-0.03
1076.389,1787664021434,1.1288,4.0246,0.5994,-0.03
1076.489,1787664021534,1.1288,3.9985,0.5993,-0.03
1076.589,1787664021634,1.1289,3.9413,0.5988,-0.02
1076.690,1787664021735,1.1289,3.8791,0.5984,-0.02
1076.790,1787664021835,1.1289,3.8273,0.5980,-0.02
1076.890,1787664021935,1.1290,3.7598,0.5975,-0.02
1076.990,1787664022035,1.1290,3.6923,0.5970,-0.02
1077.090,1787664022135,1.1290,3.6245,0.5965,-0.02
1077.190,1787664022235,1.1291,3.5722,0.5961,-0.02
1077.290,1787664022336,1.1291,3.5093,0.5956,-0.02
1077.391,1787664022436,1.1291,3.4569,0.5952,-0.02
1077.491,1787664022536,1.1292,3.3572,0.5944,-0.02
1077.591,1787664022636,1.1292,3.3098,0.5941,-0.02
1077.691,1787664022736,1.1293,3.2465,0.5936,-0.02
1077.791,1787664022836,1.1293,3.2097,0.5933,-0.02
1077.891,1787664022937,1.1293,3.1468,0.5929,-0.02
1077.992,1787664023037,1.1294,3.0842,0.5924,-0.02
1078.092,1787664023137,1.1294,3.0270,0.5920,-0.01
1078.192,1787664023237,1.1294,2.9699,0.5916,-0.01
1078.292,1787664023337,1.1295,2.9232,0.5913,-0.01
1078.392,1787664023437,1.1295,2.8401,0.5907,-0.01
1078.492,1787664023537,1.1296,2.7829,0.5903,-0.01
1078.592,1787664023637,1.1296,2.7255,0.5899,-0.01
1078.692,1787664023737,1.1296,2.6889,0.5897,-0.01
1078.792,1787664023838,1.1296,2.6109,0.5891,-0.01
1078.893,1787664023938,1.1296,2.5694,0.5889,-0.01
1078.993,1787664024038,1.1296,2.5176,0.5885,-0.01
1079.093,1787664024138,1.1296,2.4455,0.5881,-0.01
1079.193,1787664024238,1.1297,2.4094,0.5878,-0.01
1079.293,1787664024338,1.1297,2.3580,0.5875,-0.01
1079.393,1787664024438,1.1297,2.3014,0.5871,-0.01
1079.494,1787664024539,1.1297,2.2448,0.5867,-0.01
1079.594,1787664024639,1.1298,2.1830,0.5863,-0.01
1079.694,1787664024739,1.1298,2.1158,0.5859,-0.01
1079.794,1787664024839,1.1298,2.0430,0.5854,-0.01
1079.894,1787664024939,1.1298,1.9699,0.5849,-0.01
1079.995,1787664025040,1.1298,1.9123,0.5845,-0.01
1080.096,1787664025141,1.1299,1.8442,0.5841,-0.01
1080.196,1787664025241,1.1299,1.7762,0.5836,-0.01
1080.296,1787664025341,1.1299,1.7084,0.5831,-0.01
1080.396,1787664025441,1.1300,1.6616,0.5828,-0.01
1080.496,1787664025542,1.1300,1.6253,0.5825,-0.01
1080.597,1787664025642,1.1300,1.5686,0.5821,-0.01
1080.697,1787664025742,1.1300,1.5224,0.5818,-0.01
1080.797,1787664025842,1.1301,1.4455,0.5813,-0.01
1080.897,1787664025942,1.1301,1.3944,0.5809,-0.01
1080.997,1787664026042,1.1302,1.3277,0.5804,-0.01
1081.097,1787664026142,1.1302,1.2763,0.5801,-0.01
1081.197,1787664026242,1.1302,1.2197,0.5797,-0.01
1081.298,1787664026343,1.1302,1.1683,0.5793,-0.01
1081.398,1787664026443,1.1303,1.1118,0.5789,-0.01
1081.498,1787664026543,1.1303,1.0400,0.5784,-0.01
1081.598,1787664026643,1.1303,0.9785,0.5779,-0.01
1081.698,1787664026743,1.1304,0.9065,0.5774,-0.01
1081.798,1787664026843,1.1304,0.8705,0.5771,-0.01
1081.899,1787664026945,1.1305,0.8138,0.5767,-0.01
1082.000,1787664027045,1.1305,0.7727,0.5764,-0.01
1082.100,1787664027145,1.1305,0.7420,0.5762,-0.01
1082.200,1787664027245,1.1306,0.6705,0.5756,-0.01
1082.300,1787664027345,1.1306,0.6196,0.5753,-0.01
1082.400,1787664027445,1.1307,0.5686,0.5749,-0.01
1082.502,1787664027547,1.1307,0.5021,0.5744,-0.01
1082.602,1787664027647,1.1308,0.4456,0.5740,-0.01
1082.703,1787664027748,1.1308,0.3784,0.5735,-0.01
1082.803,1787664027848,1.1309,0.3160,0.5731,-0.01
1082.903,1787664027948,1.1309,0.2483,0.5726,-0.01
1083.003,1787664028048,1.1310,0.1803,0.5721,-0.01
1083.103,1787664028148,1.1311,0.1070,0.5715,-0.01
1083.203,1787664028249,1.1311,0.0335,0.5710,-0.01
1083.305,1787664028350,1.1312,-0.0086,0.5707,-0.01
1083.405,1787664028450,1.1312,-0.0559,0.5704,-0.01
1083.505,1787664028550,1.1313,-0.1135,0.5700,-0.01
1083.605,1787664028651,1.1313,-0.1656,0.5697,-0.01
1083.706,1787664028751,1.1314,-0.2280,0.5693,-0.01
1083.806,1787664028851,1.1314,-0.2852,0.5689,-0.01
1083.906,1787664028951,1.1315,-0.3580,0.5684,-0.00
1084.006,1787664029052,1.1316,-0.4153,0.5681,-0.00
1084.107,1787664029152,1.1316,-0.4675,0.5677,-0.00
1084.207,1787664029252,1.1316,-0.4987,0.5675,-0.00
1084.307,1787664029352,1.1317,-0.5456,0.5672,-0.00
1084.407,1787664029452,1.1317,-0.6132,0.5668,-0.00
1084.509,1787664029554,1.1318,-0.6650,0.5665,-0.00
1084.609,1787664029654,1.1318,-0.6962,0.5663,-0.00
1084.709,1787664029754,1.1318,-0.7532,0.5660,-0.00
1084.809,1787664029855,1.1319,-0.7998,0.5657,0.00
1084.910,1787664029955,1.1319,-0.8621,0.5653,0.00
1085.010,1787664030055,1.1320,-0.9245,0.5649,0.00
1085.110,1787664030155,1.1320,-0.9768,0.5646,0.00
1085.210,1787664030255,1.1321,-1.0662,0.5640,0.00
1085.310,1787664030355,1.1322,-1.1460,0.5635,0.00
1085.410,1787664030455,1.1322,-1.2049,0.5632,-0.00
1085.510,1787664030556,1.1323,-1.2855,0.5626,-0.00
1085.611,1787664030656,1.1323,-1.3498,0.5622,-0.00
1085.711,1787664030756,1.1324,-1.4194,0.5617,-0.00
1085.811,1787664030856,1.1324,-1.4622,0.5615,-0.00
1085.911,1787664030956,1.1325,-1.5208,0.5611,-0.00
1086.011,1787664031056,1.1325,-1.5473,0.5609,-0.00
1086.111,1787664031156,1.1325,-1.6001,0.5605,-0.00
1086.211,1787664031257,1.1326,-1.6630,0.5601,-0.00
1086.312,1787664031357,1.1326,-1.7101,0.5598,-0.00
1086.412,1787664031457,1.1326,-1.7990,0.5592,-0.00
1086.512,1787664031557,1.1327,-1.8568,0.5588,-0.00
1086.612,1787664031657,1.1327,-1.9202,0.5584,-0.00
1086.712,1787664031757,1.1327,-1.9838,0.5580,-0.00
1086.813,1787664031858,1.1327,-2.0369,0.5576,-0.00
1086.913,1787664031958,1.1327,-2.0952,0.5572,-0.00
1087.013,1787664032058,1.1327,-2.1639,0.5568,-0.00
1087.113,1787664032158,1.1327,-2.2323,0.5563,-0.00
1087.213,1787664032258,1.1327,-2.2692,0.5561,-0.00
1087.313,1787664032358,1.1327,-2.3323,0.5557,-0.00
1087.413,1787664032458,1.1327,-2.3847,0.5553,0.00
1087.514,1787664032559,1.1327,-2.4476,0.5549,0.00
1087.614,1787664032659,1.1327,-2.5106,0.5545,0.00
1087.714,1787664032759,1.1327,-2.5421,0.5543,0.00
1087.814,1787664032859,1.1328,-2.6050,0.5539,0.00
1087.914,1787664032959,1.1328,-2.6520,0.5535,0.00
1088.014,1787664033059,1.1328,-2.7251,0.5530,0.00
1088.115,1787664033160,1.1328,-2.7826,0.5527,0.00
1088.215,1787664033260,1.1329,-2.8508,0.5522,0.00
1088.315,1787664033360,1.1329,-2.9087,0.5518,0.00
1088.415,1787664033460,1.1329,-2.9667,0.5514,0.00
1088.515,1787664033560,1.1329,-3.0299,0.5509,0.00
1088.615,1787664033660,1.1330,-3.0774,0.5506,-0.00
1088.715,1787664033760,1.1330,-3.1406,0.5501,-0.00
1088.816,1787664033861,1.1330,-3.1722,0.5499,-0.00
1088.916,1787664033961,1.1330,-3.2194,0.5496,-0.00
1089.016,1787664034061,1.1330,-3.2926,0.5491,-0.00
1089.116,1787664034161,1.1330,-3.3344,0.5488,-0.00
1089.216,1787664034261,1.1331,-3.4076,0.5483,-0.00
1089.316,1787664034361,1.1331,-3.4601,0.5479,-0.00
1089.416,1787664034462,1.1331,-3.5447,0.5473,-0.00
1089.517,1787664034562,1.1331,-3.6138,0.5468,-0.00
1089.617,1787664034662,1.1331,-3.6991,0.5461,-0.00
1089.717,1787664034762,1.1331,-3.7525,0.5457,-0.00
1089.817,1787664034862,1.1331,-3.8219,0.5452,-0.00
1089.917,1787664034962,1.1331,-3.8964,0.5447,-0.00
1090.017,1787664035062,1.1331,-3.9495,0.5443,-0.00
1090.117,1787664035163,1.1331,-3.9760,0.5441,-0.00
1090.218,1787664035263,1.1331,-4.0447,0.5436,-0.00
1090.318,1787664035363,1.1331,-4.0866,0.5433,-0.00
1090.418,1787664035463,1.1331,-4.1440,0.5429,-0.00
1090.518,1787664035563,1.1331,-4.1804,0.5426,-0.00
1090.618,1787664035663,1.1331,-4.2218,0.5423,-0.00
1090.718,1787664035763,1.1332,-4.2840,0.5418,-0.00
1090.818,1787664035863,1.1332,-4.3357,0.5414,-0.00
1090.918,1787664035964,1.1332,-4.3875,0.5411,-0.00
1091.019,1787664036064,1.1332,-4.4551,0.5406,-0.00
1091.119,1787664036164,1.1332,-4.4864,0.5403,-0.00
1091.219,1787664036264,1.1332,-4.5544,0.5398,0.00
1091.319,1787664036364,1.1332,-4.6173,0.5394,0.00
1091.419,1787664036464,1.1332,-4.6912,0.5388,0.00
1091.519,1787664036564,1.1332,-4.7496,0.5384,0.00
1091.619,1787664036665,1.1332,-4.7922,0.5380,0.00
1091.720,1787664036765,1.1332,-4.8775,0.5374,0.00
1091.820,1787664036865,1.1332,-4.9202,0.5371,0.00
1091.920,1787664036965,1.1332,-4.9682,0.5367,0.00
1092.021,1787664037066,1.1332,-5.0108,0.5364,0.00
1092.121,1787664037166,1.1331,-5.0639,0.5360,0.00
1092.221,1787664037266,1.1331,-5.0958,0.5358,0.00
1092.321,1787664037366,1.1331,-5.1541,0.5353,0.00
1092.422,1787664037467,1.1331,-5.2229,0.5348,0.00
1092.522,1787664037567,1.1331,-5.2761,0.5345,0.00
1092.622,1787664037667,1.1331,-5.3404,0.5340,0.00
1092.722,1787664037768,1.1330,-5.3944,0.5336,0.00
1092.823,1787664037868,1.1330,-5.4269,0.5334,0.00
1092.923,1787664037968,1.1330,-5.5031,0.5328,0.00
1093.023,1787664038068,1.1330,-5.5576,0.5325,0.00
1093.123,1787664038168,1.1329,-5.6286,0.5319,0.00
1093.223,1787664038268,1.1329,-5.6999,0.5314,0.00
1093.323,1787664038368,1.1328,-5.7771,0.5309,0.00
1093.423,1787664038468,1.1328,-5.8269,0.5305,0.00
1093.524,1787664038569,1.1328,-5.9046,0.5299,-0.00
1093.624,1787664038669,1.1328,-5.9657,0.5295,-0.00
1093.724,1787664038769,1.1327,-6.0325,0.5290,-0.00
1093.825,1787664038870,1.1327,-6.1159,0.5284,-0.00
1093.925,1787664038970,1.1326,-6.1715,0.5281,-0.00
1094.026,1787664039071,1.1326,-6.2269,0.5277,-0.00
1094.126,1787664039171,1.1326,-6.2657,0.5274,-0.00
1094.226,1787664039271,1.1326,-6.3373,0.5269,-0.00
1094.327,1787664039372,1.1325,-6.3921,0.5265,-0.00
1094.427,1787664039472,1.1325,-6.4413,0.5262,-0.00
1094.527,1787664039572,1.1325,-6.5122,0.5257,0.00
1094.627,1787664039672,1.1325,-6.5829,0.5253,0.00
1094.728,1787664039773,1.1324,-6.6591,0.5248,0.00
1094.828,1787664039873,1.1324,-6.7137,0.5244,0.00
1094.928,1787664039973,1.1324,-6.7790,0.5240,0.00
1095.028,1787664040073,1.1323,-6.8661,0.5235,0.00
1095.128,1787664040173,1.1323,-6.9205,0.5232,0.00
1095.228,1787664040273,1.1323,-6.9910,0.5227,0.00
1095.328,1787664040374,1.1322,-7.0612,0.5223,0.00
1095.429,1787664040474,1.1322,-7.1043,0.5220,0.00
1095.529,1787664040574,1.1322,-7.1578,0.5217,0.00
1095.629,1787664040674,1.1321,-7.2005,0.5215,0.00
1095.729,1787664040774,1.1321,-7.2535,0.5212,0.00
1095.829,1787664040874,1.1321,-7.3114,0.5208,0.00
1095.929,1787664040975,1.1320,-7.3638,0.5205,0.00
1096.030,1787664041075,1.1320,-7.4319,0.5201,0.00
1096.130,1787664041175,1.1319,-7.4737,0.5199,0.00
1096.230,1787664041275,1.1319,-7.5260,0.5195,0.00
1096.330,1787664041375,1.1319,-7.5730,0.5193,0.00
1096.430,1787664041475,1.1319,-7.6096,0.5191,0.00
1096.530,1787664041575,1.1318,-7.6829,0.5186,0.00
1096.630,1787664041676,1.1318,-7.7409,0.5183,0.00
1096.731,1787664041776,1.1318,-7.8157,0.5178,0.00
1096.831,1787664041876,1.1317,-7.8802,0.5174,0.00
1096.931,1787664041976,1.1317,-7.9502,0.5170,0.00
1097.031,1787664042076,1.1317,-7.9984,0.5167,0.00
1097.131,1787664042176,1.1317,-8.0674,0.5164,0.00
1097.231,1787664042276,1.1316,-8.1350,0.5162,0.00
1097.331,1787664042376,1.1316,-8.2011,0.5159,0.00
1097.431,1787664042476,1.1316,-8.2508,0.5158,0.00
1097.531,1787664042576,1.1316,-8.3089,0.5156,0.00
1097.632,1787664042677,1.1316,-8.3513,0.5155,0.00
1097.732,1787664042777,1.1316,-8.3836,0.5155,0.00
1097.832,1787664042877,1.1316,-8.4550,0.5153,0.01
1097.932,1787664042977,1.1316,-8.4937,0.5152,0.01
1098.032,1787664043077,1.1316,-8.5474,0.5151,0.01
1098.132,1787664043177,1.1316,-8.5908,0.5151,0.01
1098.232,1787664043277,1.1316,-8.6324,0.5150,0.01
1098.332,1787664043377,1.1315,-8.6792,0.5149,0.01
1098.433,1787664043478,1.1315,-8.7199,0.5147,0.00
1098.533,1787664043578,1.1315,-8.7552,0.5146,0.00
1098.633,1787664043678,1.1315,-8.7826,0.5145,0.00
1098.733,1787664043778,1.1315,-8.8087,0.5144,0.00
1098.833,1787664043878,1.1315,-8.8309,0.5142,0.00
1098.933,1787664043978,1.1315,-8.8596,0.5141,0.00
1099.034,1787664044079,1.1315,-8.8816,0.5139,0.00
1099.134,1787664044179,1.1316,-8.9113,0.5137,0.00
1099.234,1787664044279,1.1316,-8.9422,0.5133,0.00
1099.334,1787664044379,1.1316,-8.9627,0.5131,0.00
1099.434,1787664044479,1.1316,-8.9815,0.5128,0.01
1099.534,1787664044579,1.1316,-8.9894,0.5127,0.01
1099.634,1787664044679,1.1316,-9.0043,0.5125,0.01
1099.735,1787664044780,1.1316,-9.0216,0.5121,0.01
1099.835,1787664044880,1.1316,-9.0300,0.5120,0.01
1099.935,1787664044980,1.1316,-9.0409,0.5117,0.01
1100.035,1787664045080,1.1316,-9.0524,0.5114,0.01
1100.135,1787664045180,1.1315,-9.0652,0.5110,0.01
1100.236,1787664045281,1.1315,-9.0724,0.5108,0.01
1100.336,1787664045381,1.1315,-9.0811,0.5105,0.01
1100.436,1787664045481,1.1315,-9.0846,0.5103,0.01
1100.536,1787664045581,1.1315,-9.0885,0.5101,0.01
1100.636,1787664045681,1.1315,-9.0900,0.5100,0.01
1100.736,1787664045781,1.1315,-9.0917,0.5098,0.01
1100.836,1787664045881,1.1314,-9.0922,0.5097,0.01
1100.936,1787664045982,1.1314,-9.0924,0.5096,0.01
1101.037,1787664046082,1.1314,-9.0917,0.5095,0.01
1101.137,1787664046182,1.1314,-9.0908,0.5094,0.01
1101.237,1787664046282,1.1314,-9.0885,0.5093,0.01
1101.337,1787664046382,1.1314,-9.0872,0.5093,0.01
1101.437,1787664046482,1.1313,-9.0860,0.5093,0.01
1101.539,1787664046584,1.1313,-9.0812,0.5092,0.02
1101.639,1787664046684,1.1312,-9.0782,0.5091,0.02
1101.739,1787664046784,1.1312,-9.0753,0.5091,0.02
1101.839,1787664046885,1.1312,-9.0698,0.5091,0.02
1101.940,1787664046985,1.1312,-9.0665,0.5091,0.01
1102.040,1787664047085,1.1312,-9.0626,0.5090,0.01
1102.140,1787664047185,1.1311,-9.0591,0.5090,0.01
1102.240,1787664047285,1.1311,-9.0559,0.5090,0.01
1102.340,1787664047385,1.1311,-9.0488,0.5091,0.01
1102.441,1787664047486,1.1311,-9.0450,0.5091,0.01
1102.541,1787664047586,1.1311,-9.0372,0.5091,0.01
1102.641,1787664047686,1.1311,-9.0318,0.5091,0.01
1102.741,1787664047787,1.1311,-9.0260,0.5092,0.01
1102.842,1787664047887,1.1312,-9.0211,0.5092,0.01
1102.942,1787664047987,1.1312,-9.0153,0.5092,0.01
1103.042,1787664048087,1.1312,-9.0096,0.5092,0.01
1103.142,1787664048187,1.1312,-9.0044,0.5092,0.01
1103.242,1787664048288,1.1312,-8.9998,0.5093,0.01
1103.343,1787664048388,1.1313,-8.9936,0.5093,0.01
1103.443,1787664048488,1.1314,-8.9871,0.5093,0.01
1103.543,1787664048588,1.1314,-8.9814,0.5094,0.01
1103.644,1787664048689,1.1315,-8.9770,0.5094,0.01
1103.744,1787664048789,1.1316,-8.9728,0.5094,0.01
1103.844,1787664048889,1.1317,-8.9688,0.5095,0.01
1103.944,1787664048989,1.1317,-8.9667,0.5095,0.01
1104.044,1787664049089,1.1318,-8.9637,0.5095,0.01
1104.145,1787664049190,1.1319,-8.9604,0.5095,0.01
1104.245,1787664049290,1.1320,-8.9579,0.5096,0.01
1104.345,1787664049390,1.1321,-8.9547,0.5096,0.01
1104.446,1787664049491,1.1321,-8.9522,0.5096,0.01
1104.546,1787664049591,1.1322,-8.9491,0.5096,0.01
1104.646,1787664049691,1.1323,-8.9461,0.5096,0.02
1104.746,1787664049791,1.1324,-8.9432,0.5096,0.02
1104.846,1787664049891,1.1325,-8.9412,0.5096,0.02
1104.946,1787664049991,1.1326,-8.9389,0.5096,0.02
1105.046,1787664050091,1.1326,-8.9375,0.5096,0.02
1105.147,1787664050192,1.1327,-8.9357,0.5096,0.02
1105.247,1787664050292,1.1328,-8.9340,0.5096,0.02
1105.347,1787664050392,1.1329,-8.9328,0.5096,0.02
1105.447,1787664050492,1.1330,-8.9315,0.5096,0.02
1105.547,1787664050592,1.1331,-8.9299,0.5096,0.02
1105.647,1787664050693,1.1332,-8.9292,0.5096,0.02
1105.748,1787664050793,1.1333,-8.9280,0.5095,0.02
1105.848,1787664050893,1.1334,-8.9272,0.5095,0.02
1105.948,1787664050993,1.1335,-8.9264,0.5095,0.01
1106.048,1787664051093,1.1336,-8.9261,0.5095,0.01
1106.148,1787664051193,1.1337,-8.9255,0.5094,0.01
1106.248,1787664051293,1.1338,-8.9251,0.5094,0.01
1106.348,1787664051394,1.1339,-8.9249,0.5094,0.01
1106.449,1787664051494,1.1340,-8.9246,0.5094,0.01
1106.549,1787664051594,1.1341,-8.9245,0.5093,0.01
1106.649,1787664051694,1.1342,-8.9245,0.5093,0.01
1106.749,1787664051794,1.1342,-8.9246,0.5093,0.01
1106.849,1787664051894,1.1343,-8.9247,0.5093,0.01
1106.949,1787664051994,1.1344,-8.9249,0.5093,0.01
1107.050,1787664052095,1.1344,-8.9251,0.5093,0.01
1107.150,1787664052195,1.1345,-8.9254,0.5093,0.01
1107.250,1787664052295,1.1346,-8.9259,0.5093,0.01
1107.350,1787664052395,1.1346,-8.9263,0.5093,0.01
1107.451,1787664052496,1.1346,-8.9267,0.5093,0.01
1107.551,1787664052596,1.1346,-8.9271,0.5093,0.01
1107.651,1787664052696,1.1347,-8.9277,0.5093,0.01
1107.751,1787664052796,1.1347,-8.9283,0.5093,0.01
1107.852,1787664052897,1.1347,-8.9288,0.5093,0.01
1107.952,1787664052997,1.1347,-8.9294,0.5093,0.01
1108.052,1787664053097,1.1347,-8.9299,0.5093,0.01
1108.152,1787664053197,1.1346,-8.9311,0.5093,0.03
1108.252,1787664053297,1.1346,-8.9327,0.5095,0.10
1108.352,1787664053397,1.1346,-8.9344,0.5098,0.28
1108.453,1787664053498,1.1346,-8.9351,0.5100,0.47
1108.553,1787664053598,1.1346,-8.9355,0.5103,0.66
1108.653,1787664053698,1.1346,-8.9360,0.5109,1.23
1108.753,1787664053798,1.1346,-8.9359,0.5117,1.92
1108.853,1787664053898,1.1346,-8.9352,0.5130,3.12
1108.953,1787664053998,1.1346,-8.9344,0.5140,4.10
1109.053,1787664054098,1.1346,-8.9327,0.5156,5.82
1109.153,1787664054199,1.1346,-8.9304,0.5174,7.90
1109.254,1787664054299,1.1345,-8.9272,0.5195,10.74
1109.354,1787664054399,1.1344,-8.9254,0.5204,12.22
1109.454,1787664054499,1.1343,-8.9230,0.5216,14.24
1109.554,1787664054599,1.1340,-8.9186,0.5233,17.92
1109.654,1787664054699,1.1338,-8.9168,0.5239,19.49
1109.754,1787664054800,1.1334,-8.9125,0.5250,23.35
1109.855,1787664054900,1.1332,-8.9103,0.5255,25.38
1109.955,1787664055000,1.1328,-8.9072,0.5260,28.37
1110.055,1787664055100,1.1323,-8.9033,0.5263,32.42
1110.155,1787664055200,1.1318,-8.8992,0.5264,36.93
1110.255,1787664055300,1.1314,-8.8963,0.5263,40.22
1110.355,1787664055401,1.1309,-8.8928,0.5259,44.56
1110.456,1787664055501,1.1305,-8.8901,0.5254,48.25
1110.556,1787664055601,1.1302,-8.8878,0.5248,51.60
1110.656,1787664055701,1.1299,-8.8849,0.5239,56.27
1110.756,1787664055801,1.1298,-8.8838,0.5234,58.25
1110.856,1787664055901,1.1298,-8.8814,0.5222,63.15
1110.956,1787664056001,1.1299,-8.8800,0.5213,66.36
1111.057,1787664056102,1.1302,-8.8788,0.5203,69.83
1111.157,1787664056203,1.1308,-8.8776,0.5192,73.84
1111.258,1787664056303,1.1313,-8.8770,0.5184,76.57
1111.358,1787664056403,1.1323,-8.8763,0.5171,80.70
1111.458,1787664056503,1.1330,-8.8760,0.5164,83.29
1111.558,1787664056603,1.1339,-8.8758,0.5156,86.12
1111.658,1787664056703,1.1354,-8.8757,0.5144,90.25
1111.758,1787664056803,1.1367,-8.8758,0.5135,93.48
1111.858,1787664056903,1.1383,-8.8761,0.5126,97.15
1111.958,1787664057004,1.1397,-8.8765,0.5118,100.22
1112.059,1787664057104,1.1407,-8.8768,0.5113,102.48
1112.159,1787664057204,1.1424,-8.8775,0.5105,106.18
1112.259,1787664057304,1.1435,-8.8780,0.5100,108.60
1112.359,1787664057404,1.1447,-8.8787,0.5095,111.46
1112.459,1787664057504,1.1454,-8.8791,0.5092,113.11
1112.559,1787664057604,1.1460,-8.8795,0.5089,114.51
1112.659,1787664057705,1.1472,-8.8803,0.5085,117.31
1112.760,1787664057805,1.1482,-8.8810,0.5082,119.89
1112.860,1787664057905,1.1491,-8.8817,0.5080,122.49
1112.960,1787664058005,1.1499,-8.8825,0.5078,125.11
1113.060,1787664058105,1.1507,-8.8833,0.5077,128.03
1113.160,1787664058205,1.1512,-8.8843,0.5076,131.00
1113.260,1787664058305,1.1515,-8.8852,0.5075,133.77
1113.360,1787664058405,1.1516,-8.8866,0.5074,137.63
1113.461,1787664058506,1.1515,-8.8876,0.5073,139.98
1113.561,1787664058606,1.1512,-8.8888,0.5073,143.15
1113.661,1787664058706,1.1511,-8.8894,0.5072,144.48
1113.761,1787664058806,1.1506,-8.8909,0.5072,148.22
1113.861,1787664058906,1.1501,-8.8922,0.5071,151.47
1113.961,1787664059007,1.1496,-8.8933,0.5071,154.19
1114.062,1787664059107,1.1488,-8.8950,0.5070,158.58
1114.162,1787664059207,1.1482,-8.8961,0.5069,161.34
1114.262,1787664059307,1.1474,-8.8975,0.5069,164.89
1114.362,1787664059407,1.1464,-8.8992,0.5070,168.88
1114.462,1787664059507,1.1457,-8.9005,0.5072,171.67
1114.562,1787664059607,1.1450,-8.9015,0.5074,173.85
1114.662,1787664059707,1.1442,-8.9027,0.5078,176.55
1114.762,1787664059808,1.1437,-8.9034,0.5082,178.21
1114.863,1787664059908,1.1430,-8.9042,0.5089,-179.53
1114.963,1787664060008,1.1425,-8.9046,0.5095,-178.03
1115.063,1787664060108,1.1420,-8.9047,0.5102,-176.84
1115.163,1787664060208,1.1412,-8.9044,0.5114,-175.10
1115.263,1787664060308,1.1405,-8.9038,0.5127,-173.86
1115.364,1787664060409,1.1397,-8.9025,0.5140,-172.92
1115.464,1787664060509,1.1392,-8.9014,0.5149,-172.50
1115.564,1787664060609,1.1384,-8.8998,0.5160,-172.22
1115.665,1787664060710,1.1381,-8.8991,0.5164,-172.20
1115.765,1787664060810,1.1375,-8.8975,0.5171,-172.28
1115.865,1787664060910,1.1369,-8.8961,0.5176,-172.47
1115.965,1787664061010,1.1365,-8.8949,0.5180,-172.73
1116.065,1787664061110,1.1356,-8.8924,0.5184,-173.45
1116.165,1787664061210,1.1351,-8.8913,0.5184,-173.90
1116.265,1787664061310,1.1344,-8.8895,0.5184,-174.71
1116.365,1787664061411,1.1341,-8.8887,0.5182,-175.11
1116.466,1787664061511,1.1337,-8.8878,0.5180,-175.67
1116.566,1787664061611,1.1331,-8.8865,0.5175,-176.60
1116.666,1787664061711,1.1327,-8.8858,0.5171,-177.25
1116.766,1787664061811,1.1322,-8.8850,0.5164,-178.17
1116.868,1787664061914,1.1319,-8.8847,0.5159,-178.78
1116.969,1787664062014,1.1316,-8.8845,0.5153,-179.43
1117.069,1787664062114,1.1312,-8.8847,0.5145,179.79
1117.169,1787664062214,1.1308,-8.8851,0.5139,179.20
1117.269,1787664062314,1.1300,-8.8860,0.5133,178.67
1117.369,1787664062414,1.1287,-8.8874,0.5127,178.19
1117.469,1787664062515,1.1275,-8.8885,0.5124,177.89
1117.570,1787664062615,1.1264,-8.8895,0.5121,177.66
1117.670,1787664062715,1.1250,-8.8907,0.5119,177.43
1117.770,1787664062815,1.1238,-8.8919,0.5117,177.28
1117.870,1787664062916,1.1230,-8.8931,0.5116,177.16
1117.971,1787664063016,1.1230,-8.8943,0.5116,177.09
1118.071,1787664063116,1.1235,-8.8952,0.5116,177.08
1118.171,1787664063216,1.1246,-8.8962,0.5116,177.10
1118.271,1787664063316,1.1289,-8.8981,0.5118,177.21
1118.371,1787664063416,1.1319,-8.8990,0.5118,177.28
1118.471,1787664063516,1.1393,-8.9006,0.5120,177.47
1118.572,1787664063617,1.1465,-8.9019,0.5121,177.64
1118.672,1787664063717,1.1584,-8.9034,0.5123,177.89
1118.772,1787664063817,1.1705,-8.9047,0.5125,178.11
1118.872,1787664063917,1.1793,-8.9054,0.5125,178.26
1118.972,1787664064017,1.1963,-8.9066,0.5126,178.52
1119.072,1787664064118,1.2073,-8.9073,0.5127,178.67
1119.173,1787664064218,1.2281,-8.9083,0.5128,178.93
1119.273,1787664064318,1.2431,-8.9089,0.5128,179.09
1119.373,1787664064418,1.2679,-8.9098,0.5129,179.33
1119.473,1787664064518,1.3002,-8.9107,0.5129,179.58
1119.573,1787664064618,1.3390,-8.9115,0.5128,179.81
1119.673,1787664064718,1.3881,-8.9122,0.5126,-179.97
1119.773,1787664064819,1.4460,-8.9129,0.5121,-179.79
1119.874,1787664064919,1.4840,-8.9132,0.5118,-179.71
1119.974,1787664065019,1.5386,-8.9135,0.5113,-179.64
1120.074,1787664065119,1.5961,-8.9138,0.5108,-179.60
1120.174,1787664065219,1.6771,-8.9141,0.5101,-179.60
1120.274,1787664065319,1.7450,-8.9143,0.5096,-179.63
1120.374,1787664065419,1.8246,-8.9146,0.5089,-179.70
1120.474,1787664065520,1.9112,-8.9150,0.5083,-179.79
1120.575,1787664065620,1.9718,-8.9153,0.5079,-179.86
1120.675,1787664065720,2.0522,-8.9157,0.5075,-179.95
1120.775,1787664065820,2.1288,-8.9163,0.5072,179.96
1120.875,1787664065920,2.2059,-8.9169,0.5069,179.88
1120.975,1787664066020,2.3030,-8.9178,0.5067,179.79
1121.075,1787664066120,2.3663,-8.9185,0.5065,179.74
1121.175,1787664066220,2.4439,-8.9195,0.5064,179.69
1121.275,1787664066320,2.5310,-8.9206,0.5063,179.65
1121.375,1787664066421,2.6128,-8.9219,0.5063,179.62
1121.476,1787664066521,2.6939,-8.9233,0.5063,179.61
1121.576,1787664066621,2.7742,-8.9247,0.5063,179.62
1121.676,1787664066721,2.8395,-8.9260,0.5064,179.63
1121.777,1787664066822,2.9359,-8.9280,0.5064,179.65
1121.877,1787664066922,2.9858,-8.9291,0.5065,179.67
1121.977,1787664067022,3.0618,-8.9309,0.5065,179.70
1122.078,1787664067123,3.1407,-8.9329,0.5066,179.74
1122.179,1787664067224,3.1840,-8.9340,0.5066,179.76
1122.279,1787664067324,3.2524,-8.9358,0.5067,179.79
1122.379,1787664067424,3.3113,-8.9374,0.5067,179.82
1122.479,1787664067524,3.3863,-8.9395,0.5068,179.85
1122.579,1787664067624,3.4562,-8.9415,0.5068,179.88
1122.679,1787664067724,3.5252,-8.9435,0.5069,179.90
1122.779,1787664067824,3.6013,-8.9458,0.5069,179.92
1122.879,1787664067924,3.6762,-8.9482,0.5069,179.93
1122.979,1787664068025,3.7385,-8.9502,0.5070,179.94
1123.080,1787664068125,3.7962,-8.9520,0.5070,179.94
1123.180,1787664068225,3.8608,-8.9541,0.5070,179.95
1123.280,1787664068325,3.9208,-8.9561,0.5071,179.94
1123.380,1787664068425,3.9800,-8.9580,0.5071,179.94
1123.480,1787664068525,4.0498,-8.9603,0.5071,179.93
1123.580,1787664068625,4.1261,-8.9629,0.5071,179.93
1123.680,1787664068725,4.1879,-8.9650,0.5071,179.92
1123.780,1787664068826,4.2461,-8.9669,0.5071,179.91
1123.881,1787664068926,4.3038,-8.9689,0.5070,179.91
1123.981,1787664069026,4.3642,-8.9709,0.5070,179.90
1124.081,1787664069126,4.4127,-8.9726,0.5070,179.90
1124.181,1787664069226,4.4766,-8.9747,0.5069,179.90
1124.281,1787664069326,4.5376,-8.9768,0.5070,179.90
1124.381,1787664069426,4.5806,-8.9783,0.5070,179.90
1124.481,1787664069526,4.6390,-8.9803,0.5070,179.90
1124.581,1787664069626,4.6802,-8.9817,0.5071,179.91
1124.681,1787664069726,4.7215,-8.9832,0.5071,179.91
1124.782,1787664069827,4.7602,-8.9845,0.5072,179.91
1124.882,1787664069927,4.7961,-8.9858,0.5072,179.92
1124.982,1787664070027,4.8272,-8.9869,0.5072,179.92
1125.082,1787664070127,4.8595,-8.9880,0.5072,179.93
1125.182,1787664070227,4.8770,-8.9886,0.5072,179.93
1125.282,1787664070327,4.9118,-8.9899,0.5071,179.94
1125.382,1787664070427,4.9299,-8.9906,0.5071,179.94
1125.482,1787664070527,4.9545,-8.9916,0.5070,179.95
1125.583,1787664070628,4.9683,-8.9922,0.5070,179.95
1125.683,1787664070728,4.9831,-8.9928,0.5069,179.95
1125.783,1787664070828,4.9956,-8.9933,0.5068,179.96
1125.883,1787664070928,5.0077,-8.9939,0.5067,179.96
1125.983,1787664071028,5.0157,-8.9943,0.5067,179.96
1126.083,1787664071128,5.0220,-8.9948,0.5066,179.96
1126.184,1787664071229,5.0269,-8.9951,0.5065,179.96
1126.284,1787664071329,5.0294,-8.9953,0.5065,179.96
1126.384,1787664071429,5.0303,-8.9954,0.5064,179.96
1126.484,1787664071529,5.0303,-8.9956,0.5064,179.96
1126.584,1787664071629,5.0293,-8.9956,0.5064,179.96
1126.684,1787664071729,5.0273,-8.9957,0.5064,179.96
1126.784,1787664071829,5.0240,-8.9957,0.5064,179.96
1126.884,1787664071929,5.0203,-8.9957,0.5064,179.96
1126.984,1787664072030,5.0157,-8.9957,0.5064,179.96
1127.085,1787664072130,5.0112,-8.9957,0.5064,179.96
1127.185,1787664072230,5.0067,-8.9956,0.5065,179.96
1127.285,1787664072330,5.0015,-8.9954,0.5065,179.96
1127.385,1787664072430,4.9973,-8.9953,0.5066,179.96
1127.485,1787664072530,4.9915,-8.9952,0.5066,179.96
1127.585,1787664072630,4.9860,-8.9951,0.5067,179.96
1127.685,1787664072730,4.9812,-8.9950,0.5068,179.96
1127.785,1787664072831,4.9760,-8.9948,0.5069,179.97
1127.886,1787664072931,4.9705,-8.9946,0.5069,179.97
1127.986,1787664073031,4.9648,-8.9945,0.5070,179.97
1128.086,1787664073131,4.9606,-8.9944,0.5071,179.97
1128.186,1787664073231,4.9548,-8.9942,0.5072,179.97
1128.286,1787664073331,4.9499,-8.9941,0.5073,179.97
1128.386,1787664073431,4.9462,-8.9940,0.5074,179.97
1128.487,1787664073532,4.9408,-8.9938,0.5075,179.97
1128.587,1787664073632,4.9366,-8.9937,0.5076,179.97
1128.687,1787664073732,4.9335,-8.9936,0.5077,179.97
1128.787,1787664073832,4.9292,-8.9935,0.5078,179.97
1128.887,1787664073932,4.9264,-8.9934,0.5079,179.97
1128.987,1787664074032,4.9231,-8.9933,0.5080,179.97
1129.087,1787664074132,4.9201,-8.9932,0.5081,179.97
1129.187,1787664074233,4.9173,-8.9931,0.5082,179.97
1129.288,1787664074333,4.9147,-8.9930,0.5083,179.97
1129.388,1787664074433,4.9127,-8.9929,0.5083,179.98
1129.488,1787664074533,4.9108,-8.9928,0.5084,179.98
1129.588,1787664074633,4.9089,-8.9927,0.5084,179.98
1129.688,1787664074733,4.9073,-8.9926,0.5085,179.98
1129.789,1787664074834,4.9058,-8.9925,0.5085,179.98
1129.889,1787664074934,4.9048,-8.9924,0.5086,179.98
1129.989,1787664075034,4.9038,-8.9923,0.5086,179.98
1130.089,1787664075134,4.9028,-8.9923,0.5086,179.98
1130.189,1787664075234,4.9020,-8.9922,0.5087,179.98
1130.289,1787664075334,4.9012,-8.9921,0.5087,179.99
1130.389,1787664075434,4.9006,-8.9920,0.5087,179.99
1130.489,1787664075534,4.9000,-8.9919,0.5088,179.99
1130.590,1787664075635,4.8996,-8.9918,0.5088,179.99
1130.690,1787664075735,4.8993,-8.9917,0.5089,179.99
1130.790,1787664075835,4.8992,-8.9916,0.5089,179.99
1130.890,1787664075935,4.8991,-8.9915,0.5090,179.99
1130.990,1787664076035,4.8990,-8.9915,0.5090,179.99
1131.090,1787664076135,4.8991,-8.9914,0.5091,179.99
1131.190,1787664076236,4.8993,-8.9913,0.5091,179.99
1131.291,1787664076336,4.8995,-8.9912,0.5092,179.99
1131.391,1787664076436,4.8997,-8.9912,0.5092,179.99
1131.491,1787664076536,4.9000,-8.9911,0.5093,179.99
1131.591,1787664076636,4.9004,-8.9910,0.5094,179.99
1131.691,1787664076736,4.9009,-8.9910,0.5095,179.99
1131.791,1787664076836,4.9012,-8.9909,0.5095,179.99
1131.891,1787664076937,4.9017,-8.9909,0.5096,179.99
1131.992,1787664077037,4.9022,-8.9908,0.5096,179.99
1132.092,1787664077137,4.9028,-8.9908,0.5097,180.00
1132.192,1787664077237,4.9034,-8.9907,0.5097,180.00
1132.292,1787664077337,4.9040,-8.9907,0.5098,180.00
1132.392,1787664077437,4.9046,-8.9907,0.5098,180.00
1132.492,1787664077537,4.9051,-8.9906,0.5098,180.00
1132.592,1787664077637,4.9057,-8.9906,0.5098,-180.00
1132.692,1787664077737,4.9062,-8.9906,0.5098,180.00
1132.792,1787664077838,4.9068,-8.9906,0.5098,180.00
1132.893,1787664077938,4.9074,-8.9906,0.5098,180.00
1132.993,1787664078038,4.9079,-8.9906,0.5098,180.00
1133.093,1787664078138,4.9084,-8.9906,0.5098,180.00
1133.193,1787664078238,4.9088,-8.9907,0.5098,179.99
1133.293,1787664078338,4.9093,-8.9907,0.5098,179.99
1133.393,1787664078438,4.9098,-8.9908,0.5098,179.99
1133.493,1787664078538,4.9103,-8.9908,0.5098,179.99
1133.593,1787664078639,4.9108,-8.9909,0.5098,179.99
1133.694,1787664078739,4.9113,-8.9909,0.5098,179.99
1133.794,1787664078839,4.9117,-8.9909,0.5098,179.99
1133.894,1787664078939,4.9122,-8.9910,0.5098,179.99
1133.994,1787664079039,4.9127,-8.9911,0.5098,179.99
1134.094,1787664079139,4.9130,-8.9911,0.5098,179.99
1134.194,1787664079239,4.9135,-8.9914,0.5098,179.99
1134.294,1787664079339,4.9141,-8.9924,0.5098,179.99
1134.394,1787664079440,4.9146,-8.9939,0.5099,179.99
1134.495,1787664079540,4.9149,-8.9957,0.5100,180.00
1134.595,1787664079640,4.9149,-8.9963,0.5101,180.00
1134.695,1787664079740,4.9149,-8.9961,0.5103,180.00
1134.795,1787664079840,4.9148,-8.9945,0.5105,180.00
1134.895,1787664079940,4.9145,-8.9910,0.5107,180.00
1134.995,1787664080040,4.9142,-8.9852,0.5109,180.00
1135.095,1787664080140,4.9138,-8.9768,0.5111,180.00
1135.195,1787664080241,4.9133,-8.9652,0.5113,180.00
1135.296,1787664080341,4.9129,-8.9569,0.5114,180.00
1135.396,1787664080441,4.9123,-8.9416,0.5115,180.00
1135.496,1787664080541,4.9118,-8.9259,0.5116,180.00
1135.596,1787664080642,4.9110,-8.9022,0.5118,180.00
1135.697,1787664080742,4.9104,-8.8810,0.5118,180.00
1135.797,1787664080842,4.9097,-8.8538,0.5118,180.00
1135.897,1787664080942,4.9090,-8.8234,0.5118,180.00
1135.997,1787664081042,4.9084,-8.7942,0.5117,180.00
1136.097,1787664081142,4.9077,-8.7605,0.5116,180.00
1136.197,1787664081242,4.9070,-8.7193,0.5114,180.00
1136.297,1787664081342,4.9064,-8.6804,0.5113,-180.00
1136.397,1787664081442,4.9059,-8.6391,0.5111,-180.00
1136.497,1787664081543,4.9053,-8.5927,0.5109,-180.00
1136.598,1787664081643,4.9047,-8.5377,0.5107,-180.00
1136.698,1787664081743,4.9043,-8.4929,0.5105,-180.00
1136.798,1787664081843,4.9038,-8.4397,0.5103,-180.00
1136.898,1787664081943,4.9034,-8.3845,0.5101,-180.00
1136.998,1787664082043,4.9031,-8.3385,0.5100,-180.00
1137.098,1787664082144,4.9029,-8.2878,0.5099,-180.00
1137.199,1787664082244,4.9026,-8.2248,0.5097,-180.00
1137.299,1787664082344,4.9023,-8.1524,0.5096,180.00
1137.399,1787664082444,4.9022,-8.0860,0.5095,180.00
1137.499,1787664082544,4.9020,-8.0184,0.5094,180.00
1137.599,1787664082645,4.9019,-7.9459,0.5093,180.00
1137.700,1787664082745,4.9019,-7.8725,0.5092,180.00
1137.800,1787664082845,4.9019,-7.7988,0.5091,180.00
1137.900,1787664082945,4.9019,-7.7369,0.5090,180.00
1138.000,1787664083045,4.9020,-7.6833,0.5090,180.00
1138.100,1787664083145,4.9021,-7.6258,0.5090,-180.00
1138.200,1787664083245,4.9021,-7.5643,0.5090,-180.00
1138.300,1787664083346,4.9022,-7.4947,0.5089,-180.00
1138.401,1787664083446,4.9024,-7.4252,0.5089,-180.00
1138.501,1787664083546,4.9025,-7.3555,0.5089,-180.00
1138.601,1787664083646,4.9027,-7.2859,0.5089,-180.00
1138.703,1787664083748,4.9029,-7.2289,0.5089,-180.00
1138.803,1787664083848,4.9030,-7.1965,0.5089,-180.00
1138.903,1787664083948,4.9032,-7.1283,0.5089,-180.00
1139.003,1787664084048,4.9034,-7.0727,0.5089,-180.00
1139.103,1787664084149,4.9036,-7.0173,0.5089,-180.00
1139.204,1787664084249,4.9039,-6.9462,0.5089,-180.00
1139.304,1787664084349,4.9041,-6.8987,0.5089,-180.00
1139.404,1787664084449,4.9044,-6.8273,0.5089,-179.99
1139.504,1787664084549,4.9047,-6.7558,0.5088,-179.99
1139.604,1787664084649,4.9051,-6.6842,0.5088,-179.99
1139.704,1787664084749,4.9053,-6.6286,0.5088,-179.99
1139.804,1787664084849,4.9057,-6.5654,0.5088,-179.99
1139.904,1787664084949,4.9060,-6.5064,0.5088,-179.99
1140.005,1787664085050,4.9063,-6.4477,0.5087,-179.99
1140.105,1787664085150,4.9066,-6.3932,0.5087,-179.99
1140.205,1787664085250,4.9069,-6.3390,0.5087,-179.99
1140.305,1787664085350,4.9071,-6.2850,0.5087,-180.00
1140.405,1787664085450,4.9074,-6.2350,0.5087,-180.00
1140.505,1787664085550,4.9078,-6.1659,0.5088,-180.00
1140.605,1787664085651,4.9080,-6.1198,0.5088,-180.00
1140.706,1787664085751,4.9084,-6.0583,0.5088,-180.00
1140.806,1787664085851,4.9087,-5.9892,0.5088,-180.00
1140.906,1787664085951,4.9089,-5.9468,0.5089,-180.00
1141.006,1787664086051,4.9092,-5.8929,0.5089,-180.00
1141.106,1787664086151,4.9095,-5.8274,0.5090,-180.00
1141.206,1787664086251,4.9098,-5.7658,0.5091,-180.00
1141.306,1787664086351,4.9101,-5.6926,0.5092,-180.00
1141.406,1787664086452,4.9104,-5.6307,0.5093,-180.00
1141.507,1787664086552,4.9107,-5.5649,0.5094,-180.00
1141.607,1787664086652,4.9109,-5.5029,0.5095,180.00
1141.707,1787664086752,4.9112,-5.4294,0.5096,180.00
1141.808,1787664086853,4.9115,-5.3599,0.5097,180.00
1141.908,1787664086953,4.9117,-5.3022,0.5098,180.00
1142.008,1787664087053,4.9119,-5.2523,0.5099,180.00
1142.108,1787664087153,4.9121,-5.1838,0.5100,180.00
1142.208,1787664087253,4.9123,-5.1195,0.5101,180.00
1142.308,1787664087353,4.9125,-5.0630,0.5102,180.00
1142.408,1787664087453,4.9127,-4.9990,0.5102,180.00
1142.509,1787664087554,4.9129,-4.9427,0.5103,180.00
1142.609,1787664087654,4.9131,-4.8905,0.5103,180.00
1142.709,1787664087754,4.9133,-4.8312,0.5104,180.00
1142.809,1787664087854,4.9134,-4.7870,0.5104,180.00
1142.909,1787664087954,4.9135,-4.7282,0.5104,180.00
1143.009,1787664088054,4.9137,-4.6696,0.5105,180.00
1143.109,1787664088155,4.9138,-4.6108,0.5105,-180.00
1143.210,1787664088255,4.9140,-4.5443,0.5106,-180.00
1143.310,1787664088355,4.9141,-4.4890,0.5106,-180.00
1143.410,1787664088455,4.9142,-4.4373,0.5106,-180.00
1143.510,1787664088555,4.9144,-4.3783,0.5106,-180.00
1143.610,1787664088655,4.9145,-4.3340,0.5106,-180.00
1143.710,1787664088755,4.9146,-4.2715,0.5106,-180.00
1143.811,1787664088856,4.9147,-4.2348,0.5106,-179.99
1143.911,1787664088956,4.9149,-4.1687,0.5106,-179.99
1144.011,1787664089056,4.9150,-4.1134,0.5106,-180.00
1144.111,1787664089156,4.9152,-4.0466,0.5105,-180.00
1144.211,1787664089256,4.9153,-3.9829,0.5105,-180.00
1144.311,1787664089357,4.9155,-3.9115,0.5105,-180.00
1144.412,1787664089457,4.9156,-3.8475,0.5104,-180.00
1144.512,1787664089557,4.9158,-3.7835,0.5104,-180.00
1144.612,1787664089657,4.9159,-3.7383,0.5103,-180.00
1144.713,1787664089758,4.9161,-3.6706,0.5103,-180.00
1144.813,1787664089858,4.9162,-3.6070,0.5102,-180.00
1144.913,1787664089958,4.9164,-3.5433,0.5102,-180.00
1145.013,1787664090059,4.9165,-3.5021,0.5102,-180.00
1145.114,1787664090159,4.9166,-3.4385,0.5102,-180.00
1145.214,1787664090259,4.9167,-3.3976,0.5102,-180.00
1145.314,1787664090359,4.9168,-3.3269,0.5101,180.00
1145.414,1787664090459,4.9169,-3.2635,0.5101,180.00
1145.514,1787664090559,4.9170,-3.2187,0.5101,180.00
1145.614,1787664090659,4.9171,-3.1552,0.5101,180.00
1145.714,1787664090759,4.9172,-3.0879,0.5100,180.00
1145.814,1787664090859,4.9173,-3.0243,0.5100,180.00
1145.915,1787664090960,4.9174,-2.9757,0.5100,180.00
1146.015,1787664091060,4.9174,-2.9159,0.5099,180.00
1146.115,1787664091160,4.9175,-2.8488,0.5099,180.00
1146.215,1787664091260,4.9176,-2.7891,0.5099,180.00
1146.315,1787664091360,4.9177,-2.7330,0.5099,180.00
1146.415,1787664091461,4.9177,-2.6732,0.5099,180.00
1146.516,1787664091561,4.9178,-2.6285,0.5099,180.00
1146.616,1787664091661,4.9179,-2.5616,0.5099,180.00
1146.716,1787664091761,4.9179,-2.4910,0.5099,180.00
1146.816,1787664091862,4.9180,-2.4353,0.5099,180.00
1146.917,1787664091962,4.9180,-2.3832,0.5099,179.99
1147.017,1787664092062,4.9181,-2.3236,0.5099,179.99
1147.117,1787664092162,4.9181,-2.2790,0.5100,179.99
1147.217,1787664092262,4.9181,-2.2086,0.5100,179.99
1147.317,1787664092362,4.9182,-2.1457,0.5100,179.99
1147.417,1787664092462,4.9183,-2.0863,0.5100,179.99
1147.517,1787664092562,4.9183,-2.0230,0.5101,179.99
1147.617,1787664092662,4.9184,-1.9597,0.5101,179.99
1147.717,1787664092762,4.9185,-1.9075,0.5100,179.99
1147.818,1787664092863,4.9185,-1.8480,0.5100,179.99
1147.918,1787664092964,4.9186,-1.7703,0.5100,179.99
1148.019,1787664093064,4.9187,-1.7370,0.5100,179.99
1148.119,1787664093164,4.9187,-1.6889,0.5100,179.99
1148.219,1787664093264,4.9188,-1.6264,0.5100,179.99
1148.319,1787664093364,4.9189,-1.5565,0.5099,180.00
1148.419,1787664093464,4.9190,-1.4938,0.5099,180.00
1148.519,1787664093565,4.9191,-1.4382,0.5099,180.00
1148.620,1787664093665,4.9191,-1.3825,0.5098,180.00
1148.720,1787664093765,4.9192,-1.3195,0.5098,180.00
1148.820,1787664093865,4.9193,-1.2601,0.5098,180.00
1148.920,1787664093965,4.9193,-1.2119,0.5097,180.00
1149.020,1787664094065,4.9194,-1.1527,0.5097,180.00
1149.120,1787664094165,4.9195,-1.0936,0.5097,180.00
1149.220,1787664094266,4.9196,-1.0383,0.5097,180.00
1149.321,1787664094366,4.9196,-0.9830,0.5096,180.00
1149.421,1787664094466,4.9197,-0.9238,0.5096,180.00
1149.521,1787664094566,4.9198,-0.8607,0.5096,180.00
1149.621,1787664094666,4.9199,-0.8013,0.5096,180.00
1149.721,1787664094766,4.9200,-0.7417,0.5096,180.00
1149.822,1787664094868,4.9202,-0.6747,0.5096,180.00
1149.923,1787664094968,4.9203,-0.6190,0.5096,180.00
1150.023,1787664095068,4.9203,-0.5744,0.5096,180.00
1150.123,1787664095168,4.9205,-0.5151,0.5096,180.00
1150.223,1787664095268,4.9206,-0.4595,0.5096,180.00
1150.323,1787664095368,4.9207,-0.3963,0.5097,180.00
1150.423,1787664095468,4.9208,-0.3405,0.5097,180.00
1150.523,1787664095568,4.9209,-0.2769,0.5097,180.00
1150.623,1787664095668,4.9210,-0.2132,0.5098,180.00
1150.723,1787664095769,4.9211,-0.1419,0.5098,180.00
1150.824,1787664095869,4.9212,-0.0817,0.5098,180.00
1150.924,1787664095969,4.9213,-0.0177,0.5098,180.00
1151.024,1787664096069,4.9214,0.0424,0.5098,180.00
1151.124,1787664096169,4.9215,0.1060,0.5099,180.00
1151.224,1787664096269,4.9216,0.1507,0.5099,180.00
1151.324,1787664096369,4.9217,0.2064,0.5099,179.99
1151.424,1787664096469,4.9218,0.2694,0.5100,179.99
1151.524,1787664096570,4.9219,0.3176,0.5100,179.99
1151.625,1787664096670,4.9220,0.3916,0.5100,179.99
1151.725,1787664096770,4.9221,0.4434,0.5100,179.99
1151.825,1787664096870,4.9222,0.5027,0.5101,179.99
1151.925,1787664096970,4.9223,0.5694,0.5101,179.99
1152.025,1787664097070,4.9224,0.6213,0.5102,179.99
1152.125,1787664097170,4.9225,0.6842,0.5102,179.99
1152.225,1787664097270,4.9226,0.7358,0.5102,179.99
1152.325,1787664097370,4.9227,0.8020,0.5103,179.99
1152.426,1787664097471,4.9228,0.8609,0.5103,179.99
1152.526,1787664097571,4.9229,0.9235,0.5103,179.99
1152.626,1787664097671,4.9230,0.9751,0.5103,179.99
1152.726,1787664097771,4.9231,1.0305,0.5103,179.99
1152.826,1787664097871,4.9233,1.0782,0.5103,179.99
1152.926,1787664097971,4.9234,1.1295,0.5103,179.99
1153.026,1787664098071,4.9235,1.1809,0.5103,179.99
1153.126,1787664098171,4.9237,1.2396,0.5102,179.99
1153.226,1787664098272,4.9238,1.2912,0.5102,179.99
1153.327,1787664098372,4.9239,1.3392,0.5102,180.00
1153.427,1787664098472,4.9241,1.3947,0.5102,180.00
1153.527,1787664098572,4.9242,1.4688,0.5101,180.00
1153.627,1787664098672,4.9244,1.5248,0.5101,180.00
1153.727,1787664098772,4.9245,1.5924,0.5101,180.00
1153.827,1787664098872,4.9246,1.6490,0.5101,180.00
1153.928,1787664098973,4.9247,1.7171,0.5101,179.99
1154.028,1787664099073,4.9248,1.7779,0.5101,179.99
1154.128,1787664099173,4.9249,1.8120,0.5101,179.99
1154.228,1787664099273,4.9250,1.8763,0.5100,179.99
1154.328,1787664099373,4.9251,1.9369,0.5100,179.99
1154.428,1787664099473,4.9253,1.9937,0.5100,179.99
1154.528,1787664099574,4.9254,2.0621,0.5100,179.99
1154.629,1787664099674,4.9254,2.0887,0.5100,179.99
1154.729,1787664099774,4.9255,2.1456,0.5101,179.99
1154.829,1787664099874,4.9256,2.2025,0.5101,179.99
1154.929,1787664099974,4.9257,2.2711,0.5101,179.99
1155.029,1787664100074,4.9258,2.3402,0.5102,179.99
1155.130,1787664100175,4.9259,2.4059,0.5102,179.99
1155.230,1787664100275,4.9260,2.4600,0.5102,179.99
1155.330,1787664100375,4.9261,2.5066,0.5102,179.99
1155.430,1787664100475,4.9262,2.5723,0.5102,179.99
1155.530,1787664100575,4.9263,2.6343,0.5102,179.99
1155.630,1787664100675,4.9265,2.7080,0.5102,179.99
1155.730,1787664100775,4.9266,2.7585,0.5102,179.99
1155.830,1787664100875,4.9267,2.8322,0.5101,179.99
1155.931,1787664100976,4.9268,2.8827,0.5101,179.99
1156.031,1787664101076,4.9268,2.9407,0.5100,179.99
1156.131,1787664101176,4.9269,3.0024,0.5100,180.00
1156.231,1787664101276,4.9270,3.0601,0.5100,180.00
1156.331,1787664101376,4.9271,3.1255,0.5099,180.00
1156.432,1787664101477,4.9272,3.1794,0.5099,180.00
1156.532,1787664101577,4.9272,3.2293,0.5099,180.00
1156.632,1787664101677,4.9273,3.2792,0.5099,180.00
1156.732,1787664101777,4.9274,3.3480,0.5099,180.00
1156.832,1787664101877,4.9274,3.4129,0.5099,180.00
1156.932,1787664101977,4.9275,3.4818,0.5099,180.00
1157.032,1787664102077,4.9275,3.5200,0.5099,180.00
1157.134,1787664102179,4.9275,3.6041,0.5099,180.00
1157.234,1787664102279,4.9275,3.6615,0.5099,180.00
1157.334,1787664102379,4.9275,3.7343,0.5099,180.00
1157.434,1787664102479,4.9275,3.7955,0.5100,180.00
1157.535,1787664102580,4.9274,3.8755,0.5100,180.00
1157.635,1787664102680,4.9274,3.9250,0.5100,180.00
1157.735,1787664102780,4.9274,3.9971,0.5100,180.00
1157.835,1787664102880,4.9274,4.0612,0.5101,180.00
1157.935,1787664102980,4.9273,4.1288,0.5101,180.00
1158.035,1787664103080,4.9273,4.1736,0.5101,180.00
1158.135,1787664103180,4.9273,4.2329,0.5102,180.00
1158.235,1787664103281,4.9273,4.2807,0.5102,180.00
1158.336,1787664103381,4.9272,4.3467,0.5103,179.99
1158.436,1787664103481,4.9272,4.4014,0.5103,179.99
1158.536,1787664103581,4.9272,4.4559,0.5103,179.99
1158.636,1787664103681,4.9272,4.5288,0.5104,179.99
1158.736,1787664103781,4.9272,4.5688,0.5104,179.99
1158.836,1787664103881,4.9272,4.6342,0.5104,179.99
1158.936,1787664103982,4.9272,4.6886,0.5104,179.99
1159.037,1787664104082,4.9272,4.7429,0.5104,179.99
1159.137,1787664104182,4.9273,4.8044,0.5104,179.99
1159.237,1787664104282,4.9273,4.8406,0.5104,179.99
1159.337,1787664104382,4.9274,4.8949,0.5104,179.99
1159.437,1787664104482,4.9275,4.9601,0.5104,179.99
1159.537,1787664104582,4.9275,5.0071,0.5103,179.99
1159.637,1787664104682,4.9276,5.0725,0.5103,179.99
1159.737,1787664104782,4.9277,5.1236,0.5103,179.99
1159.837,1787664104883,4.9278,5.1823,0.5103,180.00
1159.938,1787664104983,4.9279,5.2155,0.5103,180.00
1160.038,1787664105083,4.9280,5.2597,0.5103,180.00
1160.138,1787664105183,4.9281,5.3111,0.5103,180.00
1160.238,1787664105283,4.9282,5.3847,0.5102,180.00
1160.338,1787664105383,4.9283,5.4331,0.5102,180.00
1160.438,1787664105483,4.9284,5.4932,0.5102,180.00
1160.538,1787664105583,4.9285,5.5576,0.5101,180.00
1160.638,1787664105683,4.9286,5.6187,0.5101,-180.00
1160.738,1787664105784,4.9286,5.6570,0.5100,-180.00
1160.839,1787664105884,4.9287,5.7299,0.5100,-180.00
1160.939,1787664105984,4.9288,5.7838,0.5099,-180.00
1161.039,1787664106084,4.9289,5.8457,0.5099,-180.00
1161.139,1787664106184,4.9289,5.9000,0.5099,-180.00
1161.239,1787664106284,4.9290,5.9389,0.5099,-180.00
1161.339,1787664106384,4.9290,5.9933,0.5098,-180.00
1161.439,1787664106484,4.9291,6.0399,0.5098,-180.00
1161.539,1787664106584,4.9291,6.0981,0.5099,-180.00
1161.640,1787664106685,4.9292,6.1371,0.5099,180.00
1161.740,1787664106785,4.9292,6.2076,0.5099,180.00
1161.840,1787664106885,4.9293,6.2629,0.5099,180.00
1161.940,1787664106985,4.9293,6.3225,0.5099,180.00
1162.040,1787664107085,4.9293,6.3827,0.5099,180.00
1162.140,1787664107186,4.9294,6.4353,0.5099,180.00
1162.241,1787664107286,4.9294,6.5043,0.5099,180.00
1162.341,1787664107386,4.9294,6.5655,0.5098,180.00
1162.441,1787664107486,4.9295,6.6309,0.5098,180.00
1162.541,1787664107586,4.9295,6.6965,0.5098,180.00
1162.641,1787664107686,4.9295,6.7376,0.5098,180.00
1162.741,1787664107786,4.9296,6.7951,0.5098,180.00
1162.841,1787664107886,4.9296,6.8483,0.5098,180.00
1162.941,1787664107987,4.9297,6.9220,0.5098,-180.00
1163.042,1787664108087,4.9297,6.9714,0.5097,-180.00
1163.142,1787664108187,4.9298,7.0251,0.5097,-180.00
1163.242,1787664108287,4.9299,7.0952,0.5097,-180.00
1163.342,1787664108387,4.9299,7.1573,0.5097,-180.00
1163.442,1787664108487,4.9300,7.1987,0.5096,-180.00
1163.542,1787664108587,4.9300,7.2485,0.5096,-180.00
1163.642,1787664108687,4.9301,7.2939,0.5096,-180.00
1163.742,1787664108787,4.9301,7.3599,0.5096,-180.00
1163.843,1787664108888,4.9302,7.4137,0.5096,-180.00
1163.943,1787664108988,4.9302,7.4676,0.5096,-180.00
1164.043,1787664109088,4.9303,7.5049,0.5096,-180.00
1164.143,1787664109188,4.9303,7.5672,0.5097,-180.00
1164.243,1787664109288,4.9304,7.6339,0.5097,-180.00
1164.343,1787664109388,4.9305,7.7010,0.5097,-180.00
1164.443,1787664109488,4.9306,7.7602,0.5098,-180.00
1164.543,1787664109589,4.9306,7.8197,0.5098,-180.00
1164.644,1787664109689,4.9307,7.9006,0.5098,-180.00
1164.744,1787664109789,4.9308,7.9821,0.5098,-180.00
1164.844,1787664109889,4.9309,8.0602,0.5098,-180.00
1164.944,1787664109989,4.9310,8.1300,0.5098,-180.00
1165.044,1787664110089,4.9311,8.1910,0.5098,-180.00
1165.144,1787664110189,4.9312,8.2427,0.5098,-180.00
1165.244,1787664110289,4.9313,8.3104,0.5099,-180.00
1165.344,1787664110390,4.9314,8.3600,0.5099,-180.00
1165.445,1787664110490,4.9315,8.4164,0.5100,-180.00
1165.545,1787664110590,4.9316,8.4746,0.5102,-180.00
1165.645,1787664110690,4.9317,8.5196,0.5102,-180.00
1165.745,1787664110790,4.9319,8.5841,0.5104,-180.00
1165.845,1787664110890,4.9320,8.6284,0.5105,-180.00
1165.945,1787664110990,4.9321,8.6706,0.5106,-180.00
1166.046,1787664111091,4.9322,8.7017,0.5107,-180.00
1166.146,1787664111191,4.9323,8.7487,0.5108,-180.00
1166.246,1787664111291,4.9325,8.7949,0.5109,-180.00
1166.346,1787664111391,4.9325,8.8253,0.5109,-179.99
1166.446,1787664111491,4.9326,8.8560,0.5109,-179.99
1166.547,1787664111592,4.9327,8.8844,0.5109,-179.99
1166.647,1787664111692,4.9329,8.9220,0.5109,-179.99
1166.748,1787664111793,4.9330,8.9501,0.5108,-179.99
1166.848,1787664111893,4.9331,8.9707,0.5107,-179.99
1166.948,1787664111993,4.9332,8.9945,0.5106,-179.99
1167.048,1787664112093,4.9333,9.0081,0.5105,-179.99
1167.148,1787664112193,4.9334,9.0255,0.5103,-179.99
1167.248,1787664112293,4.9334,9.0394,0.5101,-179.98
1167.348,1787664112394,4.9335,9.0531,0.5099,-179.98
1167.449,1787664112494,4.9335,9.0606,0.5098,-179.98
1167.549,1787664112594,4.9336,9.0683,0.5096,-179.98
1167.649,1787664112694,4.9336,9.0750,0.5094,-179.98
1167.750,1787664112795,4.9336,9.0784,0.5092,-179.98
1167.850,1787664112895,4.9336,9.0804,0.5091,-179.98
1167.950,1787664112995,4.9336,9.0816,0.5090,-179.98
1168.051,1787664113096,4.9336,9.0822,0.5089,-179.98
1168.151,1787664113196,4.9336,9.0817,0.5088,-179.98
1168.251,1787664113296,4.9336,9.0800,0.5086,-179.98
1168.351,1787664113396,4.9336,9.0768,0.5086,-179.99
1168.451,1787664113496,4.9337,9.0725,0.5085,-179.99
1168.552,1787664113597,4.9337,9.0671,0.5085,-179.99
1168.652,1787664113697,4.9336,9.0620,0.5085,-180.00
1168.752,1787664113798,4.9336,9.0582,0.5085,-180.00
1168.853,1787664113898,4.9336,9.0539,0.5085,180.00
1168.953,1787664113998,4.9335,9.0476,0.5085,180.00
1169.053,1787664114098,4.9335,9.0433,0.5086,180.00
1169.153,1787664114198,4.9335,9.0367,0.5086,180.00
1169.253,1787664114298,4.9334,9.0301,0.5086,180.00
1169.353,1787664114398,4.9334,9.0254,0.5087,180.00
1169.453,1787664114498,4.9334,9.0208,0.5087,-180.00
1169.554,1787664114599,4.9334,9.0152,0.5087,-180.00
1169.654,1787664114699,4.9333,9.0100,0.5088,-180.00
1169.754,1787664114799,4.9333,9.0050,0.5088,-180.00
1169.854,1787664114899,4.9333,9.0009,0.5089,-179.99
1169.954,1787664114999,4.9333,8.9966,0.5090,-179.99
1170.055,1787664115100,4.9333,8.9920,0.5090,-179.99
1170.155,1787664115200,4.9333,8.9890,0.5090,-179.99
1170.255,1787664115300,4.9334,8.9859,0.5091,-179.99
1170.355,1787664115400,4.9334,8.9824,0.5091,-179.99
1170.455,1787664115500,4.9334,8.9791,0.5091,-179.99
1170.555,1787664115600,4.9334,8.9760,0.5092,-179.99
1170.655,1787664115700,4.9334,8.9735,0.5092,-179.99
1170.756,1787664115801,4.9334,8.9722,0.5092,-179.99
1170.856,1787664115901,4.9334,8.9699,0.5092,-179.99
1170.956,1787664116001,4.9333,8.9667,0.5092,-179.99
1171.056,1787664116101,4.9333,8.9651,0.5092,-179.99
1171.156,1787664116201,4.9332,8.9623,0.5092,-179.99
1171.256,1787664116301,4.9332,8.9603,0.5092,-179.99
1171.356,1787664116402,4.9331,8.9589,0.5092,-179.99
1171.457,1787664116502,4.9331,8.9572,0.5092,-179.99
1171.557,1787664116602,4.9330,8.9560,0.5092,-179.99
1171.657,1787664116702,4.9330,8.9548,0.5093,-179.99
1171.757,1787664116802,4.9329,8.9538,0.5093,-179.99
1171.857,1787664116902,4.9329,8.9529,0.5093,-179.99
1171.957,1787664117002,4.9328,8.9523,0.5093,-179.99
1172.057,1787664117102,4.9328,8.9517,0.5093,-179.99
1172.158,1787664117203,4.9328,8.9512,0.5093,-179.99
1172.258,1787664117303,4.9327,8.9509,0.5094,-180.00
1172.358,1787664117403,4.9327,8.9504,0.5094,-180.00
1172.458,1787664117503,4.9326,8.9501,0.5094,-180.00
1172.558,1787664117603,4.9325,8.9499,0.5094,-180.00
1172.658,1787664117703,4.9325,8.9498,0.5095,-180.00
1172.758,1787664117803,4.9324,8.9497,0.5095,-180.00
1172.858,1787664117903,4.9324,8.9497,0.5095,-180.00
1172.958,1787664118004,4.9323,8.9497,0.5095,-180.00
1173.059,1787664118104,4.9323,8.9498,0.5095,-180.00
1173.159,1787664118204,4.9323,8.9499,0.5095,-180.00
1173.259,1787664118304,4.9323,8.9501,0.5095,-180.00
1173.359,1787664118404,4.9322,8.9504,0.5095,-180.00
1173.459,1787664118504,4.9322,8.9506,0.5095,-180.00
1173.559,1787664118604,4.9323,8.9509,0.5096,-179.99
1173.659,1787664118705,4.9323,8.9511,0.5096,-179.99
1173.760,1787664118805,4.9323,8.9516,0.5096,-179.99
1173.860,1787664118905,4.9323,8.9519,0.5096,-179.99
1173.960,1787664119005,4.9323,8.9524,0.5096,-179.99
1174.060,1787664119105,4.9323,8.9527,0.5097,-179.99
1174.160,1787664119206,4.9323,8.9531,0.5097,-179.99
1174.261,1787664119306,4.9323,8.9537,0.5097,-179.99
1174.361,1787664119406,4.9324,8.9544,0.5097,-179.99
1174.461,1787664119506,4.9324,8.9551,0.5097,-179.99
1174.561,1787664119606,4.9325,8.9559,0.5097,-179.99
1174.661,1787664119706,4.9325,8.9566,0.5097,-179.99
1174.761,1787664119806,4.9325,8.9572,0.5097,-179.99
1174.861,1787664119906,4.9326,8.9581,0.5097,-179.99
1174.961,1787664120006,4.9326,8.9588,0.5097,-179.99
1175.061,1787664120106,4.9326,8.9595,0.5097,-179.99
1175.161,1787664120207,4.9326,8.9602,0.5097,-179.99
1175.262,1787664120307,4.9326,8.9607,0.5097,-179.99
1175.362,1787664120407,4.9326,8.9613,0.5097,-179.99
1175.462,1787664120507,4.9326,8.9620,0.5097,-179.99
1175.562,1787664120607,4.9326,8.9626,0.5097,-179.99
1175.662,1787664120708,4.9326,8.9631,0.5097,-179.99
1175.763,1787664120808,4.9326,8.9638,0.5097,-179.99
1175.863,1787664120908,4.9326,8.9646,0.5101,-179.99
1175.963,1787664121008,4.9326,8.9657,0.5112,-179.99
1176.063,1787664121108,4.9326,8.9664,0.5131,-179.99
1176.163,1787664121208,4.9326,8.9667,0.5166,-179.99
1176.263,1787664121308,4.9326,8.9666,0.5206,-179.99
1176.364,1787664121409,4.9326,8.9663,0.5246,-179.99
1176.464,1787664121509,4.9326,8.9657,0.5298,-179.99
1176.564,1787664121609,4.9326,8.9653,0.5337,-179.99
1176.664,1787664121709,4.9326,8.9646,0.5392,-179.99
1176.764,1787664121809,4.9326,8.9639,0.5448,-179.98
1176.864,1787664121909,4.9326,8.9632,0.5510,-179.98
1176.964,1787664122009,4.9326,8.9625,0.5565,-179.98
1177.064,1787664122110,4.9325,8.9618,0.5623,-179.98
1177.165,1787664122210,4.9325,8.9608,0.5704,-179.98
1177.265,1787664122310,4.9325,8.9603,0.5744,-179.98
1177.365,1787664122410,4.9324,8.9591,0.5854,-179.98
1177.465,1787664122510,4.9324,8.9579,0.5958,-179.98
1177.565,1787664122610,4.9324,8.9568,0.6076,-179.98
1177.665,1787664122710,4.9324,8.9560,0.6149,-179.98
1177.765,1787664122811,4.9324,8.9549,0.6265,-179.98
1177.866,1787664122911,4.9323,8.9540,0.6368,-179.98
1177.966,1787664123011,4.9323,8.9529,0.6491,-179.98
1178.066,1787664123111,4.9323,8.9523,0.6563,-179.98
1178.166,1787664123211,4.9322,8.9512,0.6719,-179.99
1178.266,1787664123311,4.9322,8.9504,0.6822,-179.99
1178.367,1787664123412,4.9322,8.9497,0.6945,-179.99
1178.467,1787664123512,4.9321,8.9490,0.7060,-179.99
1178.567,1787664123612,4.9320,8.9482,0.7217,-179.99
1178.667,1787664123712,4.9319,8.9475,0.7365,-179.99
1178.767,1787664123812,4.9318,8.9470,0.7504,-179.99
1178.867,1787664123912,4.9317,8.9466,0.7643,-179.99
1178.967,1787664124012,4.9316,8.9462,0.7803,-179.99
1179.068,1787664124113,4.9315,8.9459,0.7963,-179.99
1179.168,1787664124213,4.9314,8.9457,0.8102,-179.99
1179.268,1787664124313,4.9313,8.9456,0.8281,-179.99
1179.368,1787664124413,4.9312,8.9457,0.8419,-179.99
1179.468,1787664124513,4.9311,8.9458,0.8537,-179.99
1179.568,1787664124613,4.9310,8.9460,0.8705,-179.99
1179.668,1787664124713,4.9309,8.9463,0.8862,-179.99
1179.768,1787664124814,4.9308,8.9467,0.9000,-179.99
1179.869,1787664124914,4.9307,8.9472,0.9166,-179.99
1179.969,1787664125014,4.9307,8.9477,0.9302,-179.99
1180.069,1787664125114,4.9306,8.9483,0.9448,-179.99
1180.169,1787664125214,4.9305,8.9490,0.9613,-179.99
1180.269,1787664125314,4.9304,8.9498,0.9767,-179.99
1180.369,1787664125414,4.9303,8.9506,0.9929,-179.99
1180.469,1787664125514,4.9303,8.9512,1.0034,-179.99
1180.569,1787664125614,4.9302,8.9520,1.0176,-179.99
1180.670,1787664125715,4.9302,8.9527,1.0300,-179.99
1180.771,1787664125816,4.9302,8.9537,1.0452,-179.99
1180.871,1787664125916,4.9301,8.9548,1.0634,-179.99
1180.971,1787664126016,4.9301,8.9557,1.0767,-179.99
1181.071,1787664126116,4.9301,8.9563,1.0872,-179.99
1181.171,1787664126217,4.9302,8.9573,1.1025,-179.99
1181.272,1787664126317,4.9302,8.9583,1.1178,-179.99
1181.372,1787664126417,4.9302,8.9593,1.1350,-179.99
1181.472,1787664126517,4.9302,8.9601,1.1484,-179.99
1181.572,1787664126617,4.9302,8.9609,1.1608,-179.99
1181.672,1787664126717,4.9303,8.9617,1.1741,-179.99
1181.772,1787664126817,4.9303,8.9623,1.1846,-179.99
1181.872,1787664126917,4.9303,8.9632,1.1990,-179.99
1181.973,1787664127018,4.9303,8.9639,1.2116,-179.99
1182.073,1787664127118,4.9303,8.9644,1.2194,-180.00
1182.173,1787664127218,4.9304,8.9652,1.2341,-180.00
1182.273,1787664127318,4.9304,8.9660,1.2490,-180.00
1182.373,1787664127418,4.9305,8.9664,1.2570,-180.00
1182.473,1787664127518,4.9305,8.9669,1.2661,-180.00
1182.573,1787664127618,4.9306,8.9677,1.2824,-180.00
1182.673,1787664127719,4.9307,8.9685,1.2990,180.00
1182.774,1787664127819,4.9308,8.9694,1.3169,180.00
1182.874,1787664127919,4.9309,8.9703,1.3358,180.00
1182.974,1787664128019,4.9310,8.9709,1.3493,180.00
1183.074,1787664128119,4.9311,8.9717,1.3660,180.00
1183.174,1787664128219,4.9312,8.9723,1.3815,180.00
1183.274,1787664128319,4.9313,8.9730,1.3979,180.00
1183.374,1787664128419,4.9315,8.9738,1.4183,180.00
1183.474,1787664128519,4.9316,8.9744,1.4335,180.00
1183.574,1787664128619,4.9317,8.9749,1.4465,-180.00
1183.674,1787664128720,4.9318,8.9756,1.4634,-180.00
1183.775,1787664128820,4.9320,8.9763,1.4793,-180.00
1183.875,1787664128920,4.9320,8.9766,1.4891,-180.00
1183.975,1787664129020,4.9322,8.9772,1.5039,-180.00
1184.075,1787664129120,4.9323,8.9776,1.5158,-180.00
1184.175,1787664129220,4.9324,8.9781,1.5326,-180.00
1184.275,1787664129320,4.9325,8.9787,1.5485,-180.00
1184.375,1787664129420,4.9326,8.9793,1.5643,-180.00
1184.475,1787664129521,4.9327,8.9799,1.5821,-180.00
1184.576,1787664129621,4.9328,8.9804,1.5978,-180.00
1184.676,1787664129721,4.9329,8.9809,1.6133,-180.00
1184.776,1787664129821,4.9329,8.9812,1.6259,-180.00
1184.876,1787664129921,4.9329,8.9815,1.6346,-180.00
1184.976,1787664130021,4.9329,8.9819,1.6491,-180.00
1185.076,1787664130121,4.9330,8.9824,1.6678,-180.00
1185.176,1787664130221,4.9330,8.9829,1.6854,-180.00
1185.276,1787664130321,4.9330,8.9834,1.7040,-180.00
1185.376,1787664130422,4.9330,8.9835,1.7098,-180.00
1185.477,1787664130522,4.9330,8.9840,1.7282,-180.00
1185.577,1787664130622,4.9330,8.9843,1.7408,-180.00
1185.677,1787664130722,4.9330,8.9847,1.7583,-180.00
1185.777,1787664130822,4.9330,8.9851,1.7739,-180.00
1185.877,1787664130922,4.9330,8.9854,1.7875,-180.00
1185.977,1787664131022,4.9330,8.9859,1.8050,180.00
1186.078,1787664131123,4.9330,8.9861,1.8167,180.00
1186.178,1787664131223,4.9330,8.9864,1.8283,180.00
1186.278,1787664131323,4.9330,8.9867,1.8429,180.00
1186.378,1787664131423,4.9330,8.9870,1.8547,180.00
1186.479,1787664131524,4.9330,8.9873,1.8694,180.00
1186.579,1787664131624,4.9330,8.9876,1.8843,180.00
1186.679,1787664131724,4.9330,8.9878,1.8972,180.00
1186.779,1787664131824,4.9330,8.9880,1.9032,180.00
1186.879,1787664131924,4.9329,8.9883,1.9172,180.00
1186.979,1787664132024,4.9329,8.9885,1.9284,180.00
1187.079,1787664132124,4.9329,8.9888,1.9407,180.00
1187.179,1787664132224,4.9328,8.9891,1.9531,180.00
1187.280,1787664132325,4.9328,8.9895,1.9657,180.00
1187.380,1787664132425,4.9328,8.9898,1.9771,-180.00
1187.480,1787664132525,4.9327,8.9903,1.9933,-180.00
1187.580,1787664132625,4.9326,8.9907,2.0068,-180.00
1187.680,1787664132725,4.9326,8.9912,2.0206,-180.00
1187.780,1787664132825,4.9325,8.9917,2.0345,-180.00
1187.881,1787664132926,4.9325,8.9922,2.0481,-180.00
1187.981,1787664133026,4.9324,8.9926,2.0592,-180.00
1188.081,1787664133126,4.9324,8.9930,2.0689,-180.00
1188.181,1787664133226,4.9324,8.9934,2.0785,180.00
1188.281,1787664133326,4.9323,8.9937,2.0839,180.00
1188.381,1787664133426,4.9322,8.9942,2.0949,180.00
1188.481,1787664133526,4.9322,8.9948,2.1044,180.00
1188.581,1787664133626,4.9321,8.9952,2.1112,180.00
1188.681,1787664133727,4.9321,8.9957,2.1190,180.00
1188.782,1787664133827,4.9320,8.9962,2.1253,180.00
1188.882,1787664133927,4.9320,8.9966,2.1304,180.00
1188.982,1787664134027,4.9319,8.9969,2.1356,180.00
1189.082,1787664134127,4.9319,8.9973,2.1404,180.00
1189.182,1787664134227,4.9318,8.9976,2.1450,180.00
1189.282,1787664134327,4.9318,8.9978,2.1485,180.00
1189.382,1787664134427,4.9318,8.9981,2.1520,180.00
1189.482,1787664134528,4.9317,8.9984,2.1549,180.00
1189.583,1787664134628,4.9317,8.9986,2.1582,180.00
1189.683,1787664134728,4.9317,8.9988,2.1601,180.00
1189.783,1787664134828,4.9317,8.9990,2.1630,180.00
1189.883,1787664134928,4.9317,8.9992,2.1655,180.00
1189.983,1787664135028,4.9317,8.9993,2.1675,180.00
1190.083,1787664135128,4.9317,8.9995,2.1696,180.00
1190.183,1787664135228,4.9317,8.9996,2.1716,180.00
1190.283,1787664135329,4.9317,8.9998,2.1735,180.00
1190.384,1787664135429,4.9317,8.9999,2.1754,180.00
1190.484,1787664135529,4.9317,9.0001,2.1771,180.00
1190.584,1787664135629,4.9317,9.0002,2.1788,179.99
1190.684,1787664135729,4.9317,9.0004,2.1802,179.99
1190.784,1787664135829,4.9317,9.0006,2.1814,179.99
1190.884,1787664135929,4.9317,9.0007,2.1828,179.99
1190.984,1787664136029,4.9317,9.0008,2.1841,179.99
1191.084,1787664136130,4.9317,9.0009,2.1852,179.99
1191.185,1787664136230,4.9318,9.0009,2.1860,179.99
1191.286,1787664136331,4.9318,9.0010,2.1871,179.99
1191.386,1787664136431,4.9318,9.0011,2.1880,179.99
1191.486,1787664136531,4.9318,9.0012,2.1889,179.99
1191.586,1787664136631,4.9319,9.0012,2.1894,179.99
1191.686,1787664136731,4.9319,9.0012,2.1898,179.99
1191.786,1787664136832,4.9319,9.0013,2.1906,179.99
1191.887,1787664136932,4.9319,9.0013,2.1911,179.99
1191.987,1787664137032,4.9319,9.0014,2.1915,179.99
1192.087,1787664137132,4.9320,9.0014,2.1921,179.99
1192.187,1787664137232,4.9320,9.0014,2.1928,179.99
1192.287,1787664137332,4.9320,9.0014,2.1933,179.99
1192.387,1787664137432,4.9320,9.0014,2.1940,179.99
1192.489,1787664137534,4.9320,9.0014,2.1944,179.99
1192.589,1787664137634,4.9321,9.0014,2.1949,179.99
1192.689,1787664137734,4.9321,9.0014,2.1953,179.99
1192.789,1787664137834,4.9321,9.0014,2.1959,179.99
1192.889,1787664137934,4.9321,9.0014,2.1964,179.99
1192.989,1787664138034,4.9322,9.0014,2.1969,179.99
1193.089,1787664138135,4.9322,9.0014,2.1973,179.99
1193.190,1787664138235,4.9322,9.0014,2.1978,179.99
1193.290,1787664138335,4.9322,9.0014,2.1983,179.99
1193.390,1787664138435,4.9322,9.0015,2.1987,179.99
1193.490,1787664138535,4.9322,9.0015,2.1990,179.99
1193.590,1787664138635,4.9322,9.0015,2.1992,179.99
1193.690,1787664138735,4.9322,9.0015,2.1997,179.99
1193.790,1787664138835,4.9321,9.0015,2.2001,179.99
1193.890,1787664138936,4.9321,9.0015,2.2005,179.99
1193.991,1787664139036,4.9320,9.0015,2.2008,180.00
1194.091,1787664139136,4.9319,9.0014,2.2010,180.00
1194.191,1787664139236,4.9318,9.0014,2.2014,180.00
1194.291,1787664139336,4.9317,9.0014,2.2017,180.00
1194.391,1787664139436,4.9316,9.0014,2.2019,180.00
1194.491,1787664139536,4.9314,9.0014,2.2023,180.00
1194.591,1787664139636,4.9313,9.0013,2.2025,180.00
1194.691,1787664139737,4.9312,9.0013,2.2027,180.00
1194.792,1787664139837,4.9311,9.0013,2.2029,180.00
1194.892,1787664139937,4.9309,9.0013,2.2031,180.00
1194.992,1787664140037,4.9308,9.0012,2.2033,180.00
1195.092,1787664140137,4.9306,9.0012,2.2035,180.00
1195.192,1787664140237,4.9305,9.0011,2.2038,180.00
1195.292,1787664140337,4.9304,9.0011,2.2039,180.00
1195.392,1787664140437,4.9303,9.0011,2.2042,180.00
1195.493,1787664140538,4.9302,9.0011,2.2043,180.00
1195.593,1787664140638,4.9300,9.0010,2.2046,180.00
1195.693,1787664140738,4.9299,9.0010,2.2048,180.00
1195.793,1787664140838,4.9299,9.0010,2.2050,180.00
1195.893,1787664140938,4.9298,9.0010,2.2052,180.00
1195.993,1787664141038,4.9298,9.0010,2.2054,180.00
1196.093,1787664141138,4.9297,9.0009,2.2055,180.00
1196.193,1787664141238,4.9297,9.0009,2.2057,180.00
1196.294,1787664141339,4.9297,9.0009,2.2059,180.00
1196.394,1787664141439,4.9297,9.0009,2.2060,180.00
1196.494,1787664141539,4.9297,9.0009,2.2062,180.00
1196.594,1787664141639,4.9297,9.0010,2.2063,180.00
1196.698,1787664141743,4.9297,9.0010,2.2064,-180.00
1196.799,1787664141844,4.9297,9.0010,2.2065,-180.00
1196.901,1787664141946,4.9298,9.0010,2.2066,-180.00
1197.001,1787664142046,4.9298,9.0011,2.2066,-180.00
1197.101,1787664142146,4.9299,9.0015,2.2067,-180.00
1197.201,1787664142246,4.9299,9.0026,2.2067,-180.00
1197.301,1787664142346,4.9300,9.0048,2.2068,-180.00
1197.401,1787664142446,4.9301,9.0064,2.2069,180.00
1197.502,1787664142547,4.9301,9.0067,2.2070,180.00
1197.602,1787664142647,4.9302,9.0052,2.2071,180.00
1197.702,1787664142747,4.9303,9.0009,2.2073,180.00
1197.802,1787664142847,4.9303,8.9951,2.2074,180.00
1197.902,1787664142947,4.9303,8.9855,2.2076,180.00
1198.002,1787664143047,4.9304,8.9754,2.2077,180.00
1198.102,1787664143147,4.9304,8.9652,2.2078,180.00
1198.203,1787664143248,4.9304,8.9493,2.2079,180.00
1198.303,1787664143348,4.9304,8.9332,2.2080,180.00
1198.403,1787664143448,4.9304,8.9119,2.2081,180.00
1198.503,1787664143548,4.9304,8.8924,2.2082,180.00
1198.603,1787664143648,4.9304,8.8672,2.2082,180.00
1198.703,1787664143748,4.9304,8.8411,2.2083,180.00
1198.803,1787664143849,4.9303,8.8127,2.2082,180.00
1198.904,1787664143949,4.9303,8.7841,2.2082,180.00
1199.004,1787664144049,4.9302,8.7413,2.2081,180.00
1199.104,1787664144149,4.9302,8.6974,2.2080,180.00
1199.204,1787664144249,4.9301,8.6699,2.2079,180.00
1199.304,1787664144349,4.9300,8.6354,2.2078,180.00
1199.404,1787664144449,4.9299,8.5964,2.2077,-180.00
1199.504,1787664144550,4.9298,8.5366,2.2075,-180.00
1199.605,1787664144650,4.9297,8.4734,2.2073,-179.99
1199.705,1787664144750,4.9295,8.4141,2.2071,-179.99
1199.805,1787664144850,4.9294,8.3633,2.2069,-179.99
1199.905,1787664144950,4.9292,8.2882,2.2067,-179.99
1200.005,1787664145050,4.9291,8.2499,2.2065,-179.99
1200.105,1787664145150,4.9289,8.1839,2.2064,-179.99
1200.205,1787664145250,4.9288,8.1166,2.2063,-179.99
1200.305,1787664145350,4.9287,8.0684,2.2062,-179.99
1200.405,1787664145451,4.9285,8.0034,2.2061,-179.99
1200.506,1787664145551,4.9284,7.9459,2.2060,-179.99
1200.606,1787664145651,4.9282,7.8673,2.2060,-179.99
1200.706,1787664145751,4.9280,7.8045,2.2060,-179.99
1200.806,1787664145851,4.9278,7.7456,2.2060,-179.99
1200.906,1787664145951,4.9276,7.6653,2.2060,-179.99
1201.006,1787664146051,4.9274,7.5974,2.2060,-179.99
1201.106,1787664146151,4.9272,7.5336,2.2060,-180.00
1201.206,1787664146251,4.9270,7.4657,2.2060,-180.00
1201.307,1787664146352,4.9269,7.4107,2.2061,-180.00
1201.407,1787664146452,4.9267,7.3474,2.2061,-180.00
1201.507,1787664146552,4.9266,7.3179,2.2061,-180.00
1201.607,1787664146652,4.9264,7.2510,2.2061,-180.00
1201.707,1787664146752,4.9262,7.1969,2.2062,-180.00
1201.807,1787664146852,4.9261,7.1636,2.2062,-180.00
1201.907,1787664146952,4.9260,7.1346,2.2062,-180.00
1202.007,1787664147053,4.9258,7.0769,2.2062,-180.00
1202.108,1787664147153,4.9256,7.0194,2.2063,-180.00
1202.208,1787664147253,4.9254,6.9492,2.2063,-180.00
1202.308,1787664147353,4.9253,6.9202,2.2064,-180.00
1202.408,1787664147453,4.9251,6.8536,2.2064,-180.00
1202.508,1787664147553,4.9248,6.7782,2.2065,180.00
1202.608,1787664147654,4.9246,6.7147,2.2066,180.00
1202.709,1787664147754,4.9244,6.6635,2.2066,180.00
1202.809,1787664147854,4.9242,6.5908,2.2067,180.00
1202.909,1787664147954,4.9239,6.5265,2.2067,180.00
1203.009,1787664148054,4.9237,6.4663,2.2067,180.00
1203.110,1787664148155,4.9235,6.4106,2.2068,180.00
1203.210,1787664148255,4.9232,6.3334,2.2068,180.00
1203.310,1787664148355,4.9230,6.2819,2.2068,180.00
1203.410,1787664148456,4.9227,6.2047,2.2068,180.00
1203.511,1787664148556,4.9224,6.1403,2.2068,180.00
1203.611,1787664148656,4.9222,6.0716,2.2068,180.00
1203.711,1787664148756,4.9219,5.9945,2.2068,180.00
1203.811,1787664148856,4.9217,5.9432,2.2068,180.00
1203.911,1787664148956,4.9214,5.8793,2.2068,180.00
1204.011,1787664149056,4.9212,5.8202,2.2068,180.00
1204.111,1787664149157,4.9209,5.7571,2.2068,180.00
1204.212,1787664149257,4.9206,5.6691,2.2068,-180.00
1204.312,1787664149357,4.9204,5.6314,2.2068,-180.00
1204.412,1787664149457,4.9201,5.5522,2.2068,-180.00
1204.512,1787664149557,4.9198,5.4611,2.2068,-180.00
1204.612,1787664149657,4.9196,5.4035,2.2068,-180.00
1204.712,1787664149757,4.9194,5.3381,2.2068,-180.00
1204.812,1787664149857,4.9192,5.2730,2.2068,-180.00
1204.912,1787664149957,4.9191,5.2246,2.2068,-180.00
1205.012,1787664150058,4.9189,5.1648,2.2067,-180.00
1205.113,1787664150158,4.9187,5.1135,2.2067,-180.00
1205.213,1787664150258,4.9185,5.0391,2.2067,-180.00
1205.313,1787664150358,4.9184,4.9729,2.2067,-180.00
1205.413,1787664150458,4.9182,4.9263,2.2067,-180.00
1205.513,1787664150558,4.9182,4.8914,2.2067,-180.00
1205.613,1787664150658,4.9180,4.8491,2.2067,-180.00
1205.713,1787664150758,4.9179,4.8070,2.2067,-180.00
1205.814,1787664150859,4.9178,4.7614,2.2067,-180.00
1205.914,1787664150959,4.9177,4.7122,2.2067,-180.00
1206.014,1787664151059,4.9176,4.6632,2.2067,-180.00
1206.115,1787664151160,4.9175,4.6063,2.2068,-180.00
1206.215,1787664151260,4.9174,4.5490,2.2068,-180.00
1206.315,1787664151360,4.9173,4.4950,2.2068,-180.00
1206.415,1787664151460,4.9172,4.4404,2.2068,-180.00
1206.515,1787664151560,4.9171,4.3578,2.2068,180.00
1206.615,1787664151660,4.9171,4.2983,2.2069,180.00
1206.715,1787664151761,4.9170,4.2585,2.2069,180.00
1206.816,1787664151861,4.9170,4.2187,2.2069,180.00
1206.916,1787664151961,4.9169,4.1751,2.2069,180.00
1207.016,1787664152061,4.9169,4.1237,2.2069,180.00
1207.116,1787664152161,4.9168,4.0762,2.2069,180.00
1207.216,1787664152261,4.9168,4.0445,2.2069,180.00
1207.316,1787664152361,4.9167,3.9808,2.2070,180.00
1207.416,1787664152462,4.9166,3.9326,2.2070,180.00
1207.517,1787664152562,4.9166,3.8839,2.2071,180.00
1207.617,1787664152662,4.9165,3.8471,2.2071,180.00
1207.717,1787664152762,4.9165,3.8101,2.2071,180.00
1207.817,1787664152862,4.9165,3.7688,2.2072,180.00
1207.918,1787664152963,4.9164,3.7025,2.2072,180.00
1208.018,1787664153063,4.9163,3.6649,2.2073,180.00
1208.118,1787664153163,4.9163,3.6101,2.2073,180.00
1208.218,1787664153263,4.9162,3.5546,2.2074,-180.00
1208.318,1787664153363,4.9161,3.4898,2.2074,-180.00
1208.418,1787664153463,4.9160,3.4417,2.2074,-180.00
1208.518,1787664153564,4.9159,3.3886,2.2075,-180.00
1208.619,1787664153664,4.9158,3.3441,2.2075,-180.00
1208.719,1787664153764,4.9157,3.2633,2.2075,-180.00
1208.819,1787664153864,4.9156,3.1953,2.2075,-180.00
1208.919,1787664153964,4.9155,3.1404,2.2075,-180.00
1209.019,1787664154064,4.9155,3.1127,2.2075,-180.00
1209.119,1787664154164,4.9154,3.0574,2.2074,-179.99
1209.219,1787664154264,4.9153,2.9837,2.2074,-179.99
1209.319,1787664154364,4.9151,2.8908,2.2074,-179.99
1209.419,1787664154465,4.9150,2.8394,2.2074,-179.99
1209.520,1787664154565,4.9149,2.7736,2.2074,-179.99
1209.620,1787664154665,4.9148,2.7168,2.2074,-179.99
1209.720,1787664154765,4.9147,2.6413,2.2073,-179.99
1209.820,1787664154865,4.9146,2.5703,2.2073,-179.99
1209.920,1787664154965,4.9145,2.4900,2.2072,-179.99
1210.020,1787664155065,4.9143,2.4143,2.2072,-179.99
1210.120,1787664155166,4.9142,2.3530,2.2071,-179.99
1210.221,1787664155266,4.9142,2.3294,2.2071,-179.99
1210.321,1787664155366,4.9141,2.2825,2.2071,-179.99
1210.421,1787664155466,4.9140,2.2175,2.2071,-179.99
1210.521,1787664155566,4.9139,2.1622,2.2071,-179.99
1210.621,1787664155666,4.9138,2.0886,2.2071,-179.99
1210.721,1787664155766,4.9137,2.0379,2.2071,-179.99
1210.821,1787664155867,4.9136,1.9687,2.2071,-179.99
1210.922,1787664155967,4.9135,1.9318,2.2071,-179.99
1211.022,1787664156067,4.9134,1.8626,2.2071,-179.99
1211.122,1787664156167,4.9133,1.8074,2.2071,-179.99
1211.222,1787664156267,4.9132,1.7341,2.2072,-179.99
1211.322,1787664156367,4.9131,1.6745,2.2072,-179.99
1211.422,1787664156467,4.9129,1.6149,2.2072,-179.99
1211.522,1787664156567,4.9129,1.5966,2.2072,-179.99
1211.622,1787664156668,4.9128,1.5509,2.2073,-179.99
1211.723,1787664156768,4.9127,1.4918,2.2073,-179.99
1211.823,1787664156868,4.9126,1.4103,2.2073,-179.99
1211.923,1787664156968,4.9125,1.3648,2.2074,-179.99
1212.023,1787664157068,4.9123,1.3010,2.2074,-180.00
1212.123,1787664157168,4.9122,1.2643,2.2074,-180.00
1212.223,1787664157268,4.9121,1.2093,2.2075,-180.00
1212.323,1787664157368,4.9120,1.1590,2.2075,-180.00
1212.424,1787664157469,4.9118,1.0856,2.2075,-180.00
1212.524,1787664157569,4.9116,0.9980,2.2076,-180.00
1212.625,1787664157670,4.9115,0.9282,2.2076,-180.00
1212.725,1787664157771,4.9114,0.8768,2.2076,-180.00
1212.826,1787664157871,4.9112,0.8067,2.2076,-180.00
1212.926,1787664157971,4.9111,0.7741,2.2076,180.00
1213.026,1787664158071,4.9109,0.6859,2.2076,180.00
1213.126,1787664158171,4.9108,0.6442,2.2076,180.00
1213.226,1787664158271,4.9106,0.5702,2.2076,180.00
1213.327,1787664158372,4.9104,0.4963,2.2076,180.00
1213.427,1787664158472,4.9102,0.4177,2.2076,180.00
1213.527,1787664158572,4.9099,0.3343,2.2076,180.00
1213.627,1787664158672,4.9097,0.2696,2.2076,180.00
1213.727,1787664158772,4.9095,0.1916,2.2075,-180.00
1213.827,1787664158872,4.9093,0.1187,2.2075,-180.00
1213.928,1787664158973,4.9091,0.0554,2.2075,-180.00
1214.028,1787664159073,4.9089,-0.0072,2.2075,-180.00
1214.128,1787664159173,4.9088,-0.0649,2.2075,-180.00
1214.228,1787664159273,4.9085,-0.1440,2.2075,-180.00
1214.328,1787664159373,4.9083,-0.2137,2.2075,-180.00
1214.428,1787664159473,4.9081,-0.2787,2.2075,-180.00
1214.528,1787664159573,4.9079,-0.3431,2.2075,-180.00
1214.628,1787664159673,4.9076,-0.4281,2.2075,-180.00
1214.728,1787664159774,4.9074,-0.4827,2.2075,-180.00
1214.829,1787664159874,4.9072,-0.5495,2.2075,-180.00
1214.929,1787664159974,4.9070,-0.6074,2.2076,180.00
1215.029,1787664160075,4.9068,-0.6565,2.2076,180.00
1215.130,1787664160175,4.9067,-0.6931,2.2076,180.00
1215.230,1787664160275,4.9065,-0.7574,2.2077,180.00
1215.330,1787664160375,4.9062,-0.8372,2.2078,180.00
1215.430,1787664160475,4.9061,-0.8690,2.2078,180.00
1215.530,1787664160575,4.9059,-0.9323,2.2079,180.00
1215.630,1787664160675,4.9057,-0.9995,2.2079,180.00
1215.730,1787664160775,4.9055,-1.0627,2.2080,179.99
1215.830,1787664160876,4.9053,-1.1337,2.2080,179.99
1215.931,1787664160976,4.9052,-1.1731,2.2080,179.99
1216.031,1787664161076,4.9050,-1.2320,2.2081,179.99
1216.131,1787664161176,4.9049,-1.2671,2.2081,179.99
1216.231,1787664161276,4.9048,-1.3059,2.2081,179.99
1216.331,1787664161376,4.9047,-1.3407,2.2082,179.99
1216.431,1787664161476,4.9045,-1.3945,2.2082,179.99
1216.531,1787664161576,4.9042,-1.4640,2.2083,179.99
1216.632,1787664161677,4.9041,-1.5147,2.2084,179.99
1216.732,1787664161777,4.9040,-1.5462,2.2084,179.99
1216.832,1787664161877,4.9038,-1.5896,2.2084,180.00
1216.932,1787664161977,4.9037,-1.6252,2.2085,180.00
1217.032,1787664162077,4.9036,-1.6688,2.2085,180.00
1217.132,1787664162177,4.9034,-1.7244,2.2086,180.00
1217.232,1787664162277,4.9032,-1.7925,2.2087,180.00
1217.333,1787664162378,4.9030,-1.8577,2.2088,180.00
1217.433,1787664162478,4.9027,-1.9282,2.2088,180.00
1217.533,1787664162578,4.9025,-1.9871,2.2089,180.00
1217.633,1787664162678,4.9023,-2.0508,2.2089,180.00
1217.733,1787664162778,4.9021,-2.1147,2.2089,180.00
1217.833,1787664162878,4.9020,-2.1575,2.2090,180.00
1217.933,1787664162978,4.9018,-2.2304,2.2090,180.00
1218.033,1787664163078,4.9016,-2.2863,2.2091,180.00
1218.133,1787664163179,4.9015,-2.3466,2.2091,180.00
1218.234,1787664163279,4.9012,-2.4201,2.2091,-180.00
1218.334,1787664163379,4.9011,-2.4678,2.2092,-180.00
1218.434,1787664163479,4.9010,-2.5200,2.2092,-180.00
1218.534,1787664163579,4.9008,-2.5808,2.2092,-180.00
1218.634,1787664163679,4.9007,-2.6199,2.2092,-180.00
1218.734,1787664163779,4.9005,-2.6805,2.2093,-180.00
1218.834,1787664163879,4.9004,-2.7325,2.2093,-180.00
1218.934,1787664163980,4.9003,-2.7844,2.2094,180.00
1219.035,1787664164080,4.9002,-2.8279,2.2094,-180.00
1219.135,1787664164180,4.9000,-2.8974,2.2094,-180.00
1219.236,1787664164281,4.8999,-2.9497,2.2094,-180.00
1219.336,1787664164381,4.8998,-2.9979,2.2095,-180.00
1219.436,1787664164481,4.8996,-3.0772,2.2095,-180.00
1219.536,1787664164581,4.8994,-3.1528,2.2095,180.00
1219.636,1787664164681,4.8992,-3.2380,2.2095,180.00
1219.736,1787664164781,4.8991,-3.3144,2.2095,180.00
1219.836,1787664164881,4.8990,-3.3682,2.2095,180.00
1219.936,1787664164981,4.8988,-3.4441,2.2094,180.00
1220.037,1787664165082,4.8987,-3.5060,2.2094,180.00
1220.137,1787664165182,4.8985,-3.5720,2.2094,180.00
1220.237,1787664165282,4.8984,-3.6289,2.2094,180.00
1220.337,1787664165382,4.8983,-3.7071,2.2094,180.00
1220.437,1787664165482,4.8981,-3.7635,2.2094,180.00
1220.537,1787664165583,4.8980,-3.8241,2.2094,180.00
1220.638,1787664165683,4.8978,-3.9015,2.2094,180.00
1220.738,1787664165783,4.8976,-3.9700,2.2094,180.00
1220.838,1787664165883,4.8973,-4.0465,2.2094,180.00
1220.938,1787664165983,4.8971,-4.1224,2.2094,180.00
1221.038,1787664166083,4.8969,-4.1855,2.2094,180.00
1221.138,1787664166183,4.8968,-4.2272,2.2094,180.00
1221.238,1787664166283,4.8966,-4.3016,2.2094,180.00
1221.338,1787664166384,4.8965,-4.3384,2.2094,180.00
1221.439,1787664166484,4.8963,-4.3950,2.2094,180.00
1221.539,1787664166584,4.8961,-4.4392,2.2094,180.00
1221.639,1787664166684,4.8959,-4.4951,2.2094,180.00
1221.739,1787664166784,4.8957,-4.5429,2.2094,180.00
1221.839,1787664166884,4.8955,-4.6025,2.2094,180.00
1221.939,1787664166984,4.8953,-4.6463,2.2094,180.00
1222.039,1787664167084,4.8951,-4.7060,2.2095,180.00
1222.139,1787664167185,4.8949,-4.7538,2.2095,180.00
1222.240,1787664167285,4.8947,-4.8056,2.2095,180.00
1222.340,1787664167386,4.8945,-4.8495,2.2095,180.00
1222.441,1787664167486,4.8942,-4.9052,2.2096,180.00
1222.541,1787664167586,4.8941,-4.9371,2.2096,180.00
1222.641,1787664167686,4.8939,-4.9891,2.2096,180.00
1222.741,1787664167786,4.8937,-5.0172,2.2097,180.00
1222.841,1787664167886,4.8934,-5.0853,2.2097,180.00
1222.941,1787664167986,4.8932,-5.1420,2.2098,180.00
1223.041,1787664168086,4.8929,-5.2077,2.2098,180.00
1223.142,1787664168187,4.8927,-5.2660,2.2099,180.00
1223.242,1787664168287,4.8925,-5.3165,2.2099,180.00
1223.342,1787664168387,4.8923,-5.3673,2.2099,180.00
1223.442,1787664168487,4.8921,-5.4267,2.2100,180.00
1223.542,1787664168588,4.8919,-5.4907,2.2100,180.00
1223.643,1787664168688,4.8916,-5.5552,2.2100,180.00
1223.743,1787664168788,4.8915,-5.5986,2.2100,180.00
1223.843,1787664168888,4.8913,-5.6551,2.2101,180.00
1223.944,1787664168989,4.8911,-5.7162,2.2101,-180.00
1224.044,1787664169089,4.8910,-5.7555,2.2101,-180.00
1224.144,1787664169189,4.8907,-5.8212,2.2101,-180.00
1224.244,1787664169289,4.8906,-5.8695,2.2101,-180.00
1224.344,1787664169389,4.8904,-5.9356,2.2101,-180.00
1224.444,1787664169489,4.8902,-6.0156,2.2101,-179.99
1224.544,1787664169589,4.8900,-6.0740,2.2101,-179.99
1224.644,1787664169690,4.8899,-6.1416,2.2100,-179.99
1224.745,1787664169790,4.8898,-6.1867,2.2100,-179.99
1224.846,1787664169891,4.8897,-6.2093,2.2100,-179.99
1224.948,1787664169993,4.8896,-6.2587,2.2100,-179.99
1225.048,1787664170093,4.8895,-6.3035,2.2100,-179.99
1225.148,1787664170193,4.8893,-6.3569,2.2100,-179.99
1225.250,1787664170295,4.8892,-6.4195,2.2100,-179.99
1225.350,1787664170395,4.8891,-6.4825,2.2100,-179.99
1225.450,1787664170495,4.8889,-6.5325,2.2100,-179.99
1225.550,1787664170595,4.8888,-6.5921,2.2100,-179.99
1225.650,1787664170695,4.8886,-6.6567,2.2101,-179.99
1225.750,1787664170795,4.8885,-6.7125,2.2101,-179.99
1225.851,1787664170896,4.8884,-6.7685,2.2100,-179.99
1225.952,1787664170997,4.8883,-6.8246,2.2100,-180.00
1226.052,1787664171097,4.8882,-6.8666,2.2100,-180.00
1226.152,1787664171197,4.8881,-6.9319,2.2100,-180.00
1226.252,1787664171297,4.8880,-7.0020,2.2100,-180.00
1226.352,1787664171397,4.8879,-7.0822,2.2100,-180.00
1226.452,1787664171498,4.8877,-7.1681,2.2100,-180.00
1226.553,1787664171598,4.8876,-7.2399,2.2099,-180.00
1226.653,1787664171698,4.8875,-7.2831,2.2099,-180.00
1226.753,1787664171798,4.8874,-7.3595,2.2099,-180.00
1226.853,1787664171898,4.8873,-7.4356,2.2099,-180.00
1226.953,1787664171998,4.8872,-7.5115,2.2098,-180.00
1227.053,1787664172098,4.8871,-7.5825,2.2098,-180.00
1227.153,1787664172198,4.8871,-7.6438,2.2098,-180.00
1227.254,1787664172299,4.8870,-7.7189,2.2098,-179.99
1227.354,1787664172399,4.8869,-7.8028,2.2098,-179.99
1227.454,1787664172499,4.8868,-7.8631,2.2098,-179.99
1227.554,1787664172599,4.8868,-7.9413,2.2098,-179.99
1227.654,1787664172699,4.8867,-7.9961,2.2098,-179.99
1227.754,1787664172799,4.8866,-8.0601,2.2098,-179.99
1227.854,1787664172899,4.8866,-8.1103,2.2097,-179.99
1227.954,1787664172999,4.8865,-8.1695,2.2098,-179.99
1228.055,1787664173100,4.8864,-8.2190,2.2098,-179.99
1228.155,1787664173200,4.8863,-8.2723,2.2098,-179.99
1228.255,1787664173300,4.8863,-8.3115,2.2099,-179.99
1228.355,1787664173400,4.8862,-8.3669,2.2099,-179.99
1228.455,1787664173500,4.8861,-8.4043,2.2100,-179.99
1228.555,1787664173600,4.8860,-8.4725,2.2101,-179.99
1228.655,1787664173700,4.8859,-8.5149,2.2102,-179.99
1228.755,1787664173801,4.8858,-8.5594,2.2102,-179.99
1228.856,1787664173901,4.8857,-8.5952,2.2103,-180.00
1228.956,1787664174001,4.8855,-8.6498,2.2103,-180.00
1229.056,1787664174101,4.8854,-8.6885,2.2104,-180.00
1229.156,1787664174201,4.8852,-8.7402,2.2104,-180.00
1229.256,1787664174301,4.8851,-8.7742,2.2104,-180.00
1229.356,1787664174401,4.8849,-8.8115,2.2104,180.00
1229.456,1787664174501,4.8848,-8.8412,2.2104,180.00
1229.556,1787664174602,4.8846,-8.8735,2.2103,180.00
1229.657,1787664174702,4.8844,-8.9070,2.2102,180.00
1229.757,1787664174802,4.8843,-8.9263,2.2101,180.00
1229.857,1787664174902,4.8842,-8.9510,2.2100,180.00
1229.957,1787664175002,4.8841,-8.9671,2.2099,180.00
1230.057,1787664175102,4.8839,-8.9876,2.2097,180.00
1230.157,1787664175202,4.8838,-9.0019,2.2095,180.00
1230.257,1787664175302,4.8837,-9.0171,2.2093,180.00
1230.357,1787664175403,4.8836,-9.0276,2.2091,180.00
1230.458,1787664175503,4.8835,-9.0404,2.2089,179.99
1230.558,1787664175603,4.8833,-9.0512,2.2087,179.99
1230.658,1787664175703,4.8832,-9.0597,2.2085,179.99
1230.758,1787664175803,4.8832,-9.0656,2.2084,179.99
1230.858,1787664175903,4.8831,-9.0717,2.2082,180.00
1230.958,1787664176003,4.8830,-9.0768,2.2080,180.00
1231.058,1787664176104,4.8830,-9.0803,2.2078,180.00
1231.159,1787664176204,4.8829,-9.0813,2.2078,180.00
1231.259,1787664176304,4.8829,-9.0818,2.2077,-180.00
1231.359,1787664176404,4.8829,-9.0807,2.2077,-180.00
1231.459,1787664176504,4.8829,-9.0790,2.2077,-180.00
1231.559,1787664176604,4.8829,-9.0757,2.2077,-180.00
1231.659,1787664176704,4.8829,-9.0725,2.2078,-179.99
1231.759,1787664176804,4.8830,-9.0673,2.2078,-179.99
1231.859,1787664176905,4.8830,-9.0621,2.2079,-179.99
1231.960,1787664177005,4.8831,-9.0563,2.2080,-179.99
1232.060,1787664177105,4.8831,-9.0503,2.2080,-179.99
1232.160,1787664177205,4.8832,-9.0439,2.2081,-179.99
1232.260,1787664177305,4.8833,-9.0371,2.2082,-179.99
1232.360,1787664177405,4.8833,-9.0309,2.2083,-179.99
1232.460,1787664177505,4.8834,-9.0235,2.2084,-179.99
1232.560,1787664177605,4.8834,-9.0178,2.2085,-179.99
1232.661,1787664177706,4.8835,-9.0118,2.2086,-179.99
1232.761,1787664177806,4.8835,-9.0068,2.2087,-179.99
1232.861,1787664177906,4.8836,-9.0000,2.2088,-179.99
1232.961,1787664178006,4.8837,-8.9938,2.2089,-179.99
1233.061,1787664178106,4.8838,-8.9890,2.2089,-179.99
1233.161,1787664178206,4.8838,-8.9838,2.2090,-179.99
1233.261,1787664178306,4.8840,-8.9786,2.2091,-179.99
1233.361,1787664178406,4.8840,-8.9751,2.2092,-179.99
1233.461,1787664178506,4.8841,-8.9703,2.2092,-179.99
1233.561,1787664178607,4.8842,-8.9661,2.2093,-180.00
1233.662,1787664178707,4.8843,-8.9623,2.2093,-180.00
1233.762,1787664178807,4.8844,-8.9594,2.2094,-180.00
1233.862,1787664178907,4.8844,-8.9563,2.2094,-180.00
1233.962,1787664179007,4.8844,-8.9536,2.2094,-180.00
1234.062,1787664179107,4.8845,-8.9519,2.2094,-180.00
1234.163,1787664179208,4.8845,-8.9497,2.2094,-180.00
1234.263,1787664179308,4.8845,-8.9475,2.2094,-180.00
1234.363,1787664179408,4.8845,-8.9461,2.2094,180.00
1234.463,1787664179508,4.8845,-8.9447,2.2094,180.00
1234.563,1787664179608,4.8845,-8.9434,2.2094,-180.00
1234.663,1787664179708,4.8845,-8.9425,2.2093,-180.00
1234.763,1787664179808,4.8844,-8.9417,2.2093,-180.00
1234.863,1787664179908,4.8844,-8.9412,2.2093,-179.99
1234.963,1787664180009,4.8843,-8.9410,2.2093,-179.99
1235.064,1787664180109,4.8842,-8.9409,2.2093,-179.99
1235.164,1787664180209,4.8842,-8.9408,2.2092,-179.99
1235.264,1787664180309,4.8841,-8.9409,2.2092,-179.99
1235.364,1787664180409,4.8841,-8.9412,2.2092,-179.99
1235.464,1787664180509,4.8840,-8.9414,2.2092,-179.99
1235.564,1787664180609,4.8839,-8.9419,2.2092,-179.99
1235.664,1787664180709,4.8838,-8.9423,2.2092,-179.99
1235.764,1787664180809,4.8838,-8.9429,2.2092,-179.99
1235.865,1787664180910,4.8837,-8.9436,2.2092,-179.99
1235.966,1787664181011,4.8836,-8.9443,2.2093,-179.99
1236.066,1787664181111,4.8836,-8.9450,2.2093,-179.99
1236.166,1787664181211,4.8836,-8.9455,2.2093,-179.99
1236.266,1787664181311,4.8836,-8.9462,2.2093,-179.99
1236.366,1787664181411,4.8836,-8.9469,2.2093,-179.99
1236.466,1787664181511,4.8837,-8.9477,2.2093,-179.99
1236.566,1787664181611,4.8837,-8.9489,2.2093,-179.99
1236.667,1787664181712,4.8838,-8.9496,2.2093,-179.99
1236.767,1787664181812,4.8839,-8.9506,2.2093,-179.99
1236.867,1787664181912,4.8839,-8.9515,2.2093,-179.99
1236.967,1787664182012,4.8840,-8.9525,2.2093,-179.99
1237.067,1787664182112,4.8841,-8.9534,2.2093,-179.99
1237.167,1787664182212,4.8842,-8.9539,2.2094,-179.99
1237.267,1787664182313,4.8842,-8.9547,2.2094,-179.99
1237.368,1787664182413,4.8843,-8.9556,2.2094,-179.99
1237.468,1787664182513,4.8844,-8.9562,2.2094,-179.99
1237.568,1787664182613,4.8845,-8.9570,2.2094,-179.99
1237.668,1787664182713,4.8846,-8.9580,2.2094,-179.99
1237.768,1787664182813,4.8847,-8.9588,2.2094,-179.99
1237.868,1787664182913,4.8848,-8.9595,2.2094,-179.99
1237.968,1787664183013,4.8849,-8.9601,2.2094,-179.99
1238.068,1787664183113,4.8849,-8.9604,2.2093,-179.99
1238.168,1787664183214,4.8850,-8.9610,2.2093,-179.99
1238.269,1787664183314,4.8851,-8.9615,2.2093,-179.99
1238.369,1787664183414,4.8852,-8.9624,2.2093,-179.99
1238.469,1787664183514,4.8853,-8.9630,2.2093,-179.99
1238.569,1787664183614,4.8854,-8.9636,2.2093,-179.99
1238.669,1787664183715,4.8855,-8.9642,2.2093,-179.99
1238.770,1787664183815,4.8856,-8.9652,2.2095,-179.99
1238.870,1787664183915,4.8857,-8.9663,2.2102,-179.99
1238.970,1787664184015,4.8857,-8.9671,2.2118,-179.99
1239.070,1787664184115,4.8858,-8.9673,2.2126,-179.99
1239.170,1787664184215,4.8858,-8.9674,2.2153,-179.99
1239.270,1787664184315,4.8859,-8.9671,2.2185,-179.99
1239.370,1787664184415,4.8860,-8.9666,2.2233,-179.99
1239.470,1787664184515,4.8860,-8.9661,2.2277,-179.99
1239.570,1787664184616,4.8861,-8.9655,2.2326,-179.99
1239.671,1787664184716,4.8861,-8.9646,2.2398,-179.99
1239.771,1787664184816,4.8862,-8.9641,2.2445,-179.99
1239.871,1787664184916,4.8862,-8.9634,2.2500,-179.99
1239.971,1787664185016,4.8862,-8.9625,2.2575,-179.99
1240.071,1787664185116,4.8862,-8.9613,2.2681,-179.99
1240.171,1787664185216,4.8861,-8.9605,2.2757,-179.99
1240.271,1787664185316,4.8861,-8.9593,2.2876,-179.98
1240.371,1787664185417,4.8860,-8.9577,2.3030,-179.98
1240.472,1787664185517,4.8860,-8.9566,2.3144,-179.98
1240.572,1787664185617,4.8859,-8.9557,2.3239,-179.98
1240.672,1787664185717,4.8859,-8.9546,2.3357,-179.98
1240.772,1787664185817,4.8858,-8.9537,2.3469,-179.99
1240.872,1787664185917,4.8857,-8.9528,2.3576,-179.99
1240.972,1787664186017,4.8857,-8.9519,2.3701,-179.99
1241.072,1787664186117,4.8856,-8.9512,2.3812,-179.99
1241.172,1787664186217,4.8855,-8.9505,2.3941,-179.99
1241.272,1787664186318,4.8853,-8.9498,2.4072,-179.99
1241.373,1787664186418,4.8852,-8.9493,2.4189,-179.99
1241.473,1787664186518,4.8851,-8.9489,2.4314,-179.98
1241.573,1787664186618,4.8850,-8.9485,2.4433,-179.98
1241.673,1787664186718,4.8849,-8.9483,2.4569,-179.98
1241.773,1787664186818,4.8847,-8.9481,2.4699,-179.98
1241.873,1787664186918,4.8846,-8.9480,2.4811,-179.98
1241.973,1787664187018,4.8845,-8.9479,2.4925,-179.98
1242.075,1787664187120,4.8844,-8.9479,2.5040,-179.98
1242.175,1787664187220,4.8842,-8.9480,2.5175,-179.98
1242.276,1787664187321,4.8840,-8.9482,2.5357,-179.98
1242.376,1787664187421,4.8838,-8.9484,2.5512,-179.98
1242.476,1787664187521,4.8835,-8.9488,2.5694,-179.98
1242.576,1787664187621,4.8833,-8.9492,2.5848,-179.98
1242.676,1787664187721,4.8832,-8.9497,2.5974,-179.98
1242.776,1787664187821,4.8829,-8.9502,2.6143,-179.98
1242.876,1787664187921,4.8827,-8.9507,2.6277,-179.98
1242.976,1787664188021,4.8826,-8.9513,2.6410,-179.98
1243.077,1787664188122,4.8824,-8.9516,2.6489,-179.98
1243.177,1787664188222,4.8822,-8.9522,2.6631,-179.98
1243.277,1787664188322,4.8820,-8.9529,2.6784,-179.99
1243.377,1787664188422,4.8818,-8.9536,2.6947,-179.99
1243.477,1787664188522,4.8816,-8.9543,2.7092,-179.99
1243.577,1787664188622,4.8813,-8.9551,2.7255,-179.99
1243.677,1787664188722,4.8811,-8.9556,2.7372,-179.99
1243.777,1787664188822,4.8809,-8.9564,2.7535,-179.99
1243.877,1787664188922,4.8807,-8.9571,2.7679,-179.99
1243.978,1787664189023,4.8805,-8.9577,2.7813,-179.99
1244.078,1787664189123,4.8803,-8.9583,2.7939,-179.99
1244.178,1787664189223,4.8801,-8.9588,2.8047,-179.99
1244.278,1787664189323,4.8800,-8.9595,2.8183,-179.99
1244.378,1787664189423,4.8799,-8.9600,2.8293,-179.99
1244.478,1787664189523,4.8797,-8.9605,2.8422,-179.99
1244.578,1787664189623,4.8796,-8.9610,2.8534,-179.99
1244.678,1787664189724,4.8795,-8.9616,2.8665,-179.99
1244.779,1787664189824,4.8793,-8.9620,2.8770,-179.99
1244.879,1787664189924,4.8792,-8.9627,2.8933,-179.99
1244.979,1787664190024,4.8791,-8.9630,2.9011,-179.99
1245.079,1787664190124,4.8790,-8.9636,2.9157,-179.99
1245.179,1787664190224,4.8789,-8.9641,2.9286,-179.99
1245.279,1787664190324,4.8788,-8.9646,2.9406,-179.99
1245.379,1787664190425,4.8787,-8.9651,2.9546,-179.99
1245.480,1787664190525,4.8786,-8.9658,2.9708,-179.99
1245.580,1787664190625,4.8785,-8.9662,2.9810,-179.99
1245.680,1787664190725,4.8784,-8.9665,2.9902,-179.99
1245.780,1787664190825,4.8782,-8.9673,3.0118,-179.99
1245.880,1787664190925,4.8782,-8.9676,3.0202,-179.99
1245.980,1787664191025,4.8781,-8.9681,3.0348,-179.99
1246.080,1787664191125,4.8780,-8.9685,3.0484,-179.99
1246.180,1787664191226,4.8779,-8.9691,3.0663,-179.99
1246.281,1787664191326,4.8779,-8.9695,3.0759,-179.99
1246.381,1787664191426,4.8779,-8.9701,3.0950,-179.99
1246.481,1787664191526,4.8778,-8.9706,3.1109,-179.99
1246.581,1787664191626,4.8778,-8.9712,3.1279,-179.99
1246.681,1787664191726,4.8777,-8.9719,3.1447,-179.99
1246.781,1787664191826,4.8776,-8.9725,3.1635,-179.99
1246.881,1787664191926,4.8775,-8.9730,3.1790,-179.99
1246.981,1787664192026,4.8775,-8.9734,3.1903,-179.99
1247.081,1787664192126,4.8774,-8.9739,3.2047,-179.99
1247.181,1787664192227,4.8774,-8.9746,3.2241,-179.99
1247.282,1787664192327,4.8773,-8.9752,3.2404,-179.99
1247.382,1787664192427,4.8772,-8.9758,3.2566,-179.99
1247.482,1787664192527,4.8772,-8.9763,3.2717,-179.99
1247.582,1787664192627,4.8770,-8.9770,3.2907,-179.99
1247.682,1787664192727,4.8770,-8.9774,3.3026,-179.99
1247.782,1787664192827,4.8768,-8.9780,3.3193,-179.99
1247.882,1787664192927,4.8767,-8.9784,3.3311,-179.99
1247.982,1787664193028,4.8766,-8.9789,3.3478,-179.99
1248.083,1787664193128,4.8765,-8.9793,3.3586,-179.99
1248.183,1787664193228,4.8764,-8.9798,3.3753,-179.99
1248.283,1787664193328,4.8762,-8.9804,3.3941,-179.99
1248.383,1787664193428,4.8760,-8.9808,3.4088,-179.99
1248.483,1787664193528,4.8758,-8.9814,3.4283,-179.99
1248.583,1787664193628,4.8755,-8.9819,3.4447,-179.99
1248.684,1787664193729,4.8753,-8.9824,3.4618,-179.99
1248.784,1787664193829,4.8751,-8.9828,3.4750,-179.99
1248.884,1787664193929,4.8749,-8.9834,3.4929,-179.99
1248.984,1787664194029,4.8748,-8.9837,3.5051,-179.99
1249.084,1787664194129,4.8746,-8.9842,3.5191,-179.99
1249.184,1787664194229,4.8744,-8.9845,3.5312,-179.98
1249.284,1787664194329,4.8742,-8.9850,3.5452,-179.98
1249.387,1787664194432,4.8740,-8.9855,3.5649,-179.98
1249.487,1787664194532,4.8738,-8.9859,3.5772,-179.98
1249.587,1787664194632,4.8736,-8.9863,3.5913,-179.98
1249.687,1787664194732,4.8734,-8.9868,3.6092,-179.98
1249.787,1787664194832,4.8732,-8.9871,3.6233,-179.98
1249.887,1787664194932,4.8730,-8.9876,3.6392,-179.98
1249.987,1787664195032,4.8728,-8.9881,3.6569,-179.98
1250.087,1787664195133,4.8727,-8.9883,3.6670,-179.98
1250.188,1787664195233,4.8726,-8.9886,3.6763,-179.99
1250.289,1787664195334,4.8724,-8.9890,3.6910,-179.99
1250.389,1787664195434,4.8722,-8.9893,3.7020,-179.99
1250.489,1787664195534,4.8721,-8.9896,3.7137,-179.99
1250.589,1787664195634,4.8719,-8.9901,3.7283,-179.99
1250.689,1787664195734,4.8718,-8.9905,3.7412,-179.99
1250.790,1787664195835,4.8716,-8.9908,3.7526,-179.99
1250.890,1787664195935,4.8714,-8.9912,3.7652,-179.99
1250.990,1787664196035,4.8712,-8.9917,3.7774,-179.99
1251.090,1787664196135,4.8711,-8.9920,3.7846,-179.99
1251.190,1787664196235,4.8709,-8.9923,3.7929,-179.99
1251.290,1787664196335,4.8708,-8.9927,3.8001,-179.99
1251.390,1787664196435,4.8707,-8.9930,3.8063,-179.99
1251.490,1787664196536,4.8705,-8.9934,3.8133,-179.99
1251.591,1787664196636,4.8704,-8.9937,3.8178,-179.99
1251.691,1787664196736,4.8703,-8.9940,3.8239,-179.99
1251.791,1787664196836,4.8701,-8.9943,3.8292,-179.99
1251.891,1787664196936,4.8700,-8.9946,3.8340,-179.99
1251.993,1787664197038,4.8699,-8.9949,3.8388,-179.99
1252.093,1787664197139,4.8698,-8.9951,3.8421,-179.99
1252.194,1787664197239,4.8696,-8.9954,3.8464,-179.99
1252.294,1787664197339,4.8695,-8.9957,3.8499,-179.99
1252.394,1787664197439,4.8694,-8.9959,3.8535,-179.99
1252.494,1787664197539,4.8693,-8.9961,3.8565,-179.99
1252.595,1787664197640,4.8692,-8.9963,3.8596,-179.99
1252.696,1787664197741,4.8691,-8.9965,3.8616,-179.99
1252.796,1787664197841,4.8690,-8.9966,3.8642,-179.99
1252.896,1787664197941,4.8689,-8.9968,3.8667,-179.99
1252.996,1787664198041,4.8689,-8.9971,3.8691,-179.99
1253.096,1787664198141,4.8688,-8.9972,3.8704,-179.99
1253.196,1787664198241,4.8687,-8.9973,3.8724,-179.99
1253.296,1787664198341,4.8687,-8.9974,3.8740,-179.99
1253.396,1787664198441,4.8686,-8.9976,3.8757,-179.99
1253.496,1787664198542,4.8686,-8.9976,3.8771,-179.99
1253.597,1787664198642,4.8686,-8.9977,3.8783,-179.99
1253.697,1787664198742,4.8685,-8.9978,3.8797,-179.99
1253.797,1787664198842,4.8685,-8.9979,3.8810,-179.99
1253.897,1787664198942,4.8684,-8.9980,3.8821,-179.99
1253.997,1787664199042,4.8683,-8.9981,3.8832,-179.99
1254.097,1787664199142,4.8683,-8.9982,3.8844,-179.99
1254.197,1787664199242,4.8682,-8.9982,3.8855,-179.99
1254.297,1787664199343,4.8682,-8.9982,3.8862,-179.99
1254.398,1787664199443,4.8682,-8.9983,3.8870,-179.99
1254.498,1787664199543,4.8682,-8.9983,3.8877,-179.99
1254.598,1787664199643,4.8682,-8.9984,3.8886,-179.99
1254.698,1787664199743,4.8682,-8.9984,3.8896,-179.99
1254.798,1787664199843,4.8683,-8.9985,3.8903,-179.99
1254.898,1787664199943,4.8683,-8.9985,3.8910,-179.99
1254.998,1787664200043,4.8683,-8.9986,3.8917,-179.99
1255.098,1787664200143,4.8683,-8.9986,3.8922,-179.99
1255.198,1787664200244,4.8683,-8.9987,3.8927,-179.99
1255.299,1787664200344,4.8684,-8.9987,3.8937,-179.99
1255.399,1787664200444,4.8684,-8.9988,3.8942,-179.99
1255.499,1787664200544,4.8685,-8.9988,3.8948,-179.99
1255.599,1787664200644,4.8685,-8.9989,3.8954,-179.99
1255.699,1787664200744,4.8685,-8.9990,3.8961,-179.99
1255.799,1787664200844,4.8686,-8.9991,3.8967,-179.99
1255.899,1787664200944,4.8686,-8.9991,3.8971,-179.99
1255.999,1787664201045,4.8686,-8.9992,3.8977,-179.99
1256.100,1787664201145,4.8687,-8.9993,3.8981,-179.99
1256.200,1787664201245,4.8687,-8.9994,3.8984,-179.99
1256.300,1787664201345,4.8687,-8.9995,3.8989,-179.99
1256.400,1787664201445,4.8688,-8.9995,3.8994,-179.99
1256.500,1787664201545,4.8688,-8.9996,3.8997,-179.99
1256.600,1787664201645,4.8688,-8.9996,3.8998,-179.99
1256.701,1787664201746,4.8689,-8.9997,3.9003,-179.99
1256.801,1787664201846,4.8689,-8.9997,3.9005,-179.99
1256.901,1787664201946,4.8689,-8.9997,3.9008,-179.99
1257.001,1787664202046,4.8689,-8.9998,3.9011,-179.99
1257.101,1787664202146,4.8689,-8.9998,3.9014,-179.99
1257.201,1787664202246,4.8690,-8.9998,3.9017,-179.99
1257.301,1787664202347,4.8690,-8.9999,3.9020,-179.99
1257.402,1787664202447,4.8690,-9.0000,3.9022,-179.99
1257.502,1787664202547,4.8690,-9.0000,3.9024,-179.99
1257.602,1787664202647,4.8690,-9.0001,3.9027,-179.99
1257.702,1787664202747,4.8690,-9.0001,3.9029,-179.99
1257.802,1787664202847,4.8689,-9.0001,3.9031,-179.99
1257.902,1787664202947,4.8689,-9.0001,3.9033,-179.99
1258.003,1787664203048,4.8689,-9.0002,3.9034,-179.99
1258.103,1787664203148,4.8689,-9.0002,3.9036,-179.99
1258.203,1787664203248,4.8688,-9.0002,3.9038,-179.98
1258.303,1787664203348,4.8688,-9.0003,3.9040,-179.98
1258.403,1787664203448,4.8687,-9.0003,3.9042,-179.98
1258.503,1787664203548,4.8687,-9.0004,3.9044,-179.98
1258.603,1787664203648,4.8687,-9.0004,3.9047,-179.98
1258.703,1787664203748,4.8686,-9.0004,3.9049,-179.98
1258.803,1787664203848,4.8686,-9.0004,3.9051,-179.98
1258.903,1787664203949,4.8686,-9.0004,3.9052,-179.98
1259.004,1787664204049,4.8686,-9.0004,3.9054,-179.98
1259.104,1787664204149,4.8686,-9.0004,3.9055,-179.99
1259.204,1787664204249,4.8686,-9.0004,3.9056,-179.99
1259.304,1787664204349,4.8685,-9.0004,3.9058,-179.99
1259.404,1787664204450,4.8685,-9.0003,3.9059,-179.99
1259.505,1787664204550,4.8685,-9.0002,3.9060,-179.99
1259.605,1787664204650,4.8685,-9.0001,3.9062,-179.99
1259.705,1787664204750,4.8685,-9.0000,3.9063,-179.99
1259.805,1787664204850,4.8685,-9.0000,3.9064,-179.99
1259.905,1787664204950,4.8684,-8.9999,3.9065,-179.99
1260.005,1787664205050,4.8684,-8.9999,3.9065,-179.99
1260.105,1787664205151,4.8684,-9.0006,3.9066,-179.99
1260.206,1787664205251,4.8684,-9.0023,3.9066,-179.99
1260.306,1787664205351,4.8684,-9.0034,3.9067,-179.99
1260.406,1787664205451,4.8683,-9.0040,3.9067,-179.99
1260.506,1787664205551,4.8683,-9.0027,3.9068,-179.99
1260.606,1787664205651,4.8683,-9.0014,3.9069,-179.99
1260.706,1787664205751,4.8683,-8.9975,3.9070,-179.99
1260.806,1787664205851,4.8683,-8.9942,3.9071,-179.99
1260.906,1787664205952,4.8683,-8.9866,3.9073,-179.99
1261.007,1787664206052,4.8683,-8.9749,3.9075,-179.98
1261.107,1787664206152,4.8683,-8.9637,3.9077,-179.98
1261.207,1787664206252,4.8683,-8.9551,3.9078,-179.98
1261.307,1787664206352,4.8683,-8.9379,3.9079,-179.98
1261.407,1787664206453,4.8682,-8.9108,3.9081,-179.98
1261.508,1787664206553,4.8682,-8.8848,3.9082,-179.98
1261.608,1787664206653,4.8681,-8.8532,3.9082,-179.98
1261.708,1787664206753,4.8681,-8.8279,3.9082,-179.99
1261.808,1787664206853,4.8680,-8.7939,3.9081,-179.99
1261.908,1787664206953,4.8679,-8.7523,3.9080,-179.99
1262.008,1787664207053,4.8678,-8.7150,3.9079,-179.99
1262.108,1787664207153,4.8677,-8.6647,3.9077,-179.99
1262.208,1787664207253,4.8676,-8.6254,3.9076,-179.99
1262.308,1787664207353,4.8676,-8.5751,3.9074,-179.99
1262.409,1787664207454,4.8674,-8.5224,3.9072,-179.99
1262.509,1787664207554,4.8673,-8.4641,3.9071,-179.99
1262.609,1787664207654,4.8672,-8.4104,3.9069,-179.99
1262.709,1787664207754,4.8671,-8.3586,3.9068,-179.99
1262.809,1787664207854,4.8670,-8.3021,3.9067,-179.99
1262.909,1787664207954,4.8668,-8.2515,3.9066,-179.99
1263.009,1787664208054,4.8667,-8.1742,3.9065,-179.99
1263.109,1787664208155,4.8666,-8.1254,3.9065,-179.99
1263.210,1787664208255,4.8665,-8.0644,3.9064,-179.99
1263.310,1787664208355,4.8664,-8.0067,3.9064,-179.99
1263.410,1787664208455,4.8663,-7.9367,3.9064,-179.99
1263.510,1787664208555,4.8662,-7.8738,3.9065,-179.99
1263.610,1787664208655,4.8661,-7.8145,3.9065,-179.99
1263.710,1787664208755,4.8660,-7.7429,3.9065,-179.99
1263.810,1787664208855,4.8660,-7.6871,3.9066,-179.98
1263.910,1787664208955,4.8660,-7.6112,3.9066,-179.98
1264.011,1787664209056,4.8660,-7.5431,3.9067,-179.98
1264.111,1787664209156,4.8660,-7.4789,3.9067,-179.98
1264.211,1787664209256,4.8661,-7.4068,3.9068,-179.98
1264.311,1787664209356,4.8661,-7.3469,3.9068,-179.98
1264.412,1787664209457,4.8662,-7.2792,3.9068,-179.99
1264.512,1787664209557,4.8663,-7.2317,3.9069,-179.99
1264.612,1787664209657,4.8664,-7.1608,3.9069,-179.99
1264.712,1787664209757,4.8665,-7.1020,3.9069,-179.99
1264.812,1787664209857,4.8666,-7.0396,3.9070,-179.99
1264.912,1787664209957,4.8668,-6.9579,3.9070,-179.99
1265.012,1787664210057,4.8669,-6.8919,3.9070,-179.99
1265.113,1787664210158,4.8670,-6.8455,3.9070,-179.99
1265.213,1787664210258,4.8672,-6.7839,3.9070,-179.99
1265.313,1787664210358,4.8673,-6.7153,3.9070,-179.99
1265.413,1787664210458,4.8675,-6.6586,3.9071,-180.00
1265.513,1787664210558,4.8676,-6.5908,3.9071,-180.00
1265.613,1787664210658,4.8677,-6.5383,3.9071,-180.00
1265.713,1787664210758,4.8679,-6.4749,3.9071,-180.00
1265.813,1787664210858,4.8680,-6.4229,3.9071,-180.00
1265.914,1787664210959,4.8681,-6.3562,3.9071,-180.00
1266.014,1787664211059,4.8682,-6.2971,3.9071,-180.00
1266.114,1787664211159,4.8683,-6.2453,3.9071,-180.00
1266.215,1787664211260,4.8683,-6.1826,3.9071,-180.00
1266.315,1787664211360,4.8684,-6.1165,3.9071,180.00
1266.415,1787664211460,4.8684,-6.0763,3.9070,180.00
1266.515,1787664211560,4.8685,-6.0106,3.9070,180.00
1266.615,1787664211660,4.8686,-5.9488,3.9069,180.00
1266.715,1787664211760,4.8686,-5.8869,3.9069,180.00
1266.815,1787664211861,4.8687,-5.8249,3.9068,180.00
1266.916,1787664211961,4.8687,-5.7702,3.9067,180.00
1267.016,1787664212061,4.8687,-5.6939,3.9067,179.99
1267.116,1787664212161,4.8688,-5.6430,3.9066,179.99
1267.216,1787664212261,4.8688,-5.5814,3.9066,179.99
1267.316,1787664212361,4.8688,-5.5200,3.9065,179.99
1267.416,1787664212461,4.8689,-5.4621,3.9065,180.00
1267.516,1787664212561,4.8689,-5.3935,3.9065,180.00
1267.616,1787664212661,4.8689,-5.3358,3.9065,180.00
1267.717,1787664212762,4.8689,-5.2855,3.9065,180.00
1267.817,1787664212862,4.8690,-5.2247,3.9065,180.00
1267.917,1787664212962,4.8690,-5.1786,3.9066,180.00
1268.017,1787664213062,4.8690,-5.1217,3.9066,180.00
1268.117,1787664213162,4.8690,-5.0898,3.9066,180.00
1268.217,1787664213262,4.8691,-5.0191,3.9067,180.00
1268.318,1787664213363,4.8692,-4.9482,3.9067,-180.00
1268.418,1787664213463,4.8692,-4.9125,3.9067,-180.00
1268.518,1787664213563,4.8693,-4.8373,3.9068,-180.00
1268.618,1787664213663,4.8693,-4.7761,3.9068,-180.00
1268.718,1787664213763,4.8694,-4.7330,3.9069,-180.00
1268.818,1787664213863,4.8695,-4.6611,3.9069,-180.00
1268.918,1787664213963,4.8696,-4.6035,3.9070,-180.00
1269.018,1787664214064,4.8696,-4.5530,3.9070,-180.00
1269.119,1787664214164,4.8697,-4.4991,3.9070,-180.00
1269.219,1787664214264,4.8698,-4.4450,3.9070,-180.00
1269.319,1787664214364,4.8699,-4.3728,3.9070,-180.00
1269.419,1787664214464,4.8700,-4.3040,3.9070,-180.00
1269.519,1787664214564,4.8701,-4.2459,3.9070,-180.00
1269.619,1787664214664,4.8702,-4.1842,3.9070,-180.00
1269.719,1787664214764,4.8702,-4.1225,3.9070,180.00
1269.820,1787664214865,4.8703,-4.0790,3.9070,180.00
1269.920,1787664214965,4.8703,-4.0213,3.9070,180.00
1270.020,1787664215065,4.8704,-3.9565,3.9069,180.00
1270.120,1787664215165,4.8704,-3.9205,3.9069,180.00
1270.220,1787664215265,4.8705,-3.8595,3.9069,180.00
1270.321,1787664215366,4.8705,-3.8023,3.9069,180.00
1270.421,1787664215466,4.8706,-3.7413,3.9069,180.00
1270.521,1787664215566,4.8706,-3.6690,3.9069,180.00
1270.621,1787664215666,4.8706,-3.6035,3.9070,180.00
1270.721,1787664215766,4.8706,-3.5597,3.9070,180.00
1270.821,1787664215866,4.8706,-3.4942,3.9070,180.00
1270.921,1787664215966,4.8705,-3.4324,3.9071,180.00
1271.021,1787664216066,4.8705,-3.3635,3.9072,180.00
1271.121,1787664216167,4.8704,-3.3126,3.9072,180.00
1271.222,1787664216267,4.8703,-3.2583,3.9073,180.00
1271.322,1787664216367,4.8703,-3.2005,3.9073,180.00
1271.422,1787664216467,4.8702,-3.1357,3.9074,180.00
1271.522,1787664216567,4.8701,-3.0816,3.9075,180.00
1271.622,1787664216667,4.8700,-3.0129,3.9076,180.00
1271.722,1787664216767,4.8699,-2.9659,3.9076,180.00
1271.822,1787664216867,4.8698,-2.9153,3.9076,-180.00
1271.924,1787664216969,4.8697,-2.8541,3.9077,-180.00
1272.025,1787664217070,4.8697,-2.8002,3.9077,-180.00
1272.125,1787664217170,4.8696,-2.7571,3.9077,-180.00
1272.225,1787664217270,4.8695,-2.6886,3.9078,-180.00
1272.325,1787664217370,4.8695,-2.6416,3.9078,-180.00
1272.425,1787664217471,4.8694,-2.5836,3.9078,-179.99
1272.526,1787664217571,4.8693,-2.5000,3.9079,-179.99
1272.626,1787664217671,4.8693,-2.4489,3.9079,-179.99
1272.726,1787664217771,4.8692,-2.3978,3.9079,-179.99
1272.826,1787664217871,4.8691,-2.3246,3.9079,-179.99
1272.926,1787664217971,4.8691,-2.2990,3.9079,-179.99
1273.026,1787664218071,4.8691,-2.2442,3.9079,-179.99
1273.127,1787664218172,4.8691,-2.1969,3.9080,-179.99
1273.227,1787664218272,4.8690,-2.1314,3.9080,-179.99
1273.327,1787664218372,4.8690,-2.0692,3.9080,-180.00
1273.427,1787664218472,4.8690,-1.9989,3.9080,-180.00
1273.529,1787664218574,4.8690,-1.9467,3.9080,-180.00
1273.629,1787664218674,4.8690,-1.8870,3.9081,-180.00
1273.729,1787664218774,4.8690,-1.8236,3.9081,-180.00
1273.830,1787664218875,4.8690,-1.7525,3.9081,-180.00
1273.930,1787664218975,4.8690,-1.6926,3.9081,-180.00
1274.030,1787664219075,4.8690,-1.6287,3.9081,-180.00
1274.130,1787664219175,4.8690,-1.5686,3.9081,-180.00
1274.230,1787664219275,4.8690,-1.5010,3.9081,-180.00
1274.330,1787664219376,4.8690,-1.4523,3.9081,-180.00
1274.431,1787664219476,4.8691,-1.3851,3.9081,-180.00
1274.531,1787664219576,4.8691,-1.3254,3.9081,180.00
1274.631,1787664219676,4.8691,-1.2696,3.9081,180.00
1274.731,1787664219776,4.8691,-1.2029,3.9081,180.00
1274.831,1787664219876,4.8692,-1.1436,3.9081,-180.00
1274.931,1787664219976,4.8692,-1.0993,3.9081,-180.00
1275.031,1787664220076,4.8692,-1.0439,3.9082,-180.00
1275.131,1787664220176,4.8693,-0.9887,3.9082,-180.00
1275.231,1787664220276,4.8693,-0.9189,3.9082,-180.00
1275.332,1787664220377,4.8694,-0.8563,3.9082,-180.00
1275.432,1787664220477,4.8694,-0.7863,3.9082,-180.00
1275.532,1787664220577,4.8695,-0.7273,3.9082,-180.00
1275.632,1787664220677,4.8695,-0.6612,3.9082,-180.00
1275.732,1787664220777,4.8696,-0.6062,3.9082,-180.00
1275.832,1787664220877,4.8697,-0.5515,3.9082,-179.99
1275.932,1787664220977,4.8697,-0.4752,3.9082,-179.99
1276.032,1787664221077,4.8698,-0.4063,3.9082,-179.99
1276.132,1787664221177,4.8698,-0.3520,3.9082,-179.99
1276.232,1787664221278,4.8699,-0.2869,3.9082,-179.99
1276.333,1787664221378,4.8699,-0.2365,3.9082,-180.00
1276.433,1787664221478,4.8700,-0.1826,3.9083,-180.00
1276.533,1787664221578,4.8700,-0.1149,3.9083,-180.00
1276.633,1787664221678,4.8701,-0.0616,3.9083,-180.00
1276.733,1787664221778,4.8701,-0.0084,3.9083,-180.00
1276.833,1787664221878,4.8701,0.0517,3.9084,-180.00
1276.933,1787664221978,4.8701,0.1011,3.9084,-180.00
1277.033,1787664222079,4.8702,0.1645,3.9084,-180.00
1277.134,1787664222179,4.8702,0.2174,3.9085,-180.00
1277.234,1787664222279,4.8702,0.2738,3.9085,-180.00
1277.334,1787664222379,4.8702,0.3409,3.9085,180.00
1277.434,1787664222479,4.8703,0.4151,3.9086,180.00
1277.534,1787664222579,4.8703,0.4575,3.9086,180.00
1277.634,1787664222679,4.8703,0.5175,3.9086,180.00
1277.734,1787664222779,4.8703,0.5598,3.9086,180.00
1277.834,1787664222880,4.8702,0.6230,3.9086,180.00
1277.935,1787664222980,4.8702,0.6722,3.9086,180.00
1278.035,1787664223080,4.8702,0.7287,3.9086,180.00
1278.135,1787664223180,4.8702,0.7783,3.9086,180.00
1278.235,1787664223280,4.8702,0.8387,3.9086,180.00
1278.335,1787664223380,4.8702,0.8957,3.9086,180.00
1278.435,1787664223480,4.8703,0.9637,3.9085,180.00
1278.535,1787664223580,4.8703,1.0357,3.9085,180.00
1278.635,1787664223681,4.8703,1.0861,3.9085,180.00
1278.736,1787664223781,4.8703,1.1583,3.9084,180.00
1278.836,1787664223881,4.8702,1.2162,3.9084,180.00
1278.936,1787664223981,4.8702,1.2559,3.9084,180.00
1279.036,1787664224081,4.8702,1.3208,3.9083,-180.00
1279.136,1787664224181,4.8702,1.3749,3.9083,-180.00
1279.236,1787664224281,4.8701,1.4254,3.9083,-180.00
1279.336,1787664224381,4.8701,1.4832,3.9083,-180.00
1279.436,1787664224482,4.8700,1.5554,3.9082,-180.00
1279.537,1787664224582,4.8700,1.6170,3.9082,-180.00
1279.637,1787664224682,4.8699,1.6861,3.9082,-180.00
1279.737,1787664224782,4.8698,1.7554,3.9082,-180.00
1279.837,1787664224882,4.8698,1.7846,3.9082,-180.00
1279.937,1787664224982,4.8697,1.8536,3.9082,-180.00
1280.037,1787664225082,4.8696,1.8897,3.9082,-180.00
1280.137,1787664225182,4.8695,1.9545,3.9083,-180.00
1280.237,1787664225282,4.8694,2.0232,3.9083,-180.00
1280.337,1787664225382,4.8694,2.0812,3.9084,-180.00
1280.437,1787664225483,4.8693,2.1466,3.9084,-180.00
1280.538,1787664225583,4.8692,2.2013,3.9084,-180.00
1280.638,1787664225683,4.8692,2.2561,3.9085,-180.00
1280.738,1787664225783,4.8692,2.3181,3.9085,-180.00
1280.838,1787664225883,4.8692,2.3836,3.9085,-180.00
1280.938,1787664225983,4.8692,2.4344,3.9086,-180.00
1281.038,1787664226083,4.8692,2.4998,3.9086,-180.00
1281.138,1787664226183,4.8692,2.5581,3.9087,180.00
1281.239,1787664226284,4.8692,2.6091,3.9087,180.00
1281.339,1787664226384,4.8693,2.6672,3.9088,180.00
1281.439,1787664226484,4.8693,2.7108,3.9088,180.00
1281.539,1787664226584,4.8694,2.7763,3.9088,180.00
1281.639,1787664226684,4.8695,2.8454,3.9089,180.00
1281.739,1787664226784,4.8696,2.8820,3.9089,180.00
1281.839,1787664226884,4.8697,2.9478,3.9090,180.00
1281.939,1787664226984,4.8698,3.0137,3.9090,180.00
1282.040,1787664227085,4.8699,3.0724,3.9090,180.00
1282.140,1787664227185,4.8700,3.1166,3.9090,180.00
1282.240,1787664227285,4.8701,3.1644,3.9090,180.00
1282.340,1787664227385,4.8702,3.2306,3.9091,180.00
1282.440,1787664227485,4.8703,3.3115,3.9091,180.00
1282.540,1787664227585,4.8704,3.3707,3.9091,180.00
1282.640,1787664227685,4.8705,3.4190,3.9090,180.00
1282.740,1787664227785,4.8706,3.4820,3.9090,180.00
1282.840,1787664227885,4.8706,3.5339,3.9090,180.00
1282.940,1787664227985,4.8707,3.5967,3.9090,180.00
1283.041,1787664228086,4.8707,3.6594,3.9090,180.00
1283.141,1787664228186,4.8707,3.7037,3.9090,180.00
1283.241,1787664228286,4.8707,3.7630,3.9090,180.00
1283.341,1787664228386,4.8707,3.8371,3.9090,180.00
1283.441,1787664228486,4.8707,3.8928,3.9091,180.00
1283.541,1787664228586,4.8707,3.9635,3.9091,180.00
1283.641,1787664228686,4.8707,4.0119,3.9091,180.00
1283.742,1787664228787,4.8707,4.0790,3.9091,180.00
1283.842,1787664228887,4.8706,4.1534,3.9091,179.99
1283.942,1787664228987,4.8706,4.2166,3.9091,179.99
1284.042,1787664229087,4.8705,4.2797,3.9091,179.99
1284.142,1787664229187,4.8705,4.3206,3.9091,179.99
1284.242,1787664229287,4.8704,4.3834,3.9090,179.99
1284.342,1787664229387,4.8704,4.4384,3.9090,179.99
1284.442,1787664229487,4.8703,4.4968,3.9090,179.99
1284.542,1787664229588,4.8703,4.5552,3.9090,179.99
1284.643,1787664229688,4.8702,4.6173,3.9090,179.99
1284.743,1787664229788,4.8701,4.6760,3.9090,179.99
1284.843,1787664229888,4.8701,4.7163,3.9090,179.99
1284.943,1787664229988,4.8700,4.7932,3.9090,179.99
1285.043,1787664230088,4.8700,4.8479,3.9090,179.99
1285.143,1787664230188,4.8700,4.8989,3.9090,179.99
1285.243,1787664230288,4.8700,4.9646,3.9090,179.99
1285.343,1787664230388,4.8699,5.0230,3.9090,179.99
1285.443,1787664230488,4.8699,5.0960,3.9090,179.99
1285.544,1787664230589,4.8699,5.1544,3.9090,179.99
1285.644,1787664230689,4.8699,5.2129,3.9090,179.99
1285.744,1787664230789,4.8699,5.2567,3.9090,179.99
1285.844,1787664230889,4.8698,5.3186,3.9090,179.99
1285.944,1787664230989,4.8698,5.3765,3.9090,179.99
1286.044,1787664231089,4.8697,5.4416,3.9090,179.99
1286.144,1787664231189,4.8697,5.4959,3.9090,179.99
1286.244,1787664231290,4.8697,5.5503,3.9090,179.99
1286.345,1787664231390,4.8696,5.6191,3.9090,180.00
1286.445,1787664231490,4.8695,5.6847,3.9090,180.00
1286.545,1787664231590,4.8694,5.7394,3.9090,180.00
1286.645,1787664231690,4.8694,5.8013,3.9090,180.00
1286.745,1787664231790,4.8693,5.8522,3.9090,180.00
1286.845,1787664231890,4.8692,5.9103,3.9090,180.00
1286.945,1787664231990,4.8691,5.9790,3.9090,180.00
1287.045,1787664232091,4.8691,6.0443,3.9090,180.00
1287.146,1787664232191,4.8690,6.0842,3.9090,180.00
1287.246,1787664232291,4.8689,6.1349,3.9090,180.00
1287.346,1787664232391,4.8689,6.1781,3.9090,180.00
1287.446,1787664232491,4.8688,6.2393,3.9090,180.00
1287.546,1787664232591,4.8687,6.3008,3.9090,180.00
1287.646,1787664232691,4.8687,6.3408,3.9090,-180.00
1287.746,1787664232791,4.8687,6.3662,3.9090,-180.00
1287.847,1787664232892,4.8687,6.4315,3.9090,-180.00
1287.947,1787664232992,4.8686,6.4750,3.9090,-180.00
1288.047,1787664233092,4.8686,6.5261,3.9091,-180.00
1288.147,1787664233192,4.8686,6.5775,3.9091,-180.00
1288.247,1787664233292,4.8686,6.6258,3.9092,-180.00
1288.347,1787664233392,4.8687,6.6969,3.9093,-180.00
1288.447,1787664233493,4.8687,6.7536,3.9093,-180.00
1288.548,1787664233593,4.8688,6.8109,3.9094,-180.00
1288.648,1787664233693,4.8688,6.8725,3.9094,-180.00
1288.748,1787664233793,4.8689,6.9228,3.9095,-179.99
1288.848,1787664233893,4.8689,6.9968,3.9095,-179.99
1288.948,1787664233993,4.8690,7.0476,3.9095,-179.99
1289.049,1787664234094,4.8691,7.1144,3.9096,-179.99
1289.149,1787664234194,4.8692,7.1735,3.9096,-179.99
1289.249,1787664234294,4.8693,7.2329,3.9096,-179.99
1289.349,1787664234394,4.8693,7.3001,3.9096,-179.99
1289.449,1787664234494,4.8694,7.3673,3.9097,-179.99
1289.549,1787664234594,4.8695,7.4268,3.9097,-179.99
1289.649,1787664234694,4.8697,7.4984,3.9097,-179.99
1289.749,1787664234794,4.8698,7.5703,3.9098,-179.99
1289.850,1787664234895,4.8699,7.6381,3.9098,-179.99
1289.950,1787664234995,4.8701,7.7057,3.9098,-179.99
1290.051,1787664235096,4.8702,7.7730,3.9099,-179.99
1290.151,1787664235196,4.8703,7.8044,3.9099,-179.99
1290.251,1787664235296,4.8704,7.8630,3.9099,-179.99
1290.351,1787664235396,4.8706,7.9324,3.9100,-179.99
1290.451,1787664235496,4.8707,8.0056,3.9101,-179.99
1290.552,1787664235597,4.8709,8.0751,3.9101,-179.99
1290.652,1787664235697,4.8710,8.1257,3.9101,-179.99
1290.752,1787664235797,4.8711,8.1923,3.9102,-180.00
1290.853,1787664235898,4.8712,8.2434,3.9102,-180.00
1290.953,1787664235998,4.8713,8.2785,3.9102,-180.00
1291.053,1787664236098,4.8714,8.3326,3.9103,-180.00
1291.153,1787664236198,4.8715,8.3892,3.9103,-180.00
1291.253,1787664236298,4.8716,8.4551,3.9105,-180.00
1291.353,1787664236398,4.8717,8.5148,3.9106,180.00
1291.453,1787664236499,4.8718,8.5751,3.9107,180.00
1291.554,1787664236599,4.8719,8.6198,3.9107,180.00
1291.654,1787664236699,4.8719,8.6504,3.9108,180.00
1291.754,1787664236799,4.8719,8.6973,3.9109,-180.00
1291.854,1787664236899,4.8719,8.7386,3.9109,-180.00
1291.954,1787664237000,4.8719,8.7824,3.9110,-180.00
1292.055,1787664237100,4.8720,8.8272,3.9110,-180.00
1292.155,1787664237200,4.8720,8.8554,3.9109,-180.00
1292.255,1787664237300,4.8720,8.8817,3.9109,-180.00
1292.355,1787664237400,4.8720,8.9059,3.9108,-180.00
1292.455,1787664237500,4.8721,8.9299,3.9107,-180.00
1292.557,1787664237602,4.8721,8.9441,3.9106,-180.00
1292.657,1787664237702,4.8721,8.9631,3.9105,-180.00
1292.757,1787664237802,4.8721,8.9777,3.9103,-180.00
1292.857,1787664237903,4.8721,8.9932,3.9102,-180.00
1292.958,1787664238003,4.8721,9.0009,3.9101,-180.00
1293.058,1787664238103,4.8721,9.0193,3.9098,-179.99
1293.158,1787664238203,4.8721,9.0307,3.9097,-179.99
1293.258,1787664238303,4.8720,9.0434,3.9094,-179.99
1293.358,1787664238403,4.8720,9.0533,3.9092,-179.99
1293.458,1787664238503,4.8719,9.0601,3.9091,-179.99
1293.558,1787664238603,4.8718,9.0648,3.9089,-179.99
1293.658,1787664238703,4.8718,9.0677,3.9087,-179.98
1293.758,1787664238804,4.8717,9.0686,3.9086,-179.98
1293.859,1787664238904,4.8717,9.0680,3.9085,-179.98
1293.959,1787664239004,4.8716,9.0661,3.9084,-179.98
1294.059,1787664239104,4.8715,9.0633,3.9084,-179.98
1294.159,1787664239204,4.8714,9.0597,3.9083,-179.98
1294.259,1787664239304,4.8714,9.0559,3.9083,-179.98
1294.359,1787664239404,4.8713,9.0514,3.9083,-179.99
1294.459,1787664239504,4.8712,9.0468,3.9083,-179.99
1294.559,1787664239604,4.8712,9.0416,3.9084,-179.99
1294.659,1787664239704,4.8711,9.0355,3.9084,-179.99
1294.760,1787664239805,4.8710,9.0309,3.9085,-180.00
1294.860,1787664239905,4.8709,9.0249,3.9085,-180.00
1294.960,1787664240005,4.8708,9.0182,3.9086,180.00
1295.060,1787664240105,4.8707,9.0126,3.9087,180.00
1295.160,1787664240205,4.8707,9.0079,3.9087,-180.00
1295.260,1787664240305,4.8706,9.0019,3.9087,-180.00
1295.360,1787664240405,4.8705,8.9978,3.9088,-180.00
1295.460,1787664240505,4.8705,8.9929,3.9088,-180.00
1295.560,1787664240605,4.8704,8.9879,3.9089,-179.99
1295.660,1787664240706,4.8703,8.9837,3.9089,-179.99
1295.761,1787664240806,4.8703,8.9794,3.9090,-179.99
1295.861,1787664240906,4.8703,8.9754,3.9090,-179.99
1295.961,1787664241006,4.8703,8.9721,3.9091,-179.99
1296.061,1787664241106,4.8702,8.9687,3.9092,-179.99
1296.161,1787664241206,4.8702,8.9665,3.9092,-179.99
1296.261,1787664241306,4.8702,8.9638,3.9093,-179.99
1296.361,1787664241406,4.8701,8.9609,3.9093,-179.99
1296.461,1787664241507,4.8701,8.9588,3.9094,-179.99
1296.562,1787664241607,4.8700,8.9568,3.9094,-179.99
1296.662,1787664241707,4.8700,8.9548,3.9095,-179.99
1296.762,1787664241807,4.8699,8.9535,3.9095,-179.99
1296.862,1787664241907,4.8699,8.9521,3.9096,-179.99
1296.962,1787664242007,4.8699,8.9513,3.9096,-179.99
1297.062,1787664242107,4.8699,8.9506,3.9097,-179.98
1297.162,1787664242207,4.8699,8.9501,3.9097,-179.98
1297.262,1787664242308,4.8700,8.9497,3.9097,-179.98
1297.363,1787664242408,4.8700,8.9494,3.9097,-179.98
1297.463,1787664242508,4.8700,8.9492,3.9097,-179.98
1297.563,1787664242608,4.8700,8.9492,3.9097,-179.98
1297.663,1787664242708,4.8700,8.9493,3.9097,-179.98
1297.763,1787664242808,4.8701,8.9494,3.9097,-179.98
1297.863,1787664242908,4.8702,8.9497,3.9097,-179.98
1297.963,1787664243008,4.8702,8.9499,3.9098,-179.98
1298.063,1787664243109,4.8703,8.9503,3.9098,-179.98
1298.164,1787664243209,4.8703,8.9507,3.9098,-179.98
1298.264,1787664243309,4.8704,8.9512,3.9099,-179.98
1298.364,1787664243409,4.8704,8.9519,3.9099,-179.98
1298.464,1787664243509,4.8704,8.9523,3.9099,-179.98
1298.564,1787664243609,4.8705,8.9529,3.9100,-179.98
1298.664,1787664243709,4.8705,8.9536,3.9100,-179.98
1298.764,1787664243809,4.8705,8.9541,3.9100,-179.98
1298.864,1787664243909,4.8705,8.9547,3.9101,-179.98
1298.964,1787664244010,4.8705,8.9554,3.9101,-179.98
1299.065,1787664244110,4.8705,8.9561,3.9101,-179.98
1299.165,1787664244210,4.8705,8.9567,3.9102,-179.99
1299.267,1787664244312,4.8705,8.9575,3.9102,-179.99
1299.367,1787664244412,4.8705,8.9580,3.9102,-179.99
1299.467,1787664244512,4.8704,8.9587,3.9103,-179.99
1299.567,1787664244612,4.8704,8.9594,3.9103,-179.99
1299.667,1787664244712,4.8704,8.9601,3.9104,-179.99
1299.767,1787664244813,4.8704,8.9607,3.9104,-179.99
1299.868,1787664244913,4.8703,8.9613,3.9104,-179.99
1299.968,1787664245013,4.8703,8.9616,3.9105,-179.99
1300.068,1787664245113,4.8703,8.9621,3.9105,-179.99
1300.168,1787664245213,4.8703,8.9625,3.9105,-179.99
1300.268,1787664245313,4.8702,8.9630,3.9105,-179.99
1300.368,1787664245413,4.8701,8.9635,3.9105,-179.99
1300.468,1787664245513,4.8701,8.9641,3.9104,-179.99
1300.569,1787664245614,4.8700,8.9645,3.9104,-179.99
1300.669,1787664245714,4.8699,8.9650,3.9104,-179.99
1300.769,1787664245814,4.8698,8.9655,3.9103,-179.99
1300.869,1787664245914,4.8697,8.9660,3.9103,-179.99
1300.969,1787664246014,4.8696,8.9664,3.9102,-179.99
1301.069,1787664246114,4.8695,8.9668,3.9102,-179.99
1301.169,1787664246214,4.8695,8.9672,3.9101,-179.99
1301.269,1787664246315,4.8694,8.9676,3.9101,-179.99
1301.370,1787664246415,4.8693,8.9680,3.9100,-179.99
1301.470,1787664246515,4.8693,8.9685,3.9100,-179.98
1301.570,1787664246615,4.8692,8.9694,3.9100,-179.95
1301.670,1787664246715,4.8690,8.9705,3.9102,-179.78
1301.770,1787664246815,4.8690,8.9712,3.9106,-179.45
1301.870,1787664246915,4.8688,8.9715,3.9113,-178.72
1301.970,1787664247015,4.8688,8.9710,3.9121,-177.70
1302.071,1787664247116,4.8687,8.9700,3.9129,-176.40
1302.171,1787664247216,4.8687,8.9686,3.9138,-174.87
1302.271,1787664247316,4.8687,8.9666,3.9147,-172.76
1302.371,1787664247416,4.8688,8.9640,3.9157,-170.12
1302.471,1787664247516,4.8689,8.9617,3.9163,-167.79
1302.571,1787664247616,4.8691,8.9585,3.9171,-164.30
1302.671,1787664247716,4.8694,8.9549,3.9176,-160.28
1302.771,1787664247816,4.8696,8.9529,3.9177,-157.96
1302.871,1787664247917,4.8700,8.9501,3.9177,-154.49
1302.972,1787664248017,4.8703,8.9477,3.9176,-151.16
1303.072,1787664248117,4.8705,8.9455,3.9172,-147.56
1303.172,1787664248217,4.8708,8.9435,3.9167,-143.71
1303.272,1787664248317,4.8708,8.9422,3.9162,-140.55
1303.372,1787664248417,4.8708,8.9409,3.9156,-136.97
1303.472,1787664248517,4.8707,8.9399,3.9148,-132.58
1303.572,1787664248617,4.8705,8.9394,3.9141,-129.16
1303.672,1787664248717,4.8700,8.9392,3.9135,-125.62
1303.773,1787664248818,4.8694,8.9393,3.9128,-122.00
1303.873,1787664248918,4.8688,8.9397,3.9123,-119.28
1303.973,1787664249018,4.8681,8.9402,3.9118,-116.26
1304.073,1787664249118,4.8672,8.9411,3.9112,-113.16
1304.173,1787664249218,4.8665,8.9417,3.9109,-111.02
1304.273,1787664249318,4.8653,8.9429,3.9105,-107.70
1304.373,1787664249419,4.8644,8.9439,3.9102,-105.11
1304.474,1787664249519,4.8634,8.9450,3.9099,-102.38
1304.574,1787664249619,4.8625,8.9463,3.9097,-99.30
1304.674,1787664249719,4.8618,8.9474,3.9095,-96.38
1304.774,1787664249819,4.8612,8.9485,3.9093,-93.44
1304.874,1787664249919,4.8610,8.9495,3.9092,-90.84
1304.974,1787664250019,4.8608,8.9506,3.9090,-87.69
1305.074,1787664250119,4.8608,8.9516,3.9089,-84.69
1305.174,1787664250219,4.8609,8.9523,3.9088,-82.22
1305.275,1787664250320,4.8610,8.9530,3.9088,-79.92
1305.375,1787664250420,4.8613,8.9538,3.9087,-76.89
1305.475,1787664250520,4.8616,8.9545,3.9087,-74.00
1305.575,1787664250620,4.8621,8.9553,3.9087,-70.54
1305.675,1787664250720,4.8625,8.9558,3.9086,-67.78
1305.775,1787664250820,4.8632,8.9564,3.9086,-64.43
1305.875,1787664250920,4.8639,8.9570,3.9086,-60.87
1305.975,1787664251020,4.8646,8.9574,3.9086,-58.25
1306.076,1787664251121,4.8653,8.9579,3.9086,-55.06
1306.176,1787664251221,4.8660,8.9582,3.9086,-52.07
1306.276,1787664251321,4.8666,8.9585,3.9085,-49.28
1306.376,1787664251421,4.8673,8.9587,3.9085,-45.74
1306.476,1787664251521,4.8678,8.9588,3.9085,-42.77
1306.576,1787664251621,4.8683,8.9589,3.9085,-39.99
1306.676,1787664251721,4.8689,8.9591,3.9084,-36.50
1306.776,1787664251821,4.8694,8.9591,3.9084,-33.95
1306.877,1787664251922,4.8698,8.9591,3.9084,-31.04
1306.977,1787664252022,4.8701,8.9591,3.9084,-28.32
1307.077,1787664252122,4.8705,8.9589,3.9084,-24.70
1307.178,1787664252223,4.8707,8.9589,3.9085,-22.16
1307.278,1787664252323,4.8710,8.9588,3.9085,-19.25
1307.378,1787664252423,4.8711,8.9587,3.9085,-17.07
1307.478,1787664252523,4.8714,8.9587,3.9086,-13.96
1307.578,1787664252624,4.8716,8.9588,3.9086,-11.03
1307.679,1787664252724,4.8717,8.9590,3.9088,-8.18
1307.779,1787664252824,4.8718,8.9593,3.9091,-5.47
1307.879,1787664252924,4.8719,8.9595,3.9093,-3.89
1307.979,1787664253024,4.8719,8.9597,3.9098,-1.45
1308.079,1787664253124,4.8719,8.9597,3.9104,0.64
1308.179,1787664253224,4.8719,8.9593,3.9111,2.32
1308.280,1787664253325,4.8718,8.9583,3.9119,3.70
1308.380,1787664253425,4.8717,8.9571,3.9126,4.46
1308.480,1787664253525,4.8716,8.9561,3.9131,4.79
1308.580,1787664253625,4.8716,8.9544,3.9137,5.00
1308.680,1787664253725,4.8716,8.9527,3.9142,4.91
1308.780,1787664253825,4.8715,8.9511,3.9145,4.61
1308.880,1787664253925,4.8715,8.9496,3.9147,4.19
1308.980,1787664254025,4.8715,8.9483,3.9147,3.70
1309.081,1787664254126,4.8715,8.9473,3.9147,3.23
1309.181,1787664254226,4.8715,8.9464,3.9145,2.68
1309.281,1787664254326,4.8714,8.9456,3.9143,2.02
1309.381,1787664254426,4.8714,8.9450,3.9141,1.50
1309.481,1787664254526,4.8714,8.9449,3.9140,1.32
1309.581,1787664254626,4.8713,8.9445,3.9136,0.60
1309.681,1787664254726,4.8713,8.9446,3.9131,-0.14
1309.781,1787664254826,4.8712,8.9450,3.9127,-0.68
1309.881,1787664254927,4.8711,8.9457,3.9123,-1.07
1309.982,1787664255027,4.8710,8.9463,3.9120,-1.33
1310.082,1787664255127,4.8710,8.9475,3.9116,-1.64
1310.182,1787664255227,4.8709,8.9487,3.9112,-1.83
1310.282,1787664255327,4.8708,8.9506,3.9108,-1.99
1310.382,1787664255427,4.8707,8.9526,3.9104,-2.03
1310.483,1787664255528,4.8707,8.9552,3.9099,-1.98
1310.583,1787664255628,4.8700,8.9578,3.9096,-1.84
1310.683,1787664255728,4.8687,8.9603,3.9094,-1.64
1310.783,1787664255828,4.8676,8.9622,3.9093,-1.46
1310.883,1787664255928,4.8666,8.9641,3.9092,-1.22
1310.983,1787664256028,4.8666,8.9658,3.9092,-0.97
1311.083,1787664256128,4.8681,8.9672,3.9093,-0.72
1311.183,1787664256228,4.8711,8.9683,3.9093,-0.52
1311.284,1787664256329,4.8774,8.9695,3.9095,-0.29
1311.384,1787664256429,4.8839,8.9702,3.9096,-0.15
1311.484,1787664256529,4.8941,8.9709,3.9098,-0.01
1311.584,1787664256630,4.9030,8.9713,3.9099,0.07
1311.685,1787664256730,4.9124,8.9717,3.9100,0.12
1311.785,1787664256830,4.9219,8.9719,3.9101,0.16
1311.885,1787664256930,4.9428,8.9724,3.9103,0.21
1311.985,1787664257030,4.9630,8.9728,3.9104,0.21
1312.086,1787664257131,4.9867,8.9732,3.9103,0.20
1312.186,1787664257231,5.0152,8.9737,3.9100,0.18
1312.286,1787664257331,5.0464,8.9743,3.9097,0.13
1312.386,1787664257431,5.0796,8.9750,3.9094,0.08
1312.486,1787664257531,5.1188,8.9758,3.9089,0.02
1312.586,1787664257631,5.1548,8.9766,3.9086,-0.04
1312.686,1787664257731,5.1892,8.9773,3.9083,-0.09
1312.786,1787664257831,5.2333,8.9783,3.9079,-0.15
1312.886,1787664257932,5.2589,8.9789,3.9077,-0.18
1312.987,1787664258032,5.2913,8.9796,3.9075,-0.21
1313.087,1787664258132,5.3278,8.9805,3.9074,-0.25
1313.187,1787664258232,5.3592,8.9813,3.9073,-0.27
1313.287,1787664258332,5.3984,8.9824,3.9071,-0.28
1313.387,1787664258432,5.4360,8.9834,3.9071,-0.29
1313.487,1787664258532,5.4719,8.9844,3.9071,-0.29
1313.587,1787664258632,5.5076,8.9854,3.9071,-0.28
1313.687,1787664258732,5.5340,8.9863,3.9071,-0.27
1313.788,1787664258833,5.5652,8.9873,3.9071,-0.25
1313.888,1787664258933,5.5908,8.9881,3.9072,-0.23
1313.988,1787664259033,5.6169,8.9889,3.9073,-0.21
1314.088,1787664259133,5.6332,8.9894,3.9073,-0.19
1314.188,1787664259233,5.6471,8.9898,3.9074,-0.17
1314.288,1787664259333,5.6660,8.9904,3.9074,-0.15
1314.388,1787664259433,5.6817,8.9909,3.9075,-0.13
1314.489,1787664259534,5.6975,8.9914,3.9075,-0.11
1314.589,1787664259634,5.7095,8.9917,3.9076,-0.10
1314.689,1787664259734,5.7185,8.9919,3.9076,-0.08
1314.789,1787664259834,5.7267,8.9920,3.9076,-0.08
1314.889,1787664259934,5.7335,8.9921,3.9077,-0.07
1314.989,1787664260034,5.7380,8.9921,3.9077,-0.06
1315.089,1787664260134,5.7411,8.9920,3.9078,-0.06
1315.189,1787664260235,5.7432,8.9919,3.9079,-0.06
1315.290,1787664260335,5.7442,8.9918,3.9079,-0.06
1315.390,1787664260435,5.7443,8.9916,3.9080,-0.06
1315.490,1787664260535,5.7435,8.9913,3.9080,-0.07
1315.591,1787664260636,5.7422,8.9912,3.9081,-0.07
1315.691,1787664260736,5.7400,8.9910,3.9081,-0.07
1315.791,1787664260836,5.7371,8.9908,3.9082,-0.08
1315.891,1787664260936,5.7340,8.9906,3.9083,-0.08
1315.991,1787664261036,5.7314,8.9904,3.9084,-0.08
1316.092,1787664261137,5.7276,8.9902,3.9085,-0.08
1316.192,1787664261237,5.7245,8.9900,3.9085,-0.08
1316.292,1787664261337,5.7194,8.9897,3.9086,-0.08
1316.392,1787664261437,5.7152,8.9896,3.9087,-0.08
1316.492,1787664261537,5.7107,8.9894,3.9087,-0.08
1316.592,1787664261637,5.7072,8.9892,3.9088,-0.08
1316.692,1787664261737,5.7035,8.9891,3.9088,-0.08
1316.792,1787664261837,5.6995,8.9890,3.9088,-0.08
1316.892,1787664261937,5.6961,8.9889,3.9089,-0.07
1316.992,1787664262038,5.6928,8.9888,3.9089,-0.07
1317.093,1787664262138,5.6891,8.9887,3.9089,-0.07
1317.193,1787664262238,5.6871,8.9887,3.9089,-0.07
1317.293,1787664262338,5.6837,8.9887,3.9089,-0.07
1317.393,1787664262438,5.6809,8.9887,3.9090,-0.07
1317.493,1787664262538,5.6779,8.9887,3.9090,-0.07
1317.593,1787664262638,5.6753,8.9887,3.9091,-0.06
1317.693,1787664262738,5.6734,8.9887,3.9091,-0.06
1317.793,1787664262838,5.6715,8.9888,3.9091,-0.06
1317.893,1787664262938,5.6695,8.9889,3.9092,-0.06
1317.994,1787664263039,5.6679,8.9889,3.9092,-0.06
1318.094,1787664263139,5.6664,8.9890,3.9092,-0.06
1318.194,1787664263239,5.6650,8.9890,3.9092,-0.06
1318.294,1787664263339,5.6641,8.9891,3.9092,-0.06
1318.394,1787664263439,5.6632,8.9892,3.9092,-0.06
1318.494,1787664263539,5.6626,8.9892,3.9092,-0.06
1318.594,1787664263639,5.6621,8.9893,3.9091,-0.05
1318.695,1787664263740,5.6616,8.9894,3.9091,-0.05
1318.795,1787664263840,5.6613,8.9895,3.9091,-0.05
1318.895,1787664263940,5.6610,8.9895,3.9091,-0.05
1318.995,1787664264040,5.6608,8.9896,3.9091,-0.05
1319.095,1787664264140,5.6607,8.9897,3.9091,-0.05
1319.195,1787664264240,5.6607,8.9897,3.9091,-0.04
1319.295,1787664264340,5.6608,8.9898,3.9091,-0.04
1319.395,1787664264440,5.6609,8.9899,3.9091,-0.04
1319.495,1787664264541,5.6611,8.9900,3.9092,-0.04
1319.596,1787664264641,5.6613,8.9901,3.9092,-0.04
1319.696,1787664264741,5.6615,8.9902,3.9092,-0.04
1319.796,1787664264841,5.6617,8.9903,3.9093,-0.04
1319.896,1787664264941,5.6621,8.9905,3.9094,-0.04
1319.996,1787664265041,5.6623,8.9907,3.9094,-0.04
1320.096,1787664265141,5.6624,8.9908,3.9094,-0.04
1320.196,1787664265241,5.6627,8.9909,3.9095,-0.04
1320.296,1787664265341,5.6629,8.9910,3.9095,-0.04
1320.396,1787664265442,5.6630,8.9911,3.9095,-0.04
1320.497,1787664265542,5.6632,8.9912,3.9095,-0.04
1320.597,1787664265642,5.6634,8.9913,3.9095,-0.04
1320.697,1787664265742,5.6635,8.9914,3.9095,-0.04
1320.797,1787664265842,5.6636,8.9914,3.9095,-0.04
1320.897,1787664265942,5.6638,8.9916,3.9095,-0.04
1320.997,1787664266042,5.6639,8.9916,3.9094,-0.04
1321.097,1787664266142,5.6640,8.9917,3.9094,-0.04
1321.197,1787664266242,5.6641,8.9917,3.9094,-0.04
1321.297,1787664266342,5.6643,8.9918,3.9094,-0.04
1321.397,1787664266443,5.6644,8.9918,3.9094,-0.04
1321.498,1787664266543,5.6645,8.9918,3.9094,-0.04
1321.598,1787664266643,5.6645,8.9919,3.9094,-0.04
1321.698,1787664266743,5.6646,8.9919,3.9094,-0.04
1321.798,1787664266843,5.6646,8.9919,3.9094,-0.04
1321.898,1787664266943,5.6646,8.9919,3.9093,-0.04
1321.998,1787664267043,5.6647,8.9919,3.9093,-0.04
1322.098,1787664267143,5.6647,8.9919,3.9093,-0.04
1322.198,1787664267243,5.6647,8.9919,3.9093,-0.04
1322.298,1787664267344,5.6647,8.9919,3.9093,-0.04
1322.399,1787664267444,5.6648,8.9919,3.9094,-0.04
1322.499,1787664267544,5.6648,8.9919,3.9094,-0.04
1322.599,1787664267644,5.6648,8.9918,3.9094,-0.04
1322.699,1787664267744,5.6648,8.9918,3.9094,-0.04
1322.799,1787664267844,5.6649,8.9918,3.9095,-0.04
1322.899,1787664267944,5.6649,8.9918,3.9095,-0.03
1322.999,1787664268044,5.6651,8.9920,3.9095,-0.03
1323.099,1787664268145,5.6652,8.9932,3.9096,-0.03
1323.200,1787664268245,5.6653,8.9947,3.9097,-0.03
1323.300,1787664268345,5.6654,8.9959,3.9098,-0.03
1323.400,1787664268445,5.6653,8.9960,3.9100,-0.03
1323.500,1787664268545,5.6652,8.9941,3.9102,-0.03
1323.600,1787664268645,5.6651,8.9899,3.9104,-0.03
1323.700,1787664268745,5.6650,8.9826,3.9106,-0.02
1323.800,1787664268846,5.6648,8.9721,3.9108,-0.02
1323.901,1787664268946,5.6646,8.9597,3.9110,-0.02
1324.001,1787664269046,5.6644,8.9445,3.9111,-0.03
1324.102,1787664269147,5.6642,8.9265,3.9112,-0.03
1324.202,1787664269247,5.6641,8.9159,3.9113,-0.03
1324.302,1787664269347,5.6639,8.8951,3.9113,-0.03
1324.402,1787664269447,5.6637,8.8686,3.9114,-0.03
1324.502,1787664269547,5.6634,8.8367,3.9115,-0.03
1324.602,1787664269647,5.6632,8.8005,3.9114,-0.03
1324.703,1787664269748,5.6631,8.7691,3.9113,-0.03
1324.803,1787664269848,5.6629,8.7262,3.9112,-0.03
1324.903,1787664269948,5.6628,8.6850,3.9110,-0.04
1325.003,1787664270048,5.6627,8.6412,3.9109,-0.04
1325.103,1787664270148,5.6626,8.5893,3.9106,-0.04
1325.203,1787664270248,5.6625,8.5346,3.9104,-0.03
1325.303,1787664270348,5.6625,8.4804,3.9102,-0.03
1325.403,1787664270448,5.6625,8.4368,3.9101,-0.03
1325.503,1787664270548,5.6625,8.3791,3.9099,-0.03
1325.603,1787664270649,5.6625,8.3265,3.9097,-0.03
1325.704,1787664270749,5.6626,8.2657,3.9096,-0.03
1325.804,1787664270849,5.6627,8.2036,3.9094,-0.03
1325.904,1787664270949,5.6628,8.1475,3.9093,-0.03
1326.004,1787664271049,5.6629,8.0905,3.9092,-0.03
1326.104,1787664271149,5.6630,8.0256,3.9092,-0.04
1326.204,1787664271249,5.6631,7.9746,3.9092,-0.04
1326.304,1787664271350,5.6633,7.9049,3.9091,-0.04
1326.405,1787664271450,5.6635,7.8383,3.9092,-0.04
1326.505,1787664271550,5.6636,7.7861,3.9092,-0.04
1326.605,1787664271650,5.6638,7.7186,3.9092,-0.04
1326.705,1787664271750,5.6640,7.6509,3.9092,-0.04
1326.805,1787664271850,5.6642,7.5870,3.9092,-0.03
1326.905,1787664271950,5.6644,7.5155,3.9093,-0.03
1327.005,1787664272050,5.6646,7.4553,3.9093,-0.03
1327.105,1787664272150,5.6647,7.4063,3.9093,-0.03
1327.206,1787664272251,5.6650,7.3315,3.9093,-0.03
1327.306,1787664272351,5.6652,7.2605,3.9093,-0.03
1327.406,1787664272451,5.6654,7.1933,3.9094,-0.03
1327.506,1787664272551,5.6656,7.1300,3.9094,-0.03
1327.606,1787664272651,5.6658,7.0594,3.9094,-0.03
1327.706,1787664272751,5.6661,6.9929,3.9094,-0.03
1327.807,1787664272852,5.6663,6.9305,3.9095,-0.03
1327.907,1787664272952,5.6665,6.8720,3.9095,-0.03
1328.008,1787664273053,5.6667,6.8068,3.9095,-0.03
1328.108,1787664273153,5.6669,6.7492,3.9095,-0.03
1328.208,1787664273253,5.6671,6.6956,3.9095,-0.03
1328.308,1787664273353,5.6673,6.6388,3.9095,-0.03
1328.408,1787664273453,5.6676,6.5716,3.9096,-0.03
1328.508,1787664273553,5.6678,6.5222,3.9096,-0.03
1328.608,1787664273653,5.6681,6.4554,3.9096,-0.03
1328.708,1787664273753,5.6684,6.3887,3.9097,-0.03
1328.808,1787664273853,5.6686,6.3292,3.9097,-0.03
1328.909,1787664273954,5.6688,6.2734,3.9097,-0.03
1329.009,1787664274054,5.6690,6.2109,3.9098,-0.03
1329.109,1787664274154,5.6693,6.1486,3.9098,-0.03
1329.209,1787664274254,5.6694,6.0970,3.9098,-0.03
1329.309,1787664274354,5.6697,6.0388,3.9098,-0.03
1329.409,1787664274454,5.6698,5.9841,3.9098,-0.03
1329.509,1787664274554,5.6701,5.9228,3.9097,-0.03
1329.609,1787664274654,5.6703,5.8650,3.9097,-0.03
1329.710,1787664274755,5.6706,5.8003,3.9097,-0.03
1329.810,1787664274855,5.6708,5.7460,3.9097,-0.03
1329.910,1787664274955,5.6710,5.6883,3.9097,-0.03
1330.010,1787664275055,5.6712,5.6306,3.9096,-0.03
1330.110,1787664275155,5.6714,5.5762,3.9096,-0.02
1330.210,1787664275255,5.6716,5.5253,3.9096,-0.02
1330.310,1787664275355,5.6718,5.4678,3.9096,-0.02
1330.410,1787664275455,5.6721,5.4036,3.9096,-0.02
1330.510,1787664275556,5.6722,5.3528,3.9095,-0.02
1330.611,1787664275656,5.6724,5.2917,3.9095,-0.02
1330.711,1787664275756,5.6726,5.2270,3.9095,-0.02
1330.811,1787664275856,5.6728,5.1656,3.9095,-0.02
1330.911,1787664275956,5.6730,5.1043,3.9095,-0.02
1331.011,1787664276056,5.6731,5.0634,3.9095,-0.02
1331.111,1787664276156,5.6733,4.9988,3.9095,-0.02
1331.211,1787664276256,5.6734,4.9648,3.9095,-0.02
1331.311,1787664276357,5.6736,4.9071,3.9095,-0.02
1331.413,1787664276458,5.6738,4.8322,3.9095,-0.02
1331.513,1787664276558,5.6740,4.7739,3.9095,-0.01
1331.613,1787664276658,5.6742,4.7119,3.9095,-0.01
1331.713,1787664276758,5.6744,4.6494,3.9095,-0.01
1331.813,1787664276858,5.6746,4.5972,3.9095,-0.01
1331.913,1787664276958,5.6747,4.5555,3.9095,-0.01
1332.013,1787664277058,5.6749,4.4898,3.9095,-0.01
1332.114,1787664277159,5.6751,4.4309,3.9095,-0.01
1332.214,1787664277259,5.6753,4.3822,3.9095,-0.01
1332.314,1787664277359,5.6755,4.3159,3.9095,-0.01
1332.414,1787664277459,5.6757,4.2493,3.9095,-0.01
1332.514,1787664277559,5.6759,4.2002,3.9095,-0.01
1332.614,1787664277659,5.6762,4.1441,3.9095,-0.01
1332.714,1787664277759,5.6764,4.0846,3.9095,-0.01
1332.814,1787664277859,5.6767,4.0217,3.9095,-0.01
1332.914,1787664277959,5.6769,3.9620,3.9095,-0.01
1333.014,1787664278060,5.6773,3.8881,3.9096,-0.01
1333.115,1787664278160,5.6776,3.8247,3.9096,-0.01
1333.215,1787664278260,5.6778,3.7790,3.9096,-0.01
1333.315,1787664278360,5.6781,3.7264,3.9096,-0.01
1333.415,1787664278460,5.6784,3.6634,3.9096,-0.01
1333.515,1787664278560,5.6787,3.6076,3.9096,-0.01
1333.615,1787664278660,5.6790,3.5482,3.9096,-0.01
1333.715,1787664278760,5.6792,3.4958,3.9096,-0.01
1333.815,1787664278860,5.6795,3.4327,3.9096,-0.01
1333.915,1787664278961,5.6799,3.3556,3.9096,-0.01
1334.016,1787664279061,5.6801,3.3031,3.9095,-0.01
1334.116,1787664279161,5.6803,3.2542,3.9095,-0.00
1334.216,1787664279261,5.6806,3.2053,3.9095,-0.00
1334.316,1787664279361,5.6808,3.1530,3.9095,-0.01
1334.416,1787664279461,5.6811,3.0869,3.9095,-0.01
1334.516,1787664279561,5.6813,3.0276,3.9095,-0.01
1334.617,1787664279662,5.6815,2.9718,3.9095,-0.01
1334.717,1787664279762,5.6818,2.9055,3.9095,-0.01
1334.817,1787664279862,5.6820,2.8351,3.9096,-0.01
1334.917,1787664279962,5.6822,2.7645,3.9096,-0.00
1335.018,1787664280063,5.6824,2.7046,3.9096,-0.00
1335.118,1787664280163,5.6827,2.6412,3.9096,-0.00
1335.218,1787664280263,5.6828,2.5850,3.9096,-0.00
1335.318,1787664280363,5.6831,2.5150,3.9096,-0.00
1335.418,1787664280463,5.6833,2.4557,3.9096,-0.00
1335.518,1787664280563,5.6835,2.3897,3.9096,-0.00
1335.618,1787664280664,5.6837,2.3272,3.9096,-0.00
1335.719,1787664280764,5.6838,2.2719,3.9096,-0.00
1335.819,1787664280864,5.6840,2.2065,3.9097,-0.00
1335.919,1787664280964,5.6841,2.1413,3.9097,0.00
1336.019,1787664281064,5.6842,2.0866,3.9097,0.00
1336.119,1787664281164,5.6843,2.0287,3.9097,0.00
1336.219,1787664281264,5.6844,1.9778,3.9096,0.00
1336.319,1787664281364,5.6845,1.9170,3.9096,0.00
1336.419,1787664281464,5.6846,1.8665,3.9096,-0.00
1336.520,1787664281565,5.6847,1.8095,3.9096,-0.00
1336.620,1787664281665,5.6848,1.7592,3.9096,-0.00
1336.720,1787664281765,5.6849,1.6855,3.9096,-0.00
1336.820,1787664281865,5.6850,1.6252,3.9096,-0.00
1336.920,1787664281965,5.6851,1.5715,3.9096,-0.00
1337.020,1787664282065,5.6852,1.5111,3.9096,-0.00
1337.120,1787664282166,5.6853,1.4572,3.9096,-0.00
1337.221,1787664282266,5.6854,1.4202,3.9096,-0.00
1337.321,1787664282366,5.6855,1.3633,3.9096,-0.00
1337.421,1787664282466,5.6857,1.3065,3.9096,-0.00
1337.521,1787664282566,5.6858,1.2496,3.9096,-0.00
1337.621,1787664282666,5.6859,1.1889,3.9096,-0.00
1337.721,1787664282766,5.6860,1.1347,3.9096,-0.00
1337.821,1787664282867,5.6861,1.0769,3.9096,-0.00
1337.922,1787664282967,5.6863,1.0191,3.9095,-0.00
1338.022,1787664283067,5.6864,0.9474,3.9095,-0.00
1338.122,1787664283168,5.6866,0.8858,3.9095,0.00
1338.223,1787664283268,5.6867,0.8550,3.9095,0.00
1338.323,1787664283368,5.6868,0.7829,3.9094,0.00
1338.423,1787664283468,5.6869,0.7280,3.9094,0.00
1338.523,1787664283568,5.6870,0.6728,3.9094,0.00
1338.623,1787664283668,5.6871,0.6036,3.9094,0.00
1338.723,1787664283769,5.6872,0.5480,3.9093,0.00
1338.824,1787664283869,5.6873,0.4854,3.9093,0.00
1338.924,1787664283969,5.6874,0.4262,3.9093,0.00
1339.024,1787664284069,5.6875,0.3809,3.9093,0.00
1339.124,1787664284169,5.6876,0.3181,3.9092,0.00
1339.224,1787664284269,5.6877,0.2658,3.9092,0.00
1339.324,1787664284369,5.6878,0.2100,3.9092,0.00
1339.424,1787664284469,5.6878,0.1715,3.9092,0.00
1339.524,1787664284570,5.6879,0.1155,3.9092,0.00
1339.625,1787664284670,5.6880,0.0455,3.9093,0.00
1339.725,1787664284770,5.6881,-0.0073,3.9093,0.00
1339.825,1787664284870,5.6882,-0.0605,3.9093,0.00
1339.925,1787664284970,5.6883,-0.1138,3.9093,-0.00
1340.025,1787664285070,5.6884,-0.1706,3.9093,-0.00
1340.125,1787664285170,5.6885,-0.2348,3.9094,-0.00
1340.226,1787664285271,5.6886,-0.2849,3.9094,-0.00
1340.326,1787664285371,5.6887,-0.3459,3.9094,-0.00
1340.426,1787664285471,5.6888,-0.4143,3.9094,-0.00
1340.526,1787664285571,5.6889,-0.4650,3.9095,-0.00
1340.626,1787664285671,5.6890,-0.5374,3.9095,-0.00
1340.726,1787664285771,5.6891,-0.5884,3.9095,-0.00
1340.826,1787664285872,5.6893,-0.6465,3.9095,0.00
1340.927,1787664285972,5.6894,-0.7156,3.9096,0.00
1341.027,1787664286072,5.6896,-0.7741,3.9096,0.00
1341.127,1787664286172,5.6898,-0.8398,3.9097,0.00
1341.227,1787664286272,5.6899,-0.8910,3.9097,0.00
1341.327,1787664286372,5.6901,-0.9494,3.9097,0.00
1341.427,1787664286472,5.6903,-1.0114,3.9098,0.00
1341.527,1787664286572,5.6905,-1.0731,3.9098,0.00
1341.627,1787664286672,5.6907,-1.1240,3.9098,0.00
1341.727,1787664286773,5.6909,-1.1893,3.9099,-0.00
1341.828,1787664286873,5.6911,-1.2546,3.9099,-0.00
1341.928,1787664286973,5.6913,-1.3128,3.9099,-0.01
1342.028,1787664287073,5.6915,-1.3856,3.9099,-0.01
1342.128,1787664287173,5.6917,-1.4547,3.9099,-0.01
1342.228,1787664287273,5.6918,-1.5127,3.9099,-0.01
1342.328,1787664287373,5.6920,-1.5813,3.9099,-0.01
1342.428,1787664287473,5.6922,-1.6390,3.9099,-0.01
1342.528,1787664287574,5.6924,-1.7001,3.9098,-0.01
1342.629,1787664287674,5.6926,-1.7573,3.9098,-0.01
1342.729,1787664287774,5.6928,-1.8251,3.9098,-0.01
1342.829,1787664287874,5.6929,-1.8854,3.9097,-0.01
1342.929,1787664287974,5.6931,-1.9386,3.9097,-0.01
1343.029,1787664288074,5.6932,-2.0022,3.9097,-0.01
1343.129,1787664288174,5.6934,-2.0621,3.9097,-0.01
1343.229,1787664288274,5.6935,-2.1219,3.9096,-0.01
1343.329,1787664288374,5.6937,-2.1709,3.9096,-0.01
1343.430,1787664288475,5.6938,-2.2197,3.9096,-0.01
1343.530,1787664288575,5.6940,-2.2960,3.9096,-0.01
1343.630,1787664288675,5.6941,-2.3551,3.9096,-0.01
1343.730,1787664288775,5.6943,-2.4213,3.9096,-0.01
1343.830,1787664288875,5.6944,-2.4806,3.9096,-0.00
1343.930,1787664288975,5.6945,-2.5328,3.9096,-0.00
1344.030,1787664289075,5.6946,-2.5987,3.9096,-0.00
1344.131,1787664289176,5.6947,-2.6576,3.9096,-0.00
1344.231,1787664289276,5.6948,-2.7094,3.9096,-0.00
1344.331,1787664289376,5.6949,-2.7747,3.9096,-0.00
1344.431,1787664289476,5.6950,-2.8503,3.9095,-0.00
1344.531,1787664289576,5.6951,-2.8984,3.9095,-0.00
1344.631,1787664289676,5.6952,-2.9535,3.9095,-0.00
1344.731,1787664289777,5.6952,-3.0117,3.9095,-0.01
1344.832,1787664289877,5.6953,-3.0698,3.9095,-0.01
1344.932,1787664289977,5.6954,-3.1345,3.9095,-0.01
1345.032,1787664290077,5.6954,-3.1925,3.9095,-0.00
1345.132,1787664290177,5.6955,-3.2503,3.9095,-0.00
1345.232,1787664290277,5.6956,-3.2978,3.9095,-0.00
1345.332,1787664290377,5.6956,-3.3589,3.9095,-0.00
1345.432,1787664290477,5.6957,-3.4096,3.9095,-0.00
1345.532,1787664290577,5.6958,-3.4742,3.9095,-0.00
1345.632,1787664290677,5.6958,-3.5321,3.9095,-0.00
1345.733,1787664290778,5.6959,-3.5936,3.9095,0.00
1345.833,1787664290878,5.6960,-3.6414,3.9094,0.00
1345.933,1787664290978,5.6961,-3.7063,3.9094,0.00
1346.033,1787664291078,5.6962,-3.7749,3.9093,0.00
1346.133,1787664291178,5.6963,-3.8296,3.9093,0.00
1346.236,1787664291281,5.6964,-3.8844,3.9092,0.00
1346.336,1787664291381,5.6965,-3.9425,3.9092,0.00
1346.436,1787664291481,5.6966,-4.0075,3.9092,0.00
1346.536,1787664291582,5.6967,-4.0657,3.9092,-0.00
1346.637,1787664291682,5.6968,-4.1309,3.9092,-0.00
1346.737,1787664291782,5.6969,-4.1858,3.9092,-0.00
1346.837,1787664291882,5.6971,-4.2474,3.9092,-0.00
1346.937,1787664291982,5.6972,-4.3089,3.9092,-0.00
1347.037,1787664292082,5.6973,-4.3567,3.9092,-0.01
1347.137,1787664292182,5.6974,-4.4250,3.9092,-0.01
1347.237,1787664292282,5.6975,-4.4762,3.9093,-0.01
1347.337,1787664292383,5.6977,-4.5377,3.9093,-0.01
1347.438,1787664292483,5.6979,-4.6027,3.9093,-0.01
1347.538,1787664292583,5.6980,-4.6643,3.9094,-0.01
1347.638,1787664292683,5.6982,-4.7295,3.9095,-0.01
1347.738,1787664292783,5.6983,-4.7809,3.9095,-0.01
1347.838,1787664292883,5.6985,-4.8492,3.9096,-0.00
1347.938,1787664292983,5.6986,-4.9038,3.9097,-0.00
1348.038,1787664293083,5.6987,-4.9584,3.9097,-0.00
1348.138,1787664293184,5.6989,-5.0196,3.9098,-0.00
1348.239,1787664293284,5.6990,-5.0808,3.9099,-0.00
1348.339,1787664293384,5.6992,-5.1351,3.9099,-0.00
1348.439,1787664293484,5.6993,-5.1892,3.9100,-0.00
1348.541,1787664293586,5.6994,-5.2466,3.9101,-0.00
1348.641,1787664293686,5.6995,-5.2905,3.9101,-0.00
1348.741,1787664293786,5.6997,-5.3478,3.9102,-0.00
1348.841,1787664293886,5.6998,-5.4119,3.9102,-0.00
1348.941,1787664293986,5.6999,-5.4627,3.9103,-0.00
1349.041,1787664294087,5.7001,-5.5205,3.9103,-0.00
1349.142,1787664294187,5.7002,-5.5819,3.9103,-0.00
1349.242,1787664294287,5.7004,-5.6470,3.9103,-0.00
1349.342,1787664294387,5.7006,-5.7021,3.9103,-0.01
1349.442,1787664294487,5.7007,-5.7641,3.9103,-0.01
1349.542,1787664294587,5.7009,-5.8262,3.9103,-0.01
1349.642,1787664294687,5.7011,-5.8779,3.9103,-0.00
1349.742,1787664294787,5.7013,-5.9366,3.9103,-0.00
1349.842,1787664294887,5.7015,-5.9987,3.9104,-0.00
1349.942,1787664294988,5.7017,-6.0540,3.9104,-0.00
1350.043,1787664295088,5.7020,-6.1165,3.9104,-0.00
1350.143,1787664295188,5.7023,-6.1826,3.9103,-0.00
1350.243,1787664295288,5.7025,-6.2385,3.9103,-0.00
1350.343,1787664295388,5.7028,-6.3048,3.9103,-0.00
1350.443,1787664295488,5.7031,-6.3710,3.9103,-0.00
1350.543,1787664295588,5.7033,-6.4335,3.9103,-0.00
1350.643,1787664295688,5.7035,-6.4785,3.9103,0.00
1350.743,1787664295788,5.7038,-6.5445,3.9103,0.00
1350.844,1787664295889,5.7041,-6.6241,3.9103,0.00
1350.944,1787664295989,5.7043,-6.6656,3.9103,0.00
1351.044,1787664296089,5.7045,-6.7311,3.9104,0.00
1351.144,1787664296189,5.7048,-6.7964,3.9104,0.00
1351.244,1787664296289,5.7050,-6.8512,3.9104,0.00
1351.344,1787664296390,5.7052,-6.9060,3.9105,0.00
1351.445,1787664296490,5.7054,-6.9644,3.9105,0.00
1351.545,1787664296590,5.7057,-7.0329,3.9105,-0.00
1351.645,1787664296690,5.7059,-7.0944,3.9105,-0.00
1351.745,1787664296790,5.7061,-7.1559,3.9105,-0.00
1351.845,1787664296890,5.7062,-7.2037,3.9105,-0.00
1351.945,1787664296990,5.7064,-7.2617,3.9105,-0.00
1352.045,1787664297091,5.7065,-7.3126,3.9105,-0.00
1352.146,1787664297191,5.7067,-7.3771,3.9105,-0.00
1352.246,1787664297291,5.7068,-7.4279,3.9105,-0.00
1352.346,1787664297392,5.7070,-7.4720,3.9105,-0.00
1352.447,1787664297492,5.7071,-7.5330,3.9105,-0.00
1352.547,1787664297592,5.7071,-7.5737,3.9105,-0.00
1352.647,1787664297692,5.7072,-7.6351,3.9105,-0.00
1352.747,1787664297792,5.7073,-7.6831,3.9104,-0.00
1352.847,1787664297892,5.7075,-7.7484,3.9104,-0.01
1352.947,1787664297992,5.7075,-7.8036,3.9104,-0.01
1353.047,1787664298092,5.7076,-7.8626,3.9104,-0.01
1353.147,1787664298193,5.7077,-7.9254,3.9103,-0.01
1353.248,1787664298293,5.7078,-7.9885,3.9103,-0.01
1353.348,1787664298393,5.7079,-8.0413,3.9103,-0.01
1353.448,1787664298493,5.7079,-8.1084,3.9103,-0.01
1353.548,1787664298593,5.7080,-8.1619,3.9102,-0.01
1353.648,1787664298693,5.7080,-8.2342,3.9101,-0.01
1353.748,1787664298793,5.7081,-8.2960,3.9101,-0.01
1353.849,1787664298894,5.7082,-8.3642,3.9101,-0.01
1353.949,1787664298994,5.7083,-8.4274,3.9101,-0.01
1354.049,1787664299094,5.7084,-8.4819,3.9101,-0.01
1354.149,1787664299194,5.7084,-8.5408,3.9102,-0.01
1354.249,1787664299294,5.7085,-8.5971,3.9102,-0.01
1354.349,1787664299395,5.7085,-8.6359,3.9103,-0.00
1354.450,1787664299495,5.7086,-8.6871,3.9104,-0.00
1354.550,1787664299595,5.7087,-8.7349,3.9105,0.00
1354.650,1787664299695,5.7087,-8.7746,3.9105,0.00
1354.750,1787664299795,5.7088,-8.8093,3.9106,0.01
1354.850,1787664299895,5.7089,-8.8537,3.9106,0.01
1354.950,1787664299995,5.7090,-8.8861,3.9106,0.01
1355.050,1787664300095,5.7091,-8.9120,3.9105,0.01
1355.150,1787664300195,5.7092,-8.9399,3.9104,0.01
1355.250,1787664300296,5.7093,-8.9618,3.9103,0.01
1355.351,1787664300396,5.7094,-8.9867,3.9101,0.01
1355.451,1787664300496,5.7095,-9.0047,3.9100,0.01
1355.551,1787664300596,5.7095,-9.0189,3.9099,0.01
1355.651,1787664300696,5.7096,-9.0314,3.9097,0.01
1355.751,1787664300796,5.7097,-9.0414,3.9096,0.01
1355.851,1787664300896,5.7097,-9.0493,3.9094,0.01
1355.951,1787664300996,5.7098,-9.0536,3.9094,0.01
1356.051,1787664301096,5.7098,-9.0569,3.9093,0.01
1356.152,1787664301197,5.7098,-9.0592,3.9091,0.01
1356.252,1787664301297,5.7098,-9.0598,3.9091,0.01
1356.352,1787664301397,5.7098,-9.0596,3.9089,0.01
1356.452,1787664301497,5.7098,-9.0576,3.9088,0.01
1356.552,1787664301597,5.7098,-9.0551,3.9088,0.01
1356.652,1787664301697,5.7097,-9.0516,3.9087,0.01
1356.752,1787664301797,5.7096,-9.0478,3.9087,0.01
1356.852,1787664301898,5.7096,-9.0438,3.9086,0.01
1356.953,1787664301998,5.7095,-9.0395,3.9086,0.00
1357.053,1787664302098,5.7094,-9.0336,3.9087,0.00
1357.153,1787664302198,5.7093,-9.0272,3.9087,0.00
1357.253,1787664302298,5.7092,-9.0230,3.9087,-0.00
1357.353,1787664302398,5.7091,-9.0165,3.9087,-0.00
1357.453,1787664302498,5.7090,-9.0101,3.9087,-0.00
1357.553,1787664302598,5.7089,-9.0056,3.9087,-0.00
1357.653,1787664302698,5.7088,-9.0004,3.9087,-0.00
1357.753,1787664302798,5.7087,-8.9945,3.9087,-0.01
1357.853,1787664302899,5.7086,-8.9902,3.9088,-0.01
1357.954,1787664302999,5.7085,-8.9856,3.9088,-0.01
1358.054,1787664303099,5.7085,-8.9808,3.9088,-0.01
1358.154,1787664303199,5.7085,-8.9766,3.9089,-0.01
1358.254,1787664303299,5.7084,-8.9731,3.9089,-0.00
1358.354,1787664303399,5.7084,-8.9695,3.9089,-0.00
1358.454,1787664303499,5.7084,-8.9666,3.9089,-0.00
1358.554,1787664303599,5.7084,-8.9636,3.9090,-0.00
1358.654,1787664303699,5.7084,-8.9603,3.9090,0.00
1358.755,1787664303800,5.7085,-8.9579,3.9090,0.00
1358.855,1787664303900,5.7085,-8.9562,3.9090,0.00
1358.955,1787664304000,5.7086,-8.9546,3.9090,0.01
1359.055,1787664304100,5.7086,-8.9531,3.9091,0.01
1359.155,1787664304200,5.7087,-8.9520,3.9091,0.01
1359.255,1787664304300,5.7087,-8.9513,3.9091,0.01
1359.356,1787664304401,5.7088,-8.9504,3.9091,0.01
1359.456,1787664304501,5.7088,-8.9498,3.9091,0.01
1359.556,1787664304601,5.7089,-8.9494,3.9091,0.01
1359.657,1787664304702,5.7090,-8.9492,3.9091,0.01
1359.757,1787664304802,5.7090,-8.9490,3.9091,0.00
1359.857,1787664304902,5.7091,-8.9490,3.9091,0.00
1359.957,1787664305002,5.7091,-8.9492,3.9091,0.00
1360.057,1787664305102,5.7092,-8.9494,3.9091,0.00
1360.157,1787664305202,5.7093,-8.9497,3.9091,0.00
1360.257,1787664305302,5.7093,-8.9499,3.9091,0.00
1360.357,1787664305403,5.7094,-8.9503,3.9091,0.00
1360.458,1787664305503,5.7095,-8.9509,3.9091,0.00
1360.558,1787664305603,5.7096,-8.9515,3.9092,-0.00
1360.658,1787664305703,5.7096,-8.9522,3.9092,-0.00
1360.758,1787664305803,5.7097,-8.9528,3.9092,-0.00
1360.858,1787664305903,5.7098,-8.9536,3.9093,-0.00
1360.958,1787664306003,5.7098,-8.9543,3.9093,0.00
1361.058,1787664306103,5.7099,-8.9552,3.9093,0.00
1361.158,1787664306203,5.7100,-8.9559,3.9094,0.00
1361.259,1787664306304,5.7100,-8.9565,3.9094,0.00
1361.359,1787664306404,5.7101,-8.9573,3.9095,0.00
1361.459,1787664306504,5.7101,-8.9583,3.9095,0.00
1361.559,1787664306604,5.7102,-8.9592,3.9095,0.00
1361.659,1787664306704,5.7102,-8.9601,3.9095,0.00
1361.759,1787664306804,5.7103,-8.9609,3.9095,0.00
1361.859,1787664306904,5.7104,-8.9616,3.9095,0.00
1361.959,1787664307004,5.7104,-8.9623,3.9095,0.00
1362.061,1787664307106,5.7104,-8.9632,3.9096,0.00
1362.161,1787664307206,5.7105,-8.9638,3.9096,0.00
1362.261,1787664307306,5.7105,-8.9643,3.9096,0.00
1362.361,1787664307406,5.7105,-8.9650,3.9096,0.00
1362.462,1787664307507,5.7105,-8.9656,3.9096,0.00
1362.562,1787664307607,5.7105,-8.9664,3.9096,-0.00
1362.662,1787664307707,5.7105,-8.9670,3.9096,-0.00
1362.762,1787664307808,5.7104,-8.9675,3.9096,-0.00
1362.863,1787664307908,5.7104,-8.9680,3.9096,-0.00
1362.963,1787664308008,5.7104,-8.9686,3.9096,-0.00
1363.063,1787664308108,5.7104,-8.9691,3.9096,-0.00
1363.163,1787664308208,5.7104,-8.9696,3.9096,-0.00
1363.263,1787664308308,5.7103,-8.9702,3.9096,-0.00
1363.363,1787664308408,5.7103,-8.9708,3.9096,-0.00
1363.463,1787664308508,5.7102,-8.9712,3.9096,0.00
1363.563,1787664308608,5.7101,-8.9718,3.9096,0.00
1363.664,1787664308709,5.7101,-8.9723,3.9096,0.00
1363.764,1787664308809,5.7100,-8.9728,3.9096,0.00
1363.864,1787664308909,5.7099,-8.9734,3.9096,0.00
1363.964,1787664309009,5.7098,-8.9739,3.9096,0.00
1364.064,1787664309109,5.7097,-8.9744,3.9096,0.00
1364.164,1787664309209,5.7096,-8.9749,3.9096,0.00
1364.264,1787664309309,5.7095,-8.9756,3.9094,0.00
1364.364,1787664309410,5.7094,-8.9763,3.9088,0.00
1364.465,1787664309510,5.7093,-8.9769,3.9073,0.00
1364.565,1787664309610,5.7092,-8.9772,3.9047,0.00
1364.665,1787664309710,5.7091,-8.9771,3.9011,0.00
1364.765,1787664309810,5.7089,-8.9769,3.8964,0.00
1364.865,1787664309910,5.7088,-8.9765,3.8912,0.00
1364.965,1787664310010,5.7087,-8.9760,3.8844,0.00
1365.065,1787664310110,5.7086,-8.9754,3.8780,0.00
1365.165,1787664310210,5.7085,-8.9749,3.8718,-0.00
1365.265,1787664310310,5.7084,-8.9740,3.8613,-0.00
1365.365,1787664310411,5.7084,-8.9732,3.8526,-0.00
1365.466,1787664310511,5.7083,-8.9726,3.8456,-0.00
1365.566,1787664310611,5.7083,-8.9716,3.8331,-0.00
1365.668,1787664310713,5.7083,-8.9707,3.8230,-0.00
1365.768,1787664310813,5.7083,-8.9699,3.8132,-0.00
1365.868,1787664310913,5.7083,-8.9690,3.8011,-0.00
1365.968,1787664311013,5.7083,-8.9682,3.7892,-0.00
1366.068,1787664311113,5.7083,-8.9674,3.7771,-0.00
1366.169,1787664311214,5.7084,-8.9667,3.7662,-0.00
1366.269,1787664311314,5.7084,-8.9661,3.7543,-0.00
1366.369,1787664311414,5.7085,-8.9654,3.7416,-0.00
1366.469,1787664311514,5.7086,-8.9649,3.7301,-0.00
1366.569,1787664311614,5.7087,-8.9644,3.7191,-0.00
1366.669,1787664311714,5.7088,-8.9639,3.7043,-0.00
1366.769,1787664311814,5.7090,-8.9635,3.6915,-0.00
1366.869,1787664311914,5.7091,-8.9632,3.6778,-0.00
1366.969,1787664312015,5.7093,-8.9631,3.6679,-0.00
1367.070,1787664312115,5.7095,-8.9629,3.6548,-0.00
1367.171,1787664312216,5.7096,-8.9629,3.6463,-0.00
1367.272,1787664312317,5.7098,-8.9628,3.6353,-0.00
1367.372,1787664312417,5.7100,-8.9628,3.6200,-0.00
1367.472,1787664312517,5.7103,-8.9629,3.6027,-0.00
1367.572,1787664312617,5.7105,-8.9631,3.5879,-0.00
1367.672,1787664312718,5.7107,-8.9632,3.5746,-0.00
1367.773,1787664312818,5.7110,-8.9635,3.5580,-0.00
1367.873,1787664312918,5.7111,-8.9638,3.5440,-0.00
1367.973,1787664313018,5.7113,-8.9641,3.5317,-0.00
1368.073,1787664313118,5.7115,-8.9644,3.5185,-0.00
1368.174,1787664313219,5.7117,-8.9647,3.5037,-0.00
1368.274,1787664313319,5.7118,-8.9650,3.4904,-0.00
1368.374,1787664313419,5.7119,-8.9654,3.4755,-0.00
1368.474,1787664313519,5.7120,-8.9658,3.4614,-0.00
1368.574,1787664313619,5.7122,-8.9664,3.4456,-0.00
1368.674,1787664313719,5.7123,-8.9669,3.4291,-0.00
1368.774,1787664313819,5.7124,-8.9673,3.4135,-0.00
1368.874,1787664313920,5.7125,-8.9678,3.3979,-0.00
1368.975,1787664314020,5.7126,-8.9682,3.3841,-0.00
1369.075,1787664314120,5.7127,-8.9687,3.3679,-0.00
1369.175,1787664314220,5.7128,-8.9691,3.3550,-0.00
1369.275,1787664314320,5.7128,-8.9695,3.3412,-0.00
1369.375,1787664314421,5.7129,-8.9698,3.3283,-0.00
1369.476,1787664314521,5.7130,-8.9702,3.3144,-0.00
1369.576,1787664314621,5.7131,-8.9706,3.3012,-0.00
1369.676,1787664314721,5.7131,-8.9708,3.2905,-0.00
1369.776,1787664314821,5.7132,-8.9712,3.2739,-0.00
1369.876,1787664314921,5.7133,-8.9715,3.2596,-0.00
1369.976,1787664315021,5.7133,-8.9719,3.2453,-0.00
1370.076,1787664315121,5.7134,-8.9722,3.2293,-0.00
1370.177,1787664315222,5.7134,-8.9725,3.2158,-0.00
1370.277,1787664315322,5.7135,-8.9728,3.2032,-0.00
1370.377,1787664315422,5.7135,-8.9732,3.1864,-0.00
1370.477,1787664315522,5.7136,-8.9735,3.1720,-0.00
1370.577,1787664315622,5.7136,-8.9739,3.1526,-0.00
1370.677,1787664315722,5.7137,-8.9742,3.1400,-0.01
1370.777,1787664315822,5.7138,-8.9745,3.1234,-0.01
1370.878,1787664315923,5.7138,-8.9748,3.1101,-0.01
1370.978,1787664316023,5.7139,-8.9751,3.0968,-0.01
1371.078,1787664316123,5.7139,-8.9754,3.0818,-0.01
1371.178,1787664316223,5.7140,-8.9757,3.0660,-0.01
1371.278,1787664316323,5.7141,-8.9760,3.0527,-0.01
1371.378,1787664316423,5.7142,-8.9763,3.0385,-0.01
1371.478,1787664316523,5.7143,-8.9767,3.0235,-0.01
1371.578,1787664316623,5.7144,-8.9770,3.0093,-0.01
1371.678,1787664316723,5.7145,-8.9773,2.9934,-0.01
1371.778,1787664316824,5.7146,-8.9775,2.9775,-0.01
1371.879,1787664316924,5.7147,-8.9778,2.9633,-0.01
1371.979,1787664317024,5.7148,-8.9780,2.9525,-0.01
1372.079,1787664317124,5.7149,-8.9783,2.9390,-0.01
1372.179,1787664317224,5.7150,-8.9786,2.9238,-0.01
1372.279,1787664317324,5.7151,-8.9788,2.9120,-0.01
1372.379,1787664317424,5.7152,-8.9791,2.8958,-0.01
1372.480,1787664317525,5.7153,-8.9794,2.8820,-0.01
1372.580,1787664317625,5.7154,-8.9796,2.8683,-0.01
1372.680,1787664317725,5.7155,-8.9799,2.8519,-0.01
1372.780,1787664317825,5.7156,-8.9803,2.8365,-0.01
1372.880,1787664317925,5.7157,-8.9806,2.8193,-0.01
1372.980,1787664318025,5.7158,-8.9810,2.8039,-0.01
1373.080,1787664318125,5.7159,-8.9814,2.7869,-0.01
1373.180,1787664318225,5.7161,-8.9817,2.7716,-0.01
1373.280,1787664318326,5.7162,-8.9821,2.7573,-0.01
1373.381,1787664318426,5.7163,-8.9824,2.7431,-0.02
1373.481,1787664318526,5.7164,-8.9828,2.7272,-0.02
1373.581,1787664318626,5.7165,-8.9831,2.7138,-0.02
1373.681,1787664318726,5.7166,-8.9835,2.6996,-0.02
1373.781,1787664318826,5.7168,-8.9838,2.6862,-0.02
1373.881,1787664318926,5.7169,-8.9842,2.6711,-0.02
1373.981,1787664319026,5.7170,-8.9845,2.6584,-0.02
1374.081,1787664319127,5.7172,-8.9848,2.6441,-0.02
1374.182,1787664319227,5.7173,-8.9851,2.6297,-0.02
1374.282,1787664319327,5.7175,-8.9854,2.6153,-0.02
1374.382,1787664319427,5.7176,-8.9858,2.5991,-0.02
1374.482,1787664319527,5.7177,-8.9861,2.5863,-0.02
1374.582,1787664319627,5.7179,-8.9865,2.5700,-0.02
1374.682,1787664319727,5.7179,-8.9868,2.5538,-0.02
1374.782,1787664319827,5.7180,-8.9872,2.5384,-0.02
1374.882,1787664319927,5.7181,-8.9875,2.5248,-0.02
1374.983,1787664320028,5.7182,-8.9878,2.5105,-0.02
1375.083,1787664320128,5.7182,-8.9882,2.4969,-0.02
1375.183,1787664320228,5.7183,-8.9884,2.4843,-0.02
1375.283,1787664320328,5.7183,-8.9888,2.4665,-0.02
1375.383,1787664320428,5.7184,-8.9891,2.4512,-0.02
1375.483,1787664320528,5.7184,-8.9894,2.4367,-0.02
1375.583,1787664320628,5.7184,-8.9898,2.4215,-0.02
1375.683,1787664320728,5.7185,-8.9901,2.4063,-0.02
1375.783,1787664320828,5.7185,-8.9903,2.3923,-0.02
1375.883,1787664320929,5.7185,-8.9906,2.3796,-0.02
1375.984,1787664321029,5.7186,-8.9909,2.3653,-0.01
1376.084,1787664321129,5.7187,-8.9912,2.3508,-0.02
1376.184,1787664321229,5.7188,-8.9915,2.3406,-0.02
1376.284,1787664321329,5.7188,-8.9917,2.3318,-0.02
1376.384,1787664321429,5.7188,-8.9920,2.3204,-0.02
1376.484,1787664321530,5.7187,-8.9922,2.3140,-0.02
1376.585,1787664321630,5.7187,-8.9924,2.3058,-0.02
1376.685,1787664321730,5.7187,-8.9927,2.2973,-0.02
1376.785,1787664321830,5.7187,-8.9930,2.2903,-0.02
1376.885,1787664321930,5.7187,-8.9932,2.2859,-0.02
1376.985,1787664322030,5.7187,-8.9934,2.2810,-0.02
1377.085,1787664322130,5.7186,-8.9937,2.2759,-0.02
1377.185,1787664322230,5.7186,-8.9940,2.2716,-0.02
1377.285,1787664322330,5.7185,-8.9954,2.2689,-0.02
1377.386,1787664322431,5.7184,-8.9968,2.2684,-0.01
1377.486,1787664322531,5.7184,-8.9983,2.2688,-0.01
1377.586,1787664322631,5.7184,-8.9987,2.2698,-0.01
1377.686,1787664322731,5.7184,-8.9973,2.2715,-0.01
1377.786,1787664322831,5.7184,-8.9947,2.2727,-0.01
1377.886,1787664322931,5.7184,-8.9887,2.2743,-0.01
1377.986,1787664323031,5.7184,-8.9797,2.2759,-0.01
1378.087,1787664323132,5.7184,-8.9644,2.2776,-0.00
1378.187,1787664323232,5.7185,-8.9544,2.2784,-0.00
1378.287,1787664323332,5.7185,-8.9359,2.2795,-0.01
1378.387,1787664323432,5.7185,-8.9175,2.2803,-0.01
1378.487,1787664323532,5.7185,-8.8911,2.2811,-0.01
1378.587,1787664323632,5.7185,-8.8654,2.2816,-0.01
1378.687,1787664323733,5.7185,-8.8349,2.2819,-0.01
1378.788,1787664323833,5.7185,-8.8011,2.2822,-0.01
1378.888,1787664323933,5.7185,-8.7685,2.2823,-0.01
1378.988,1787664324033,5.7185,-8.7290,2.2822,-0.01
1379.088,1787664324133,5.7184,-8.6864,2.2821,-0.00
1379.188,1787664324233,5.7184,-8.6437,2.2819,-0.00
1379.288,1787664324333,5.7183,-8.6095,2.2817,-0.00
1379.388,1787664324433,5.7183,-8.5686,2.2814,-0.00
1379.488,1787664324533,5.7182,-8.5204,2.2811,0.00
1379.588,1787664324633,5.7181,-8.4702,2.2807,0.00
1379.689,1787664324734,5.7180,-8.4182,2.2803,0.00
1379.789,1787664324834,5.7180,-8.3643,2.2798,0.00
1379.889,1787664324934,5.7179,-8.3086,2.2793,0.00
1379.989,1787664325034,5.7179,-8.2443,2.2788,0.00
1380.089,1787664325134,5.7178,-8.2099,2.2785,0.00
1380.189,1787664325234,5.7178,-8.1611,2.2781,0.00
1380.289,1787664325334,5.7178,-8.1117,2.2777,0.00
1380.389,1787664325435,5.7177,-8.0545,2.2773,0.00
1380.490,1787664325535,5.7177,-8.0184,2.2770,0.00
1380.590,1787664325635,5.7177,-7.9561,2.2766,0.00
1380.690,1787664325735,5.7177,-7.9039,2.2762,0.01
1380.790,1787664325835,5.7176,-7.8473,2.2758,0.01
1380.890,1787664325935,5.7176,-7.7747,2.2753,0.01
1380.990,1787664326035,5.7176,-7.7125,2.2749,0.00
1381.090,1787664326136,5.7176,-7.6418,2.2744,0.00
1381.191,1787664326236,5.7176,-7.5705,2.2740,0.00
1381.291,1787664326336,5.7176,-7.5027,2.2735,0.00
1381.391,1787664326436,5.7177,-7.4427,2.2732,0.00
1381.491,1787664326536,5.7177,-7.3708,2.2727,0.00
1381.591,1787664326636,5.7177,-7.3028,2.2724,0.00
1381.691,1787664326736,5.7177,-7.2270,2.2719,0.00
1381.791,1787664326836,5.7177,-7.1672,2.2716,0.00
1381.891,1787664326936,5.7178,-7.0798,2.2711,0.00
1381.991,1787664327036,5.7178,-7.0244,2.2709,0.00
1382.091,1787664327136,5.7179,-6.9734,2.2706,0.00
1382.192,1787664327237,5.7179,-6.9032,2.2702,0.00
1382.292,1787664327337,5.7180,-6.8452,2.2699,0.00
1382.392,1787664327437,5.7180,-6.7798,2.2696,0.00
1382.492,1787664327537,5.7180,-6.7300,2.2693,0.00
1382.592,1787664327637,5.7181,-6.6499,2.2689,0.00
1382.692,1787664327737,5.7181,-6.5891,2.2686,0.00
1382.792,1787664327837,5.7182,-6.5285,2.2683,0.01
1382.892,1787664327937,5.7182,-6.4607,2.2680,0.01
1382.992,1787664328038,5.7183,-6.3972,2.2677,0.01
1383.093,1787664328138,5.7184,-6.3119,2.2672,0.01
1383.193,1787664328239,5.7184,-6.2527,2.2670,0.01
1383.294,1787664328339,5.7184,-6.1902,2.2667,0.01
1383.394,1787664328439,5.7185,-6.1211,2.2663,0.01
1383.494,1787664328540,5.7186,-6.0527,2.2660,0.01
1383.595,1787664328640,5.7186,-6.0205,2.2658,0.00
1383.695,1787664328740,5.7186,-5.9777,2.2656,0.00
1383.795,1787664328840,5.7187,-5.9213,2.2653,0.00
1383.895,1787664328940,5.7187,-5.8619,2.2651,0.00
1383.995,1787664329041,5.7188,-5.8166,2.2648,0.00
1384.096,1787664329141,5.7189,-5.7538,2.2645,0.00
1384.196,1787664329241,5.7190,-5.7013,2.2643,0.00
1384.296,1787664329341,5.7191,-5.6520,2.2641,0.00
1384.396,1787664329441,5.7191,-5.5851,2.2638,0.00
1384.496,1787664329541,5.7192,-5.5288,2.2635,0.01
1384.596,1787664329641,5.7193,-5.4794,2.2633,0.01
1384.696,1787664329741,5.7194,-5.4192,2.2631,0.01
1384.796,1787664329842,5.7195,-5.3590,2.2628,0.01
1384.897,1787664329942,5.7195,-5.3093,2.2626,0.01
1384.997,1787664330042,5.7196,-5.2454,2.2624,0.01
1385.097,1787664330142,5.7197,-5.1777,2.2621,0.01
1385.197,1787664330242,5.7197,-5.1204,2.2619,0.01
1385.297,1787664330342,5.7198,-5.0521,2.2616,0.01
1385.397,1787664330442,5.7199,-4.9837,2.2613,0.01
1385.497,1787664330543,5.7199,-4.9225,2.2610,0.00
1385.598,1787664330643,5.7200,-4.8651,2.2608,0.00
1385.699,1787664330744,5.7200,-4.7971,2.2605,0.00
1385.799,1787664330844,5.7201,-4.7399,2.2602,0.00
1385.899,1787664330944,5.7201,-4.6793,2.2600,0.00
1385.999,1787664331044,5.7201,-4.6155,2.2597,0.00
1386.100,1787664331145,5.7202,-4.5552,2.2595,0.00
1386.200,1787664331245,5.7202,-4.5163,2.2593,0.00
1386.300,1787664331345,5.7203,-4.4530,2.2590,0.00
1386.400,1787664331445,5.7203,-4.3971,2.2588,0.00
1386.500,1787664331545,5.7203,-4.3308,2.2585,0.00
1386.600,1787664331646,5.7204,-4.2677,2.2582,0.00
1386.701,1787664331746,5.7204,-4.2079,2.2580,0.00
1386.801,1787664331846,5.7205,-4.1515,2.2578,0.00
1386.901,1787664331946,5.7205,-4.0954,2.2576,0.00
1387.001,1787664332046,5.7206,-4.0430,2.2574,0.00
1387.101,1787664332146,5.7207,-3.9839,2.2572,0.00
1387.201,1787664332246,5.7207,-3.9284,2.2570,0.00
1387.302,1787664332347,5.7207,-3.8622,2.2567,0.00
1387.402,1787664332447,5.7208,-3.8135,2.2566,0.00
1387.502,1787664332547,5.7208,-3.7507,2.2564,0.00
1387.602,1787664332647,5.7208,-3.7018,2.2562,0.00
1387.703,1787664332748,5.7209,-3.6320,2.2559,-0.00
1387.803,1787664332848,5.7209,-3.5693,2.2557,-0.00
1387.903,1787664332948,5.7210,-3.5170,2.2555,-0.00
1388.003,1787664333048,5.7210,-3.4786,2.2554,-0.00
1388.103,1787664333148,5.7211,-3.4298,2.2552,-0.00
1388.203,1787664333249,5.7211,-3.3917,2.2551,-0.00
1388.304,1787664333349,5.7211,-3.3467,2.2549,-0.00
1388.404,1787664333449,5.7212,-3.2913,2.2547,-0.00
1388.504,1787664333549,5.7212,-3.2214,2.2545,-0.00
1388.604,1787664333649,5.7212,-3.1649,2.2543,-0.00
1388.704,1787664333749,5.7212,-3.0969,2.2541,-0.00
1388.804,1787664333849,5.7213,-3.0319,2.2538,-0.00
1388.904,1787664333949,5.7213,-2.9739,2.2536,-0.00
1389.005,1787664334050,5.7213,-2.9448,2.2535,-0.00
1389.105,1787664334150,5.7213,-2.8832,2.2533,-0.00
1389.205,1787664334250,5.7213,-2.8435,2.2532,-0.00
1389.305,1787664334350,5.7213,-2.7781,2.2529,0.00
1389.405,1787664334450,5.7214,-2.7234,2.2528,0.00
1389.505,1787664334550,5.7214,-2.6570,2.2525,0.00
1389.605,1787664334650,5.7214,-2.5863,2.2523,0.00
1389.705,1787664334750,5.7214,-2.5302,2.2521,0.00
1389.805,1787664334850,5.7214,-2.4664,2.2518,0.01
1389.907,1787664334952,5.7214,-2.3988,2.2516,0.01
1390.007,1787664335052,5.7215,-2.3238,2.2513,0.01
1390.107,1787664335152,5.7215,-2.2863,2.2512,0.01
1390.207,1787664335252,5.7215,-2.2151,2.2510,0.01
1390.307,1787664335352,5.7215,-2.1666,2.2508,0.01
1390.407,1787664335453,5.7215,-2.1070,2.2506,0.01
1390.508,1787664335553,5.7216,-2.0323,2.2504,0.01
1390.608,1787664335653,5.7216,-1.9801,2.2502,0.00
1390.708,1787664335753,5.7217,-1.9244,2.2500,0.00
1390.808,1787664335853,5.7217,-1.8577,2.2498,0.00
1390.909,1787664335954,5.7218,-1.8206,2.2497,0.00
1391.009,1787664336054,5.7218,-1.7504,2.2494,0.00
1391.109,1787664336154,5.7218,-1.7171,2.2493,0.00
1391.209,1787664336254,5.7219,-1.6506,2.2490,0.00
1391.309,1787664336354,5.7219,-1.5988,2.2488,0.00
1391.409,1787664336454,5.7220,-1.5395,2.2485,0.00
1391.509,1787664336555,5.7220,-1.4653,2.2482,0.00
1391.610,1787664336655,5.7220,-1.4019,2.2480,0.00
1391.710,1787664336755,5.7221,-1.3345,2.2477,0.00
1391.810,1787664336855,5.7221,-1.2708,2.2475,0.00
1391.910,1787664336955,5.7221,-1.2182,2.2472,0.00
1392.010,1787664337055,5.7221,-1.1696,2.2470,0.00
1392.110,1787664337155,5.7221,-1.0951,2.2468,0.01
1392.210,1787664337255,5.7222,-1.0394,2.2465,0.01
1392.310,1787664337356,5.7222,-0.9763,2.2463,0.01
1392.411,1787664337456,5.7222,-0.9094,2.2460,0.01
1392.511,1787664337556,5.7223,-0.8499,2.2458,0.01
1392.613,1787664337658,5.7223,-0.7758,2.2455,0.01
1392.713,1787664337758,5.7223,-0.7204,2.2453,0.01
1392.813,1787664337858,5.7224,-0.6541,2.2451,0.01
1392.913,1787664337958,5.7224,-0.5917,2.2448,0.01
1393.013,1787664338058,5.7224,-0.5259,2.2445,0.01
1393.113,1787664338159,5.7225,-0.4639,2.2443,0.01
1393.214,1787664338259,5.7225,-0.4059,2.2440,0.01
1393.314,1787664338359,5.7226,-0.3302,2.2437,0.01
1393.414,1787664338459,5.7227,-0.2656,2.2434,0.01
1393.514,1787664338559,5.7227,-0.2050,2.2432,0.01
1393.614,1787664338659,5.7228,-0.1375,2.2430,0.00
1393.714,1787664338759,5.7228,-0.0880,2.2428,0.00
1393.814,1787664338859,5.7229,-0.0108,2.2425,0.00
1393.914,1787664338959,5.7229,0.0416,2.2423,0.00
1394.014,1787664339059,5.7229,0.1007,2.2421,0.00
1394.115,1787664339160,5.7230,0.1664,2.2418,0.00
1394.215,1787664339260,5.7230,0.2181,2.2416,0.00
1394.315,1787664339360,5.7230,0.2626,2.2415,0.00
1394.415,1787664339460,5.7230,0.3205,2.2413,0.00
1394.515,1787664339560,5.7230,0.3817,2.2410,0.00
1394.615,1787664339660,5.7230,0.4497,2.2408,0.00
1394.715,1787664339760,5.7230,0.5108,2.2406,0.01
1394.815,1787664339860,5.7229,0.5788,2.2403,0.01
1394.915,1787664339961,5.7229,0.6401,2.2400,0.01
1395.016,1787664340061,5.7229,0.6878,2.2398,0.01
1395.116,1787664340161,5.7229,0.7522,2.2396,0.01
1395.216,1787664340261,5.7229,0.8061,2.2394,0.01
1395.316,1787664340361,5.7228,0.8699,2.2391,0.00
1395.416,1787664340461,5.7228,0.9269,2.2389,0.00
1395.516,1787664340561,5.7228,0.9804,2.2387,0.00
1395.616,1787664340661,5.7227,1.0339,2.2384,0.00
1395.716,1787664340761,5.7227,1.0942,2.2382,0.00
1395.816,1787664340861,5.7227,1.1510,2.2380,0.00
1395.916,1787664340962,5.7226,1.2011,2.2378,0.01
1396.017,1787664341062,5.7225,1.2647,2.2376,0.01
1396.117,1787664341162,5.7225,1.3384,2.2373,0.01
1396.217,1787664341262,5.7224,1.3887,2.2371,0.01
1396.317,1787664341362,5.7223,1.4492,2.2369,0.01
1396.417,1787664341462,5.7223,1.5031,2.2367,0.01
1396.517,1787664341562,5.7222,1.5569,2.2365,0.01
1396.617,1787664341662,5.7221,1.6173,2.2363,0.01
1396.717,1787664341763,5.7220,1.6780,2.2361,0.01
1396.818,1787664341863,5.7219,1.7252,2.2359,0.01
1396.918,1787664341963,5.7219,1.7790,2.2357,0.01
1397.018,1787664342063,5.7218,1.8363,2.2355,0.01
1397.118,1787664342163,5.7217,1.8936,2.2353,0.01
1397.218,1787664342263,5.7216,1.9476,2.2350,0.01
1397.318,1787664342363,5.7216,1.9950,2.2349,0.01
1397.418,1787664342463,5.7215,2.0559,2.2346,0.01
1397.518,1787664342563,5.7214,2.1137,2.2344,0.01
1397.618,1787664342664,5.7214,2.1856,2.2342,0.01
1397.719,1787664342764,5.7214,2.2477,2.2340,0.01
1397.819,1787664342864,5.7214,2.3066,2.2337,0.01
1397.919,1787664342964,5.7213,2.3725,2.2335,0.01
1398.019,1787664343064,5.7214,2.4176,2.2333,0.01
1398.120,1787664343165,5.7214,2.4626,2.2332,0.01
1398.220,1787664343265,5.7214,2.5212,2.2330,0.01
1398.320,1787664343365,5.7214,2.5797,2.2328,0.01
1398.420,1787664343465,5.7215,2.6385,2.2326,0.01
1398.520,1787664343565,5.7215,2.7046,2.2324,0.01
1398.620,1787664343665,5.7216,2.7642,2.2322,0.01
1398.720,1787664343765,5.7216,2.8204,2.2319,0.01
1398.821,1787664343866,5.7216,2.8837,2.2317,0.01
1398.921,1787664343966,5.7217,2.9294,2.2315,0.01
1399.021,1787664344066,5.7217,2.9750,2.2314,0.01
1399.121,1787664344166,5.7217,3.0100,2.2313,0.01
1399.222,1787664344267,5.7218,3.0554,2.2311,0.01
1399.322,1787664344367,5.7218,3.0867,2.2310,0.01
1399.422,1787664344467,5.7218,3.1529,2.2309,0.01
1399.522,1787664344567,5.7218,3.2092,2.2307,0.01
1399.622,1787664344667,5.7218,3.2556,2.2306,0.01
1399.722,1787664344767,5.7218,3.3207,2.2304,0.01
1399.822,1787664344867,5.7219,3.3792,2.2302,0.01
1399.922,1787664344967,5.7219,3.4457,2.2300,0.01
1400.023,1787664345068,5.7219,3.5126,2.2298,0.01
1400.123,1787664345168,5.7219,3.5537,2.2296,0.00
1400.223,1787664345268,5.7219,3.5873,2.2295,0.00
1400.323,1787664345368,5.7218,3.6358,2.2293,0.00
1400.423,1787664345468,5.7218,3.6805,2.2291,0.00
1400.523,1787664345568,5.7218,3.7216,2.2290,0.00
1400.623,1787664345668,5.7218,3.7778,2.2288,0.00
1400.723,1787664345769,5.7218,3.8307,2.2286,0.00
1400.824,1787664345869,5.7218,3.8804,2.2285,0.00
1400.924,1787664345969,5.7218,3.9307,2.2283,0.00
1401.024,1787664346069,5.7218,3.9853,2.2281,0.00
1401.124,1787664346169,5.7218,4.0286,2.2279,0.00
1401.224,1787664346269,5.7218,4.0762,2.2278,0.00
1401.325,1787664346370,5.7218,4.1200,2.2276,0.00
1401.425,1787664346470,5.7218,4.1641,2.2274,0.00
1401.525,1787664346570,5.7218,4.2044,2.2273,0.00
1401.625,1787664346670,5.7218,4.2612,2.2271,0.00
1401.725,1787664346770,5.7218,4.3144,2.2269,0.00
1401.825,1787664346871,5.7219,4.3642,2.2268,0.00
1401.926,1787664346971,5.7219,4.4060,2.2266,0.00
1402.026,1787664347071,5.7219,4.4567,2.2264,0.00
1402.126,1787664347171,5.7219,4.5119,2.2263,0.00
1402.226,1787664347271,5.7219,4.5678,2.2260,0.00
1402.326,1787664347371,5.7219,4.6111,2.2259,0.00
1402.426,1787664347471,5.7220,4.6634,2.2257,0.01
1402.527,1787664347572,5.7220,4.7338,2.2254,0.01
1402.627,1787664347672,5.7220,4.8143,2.2251,0.01
1402.727,1787664347772,5.7220,4.8962,2.2248,0.01
1402.827,1787664347872,5.7221,4.9469,2.2245,0.01
1402.927,1787664347972,5.7221,5.0024,2.2243,0.01
1403.028,1787664348073,5.7221,5.0624,2.2241,0.01
1403.128,1787664348173,5.7221,5.1131,2.2239,0.01
1403.228,1787664348273,5.7221,5.1868,2.2236,0.00
1403.328,1787664348373,5.7221,5.2561,2.2234,0.00
1403.428,1787664348473,5.7222,5.3165,2.2232,0.00
1403.528,1787664348573,5.7222,5.3816,2.2230,0.00
1403.628,1787664348674,5.7222,5.4470,2.2227,-0.00
1403.729,1787664348774,5.7222,5.5357,2.2224,-0.00
1403.829,1787664348874,5.7222,5.6151,2.2221,-0.00
1403.929,1787664348974,5.7222,5.6896,2.2219,-0.00
1404.029,1787664349074,5.7223,5.7500,2.2216,-0.00
1404.130,1787664349175,5.7223,5.8376,2.2213,-0.00
1404.230,1787664349275,5.7223,5.8788,2.2212,-0.00
1404.330,1787664349375,5.7223,5.9470,2.2209,-0.00
1404.430,1787664349475,5.7223,6.0145,2.2207,-0.00
1404.530,1787664349575,5.7224,6.0994,2.2204,0.00
1404.630,1787664349675,5.7225,6.1704,2.2201,0.00
1404.730,1787664349776,5.7225,6.2454,2.2198,0.00
1404.831,1787664349876,5.7226,6.3110,2.2195,0.00
1404.931,1787664349976,5.7226,6.3673,2.2193,0.01
1405.031,1787664350076,5.7227,6.4400,2.2190,0.01
1405.131,1787664350176,5.7228,6.5076,2.2188,0.01
1405.231,1787664350276,5.7229,6.5705,2.2185,0.01
1405.331,1787664350376,5.7230,6.6369,2.2183,0.01
1405.431,1787664350477,5.7232,6.7191,2.2179,0.00
1405.532,1787664350577,5.7233,6.7883,2.2177,0.00
1405.632,1787664350677,5.7234,6.8367,2.2175,0.00
1405.732,1787664350777,5.7235,6.8848,2.2173,0.00
1405.833,1787664350878,5.7236,6.9323,2.2171,0.00
1405.933,1787664350978,5.7236,6.9715,2.2169,0.00
1406.033,1787664351078,5.7237,7.0297,2.2167,-0.00
1406.134,1787664351179,5.7238,7.0835,2.2165,-0.00
1406.234,1787664351279,5.7239,7.1257,2.2163,-0.00
1406.334,1787664351379,5.7240,7.1756,2.2161,-0.00
1406.434,1787664351479,5.7240,7.2215,2.2160,-0.00
1406.534,1787664351579,5.7241,7.2560,2.2158,-0.00
1406.634,1787664351679,5.7241,7.2981,2.2157,-0.00
1406.734,1787664351779,5.7242,7.3401,2.2156,-0.00
1406.834,1787664351880,5.7242,7.3937,2.2154,-0.00
1406.935,1787664351980,5.7243,7.4206,2.2153,-0.00
1407.035,1787664352080,5.7243,7.4670,2.2152,-0.00
1407.135,1787664352180,5.7244,7.5019,2.2151,-0.00
1407.235,1787664352280,5.7245,7.5527,2.2149,-0.00
1407.335,1787664352380,5.7245,7.6079,2.2148,-0.00
1407.435,1787664352480,5.7246,7.6440,2.2147,-0.00
1407.535,1787664352581,5.7246,7.6844,2.2146,-0.00
1407.636,1787664352681,5.7246,7.7254,2.2145,-0.00
1407.736,1787664352781,5.7247,7.7750,2.2143,-0.00
1407.836,1787664352881,5.7247,7.8254,2.2142,-0.00
1407.936,1787664352981,5.7248,7.8813,2.2139,-0.00
1408.036,1787664353081,5.7248,7.9341,2.2137,-0.00
1408.136,1787664353181,5.7249,7.9833,2.2134,-0.00
1408.236,1787664353281,5.7249,8.0239,2.2132,-0.00
1408.336,1787664353382,5.7250,8.0873,2.2129,-0.00
1408.437,1787664353482,5.7251,8.1549,2.2126,-0.00
1408.537,1787664353582,5.7251,8.2261,2.2124,-0.00
1408.637,1787664353682,5.7252,8.2915,2.2122,-0.00
1408.737,1787664353782,5.7252,8.3594,2.2121,0.00
1408.837,1787664353882,5.7253,8.4251,2.2120,0.00
1408.937,1787664353982,5.7253,8.4884,2.2120,0.00
1409.037,1787664354082,5.7254,8.5341,2.2120,0.00
1409.137,1787664354183,5.7254,8.5601,2.2120,0.00
1409.238,1787664354283,5.7255,8.5996,2.2120,0.00
1409.338,1787664354383,5.7255,8.6343,2.2120,0.01
1409.438,1787664354483,5.7256,8.6871,2.2119,0.01
1409.538,1787664354583,5.7257,8.7395,2.2119,0.01
1409.638,1787664354683,5.7257,8.7934,2.2118,0.01
1409.738,1787664354783,5.7259,8.8423,2.2117,0.01
1409.839,1787664354884,5.7260,8.8927,2.2115,0.00
1409.939,1787664354984,5.7261,8.9194,2.2114,0.00
1410.039,1787664355084,5.7261,8.9420,2.2112,-0.00
1410.139,1787664355184,5.7262,8.9644,2.2111,-0.00
1410.239,1787664355284,5.7262,8.9801,2.2109,-0.00
1410.339,1787664355384,5.7263,9.0014,2.2106,-0.00
1410.439,1787664355485,5.7264,9.0176,2.2104,-0.01
1410.540,1787664355585,5.7264,9.0309,2.2102,-0.01
1410.640,1787664355685,5.7265,9.0417,2.2100,-0.01
1410.740,1787664355785,5.7265,9.0544,2.2098,-0.01
1410.841,1787664355886,5.7265,9.0661,2.2095,-0.01
1410.941,1787664355986,5.7265,9.0761,2.2093,-0.01
1411.041,1787664356086,5.7265,9.0827,2.2090,-0.01
1411.141,1787664356186,5.7265,9.0869,2.2089,-0.01
1411.241,1787664356286,5.7265,9.0886,2.2088,-0.01
1411.341,1787664356386,5.7264,9.0891,2.2087,-0.01
1411.441,1787664356486,5.7264,9.0879,2.2087,-0.01
1411.541,1787664356586,5.7263,9.0854,2.2087,-0.01
1411.641,1787664356686,5.7262,9.0812,2.2087,-0.01
1411.742,1787664356787,5.7261,9.0763,2.2087,-0.01
1411.842,1787664356887,5.7260,9.0708,2.2088,-0.01
1411.942,1787664356987,5.7259,9.0647,2.2088,-0.01
1412.042,1787664357087,5.7258,9.0609,2.2088,-0.01
1412.142,1787664357187,5.7257,9.0542,2.2089,-0.00
1412.242,1787664357287,5.7256,9.0476,2.2090,-0.00
1412.342,1787664357387,5.7254,9.0405,2.2091,-0.00
1412.443,1787664357488,5.7253,9.0355,2.2091,-0.00
1412.543,1787664357588,5.7251,9.0267,2.2092,-0.00
1412.643,1787664357688,5.7250,9.0213,2.2093,-0.00
1412.743,1787664357788,5.7248,9.0148,2.2093,-0.00
1412.843,1787664357888,5.7247,9.0081,2.2093,-0.00
1412.943,1787664357988,5.7245,9.0017,2.2094,-0.01
1413.043,1787664358088,5.7243,8.9964,2.2094,-0.01
1413.143,1787664358188,5.7242,8.9916,2.2094,-0.01
1413.243,1787664358289,5.7240,8.9862,2.2095,-0.01
1413.344,1787664358389,5.7238,8.9811,2.2095,-0.01
1413.444,1787664358489,5.7236,8.9759,2.2095,-0.02
1413.544,1787664358589,5.7235,8.9715,2.2095,-0.02
1413.644,1787664358689,5.7234,8.9676,2.2095,-0.02
1413.744,1787664358789,5.7233,8.9637,2.2095,-0.02
1413.844,1787664358889,5.7233,8.9601,2.2095,-0.02
1413.944,1787664358989,5.7233,8.9572,2.2095,-0.02
1414.044,1787664359089,5.7233,8.9551,2.2094,-0.02
1414.144,1787664359189,5.7233,8.9524,2.2094,-0.02
1414.245,1787664359290,5.7233,8.9509,2.2094,-0.02
1414.345,1787664359390,5.7234,8.9494,2.2093,-0.02
1414.445,1787664359490,5.7235,8.9481,2.2093,-0.02
1414.545,1787664359590,5.7235,8.9473,2.2093,-0.02
1414.645,1787664359690,5.7236,8.9467,2.2092,-0.02
1414.745,1787664359790,5.7237,8.9460,2.2092,-0.02
1414.845,1787664359890,5.7238,8.9456,2.2092,-0.02
1414.945,1787664359991,5.7238,8.9454,2.2091,-0.02
1415.046,1787664360091,5.7239,8.9454,2.2091,-0.02
1415.146,1787664360191,5.7240,8.9455,2.2090,-0.02
1415.246,1787664360291,5.7241,8.9457,2.2090,-0.02
1415.346,1787664360391,5.7243,8.9461,2.2090,-0.02
1415.446,1787664360492,5.7244,8.9465,2.2089,-0.02
1415.547,1787664360592,5.7244,8.9469,2.2089,-0.02
1415.647,1787664360692,5.7245,8.9477,2.2089,-0.02
1415.747,1787664360792,5.7246,8.9483,2.2089,-0.01
1415.847,1787664360892,5.7247,8.9490,2.2089,-0.01
1415.947,1787664360992,5.7247,8.9499,2.2090,-0.01
1416.048,1787664361093,5.7248,8.9507,2.2090,-0.01
1416.148,1787664361193,5.7249,8.9516,2.2090,-0.01
1416.248,1787664361293,5.7249,8.9525,2.2091,-0.01
1416.349,1787664361394,5.7250,8.9536,2.2091,-0.01
1416.449,1787664361494,5.7250,8.9545,2.2092,-0.01
1416.549,1787664361594,5.7251,8.9552,2.2093,-0.01
1416.649,1787664361694,5.7250,8.9561,2.2093,-0.01
1416.749,1787664361794,5.7250,8.9571,2.2094,-0.02
1416.849,1787664361894,5.7250,8.9580,2.2094,-0.02
1416.949,1787664361994,5.7251,8.9589,2.2095,-0.02
1417.050,1787664362095,5.7251,8.9598,2.2095,-0.02
1417.150,1787664362195,5.7251,8.9605,2.2095,-0.01
1417.250,1787664362295,5.7251,8.9613,2.2095,-0.01
1417.350,1787664362395,5.7251,8.9622,2.2095,-0.01
1417.450,1787664362495,5.7251,8.9631,2.2095,-0.01
1417.550,1787664362595,5.7251,8.9639,2.2095,-0.01
1417.650,1787664362695,5.7251,8.9646,2.2095,-0.01
1417.750,1787664362795,5.7251,8.9653,2.2095,-0.01
1417.851,1787664362896,5.7251,8.9659,2.2095,-0.01
1417.951,1787664362996,5.7251,8.9667,2.2094,-0.01
1418.051,1787664363097,5.7252,8.9673,2.2094,-0.01
1418.152,1787664363197,5.7252,8.9679,2.2094,-0.01
1418.252,1787664363297,5.7252,8.9687,2.2094,-0.00
1418.352,1787664363397,5.7252,8.9693,2.2094,-0.00
1418.452,1787664363497,5.7252,8.9698,2.2094,-0.00
1418.552,1787664363597,5.7252,8.9703,2.2094,-0.00
1418.652,1787664363697,5.7252,8.9709,2.2094,-0.00
1418.752,1787664363798,5.7253,8.9715,2.2094,-0.00
1418.853,1787664363898,5.7252,8.9720,2.2094,-0.00
1418.953,1787664363998,5.7252,8.9726,2.2094,-0.00
1419.053,1787664364098,5.7252,8.9732,2.2094,-0.01
1419.153,1787664364198,5.7252,8.9737,2.2094,-0.01
1419.253,1787664364298,5.7252,8.9744,2.2093,-0.01
1419.353,1787664364398,5.7253,8.9752,2.2087,-0.01
1419.453,1787664364498,5.7253,8.9759,2.2071,-0.01
1419.553,1787664364598,5.7253,8.9760,2.2047,-0.01
1419.653,1787664364699,5.7253,8.9759,2.2015,-0.01
1419.754,1787664364799,5.7252,8.9755,2.1974,-0.02
1419.854,1787664364899,5.7252,8.9749,2.1921,-0.02
1419.954,1787664364999,5.7252,8.9741,2.1857,-0.02
1420.054,1787664365099,5.7252,8.9731,2.1772,-0.02
1420.154,1787664365199,5.7251,8.9723,2.1707,-0.02
1420.254,1787664365299,5.7251,8.9715,2.1643,-0.02
1420.355,1787664365400,5.7251,8.9706,2.1559,-0.01
1420.455,1787664365500,5.7251,8.9697,2.1484,-0.01
1420.555,1787664365600,5.7252,8.9685,2.1366,-0.01
1420.655,1787664365700,5.7252,8.9675,2.1270,-0.01
1420.755,1787664365800,5.7252,8.9665,2.1158,-0.01
1420.855,1787664365900,5.7253,8.9657,2.1075,-0.00
1420.955,1787664366001,5.7253,8.9647,2.0956,-0.00
1421.056,1787664366101,5.7254,8.9639,2.0847,-0.00
1421.156,1787664366201,5.7255,8.9630,2.0714,-0.00
1421.256,1787664366301,5.7255,8.9623,2.0607,-0.00
1421.357,1787664366402,5.7256,8.9617,2.0483,-0.00
1421.457,1787664366502,5.7257,8.9612,2.0357,-0.00
1421.557,1787664366602,5.7258,8.9607,2.0214,-0.00
1421.657,1787664366702,5.7258,8.9603,2.0078,-0.00
1421.757,1787664366802,5.7259,8.9601,1.9956,-0.00
1421.857,1787664366902,5.7260,8.9599,1.9819,-0.00
1421.957,1787664367002,5.7260,8.9598,1.9680,-0.00
1422.057,1787664367102,5.7261,8.9598,1.9564,-0.00
1422.157,1787664367203,5.7263,8.9598,1.9401,-0.00
1422.258,1787664367303,5.7263,8.9599,1.9322,-0.00
1422.358,1787664367403,5.7264,8.9600,1.9196,-0.00
1422.458,1787664367503,5.7265,8.9603,1.9052,-0.00
1422.558,1787664367603,5.7266,8.9606,1.8924,-0.00
1422.658,1787664367703,5.7267,8.9610,1.8778,-0.00
1422.759,1787664367804,5.7268,8.9614,1.8631,-0.00
1422.859,1787664367904,5.7270,8.9619,1.8483,-0.00
1422.959,1787664368004,5.7271,8.9624,1.8342,-0.01
1423.059,1787664368104,5.7272,8.9629,1.8184,-0.01
1423.159,1787664368204,5.7273,8.9634,1.8068,-0.01
1423.259,1787664368304,5.7274,8.9639,1.7927,-0.01
1423.359,1787664368404,5.7275,8.9646,1.7769,-0.01
1423.460,1787664368505,5.7275,8.9653,1.7628,-0.01
1423.560,1787664368605,5.7276,8.9660,1.7478,-0.01
1423.660,1787664368705,5.7277,8.9666,1.7329,-0.01
1423.760,1787664368805,5.7278,8.9674,1.7164,-0.01
1423.860,1787664368905,5.7279,8.9679,1.7040,-0.01
1423.960,1787664369005,5.7280,8.9685,1.6891,-0.01
1424.060,1787664369105,5.7280,8.9692,1.6734,-0.01
1424.160,1787664369206,5.7281,8.9698,1.6594,-0.01
1424.261,1787664369306,5.7282,8.9703,1.6496,-0.01
1424.361,1787664369406,5.7282,8.9709,1.6355,-0.01
1424.461,1787664369506,5.7283,8.9715,1.6205,-0.01
1424.561,1787664369606,5.7284,8.9722,1.6046,-0.01
1424.661,1787664369706,5.7285,8.9728,1.5912,-0.01
1424.761,1787664369806,5.7285,8.9735,1.5735,-0.01
1424.861,1787664369906,5.7285,8.9741,1.5585,-0.01
1424.961,1787664370006,5.7285,8.9747,1.5444,-0.01
1425.061,1787664370107,5.7285,8.9752,1.5303,-0.01
1425.162,1787664370207,5.7285,8.9758,1.5153,-0.01
1425.262,1787664370308,5.7285,8.9764,1.5020,-0.01
1425.363,1787664370408,5.7285,8.9769,1.4887,-0.01
1425.463,1787664370508,5.7285,8.9775,1.4745,-0.01
1425.563,1787664370608,5.7286,8.9780,1.4603,-0.01
1425.663,1787664370708,5.7286,8.9787,1.4435,-0.01
1425.763,1787664370808,5.7285,8.9792,1.4292,-0.01
1425.863,1787664370908,5.7285,8.9798,1.4133,-0.01
1425.963,1787664371008,5.7285,8.9803,1.3998,-0.01
1426.063,1787664371108,5.7285,8.9807,1.3889,-0.01
1426.163,1787664371209,5.7285,8.9812,1.3727,-0.01
1426.264,1787664371309,5.7285,8.9816,1.3600,-0.01
1426.364,1787664371409,5.7285,8.9821,1.3447,-0.01
1426.465,1787664371510,5.7285,8.9825,1.3302,-0.01
1426.565,1787664371610,5.7285,8.9830,1.3115,-0.01
1426.665,1787664371710,5.7285,8.9835,1.2945,-0.01
1426.765,1787664371810,5.7285,8.9838,1.2810,-0.01
1426.865,1787664371910,5.7285,8.9841,1.2667,-0.01
1426.965,1787664372010,5.7286,8.9843,1.2532,-0.01
1427.066,1787664372111,5.7286,8.9846,1.2372,-0.01
1427.166,1787664372211,5.7286,8.9849,1.2246,-0.01
1427.266,1787664372311,5.7286,8.9851,1.2103,-0.01
1427.366,1787664372411,5.7287,8.9854,1.1951,-0.01
1427.467,1787664372512,5.7287,8.9857,1.1816,-0.01
1427.567,1787664372612,5.7288,8.9860,1.1673,-0.01
1427.667,1787664372712,5.7288,8.9863,1.1512,-0.01
1427.767,1787664372812,5.7288,8.9866,1.1359,-0.01
1427.867,1787664372912,5.7289,8.9868,1.1224,-0.01
1427.967,1787664373012,5.7290,8.9871,1.1072,-0.01
1428.067,1787664373113,5.7290,8.9873,1.0919,-0.01
1428.168,1787664373213,5.7291,8.9876,1.0759,-0.01
1428.268,1787664373313,5.7291,8.9878,1.0625,-0.01
1428.368,1787664373413,5.7292,8.9881,1.0440,-0.01
1428.468,1787664373513,5.7293,8.9883,1.0323,-0.01
1428.568,1787664373613,5.7293,8.9884,1.0190,-0.01
1428.668,1787664373713,5.7294,8.9887,1.0048,-0.01
1428.768,1787664373814,5.7295,8.9888,0.9906,-0.01
1428.869,1787664373914,5.7295,8.9890,0.9788,-0.01
1428.969,1787664374014,5.7296,8.9892,0.9644,-0.01
1429.069,1787664374114,5.7297,8.9893,0.9499,-0.01
1429.169,1787664374214,5.7298,8.9896,0.9329,-0.01
1429.269,1787664374314,5.7298,8.9897,0.9235,-0.01
1429.369,1787664374414,5.7299,8.9898,0.9124,-0.01
1429.471,1787664374516,5.7300,8.9900,0.8933,-0.01
1429.571,1787664374616,5.7301,8.9902,0.8785,-0.01
1429.671,1787664374716,5.7301,8.9904,0.8627,-0.01
1429.771,1787664374816,5.7302,8.9906,0.8488,-0.01
1429.871,1787664374916,5.7302,8.9908,0.8365,-0.01
1429.971,1787664375016,5.7302,8.9911,0.8217,-0.01
1430.071,1787664375116,5.7302,8.9914,0.8051,-0.01
1430.172,1787664375217,5.7302,8.9917,0.7851,-0.01
1430.272,1787664375317,5.7302,8.9920,0.7720,-0.01
1430.372,1787664375417,5.7301,8.9923,0.7581,-0.01
1430.472,1787664375517,5.7301,8.9926,0.7426,-0.01
1430.572,1787664375617,5.7301,8.9929,0.7296,-0.01
1430.672,1787664375717,5.7300,8.9932,0.7150,-0.01
1430.772,1787664375817,5.7300,8.9937,0.6988,-0.01
1430.873,1787664375918,5.7299,8.9941,0.6840,-0.01
1430.973,1787664376018,5.7299,8.9944,0.6716,-0.01
1431.073,1787664376118,5.7299,8.9948,0.6584,-0.01
1431.173,1787664376218,5.7298,8.9952,0.6463,-0.01
1431.273,1787664376318,5.7298,8.9954,0.6394,-0.01
1431.373,1787664376418,5.7298,8.9958,0.6289,-0.01
1431.473,1787664376518,5.7297,8.9962,0.6198,-0.01
1431.573,1787664376618,5.7297,8.9966,0.6106,-0.01
1431.673,1787664376719,5.7297,8.9969,0.6027,-0.01
1431.774,1787664376819,5.7297,8.9973,0.5955,-0.01
1431.874,1787664376919,5.7297,8.9976,0.5893,-0.01
1431.974,1787664377019,5.7297,8.9980,0.5831,-0.01
1432.074,1787664377119,5.7297,8.9983,0.5783,-0.01
1432.174,1787664377219,5.7297,8.9986,0.5740,-0.01
1432.274,1787664377319,5.7297,8.9998,0.5709,-0.02
1432.374,1787664377419,5.7297,9.0014,0.5699,-0.02
1432.474,1787664377519,5.7297,9.0030,0.5702,-0.02
1432.574,1787664377620,5.7297,9.0038,0.5711,-0.02
1432.675,1787664377720,5.7297,9.0030,0.5724,-0.02
1432.775,1787664377820,5.7298,9.0003,0.5739,-0.02
1432.875,1787664377920,5.7298,8.9950,0.5755,-0.02
1432.975,1787664378020,5.7298,8.9877,0.5769,-0.02
1433.075,1787664378120,5.7298,8.9751,0.5786,-0.02
1433.175,1787664378220,5.7298,8.9653,0.5796,-0.02
1433.275,1787664378320,5.7298,8.9501,0.5807,-0.02
1433.375,1787664378420,5.7298,8.9295,0.5819,-0.02
1433.475,1787664378520,5.7298,8.9080,0.5827,-0.02
1433.575,1787664378621,5.7298,8.8817,0.5834,-0.01
1433.676,1787664378721,5.7298,8.8520,0.5839,-0.01
1433.776,1787664378821,5.7298,8.8209,0.5842,-0.01
1433.876,1787664378921,5.7298,8.7890,0.5844,-0.02
1433.976,1787664379021,5.7298,8.7480,0.5845,-0.02
1434.076,1787664379121,5.7298,8.7009,0.5844,-0.02
1434.176,1787664379221,5.7298,8.6608,0.5842,-0.02
1434.276,1787664379321,5.7297,8.6266,0.5840,-0.02
1434.376,1787664379421,5.7297,8.5744,0.5837,-0.02
1434.476,1787664379522,5.7297,8.5344,0.5834,-0.02
1434.577,1787664379622,5.7297,8.4840,0.5830,-0.02
1434.677,1787664379722,5.7297,8.4255,0.5825,-0.02
1434.777,1787664379822,5.7296,8.3710,0.5821,-0.02
1434.877,1787664379922,5.7296,8.3181,0.5816,-0.02
1434.977,1787664380022,5.7296,8.2776,0.5812,-0.02
1435.077,1787664380122,5.7295,8.2400,0.5809,-0.02
1435.177,1787664380222,5.7295,8.1882,0.5805,-0.02
1435.277,1787664380323,5.7295,8.1532,0.5802,-0.02
1435.378,1787664380423,5.7295,8.0968,0.5797,-0.02
1435.478,1787664380523,5.7295,8.0430,0.5793,-0.02
1435.578,1787664380623,5.7295,7.9768,0.5788,-0.02
1435.678,1787664380723,5.7294,7.9167,0.5784,-0.02
1435.778,1787664380823,5.7294,7.8554,0.5779,-0.02
1435.878,1787664380923,5.7294,7.7855,0.5774,-0.02
1435.978,1787664381023,5.7295,7.7268,0.5769,-0.02
1436.078,1787664381123,5.7295,7.6559,0.5764,-0.02
1436.178,1787664381224,5.7295,7.6045,0.5761,-0.02
1436.279,1787664381324,5.7295,7.5649,0.5758,-0.02
1436.379,1787664381424,5.7295,7.5132,0.5755,-0.02
1436.479,1787664381524,5.7295,7.4775,0.5752,-0.02
1436.579,1787664381624,5.7295,7.4100,0.5748,-0.02
1436.680,1787664381725,5.7296,7.3221,0.5743,-0.02
1436.780,1787664381825,5.7296,7.2696,0.5740,-0.02
1436.880,1787664381925,5.7297,7.1962,0.5735,-0.02
1436.980,1787664382025,5.7297,7.1635,0.5734,-0.02
1437.080,1787664382125,5.7297,7.1103,0.5731,-0.02
1437.181,1787664382226,5.7297,7.0613,0.5728,-0.02
1437.281,1787664382326,5.7298,7.0125,0.5725,-0.02
1437.381,1787664382426,5.7298,6.9595,0.5723,-0.02
1437.481,1787664382526,5.7299,6.8862,0.5719,-0.02
1437.581,1787664382626,5.7299,6.8082,0.5716,-0.02
1437.681,1787664382726,5.7300,6.7378,0.5712,-0.02
1437.781,1787664382826,5.7300,6.6709,0.5709,-0.02
1437.881,1787664382926,5.7300,6.6038,0.5705,-0.01
1437.981,1787664383026,5.7300,6.5368,0.5702,-0.01
1438.081,1787664383127,5.7300,6.4616,0.5697,-0.01
1438.182,1787664383227,5.7300,6.3867,0.5694,-0.01
1438.282,1787664383327,5.7300,6.3453,0.5691,-0.01
1438.383,1787664383428,5.7300,6.2672,0.5687,-0.01
1438.483,1787664383528,5.7300,6.1977,0.5684,-0.01
1438.583,1787664383628,5.7300,6.1245,0.5680,-0.01
1438.683,1787664383728,5.7300,6.0556,0.5677,-0.01
1438.783,1787664383828,5.7300,6.0031,0.5674,-0.01
1438.883,1787664383928,5.7300,5.9353,0.5671,-0.01
1438.983,1787664384028,5.7300,5.8639,0.5667,-0.01
1439.083,1787664384128,5.7299,5.8167,0.5665,-0.01
1439.183,1787664384229,5.7299,5.7582,0.5662,-0.01
1439.284,1787664384329,5.7299,5.6922,0.5658,-0.01
1439.384,1787664384429,5.7298,5.6306,0.5655,-0.01
1439.484,1787664384529,5.7298,5.5653,0.5652,-0.01
1439.584,1787664384629,5.7298,5.5003,0.5650,-0.01
1439.684,1787664384729,5.7298,5.4355,0.5647,-0.02
1439.784,1787664384829,5.7298,5.3673,0.5644,-0.02
1439.884,1787664384929,5.7298,5.3034,0.5641,-0.02
1439.984,1787664385029,5.7298,5.2400,0.5638,-0.02
1440.084,1787664385129,5.7298,5.1918,0.5636,-0.02
1440.185,1787664385230,5.7297,5.1364,0.5634,-0.02
1440.285,1787664385330,5.7297,5.0887,0.5632,-0.01
1440.385,1787664385430,5.7297,5.0269,0.5630,-0.01
1440.485,1787664385530,5.7297,4.9797,0.5628,-0.01
1440.585,1787664385630,5.7297,4.9147,0.5625,-0.01
1440.685,1787664385730,5.7297,4.8604,0.5623,-0.01
1440.785,1787664385830,5.7296,4.7951,0.5621,-0.01
1440.885,1787664385930,5.7296,4.7369,0.5618,-0.01
1440.985,1787664386031,5.7296,4.6715,0.5615,-0.01
1441.086,1787664386131,5.7296,4.6171,0.5613,-0.01
1441.186,1787664386231,5.7296,4.5663,0.5611,-0.01
1441.286,1787664386331,5.7296,4.5337,0.5610,-0.01
1441.386,1787664386431,5.7296,4.4833,0.5608,-0.01
1441.486,1787664386531,5.7296,4.4401,0.5606,-0.01
1441.586,1787664386631,5.7296,4.3753,0.5603,-0.01
1441.686,1787664386731,5.7296,4.3137,0.5601,-0.01
1441.786,1787664386831,5.7296,4.2661,0.5599,-0.01
1441.886,1787664386932,5.7296,4.2072,0.5596,-0.01
1441.987,1787664387032,5.7296,4.1480,0.5594,-0.01
1442.087,1787664387132,5.7296,4.0847,0.5591,-0.01
1442.187,1787664387232,5.7296,4.0174,0.5588,-0.01
1442.287,1787664387332,5.7296,3.9874,0.5587,-0.01
1442.387,1787664387432,5.7296,3.9311,0.5585,-0.01
1442.487,1787664387532,5.7297,3.8599,0.5582,-0.01
1442.587,1787664387632,5.7297,3.7957,0.5580,-0.01
1442.687,1787664387733,5.7298,3.7235,0.5577,-0.01
1442.788,1787664387833,5.7298,3.6547,0.5574,-0.01
1442.888,1787664387933,5.7299,3.5934,0.5572,-0.01
1442.988,1787664388033,5.7299,3.5320,0.5569,-0.01
1443.088,1787664388133,5.7299,3.4709,0.5567,-0.01
1443.188,1787664388233,5.7299,3.4024,0.5564,-0.01
1443.288,1787664388333,5.7299,3.3341,0.5561,-0.01
1443.388,1787664388433,5.7299,3.2735,0.5559,-0.01
1443.488,1787664388533,5.7299,3.2168,0.5556,-0.01
1443.588,1787664388634,5.7298,3.1491,0.5553,-0.01
1443.689,1787664388734,5.7298,3.0855,0.5550,-0.01
1443.789,1787664388834,5.7297,3.0222,0.5548,-0.01
1443.889,1787664388934,5.7297,2.9555,0.5545,-0.01
1443.989,1787664389034,5.7296,2.8852,0.5542,-0.01
1444.089,1787664389134,5.7295,2.8156,0.5538,-0.01
1444.189,1787664389234,5.7295,2.7536,0.5535,-0.01
1444.289,1787664389334,5.7294,2.6956,0.5533,-0.01
1444.389,1787664389434,5.7293,2.6345,0.5530,-0.01
1444.489,1787664389534,5.7292,2.5667,0.5527,-0.01
1444.589,1787664389635,5.7291,2.5135,0.5524,-0.01
1444.690,1787664389735,5.7290,2.4499,0.5521,-0.01
1444.790,1787664389835,5.7290,2.3903,0.5519,-0.01
1444.890,1787664389935,5.7289,2.3309,0.5516,-0.01
1444.990,1787664390035,5.7288,2.2649,0.5513,-0.01
1445.090,1787664390135,5.7288,2.2094,0.5511,-0.01
1445.190,1787664390235,5.7287,2.1368,0.5508,-0.01
1445.290,1787664390335,5.7287,2.0886,0.5506,-0.01
1445.390,1787664390435,5.7286,2.0305,0.5504,-0.01
1445.491,1787664390536,5.7286,1.9624,0.5502,-0.01
1445.591,1787664390636,5.7285,1.9013,0.5500,-0.01
1445.691,1787664390736,5.7285,1.8437,0.5498,-0.01
1445.791,1787664390836,5.7284,1.7863,0.5496,-0.01
1445.891,1787664390936,5.7284,1.7392,0.5495,-0.01
1445.991,1787664391036,5.7283,1.6721,0.5493,-0.01
1446.091,1787664391136,5.7282,1.6120,0.5491,-0.01
1446.192,1787664391237,5.7282,1.5586,0.5489,-0.01
1446.292,1787664391337,5.7281,1.5151,0.5487,-0.01
1446.392,1787664391437,5.7281,1.4518,0.5485,-0.01
1446.492,1787664391537,5.7281,1.3916,0.5483,-0.01
1446.592,1787664391637,5.7280,1.3344,0.5481,-0.01
1446.692,1787664391738,5.7280,1.2737,0.5479,-0.01
1446.793,1787664391838,5.7280,1.2130,0.5477,-0.01
1446.893,1787664391938,5.7280,1.1490,0.5475,-0.01
1446.993,1787664392038,5.7279,1.0951,0.5473,-0.01
1447.093,1787664392138,5.7279,1.0512,0.5471,-0.01
1447.193,1787664392238,5.7279,0.9908,0.5470,-0.01
1447.293,1787664392338,5.7278,0.9338,0.5468,-0.01
1447.393,1787664392438,5.7278,0.8733,0.5466,-0.00
1447.493,1787664392538,5.7277,0.8159,0.5464,-0.00
1447.594,1787664392639,5.7277,0.7548,0.5462,-0.00
1447.694,1787664392739,5.7276,0.6969,0.5460,-0.00
1447.794,1787664392839,5.7276,0.6320,0.5458,-0.00
1447.894,1787664392939,5.7275,0.5772,0.5456,-0.00
1447.994,1787664393039,5.7275,0.5292,0.5454,-0.00
1448.094,1787664393139,5.7274,0.4677,0.5452,-0.00
1448.194,1787664393239,5.7274,0.4165,0.5450,-0.00
1448.295,1787664393340,5.7273,0.3790,0.5449,-0.00
1448.395,1787664393440,5.7273,0.3279,0.5447,0.00
1448.495,1787664393540,5.7272,0.2734,0.5445,0.00
1448.595,1787664393640,5.7272,0.2186,0.5443,0.00
1448.695,1787664393740,5.7272,0.1668,0.5442,0.00
1448.795,1787664393840,5.7271,0.1007,0.5440,0.00
1448.895,1787664393940,5.7271,0.0338,0.5437,0.00
1448.995,1787664394041,5.7270,-0.0334,0.5435,0.00
1449.096,1787664394141,5.7270,-0.0974,0.5433,0.00
1449.196,1787664394241,5.7270,-0.1580,0.5431,0.00
1449.296,1787664394341,5.7270,-0.2008,0.5429,0.00
1449.396,1787664394441,5.7270,-0.2577,0.5427,0.00
1449.496,1787664394541,5.7271,-0.3357,0.5425,0.01
1449.596,1787664394641,5.7271,-0.4069,0.5423,0.01
1449.696,1787664394741,5.7271,-0.4748,0.5421,0.01
1449.796,1787664394841,5.7271,-0.5393,0.5418,0.01
1449.896,1787664394941,5.7272,-0.6038,0.5416,0.01
1449.997,1787664395042,5.7273,-0.6645,0.5413,0.01
1450.097,1787664395142,5.7274,-0.7283,0.5410,0.01
1450.197,1787664395242,5.7274,-0.7846,0.5408,0.01
1450.297,1787664395342,5.7275,-0.8338,0.5405,0.01
1450.397,1787664395443,5.7276,-0.8862,0.5403,0.01
1450.498,1787664395543,5.7277,-0.9489,0.5400,0.01
1450.598,1787664395643,5.7278,-1.0218,0.5397,0.01
1450.698,1787664395743,5.7279,-1.0808,0.5394,0.00
1450.798,1787664395843,5.7280,-1.1433,0.5391,0.00
1450.898,1787664395943,5.7281,-1.2094,0.5388,0.00
1450.998,1787664396043,5.7282,-1.2684,0.5386,0.00
1451.098,1787664396143,5.7283,-1.3064,0.5385,0.00
1451.198,1787664396243,5.7284,-1.3511,0.5383,0.00
1451.299,1787664396344,5.7284,-1.3955,0.5381,0.00
1451.399,1787664396444,5.7285,-1.4566,0.5379,0.00
1451.499,1787664396544,5.7287,-1.5214,0.5377,0.00
1451.599,1787664396644,5.7288,-1.5868,0.5375,0.00
1451.699,1787664396744,5.7289,-1.6528,0.5372,0.00
1451.799,1787664396844,5.7289,-1.7052,0.5371,0.00
1451.899,1787664396944,5.7290,-1.7751,0.5368,0.00
1451.999,1787664397044,5.7291,-1.8275,0.5366,0.00
1452.100,1787664397145,5.7292,-1.8835,0.5364,0.00
1452.200,1787664397245,5.7292,-1.9254,0.5363,0.00
1452.300,1787664397345,5.7292,-1.9740,0.5361,0.00
1452.400,1787664397445,5.7293,-2.0224,0.5359,0.00
1452.500,1787664397545,5.7293,-2.0846,0.5357,0.00
1452.600,1787664397645,5.7293,-2.1475,0.5355,0.00
1452.700,1787664397745,5.7293,-2.2040,0.5352,0.00
1452.800,1787664397845,5.7294,-2.2608,0.5350,0.01
1452.901,1787664397946,5.7294,-2.3034,0.5348,0.01
1453.001,1787664398046,5.7294,-2.3566,0.5346,0.01
1453.101,1787664398146,5.7294,-2.4240,0.5343,0.01
1453.201,1787664398246,5.7294,-2.4954,0.5340,0.01
1453.301,1787664398346,5.7293,-2.5423,0.5338,0.01
1453.401,1787664398446,5.7293,-2.6073,0.5336,0.01
1453.501,1787664398546,5.7293,-2.6617,0.5333,0.01
1453.601,1787664398646,5.7293,-2.7234,0.5331,0.01
1453.701,1787664398746,5.7293,-2.7814,0.5328,0.01
1453.801,1787664398846,5.7293,-2.8431,0.5326,0.01
1453.901,1787664398947,5.7293,-2.9196,0.5323,0.01
1454.002,1787664399047,5.7293,-2.9744,0.5321,0.01
1454.102,1787664399147,5.7293,-3.0402,0.5318,0.01
1454.202,1787664399247,5.7293,-3.0914,0.5316,0.01
1454.302,1787664399347,5.7294,-3.1388,0.5314,0.01
1454.402,1787664399447,5.7294,-3.2003,0.5312,0.01
1454.502,1787664399547,5.7294,-3.2581,0.5310,0.01
1454.602,1787664399647,5.7295,-3.3196,0.5307,0.01
1454.702,1787664399748,5.7295,-3.3666,0.5306,0.01
1454.803,1787664399848,5.7296,-3.4283,0.5304,0.01
1454.903,1787664399948,5.7297,-3.5011,0.5301,0.01
1455.003,1787664400048,5.7297,-3.5596,0.5299,0.01
1455.103,1787664400148,5.7298,-3.6254,0.5296,0.01
1455.203,1787664400248,5.7299,-3.6983,0.5294,0.01
1455.303,1787664400348,5.7300,-3.7637,0.5291,0.01
1455.403,1787664400448,5.7300,-3.8217,0.5289,0.01
1455.503,1787664400548,5.7301,-3.8832,0.5287,0.01
1455.603,1787664400648,5.7302,-3.9517,0.5284,0.01
1455.703,1787664400749,5.7302,-4.0057,0.5282,0.01
1455.804,1787664400849,5.7302,-4.0559,0.5280,0.01
1455.904,1787664400949,5.7303,-4.1236,0.5278,0.01
1456.004,1787664401049,5.7303,-4.1734,0.5276,0.01
1456.104,1787664401149,5.7303,-4.2480,0.5273,0.01
1456.204,1787664401249,5.7304,-4.2977,0.5271,0.01
1456.304,1787664401349,5.7304,-4.3331,0.5270,0.01
1456.404,1787664401449,5.7304,-4.4001,0.5268,0.01
1456.504,1787664401549,5.7304,-4.4493,0.5267,0.01
1456.604,1787664401650,5.7304,-4.5056,0.5265,0.01
1456.705,1787664401750,5.7304,-4.5656,0.5263,0.01
1456.805,1787664401850,5.7304,-4.6185,0.5262,0.01
1456.905,1787664401950,5.7303,-4.6643,0.5260,0.01
1457.005,1787664402050,5.7303,-4.7243,0.5259,0.01
1457.105,1787664402150,5.7303,-4.7667,0.5258,0.01
1457.205,1787664402250,5.7302,-4.8271,0.5256,0.01
1457.305,1787664402350,5.7302,-4.8768,0.5255,0.00
1457.405,1787664402451,5.7302,-4.9305,0.5253,0.00
1457.506,1787664402551,5.7301,-4.9809,0.5251,0.00
1457.606,1787664402651,5.7301,-5.0244,0.5250,0.00
1457.706,1787664402751,5.7300,-5.0715,0.5248,0.00
1457.806,1787664402851,5.7299,-5.1260,0.5247,0.00
1457.906,1787664402951,5.7299,-5.1808,0.5245,0.00
1458.006,1787664403051,5.7298,-5.2286,0.5243,0.00
1458.106,1787664403151,5.7297,-5.2881,0.5241,0.00
1458.206,1787664403251,5.7297,-5.3331,0.5240,0.00
1458.306,1787664403352,5.7296,-5.3897,0.5238,0.00
1458.407,1787664403452,5.7295,-5.4583,0.5235,0.00
1458.507,1787664403552,5.7294,-5.5160,0.5233,0.00
1458.607,1787664403652,5.7293,-5.5858,0.5230,0.00
1458.707,1787664403752,5.7292,-5.6602,0.5228,0.00
1458.807,1787664403852,5.7290,-5.7115,0.5226,0.00
1458.907,1787664403952,5.7288,-5.7946,0.5222,0.00
1459.007,1787664404052,5.7287,-5.8499,0.5220,0.00
1459.107,1787664404152,5.7286,-5.9171,0.5218,0.00
1459.208,1787664404253,5.7285,-5.9842,0.5215,0.00
1459.308,1787664404353,5.7283,-6.0473,0.5213,0.00
1459.408,1787664404453,5.7282,-6.1103,0.5210,0.00
1459.508,1787664404553,5.7281,-6.1810,0.5207,0.00
1459.608,1787664404653,5.7279,-6.2477,0.5205,0.00
1459.708,1787664404753,5.7278,-6.3103,0.5202,0.00
1459.808,1787664404853,5.7277,-6.3764,0.5200,0.00
1459.908,1787664404953,5.7276,-6.4422,0.5197,0.00
1460.008,1787664405053,5.7275,-6.4960,0.5195,0.00
1460.109,1787664405154,5.7275,-6.5572,0.5193,0.00
1460.209,1787664405254,5.7274,-6.5989,0.5191,0.00
1460.309,1787664405354,5.7274,-6.6591,0.5189,0.00
1460.409,1787664405454,5.7273,-6.7153,0.5187,0.00
1460.510,1787664405555,5.7273,-6.7602,0.5185,0.00
1460.610,1787664405655,5.7273,-6.8161,0.5183,0.00
1460.710,1787664405755,5.7273,-6.8719,0.5180,0.00
1460.810,1787664405856,5.7273,-6.9353,0.5178,0.00
1460.911,1787664405956,5.7273,-6.9912,0.5175,0.00
1461.011,1787664406056,5.7274,-7.0360,0.5173,0.00
1461.111,1787664406156,5.7274,-7.0884,0.5171,0.01
1461.211,1787664406256,5.7274,-7.1522,0.5168,0.01
1461.311,1787664406356,5.7275,-7.1973,0.5166,0.01
1461.411,1787664406456,5.7276,-7.2614,0.5163,0.01
1461.511,1787664406556,5.7277,-7.3257,0.5160,0.01
1461.611,1787664406656,5.7277,-7.3752,0.5158,0.01
1461.711,1787664406757,5.7279,-7.4439,0.5155,0.01
1461.812,1787664406857,5.7280,-7.5052,0.5152,0.01
1461.912,1787664406957,5.7281,-7.5512,0.5151,0.01
1462.012,1787664407057,5.7282,-7.5933,0.5149,0.01
1462.112,1787664407157,5.7283,-7.6544,0.5146,0.01
1462.212,1787664407257,5.7284,-7.7079,0.5144,0.01
1462.312,1787664407357,5.7285,-7.7501,0.5143,0.01
1462.413,1787664407458,5.7286,-7.8080,0.5140,0.01
1462.513,1787664407558,5.7288,-7.8699,0.5138,0.01
1462.613,1787664407658,5.7289,-7.9321,0.5136,0.01
1462.713,1787664407758,5.7291,-8.0028,0.5133,0.01
1462.813,1787664407858,5.7293,-8.0665,0.5131,0.01
1462.913,1787664407958,5.7293,-8.1068,0.5129,0.01
1463.013,1787664408058,5.7295,-8.1840,0.5126,0.01
1463.113,1787664408158,5.7297,-8.2488,0.5124,0.01
1463.213,1787664408259,5.7298,-8.3047,0.5123,0.01
1463.314,1787664408359,5.7299,-8.3556,0.5122,0.01
1463.414,1787664408459,5.7300,-8.3864,0.5121,0.01
1463.514,1787664408559,5.7301,-8.4391,0.5120,0.01
1463.614,1787664408659,5.7302,-8.4901,0.5119,0.01
1463.714,1787664408759,5.7303,-8.5564,0.5119,0.01
1463.814,1787664408859,5.7304,-8.6094,0.5118,0.01
1463.914,1787664408959,5.7305,-8.6597,0.5118,0.01
1464.014,1787664409060,5.7306,-8.7128,0.5117,0.01
1464.115,1787664409160,5.7306,-8.7433,0.5117,0.01
1464.215,1787664409260,5.7307,-8.7901,0.5117,0.01
1464.315,1787664409360,5.7308,-8.8284,0.5116,0.01
1464.415,1787664409460,5.7308,-8.8635,0.5115,0.01
1464.515,1787664409560,5.7307,-8.8955,0.5114,0.01
1464.615,1787664409660,5.7307,-8.9244,0.5113,0.01
1464.715,1787664409760,5.7306,-8.9578,0.5110,0.01
1464.815,1787664409861,5.7306,-8.9773,0.5108,0.01
1464.916,1787664409961,5.7306,-8.9946,0.5107,0.01
1465.016,1787664410061,5.7306,-9.0078,0.5105,0.01
1465.116,1787664410161,5.7306,-9.0257,0.5102,0.02
1465.216,1787664410261,5.7306,-9.0360,0.5100,0.02
1465.316,1787664410361,5.7305,-9.0447,0.5098,0.02
1465.416,1787664410461,5.7305,-9.0520,0.5097,0.02
1465.516,1787664410561,5.7305,-9.0596,0.5095,0.02
1465.616,1787664410661,5.7304,-9.0647,0.5093,0.02
1465.716,1787664410761,5.7304,-9.0675,0.5092,0.02
1465.817,1787664410862,5.7303,-9.0699,0.5091,0.02
1465.917,1787664410962,5.7303,-9.0706,0.5090,0.02
1466.017,1787664411062,5.7302,-9.0700,0.5089,0.02
1466.117,1787664411162,5.7302,-9.0681,0.5088,0.02
1466.217,1787664411262,5.7301,-9.0659,0.5088,0.02
1466.317,1787664411362,5.7300,-9.0620,0.5087,0.02
1466.417,1787664411462,5.7300,-9.0581,0.5087,0.01
1466.517,1787664411562,5.7299,-9.0550,0.5087,0.01
1466.617,1787664411663,5.7299,-9.0512,0.5086,0.01
1466.718,1787664411763,5.7298,-9.0459,0.5086,0.01
1466.818,1787664411863,5.7298,-9.0414,0.5087,0.01
1466.918,1787664411963,5.7297,-9.0364,0.5087,0.01
1467.018,1787664412063,5.7297,-9.0309,0.5087,0.01
1467.118,1787664412163,5.7296,-9.0253,0.5088,0.01
1467.218,1787664412263,5.7296,-9.0190,0.5088,0.01
1467.318,1787664412363,5.7296,-9.0161,0.5089,0.01
1467.418,1787664412463,5.7296,-9.0084,0.5089,0.01
1467.518,1787664412564,5.7296,-9.0014,0.5090,0.01
1467.619,1787664412664,5.7296,-8.9960,0.5091,0.01
1467.719,1787664412764,5.7296,-8.9902,0.5092,0.01
1467.819,1787664412865,5.7296,-8.9847,0.5092,0.01
1467.920,1787664412965,5.7296,-8.9801,0.5093,0.01
1468.020,1787664413065,5.7296,-8.9753,0.5094,0.02
1468.120,1787664413165,5.7297,-8.9704,0.5094,0.02
1468.220,1787664413265,5.7297,-8.9666,0.5095,0.02
1468.320,1787664413365,5.7298,-8.9631,0.5095,0.02
1468.420,1787664413465,5.7299,-8.9598,0.5096,0.02
1468.520,1787664413565,5.7300,-8.9573,0.5096,0.02
1468.620,1787664413665,5.7301,-8.9546,0.5096,0.02
1468.721,1787664413766,5.7301,-8.9526,0.5097,0.03
1468.821,1787664413866,5.7302,-8.9509,0.5097,0.03
1468.921,1787664413966,5.7304,-8.9489,0.5097,0.03
1469.021,1787664414066,5.7305,-8.9477,0.5097,0.03
1469.121,1787664414166,5.7305,-8.9468,0.5097,0.02
1469.221,1787664414266,5.7307,-8.9457,0.5097,0.02
1469.321,1787664414366,5.7307,-8.9452,0.5097,0.02
1469.421,1787664414466,5.7308,-8.9446,0.5097,0.02
1469.521,1787664414567,5.7309,-8.9443,0.5097,0.02
1469.622,1787664414667,5.7310,-8.9441,0.5097,0.02
1469.722,1787664414767,5.7310,-8.9441,0.5097,0.02
1469.822,1787664414867,5.7311,-8.9443,0.5097,0.02
1469.922,1787664414967,5.7311,-8.9446,0.5097,0.02
1470.022,1787664415067,5.7311,-8.9449,0.5097,0.02
1470.122,1787664415167,5.7311,-8.9454,0.5097,0.02
1470.222,1787664415267,5.7312,-8.9460,0.5097,0.02
1470.322,1787664415368,5.7312,-8.9465,0.5097,0.02
1470.423,1787664415468,5.7311,-8.9472,0.5097,0.02
1470.523,1787664415568,5.7311,-8.9477,0.5097,0.02
1470.623,1787664415668,5.7311,-8.9485,0.5097,0.02
1470.726,1787664415771,5.7310,-8.9494,0.5097,0.02
1470.826,1787664415871,5.7310,-8.9501,0.5097,0.02
1470.926,1787664415971,5.7309,-8.9509,0.5096,0.02
1471.026,1787664416071,5.7309,-8.9519,0.5096,0.02
1471.126,1787664416171,5.7308,-8.9528,0.5096,0.02
1471.226,1787664416271,5.7308,-8.9535,0.5096,0.02
1471.326,1787664416371,5.7307,-8.9543,0.5096,0.02
1471.426,1787664416472,5.7306,-8.9551,0.5096,0.02
1471.527,1787664416572,5.7305,-8.9559,0.5096,0.02
1471.627,1787664416672,5.7304,-8.9566,0.5096,0.02
1471.727,1787664416772,5.7303,-8.9574,0.5097,0.02
1471.827,1787664416872,5.7302,-8.9582,0.5097,0.02
1471.927,1787664416972,5.7302,-8.9585,0.5097,0.02
1472.027,1787664417072,5.7300,-8.9594,0.5098,0.02
1472.127,1787664417173,5.7300,-8.9600,0.5099,0.02
1472.228,1787664417273,5.7299,-8.9605,0.5099,0.02
1472.328,1787664417373,5.7298,-8.9611,0.5100,0.02
1472.428,1787664417473,5.7297,-8.9616,0.5101,0.02
1472.528,1787664417573,5.7296,-8.9622,0.5101,0.02
1472.628,1787664417673,5.7295,-8.9628,0.5101,0.02
1472.728,1787664417773,5.7294,-8.9634,0.5101,0.02
1472.828,1787664417873,5.7293,-8.9639,0.5102,0.02
1472.928,1787664417974,5.7292,-8.9644,0.5102,0.02
1473.029,1787664418074,5.7292,-8.9649,0.5102,0.02
1473.129,1787664418174,5.7291,-8.9653,0.5103,0.02
1473.229,1787664418274,5.7290,-8.9659,0.5104,0.01
1473.329,1787664418374,5.7289,-8.9663,0.5104,0.01
1473.429,1787664418474,5.7289,-8.9667,0.5105,0.01
1473.529,1787664418574,5.7288,-8.9672,0.5105,0.01
1473.629,1787664418674,5.7287,-8.9677,0.5105,0.01
1473.729,1787664418774,5.7287,-8.9681,0.5106,0.01
1473.829,1787664418875,5.7287,-8.9688,0.5105,0.01
1473.930,1787664418975,5.7287,-8.9699,0.5091,0.01
1474.030,1787664419075,5.7286,-8.9706,0.5036,0.01
1474.130,1787664419175,5.7285,-8.9709,0.4873,0.01
1474.230,1787664419275,5.7284,-8.9708,0.4659,0.01
1474.330,1787664419375,5.7283,-8.9706,0.4369,0.01
1474.430,1787664419475,5.7282,-8.9700,0.3815,0.01
1474.530,1787664419575,5.7281,-8.9694,0.3210,0.01
1474.630,1787664419676,5.7279,-8.9685,0.2500,0.01
1474.731,1787664419776,5.7277,-8.9675,0.1815,0.01
1474.831,1787664419876,5.7276,-8.9663,0.1215,0.01
1474.931,1787664419976,5.7276,-8.9646,0.0510,0.01
1475.031,1787664420076,5.7275,-8.9633,-0.0019,0.01
1475.131,1787664420176,5.7275,-8.9630,-0.0149,0.01
1475.231,1787664420276,5.7275,-8.9630,-0.0148,0.01
1475.331,1787664420376,5.7275,-8.9630,-0.0147,0.01
1475.431,1787664420476,5.7275,-8.9630,-0.0146,0.01
1475.531,1787664420576,5.7275,-8.9630,-0.0146,0.01
1475.631,1787664420677,5.7275,-8.9630,-0.0145,0.01
1475.732,1787664420777,5.7275,-8.9630,-0.0144,0.01
1475.832,1787664420877,5.7275,-8.9630,-0.0143,0.01
1475.932,1787664420977,5.7275,-8.9630,-0.0142,0.01
1476.032,1787664421077,5.7275,-8.9630,-0.0142,0.01
1476.132,1787664421177,5.7275,-8.9630,-0.0141,0.01
1476.232,1787664421277,5.7275,-8.9630,-0.0140,0.01
1476.332,1787664421378,5.7275,-8.9630,-0.0139,0.01
1476.433,1787664421478,5.7275,-8.9630,-0.0138,0.01
1476.533,1787664421578,5.7275,-8.9630,-0.0138,0.01
1476.633,1787664421678,5.7275,-8.9630,-0.0137,0.01
1476.733,1787664421778,5.7275,-8.9630,-0.0135,0.01
1476.833,1787664421878,5.7275,-8.9630,-0.0135,0.01
1476.933,1787664421978,5.7275,-8.9630,-0.0134,0.01
1477.033,1787664422078,5.7275,-8.9630,-0.0133,0.01
1477.133,1787664422178,5.7275,-8.9630,-0.0132,0.01
1477.233,1787664422279,5.7275,-8.9630,-0.0132,0.01
1477.334,1787664422379,5.7275,-8.9630,-0.0132,0.01
1477.434,1787664422479,5.7275,-8.9630,-0.0131,0.01
1477.534,1787664422579,5.7275,-8.9630,-0.0131,0.01
1477.634,1787664422679,5.7275,-8.9630,-0.0131,0.01
1477.734,1787664422779,5.7275,-8.9630,-0.0131,0.01
1477.834,1787664422879,5.7275,-8.9630,-0.0130,0.01
1477.934,1787664422979,5.7275,-8.9630,-0.0130,0.01
1478.034,1787664423079,5.7275,-8.9630,-0.0130,0.01
1478.134,1787664423179,5.7275,-8.9630,-0.0130,0.01
1478.234,1787664423279,5.7275,-8.9630,-0.0130,0.01
1478.335,1787664423380,5.7275,-8.9630,-0.0130,0.01
1478.435,1787664423480,5.7275,-8.9630,-0.0130,0.01
1478.536,1787664423581,5.7275,-8.9630,-0.0130,0.01
1478.636,1787664423681,5.7275,-8.9630,-0.0130,0.01
1478.736,1787664423781,5.7275,-8.9630,-0.0130,0.01
1478.836,1787664423881,5.7275,-8.9630,-0.0130,0.01
1478.936,1787664423981,5.7275,-8.9630,-0.0130,0.01
1479.036,1787664424081,5.7275,-8.9630,-0.0130,0.01
1479.136,1787664424181,5.7275,-8.9630,-0.0130,0.01
1479.237,1787664424282,5.7275,-8.9630,-0.0130,0.01
1479.337,1787664424382,5.7275,-8.9630,-0.0130,0.01
1479.437,1787664424482,5.7275,-8.9630,-0.0130,0.01
1479.537,1787664424582,5.7275,-8.9630,-0.0130,0.01
1479.637,1787664424682,5.7275,-8.9630,-0.0130,0.01
1479.737,1787664424782,5.7275,-8.9630,-0.0130,0.01
1479.837,1787664424882,5.7275,-8.9630,-0.0130,0.01
1479.937,1787664424982,5.7275,-8.9630,-0.0130,0.01
1480.037,1787664425083,5.7275,-8.9630,-0.0130,0.01
1480.138,1787664425183,5.7275,-8.9630,-0.0130,0.01
1480.238,1787664425283,5.7275,-8.9630,-0.0130,0.01
1480.338,1787664425383,5.7275,-8.9630,-0.0130,0.01
1480.438,1787664425483,5.7275,-8.9630,-0.0130,0.01
1480.538,1787664425583,5.7275,-8.9630,-0.0130,0.01
1480.638,1787664425683,5.7275,-8.9630,-0.0130,0.01
1480.738,1787664425783,5.7275,-8.9630,-0.0130,0.01
1480.838,1787664425883,5.7275,-8.9630,-0.0130,0.01
1480.938,1787664425984,5.7275,-8.9630,-0.0130,0.01
1481.039,1787664426084,5.7275,-8.9630,-0.0130,0.01
1481.139,1787664426184,5.7275,-8.9630,-0.0130,0.01
1481.239,1787664426284,5.7275,-8.9630,-0.0130,0.01
1481.339,1787664426384,5.7275,-8.9630,-0.0130,0.01
1481.439,1787664426485,5.7275,-8.9630,-0.0130,0.01
1481.540,1787664426585,5.7275,-8.9630,-0.0130,0.01
1481.640,1787664426685,5.7275,-8.9630,-0.0130,0.01
1481.740,1787664426785,5.7275,-8.9630,-0.0130,0.01
1481.840,1787664426885,5.7275,-8.9630,-0.0130,0.01
1481.940,1787664426985,5.7275,-8.9630,-0.0130,0.01
1482.040,1787664427085,5.7275,-8.9630,-0.0130,0.01
1482.140,1787664427186,5.7275,-8.9630,-0.0130,0.01
1482.241,1787664427286,5.7275,-8.9630,-0.0130,0.01
1482.341,1787664427386,5.7275,-8.9630,-0.0130,0.01
1482.441,1787664427486,5.7275,-8.9630,-0.0130,0.01
1482.541,1787664427586,5.7275,-8.9630,-0.0130,0.01
1482.641,1787664427686,5.7275,-8.9630,-0.0130,0.01
1482.741,1787664427786,5.7275,-8.9630,-0.0130,0.01
1482.841,1787664427886,5.7275,-8.9630,-0.0130,0.01
1482.941,1787664427986,5.7275,-8.9630,-0.0130,0.01
1483.041,1787664428087,5.7275,-8.9630,-0.0130,0.01
1483.142,1787664428187,5.7275,-8.9630,-0.0130,0.01
1483.242,1787664428287,5.7275,-8.9630,-0.0130,0.01
1483.342,1787664428387,5.7275,-8.9630,-0.0130,0.01
1483.442,1787664428487,5.7275,-8.9630,-0.0130,0.01
1483.542,1787664428587,5.7275,-8.9630,-0.0130,0.01
1483.642,1787664428687,5.7275,-8.9630,-0.0130,0.01
1483.742,1787664428787,5.7275,-8.9630,-0.0130,0.01
1483.842,1787664428887,5.7275,-8.9630,-0.0130,0.01
1483.942,1787664428987,5.7275,-8.9630,-0.0130,0.01
1484.042,1787664429088,5.7275,-8.9630,-0.0130,0.01
1484.143,1787664429188,5.7275,-8.9630,-0.0130,0.01
1484.243,1787664429288,5.7275,-8.9630,-0.0130,0.01
1484.343,1787664429388,5.7275,-8.9630,-0.0130,0.01
1484.443,1787664429488,5.7275,-8.9630,-0.0130,0.01
1484.543,1787664429588,5.7275,-8.9630,-0.0130,0.01
1484.643,1787664429688,5.7275,-8.9630,-0.0130,0.01
1484.743,1787664429788,5.7275,-8.9630,-0.0130,0.01
1484.843,1787664429888,5.7275,-8.9630,-0.0130,0.01
1484.943,1787664429988,5.7275,-8.9630,-0.0130,0.01
1485.043,1787664430089,5.7275,-8.9630,-0.0130,0.01
1485.144,1787664430189,5.7275,-8.9630,-0.0130,0.01
1485.244,1787664430289,5.7275,-8.9630,-0.0130,0.01
1485.344,1787664430389,5.7275,-8.9630,-0.0130,0.01
1485.444,1787664430489,5.7275,-8.9630,-0.0130,0.01
1485.544,1787664430589,5.7275,-8.9630,-0.0130,0.01
1485.644,1787664430689,5.7275,-8.9630,-0.0130,0.01
1485.744,1787664430789,5.7275,-8.9630,-0.0130,0.01
1485.844,1787664430889,5.7275,-8.9630,-0.0130,0.01
1485.944,1787664430990,5.7275,-8.9630,-0.0130,0.01
1486.045,1787664431090,5.7275,-8.9630,-0.0130,0.01
1486.145,1787664431190,5.7275,-8.9630,-0.0130,0.01
1486.245,1787664431290,5.7275,-8.9630,-0.0130,0.01
1486.345,1787664431390,5.7275,-8.9630,-0.0130,0.01
1486.445,1787664431490,5.7275,-8.9630,-0.0130,0.01
1486.545,1787664431590,5.7275,-8.9630,-0.0130,0.01
1486.645,1787664431690,5.7275,-8.9630,-0.0130,0.01
1486.745,1787664431791,5.7275,-8.9630,-0.0130,0.01
1486.846,1787664431891,5.7275,-8.9630,-0.0130,0.01
1486.946,1787664431991,5.7275,-8.9630,-0.0130,0.01
1487.046,1787664432091,5.7275,-8.9630,-0.0130,0.01
1487.146,1787664432191,5.7275,-8.9630,-0.0130,0.01
1487.246,1787664432292,5.7275,-8.9630,-0.0130,0.01
1487.347,1787664432392,5.7275,-8.9630,-0.0130,0.01
1487.447,1787664432492,5.7275,-8.9630,-0.0130,0.01
1487.547,1787664432592,5.7275,-8.9630,-0.0130,0.01
1487.647,1787664432692,5.7275,-8.9630,-0.0130,0.01
1487.747,1787664432792,5.7275,-8.9630,-0.0130,0.01
1487.847,1787664432893,5.7275,-8.9630,-0.0130,0.01
1487.948,1787664432993,5.7275,-8.9630,-0.0130,0.01
1488.048,1787664433093,5.7275,-8.9630,-0.0130,0.01
1488.148,1787664433193,5.7275,-8.9630,-0.0130,0.01
1488.248,1787664433293,5.7275,-8.9630,-0.0130,0.01
1488.348,1787664433393,5.7275,-8.9630,-0.0130,0.01
1488.448,1787664433493,5.7275,-8.9630,-0.0130,0.01
1488.548,1787664433593,5.7275,-8.9630,-0.0130,0.01
1488.649,1787664433694,5.7275,-8.9630,-0.0130,0.01
1488.749,1787664433794,5.7275,-8.9630,-0.0130,0.01
1488.849,1787664433894,5.7275,-8.9630,-0.0130,0.01
1488.949,1787664433994,5.7275,-8.9630,-0.0130,0.01
1489.049,1787664434094,5.7275,-8.9630,-0.0130,0.01
1489.149,1787664434194,5.7275,-8.9630,-0.0130,0.01
1489.249,1787664434294,5.7275,-8.9630,-0.0130,0.01
1489.349,1787664434394,5.7275,-8.9630,-0.0130,0.01
1489.449,1787664434495,5.7275,-8.9630,-0.0130,0.01
1489.550,1787664434595,5.7275,-8.9630,-0.0130,0.01
1489.650,1787664434695,5.7275,-8.9630,-0.0130,0.01
1489.750,1787664434795,5.7275,-8.9630,-0.0130,0.01
1489.850,1787664434895,5.7275,-8.9630,-0.0130,0.01
1489.950,1787664434995,5.7275,-8.9630,-0.0130,0.01
1490.050,1787664435095,5.7275,-8.9630,-0.0130,0.01
1490.150,1787664435195,5.7275,-8.9630,-0.0130,0.01
1490.250,1787664435295,5.7275,-8.9630,-0.0130,0.01
1490.350,1787664435396,5.7275,-8.9630,-0.0130,0.01
1490.451,1787664435496,5.7275,-8.9630,-0.0130,0.01
1490.551,1787664435596,5.7275,-8.9630,-0.0130,0.01
1490.651,1787664435696,5.7275,-8.9630,-0.0130,0.01
1490.751,1787664435796,5.7275,-8.9630,-0.0130,0.01
1490.851,1787664435896,5.7275,-8.9630,-0.0130,0.01
1490.951,1787664435996,5.7275,-8.9630,-0.0130,0.01
1491.051,1787664436096,5.7275,-8.9630,-0.0130,0.01
1491.151,1787664436196,5.7275,-8.9630,-0.0130,0.01
1491.251,1787664436296,5.7275,-8.9630,-0.0130,0.01
1491.351,1787664436396,5.7275,-8.9630,-0.0130,0.01
1491.452,1787664436497,5.7275,-8.9630,-0.0130,0.01
1491.552,1787664436597,5.7275,-8.9630,-0.0130,0.01
1491.652,1787664436697,5.7275,-8.9630,-0.0130,0.01
1491.752,1787664436797,5.7275,-8.9630,-0.0130,0.01
1491.852,1787664436897,5.7275,-8.9630,-0.0130,0.01
1491.952,1787664436997,5.7275,-8.9630,-0.0130,0.01
1492.052,1787664437097,5.7275,-8.9630,-0.0130,0.01
1492.152,1787664437197,5.7275,-8.9630,-0.0130,0.01
1492.252,1787664437298,5.7275,-8.9630,-0.0130,0.01
1492.353,1787664437398,5.7275,-8.9630,-0.0130,0.01
1492.453,1787664437498,5.7275,-8.9630,-0.0130,0.01
1492.553,1787664437598,5.7275,-8.9630,-0.0130,0.01
1492.653,1787664437698,5.7275,-8.9630,-0.0130,0.01
1492.753,1787664437798,5.7275,-8.9630,-0.0130,0.01
1492.853,1787664437898,5.7275,-8.9630,-0.0130,0.01
1492.953,1787664437998,5.7275,-8.9630,-0.0130,0.01
1493.053,1787664438098,5.7275,-8.9630,-0.0130,0.01
1493.153,1787664438199,5.7275,-8.9630,-0.0130,0.01
1493.254,1787664438299,5.7275,-8.9630,-0.0130,0.01
1493.354,1787664438399,5.7275,-8.9630,-0.0130,0.01
1493.454,1787664438499,5.7275,-8.9630,-0.0130,0.01
1493.554,1787664438599,5.7275,-8.9630,-0.0130,0.01
1493.654,1787664438699,5.7275,-8.9630,-0.0130,0.01
1493.754,1787664438799,5.7275,-8.9630,-0.0130,0.01
1493.854,1787664438899,5.7275,-8.9630,-0.0130,0.01
1493.954,1787664438999,5.7275,-8.9630,-0.0130,0.01
1494.054,1787664439099,5.7275,-8.9630,-0.0130,0.01
1494.154,1787664439199,5.7275,-8.9630,-0.0130,0.01
1494.254,1787664439300,5.7275,-8.9630,-0.0130,0.01
1494.355,1787664439400,5.7275,-8.9630,-0.0130,0.01
1494.455,1787664439500,5.7275,-8.9630,-0.0130,0.01
1494.555,1787664439600,5.7275,-8.9630,-0.0130,0.01
1494.655,1787664439700,5.7275,-8.9630,-0.0130,0.01
1494.755,1787664439800,5.7275,-8.9630,-0.0130,0.01
1494.855,1787664439900,5.7275,-8.9630,-0.0130,0.01
1494.955,1787664440000,5.7275,-8.9630,-0.0130,0.01
1495.055,1787664440100,5.7275,-8.9630,-0.0130,0.01
1495.155,1787664440201,5.7275,-8.9630,-0.0130,0.01
1495.256,1787664440301,5.7275,-8.9630,-0.0130,0.01
1495.356,1787664440401,5.7275,-8.9630,-0.0130,0.01
1495.456,1787664440501,5.7275,-8.9630,-0.0130,0.01
1495.557,1787664440602,5.7275,-8.9630,-0.0130,0.01
1495.657,1787664440702,5.7275,-8.9630,-0.0130,0.01
1495.757,1787664440802,5.7275,-8.9630,-0.0130,0.01
1495.857,1787664440902,5.7275,-8.9630,-0.0130,0.01
1495.957,1787664441002,5.7275,-8.9630,-0.0130,0.01
1496.057,1787664441102,5.7275,-8.9630,-0.0130,0.01
1496.158,1787664441203,5.7275,-8.9630,-0.0130,0.01
1496.258,1787664441303,5.7275,-8.9630,-0.0130,0.01
1496.358,1787664441403,5.7275,-8.9630,-0.0130,0.01
1496.458,1787664441503,5.7275,-8.9630,-0.0130,0.01
1496.558,1787664441603,5.7275,-8.9630,-0.0130,0.01
1496.658,1787664441703,5.7275,-8.9630,-0.0130,0.01
1496.758,1787664441803,5.7275,-8.9630,-0.0130,0.01
1496.858,1787664441903,5.7275,-8.9630,-0.0130,0.01
1496.958,1787664442004,5.7275,-8.9630,-0.0130,0.01
1497.059,1787664442104,5.7275,-8.9630,-0.0130,0.01
1497.159,1787664442204,5.7275,-8.9630,-0.0130,0.01
1497.259,1787664442304,5.7275,-8.9630,-0.0130,0.01
1497.359,1787664442404,5.7275,-8.9630,-0.0130,0.01
1497.459,1787664442504,5.7275,-8.9630,-0.0130,0.01
1497.559,1787664442604,5.7275,-8.9630,-0.0130,0.01
1497.659,1787664442704,5.7275,-8.9630,-0.0130,0.01
1497.759,1787664442805,5.7275,-8.9630,-0.0130,0.01
1497.860,1787664442905,5.7275,-8.9630,-0.0130,0.01
1497.960,1787664443005,5.7275,-8.9630,-0.0130,0.01
1498.060,1787664443105,5.7275,-8.9630,-0.0130,0.01
1498.160,1787664443205,5.7275,-8.9630,-0.0130,0.01
1498.260,1787664443305,5.7275,-8.9630,-0.0130,0.01
1498.360,1787664443405,5.7275,-8.9630,-0.0130,0.01
1498.460,1787664443505,5.7275,-8.9630,-0.0130,0.01
1498.560,1787664443605,5.7275,-8.9630,-0.0130,0.01
1498.661,1787664443706,5.7275,-8.9630,-0.0130,0.01
1498.761,1787664443806,5.7275,-8.9630,-0.0130,0.01
1498.861,1787664443906,5.7275,-8.9630,-0.0130,0.01
1498.961,1787664444006,5.7275,-8.9630,-0.0130,0.01
1499.061,1787664444106,5.7275,-8.9630,-0.0130,0.01
1499.161,1787664444206,5.7275,-8.9630,-0.0130,0.01
1499.261,1787664444306,5.7275,-8.9630,-0.0130,0.01
1499.361,1787664444406,5.7275,-8.9630,-0.0130,0.01
1499.461,1787664444506,5.7275,-8.9630,-0.0130,0.01
1499.561,1787664444607,5.7275,-8.9630,-0.0130,0.01
1499.662,1787664444707,5.7275,-8.9630,-0.0130,0.01
1499.762,1787664444807,5.7275,-8.9630,-0.0130,0.01
1499.862,1787664444907,5.7275,-8.9630,-0.0130,0.01
1499.962,1787664445007,5.7275,-8.9630,-0.0130,0.01
1500.062,1787664445107,5.7275,-8.9630,-0.0130,0.01
1500.162,1787664445207,5.7275,-8.9630,-0.0130,0.01
1500.262,1787664445307,5.7275,-8.9630,-0.0130,0.01
1500.362,1787664445407,5.7275,-8.9630,-0.0130,0.01
1500.462,1787664445508,5.7275,-8.9630,-0.0130,0.01
1500.563,1787664445608,5.7275,-8.9630,-0.0130,0.01
1500.663,1787664445708,5.7275,-8.9630,-0.0130,0.01
1500.763,1787664445808,5.7275,-8.9630,-0.0130,0.01
1500.863,1787664445908,5.7275,-8.9630,-0.0130,0.01
1500.963,1787664446008,5.7275,-8.9630,-0.0130,0.01
1501.063,1787664446108,5.7275,-8.9630,-0.0130,0.01
1501.163,1787664446208,5.7275,-8.9630,-0.0130,0.01
1501.263,1787664446308,5.7275,-8.9630,-0.0130,0.01
1501.363,1787664446408,5.7275,-8.9630,-0.0130,0.01
1501.464,1787664446509,5.7275,-8.9630,-0.0130,0.01
1501.564,1787664446609,5.7275,-8.9630,-0.0130,0.01
1501.664,1787664446709,5.7275,-8.9630,-0.0130,0.01
1501.764,1787664446809,5.7275,-8.9630,-0.0130,0.01
1501.864,1787664446909,5.7275,-8.9630,-0.0130,0.01
1501.964,1787664447009,5.7275,-8.9630,-0.0130,0.01
1502.064,1787664447109,5.7275,-8.9630,-0.0130,0.01
1502.164,1787664447209,5.7275,-8.9630,-0.0130,0.01
1502.264,1787664447309,5.7275,-8.9630,-0.0130,0.01
